kind,issuer,cusip,putcall,shares,share_chg,value,w_prev,w_cur,w_pp
ADD,ISHARES  TR,464287200,,14503932.0,11.690656706252964,10861849635.0,3.530078068733574,3.931270102816467,0.40119203408289295
TRIM,ISHARES  TR,464287655,PUT,33283000.0,-17.142985172719396,9999877350.0,4.14579132234953,3.6192932307966497,-0.5264980915528805
ADD,NVIDIA  CORPORATION,67066G104,PUT,25464200.0,7.816919298839868,5095131778.0,1.7141632250718783,1.8441002133023459,0.1299369882304675
ADD,ISHARES  TR,464287655,CALL,14519000.0,21.08954738413551,4362233550.0,1.2374974281879543,1.5788396003346021,0.34134217214664786
TRIM,INVESCO  QQQ  TR,46090E103,PUT,5422200.0,-10.370933615445649,3992908080.0,1.4531167493397807,1.4451682435022313,-0.007948505837549469
ADD,STATE  STR    SPDR  S&P  500  ETF   T,78462F103,,4857109.0,679.7298859247225,3627143288.0,0.16859190201525506,1.3127856162543738,1.1441937142391188
ADD,STATE  STR    SPDR  S&P  500  ETF   T,78462F103,CALL,4746200.0,201.7675483214649,3544319774.0,0.4256734291031177,1.2828089902339563,0.8571355611308387
ADD,MICRON   TECHNOLOGY   INC,595112103,PUT,2824100.0,55.195911413969334,3259830389.0,0.2558429407298023,1.1798426768157222,0.9239997360859199
ADD,STATE  STR    SPDR  S&P  500  ETF   T,78462F103,PUT,4309500.0,57.66655690923061,3218205315.0,0.739759145325249,1.164777157181163,0.4250180118559139
ADD,INVESCO  QQQ  TR,46090E103,CALL,4074700.0,2.7796695674107705,3000609080.0,0.9522747541585495,1.086021733207654,0.1337469790491046
NEW,SPACE  EXPLORATION        TECHN   CORP,84615Q103,,17604863.0,,2981723351.0,0.0,1.0791863502588463,1.0791863502588463
TRIM,ADVANCED   MICRO     DEVICES     INC,007903107,PUT,4729800.0,-10.350840614871396,2747588118.0,0.4466569841443366,0.9944449045162245,0.5477879203718878
ADD,APPLE   INC,037833100,PUT,9103300.0,4.555112729277453,2634130888.0,0.9195824221934404,0.9533809024138449,0.03379848022040444
TRIM,AMAZON   COM   INC,023135106,PUT,10636200.0,-2.7360681822338457,2535031908.0,0.9478158464323644,0.917513635752534,-0.03030221067983041
ADD,NVIDIA  CORPORATION,67066G104,,12157614.0,14.849985078852526,2432616985.0,0.7682922687339419,0.8804462173660016,0.11215394863205974
TRIM,MICROSOFT      CORP,594918104,PUT,5997300.0,-12.816002558548606,2237112846.0,1.059699647444175,0.8096866688125959,-0.25001297863157923
TRIM,ALPHABET     INC,02079K305,PUT,6062600.0,-7.583725857837533,2166591362.0,0.7850575767920001,0.784162562792742,-0.0008950139992580652
TRIM,META  PLATFORMS        INC,30303M102,PUT,3438600.0,-4.924378577155971,1936928994.0,0.8611321066386748,0.7010399979073708,-0.16009210873130397
ADD,NORFOLK   SOUTHN       CORP,655844108,,5201728.0,13.473612842341964,1636411612.0,0.5475165208863121,0.5922726112344402,0.04475609034812811
ADD,MICROSOFT      CORP,594918104,,4240904.0,51.55953322466734,1581942010.0,0.4310612423685114,0.5725582232571929,0.14149698088868146
ADD,WARNER   BROS    DISCOVERY     INC,934423104,,57657575.0,31.220693722844413,1537150949.0,0.5021311348360322,0.556346826036656,0.05421569120062375
ADD,NVIDIA  CORPORATION,67066G104,CALL,7547800.0,2.288959058938324,1510239302.0,0.5355508096148227,0.5466065923910214,0.011055782776198675
TRIM,TESLA  INC,88160R101,PUT,3505700.0,-28.59790622835961,1474497420.0,0.7595867030510198,0.5336703985707509,-0.2259163044802689
TRIM,APPLE   INC,037833100,CALL,4842300.0,-7.32617557558707,1401167928.0,0.5518635205305048,0.5071299796511772,-0.04473354087932757
ADD,VANECK  ETF  TRUST,92189F676,PUT,2118000.0,150.29543843063107,1389175020.0,0.13501676695352158,0.5027893413390516,0.36777257438553
ADD,BROADCOM   INC,11135F101,PUT,3599400.0,27.394351242301973,1359673350.0,0.363929449844347,0.4921116909248496,0.12818224108050258
ADD,VANGUARD  INDEX     FDS,922908363,,1825001.0,79.49464171905612,1253428937.0,0.2528415497820627,0.45365825081532024,0.20081670103325755
TRIM,SELECT  SECTOR  SPDR  TR,81369Y506,PUT,22617400.0,-1.1036388599812854,1201210114.0,0.5830448101903778,0.4347584957494176,-0.1482863144409602
TRIM,MICRON   TECHNOLOGY   INC,595112103,CALL,991900.0,-25.566561608884886,1144940251.0,0.1873585221830711,0.41439253253550323,0.22703401035243212
ADD,MICROSOFT      CORP,594918104,CALL,3031500.0,8.976202458839602,1130810130.0,0.42853835340827834,0.4092783646816708,-0.019259988726607558
ADD,ADVANCED   MICRO     DEVICES     INC,007903107,CALL,1905600.0,23.619850794680506,1106982096.0,0.13050318259604898,0.40065419469028657,0.2701510120942376
ADD,STATE  STR   SPDR   DOW  JONES   IND,78467X109,PUT,2046600.0,196.5227470298464,1069123374.0,0.1330444322140214,0.3869518450048465,0.25390741279082507
TRIM,ISHARES  TR,464288513,PUT,13049900.0,-22.81088818435622,1043600503.0,0.5597685433913189,0.3777142562817412,-0.18205428710957766
TRIM,INTEL  CORP,458140100,PUT,7398900.0,-5.217647510952832,1033108407.0,0.14336270153980155,0.37391681250312636,0.23055411096332482
ADD,AMAZON   COM   INC,023135106,,4116745.0,46.66575700000962,981185003.0,0.24328455047279168,0.3551239795473182,0.11183942907452654
TRIM,WESTERN   DIGITAL      CORP,958102AT2,,58044000.0,-71.7620273116909,979974730.0,0.6126250583192226,0.35468594088714245,-0.2579391174320802
TRIM,ALPHABET     INC,02079K107,PUT,2646500.0,-5.329994634233589,935087845.0,0.3337275540991284,0.3384398617257767,0.0047123076266483155
TRIM,AMAZON   COM   INC,023135106,CALL,3899900.0,-13.219848687138407,929502166.0,0.389513361547547,0.33641821591088056,-0.05309514563666645
ADD,META  PLATFORMS        INC,30303M102,CALL,1583900.0,5.953575489999332,892195031.0,0.35593396914705533,0.32291550418352954,-0.033018464963525784
ADD,ELECTRONIC   ARTS    INC,285512109,,4337512.0,1.4497390731624258,889363460.0,0.36274852275167785,0.32189066303857083,-0.040857859713107014
TRIM,ISHARES  TR,464287234,PUT,12692400.0,-24.876148988180145,868287084.0,0.3993009571344926,0.3142624109794068,-0.08503854615508577
TRIM,SELECT  SECTOR  SPDR  TR,81369Y605,PUT,15938300.0,-44.59673662914786,854452263.0,0.5910610661181825,0.30925512216555123,-0.2818059439526313
TRIM,SANDISK     CORP,80004C200,,366129.0,-67.94794689637965,832478491.0,0.3020278903726593,0.3013020721959264,-0.0007258181767328953
ADD,BLOOM   ENERGY      CORP,093712107,,2522461.0,551.527659035905,763548945.0,0.0218303863303904,0.27635414228559746,0.25452375595520704
TRIM,TAIWAN    SEMICONDUCTOR         MANUFAC,874039100,,1592445.0,-28.682239629681217,760503959.0,0.3140376877811333,0.2752520590467795,-0.03878562873435376
TRIM,META  PLATFORMS        INC,30303M102,,1299244.0,-35.1963098261652,731851153.0,0.47736247728681713,0.26488164117369134,-0.2124808361131258
TRIM,ALPHABET     INC,02079K305,CALL,2021500.0,-12.730961837333792,722423455.0,0.2772072637430815,0.26146943896769176,-0.015737824775389764
TRIM,BERKSHIRE     HATHAWAY     INC    DEL,084670702,PUT,1443500.0,-4.7194719471947195,722312965.0,0.30212872437993443,0.2614294489063066,-0.04069927547362784
TRIM,FREEPORT    MCMORAN   INC,35671D857,,11452370.0,-9.593885043323592,720239549.0,0.3098772694413575,0.2606790096528266,-0.04919825978853093
ADD,KENVUE   INC,49177J102,,36939026.0,16.155845759962425,705904787.0,0.22816246738941257,0.2554907753119643,0.027328307922551726
TRIM,MARVELL    TECHNOLOGY     INC,573874104,PUT,2331700.0,-15.542596348884382,694590113.0,0.11380255196181972,0.2513956127831088,0.13759306082128908
TRIM,TAIWAN    SEMICONDUCTOR         MANUFAC,874039100,PUT,1446900.0,-13.43185353595788,690996033.0,0.23506903444461608,0.25009479388707084,0.015025759442454767
ADD,INVESCO  QQQ  TR,46090E103,,933655.0,51.06610532583441,687543542.0,0.1484544578865321,0.24884522083048868,0.10039076294395657
ADD,UNITEDHEALTH       GROUP  INC,91324P102,,1617653.0,19.242302504035795,672345116.0,0.15276692314732568,0.24334439732883206,0.09057747418150638
ADD,NEBIUS   GROUP    N.V.,N97284108,PUT,2382700.0,295.27206370272063,658030259.0,0.02602949734573278,0.2381633672795063,0.2121338699337735
TRIM,VANECK  ETF  TRUST,92189F676,CALL,996700.0,-11.04863900044623,653725563.0,0.17878313326804646,0.2366053524611108,0.05782221919306435
TRIM,TESLA  INC,88160R101,CALL,1536700.0,-11.275981524249424,646336020.0,0.2679547373995614,0.2339308273622024,-0.034023910037358995
ADD,APPLIED    MATLS   INC,038222105,PUT,872500.0,1.3827562165930747,630817500.0,0.1224117956674584,0.22831415103486902,0.10590235536741062
ADD,NRG   ENERGY     INC,629377508,,4257712.0,114.39051421452888,621881415.0,0.12078204935237859,0.22507988017150451,0.10429783081912593
TRIM,BROADCOM   INC,11135F101,CALL,1635700.0,-5.220767180438058,617885675.0,0.2222939918388101,0.22363368696054242,0.0013396951217323205
ADD,AMERICAN  ELEC   PWR       CO  INC,025537101,,4488072.0,8.110936228578696,614013130.0,0.22645879652760953,0.22223208217941426,-0.004226714348195271
ADD,SEAGATE   TECHNOLOGY     HLDNGS     PL,G7997R103,,633069.0,152.9453130306578,610911585.0,0.0408044075624862,0.22110952832894015,0.18030512076645394
ADD,ISHARES  TR,464287234,CALL,8926500.0,75.44566520568408,610661865.0,0.12024665675096535,0.22101914622984428,0.10077248947887893
ADD,INTEL  CORP,458140100,CALL,4307600.0,28.61194876541367,601470188.0,0.0615106833372521,0.21769236799233224,0.15618168465508014
TRIM,MICRON   TECHNOLOGY   INC,595112103,,517125.0,-67.78191949669704,596912216.0,0.22566775843276457,0.2160426840383825,-0.009625074394382066
ADD,SELECT  SECTOR  SPDR  TR,81369Y803,PUT,3105200.0,8.361250697934116,591602704.0,0.1584904594102097,0.214120992384791,0.05563053297458129
ADD,PALANTIR     TECHNOLOGIES          INC,69608A108,PUT,5018100.0,17.294656631293535,585461727.0,0.2604405536347518,0.21189836547561416,-0.04854218815913766
ADD,PALO   ALTO     NETWORKS      INC,697435105,PUT,1694900.0,12.655367231638417,577994798.0,0.10037890899822488,0.20919583177058435,0.10881692277235946
TRIM,ASTRAZENECA        PLC,G0593M107,PUT,40000.0,-0.9900990099009901,564000000.0,0.24456970745585102,0.20413064187925367,-0.04043906557659735
ADD,ISHARES  TR,464287432,CALL,6424900.0,162.45506535947712,555239858.0,0.08831673217351178,0.20096005072781148,0.1126433185542997
TRIM,ELI  LILLY  &  CO,532457108,PUT,459800.0,-7.763289869608826,551497914.0,0.1908125685358873,0.19960571485796003,0.008793146322072731
TRIM,NETFLIX   INC.,64110L106,PUT,7706000.0,-2.684818023387973,550208400.0,0.31685478423545066,0.19913899620453399,-0.11771578803091667
ADD,ISHARES  TR,464287432,PUT,6295700.0,594.659604987311,544074394.0,0.032696672536296455,0.19691889233561344,0.16422221979931698
ADD,CREDO   TECHNOLOGY   GROUP       HOLDI,G25457105,,1997808.0,178.63975028801121,543303886.0,0.02800915903598342,0.19664001947637036,0.16863086044038694
ADD,IDEX   CORP,45167R104,,2369834.0,18.73248948868305,537833826.0,0.15744711802013117,0.1946602200811256,0.03721310206099443
TRIM,ALPHABET     INC,02079K107,CALL,1496800.0,-4.063581592103577,528864344.0,0.18625710245231986,0.19141386171590502,0.0051567592635851645
ADD,INTERCONTINENTAL        EXCHANGE     IN,45866F104,,4166481.0,107.39409487856453,512935476.0,0.13149495608607395,0.1856486665931215,0.05415371050704754
ADD,CHEVRON   CORPORATION,166764100,,3056388.0,76.45960506009892,506626875.0,0.14913729049400185,0.18336537089899013,0.03422808040498829
TRIM,ADVANCED   MICRO     DEVICES     INC,007903107,,863984.0,-40.14911735631539,501896945.0,0.12221167993771447,0.18165344953916043,0.05944176960144597
ADD,CHENIERE     ENERGY   INC,16411R208,,2069180.0,42.577682228951986,494554712.0,0.1713801313822836,0.17899604752654158,0.007615916144257967
ADD,LAM     RESEARCH   CORP,512807306,PUT,1123500.0,12.248975921670496,486846255.0,0.08899722969517776,0.17620609668379578,0.08720886698861802
TRIM,BLACKROCK      INC,09290D101,,495262.0,-22.803238366601306,476224129.0,0.256769024689658,0.17236159065808246,-0.08440743403157555
TRIM,CBRE      GROUP   INC,12504L109,,3360979.0,-21.73119749687307,452690262.0,0.24207545461291552,0.16384388963572258,-0.07823156497719294
ADD,SELECT  SECTOR  SPDR  TR,81369Y506,CALL,8411700.0,0.7111813512445674,446745387.0,0.21293431373046956,0.16169223866118015,-0.051242075069289406
TRIM,SELECT  SECTOR  SPDR  TR,81369Y407,PUT,3720100.0,-15.928043571606137,436293328.0,0.20068404160345069,0.1579092856246024,-0.04277475597884828
ADD,CATERPILLAR     INC,149123101,CALL,407600.0,135.0634371395617,434053240.0,0.051124256223612136,0.15709852214710948,0.10597426592349735
ADD,COSTCO   WHOLESALE         CORPORATION,22160K105,PUT,461000.0,14.905284147557326,431251670.0,0.16636819077362147,0.15608453937695052,-0.01028365139667095
ADD,CARLYLE   GROUP  INC,14316J108,CALL,10000000.0,589.655172413793,421100000.0,0.029200225087026632,0.15241030726126548,0.12321008217423884
ADD,APPLIED    MATLS   INC,038222105,CALL,581400.0,28.005284015852048,420352200.0,0.06460543526860285,0.1521396531938944,0.08753421792529154
ADD,MSCI  INC,55354G100,,741928.0,21.198577493755707,415509357.0,0.13731678818330184,0.15038686480717373,0.013070076623871885
TRIM,INVESCO   LTD,G491BT108,,15689569.0,-27.526423672580425,414047726.0,0.218837331571552,0.14985785120039957,-0.06897948037115242
ADD,DANAHER     CORP  DEL,235851102,,2140587.0,1070.839327225489,407739012.0,0.01442568650307,0.14757451460775306,0.13314882810468306
ADD,JPMORGAN       CHASE  &  CO,46625H100,PUT,1238200.0,5.021204410517387,405300006.0,0.14433112500411327,0.14669175599015136,0.002360630986038087
TRIM,TESLA  INC,88160R101,,962443.0,-38.79936640080173,404803526.0,0.24329470191603014,0.14651206311589568,-0.09678263880013446
ADD,PACKAGING       CORP  AMER,695156109,,1692740.0,51.7247560871767,403346087.0,0.09853322405243081,0.14598456673545265,0.04745134268302184
TRIM,SELECT  SECTOR  SPDR  TR,81369Y605,CALL,7497900.0,-28.220568173659146,401962419.0,0.21461759805720426,0.14548377057058073,-0.06913382748662353
TRIM,MASTERCARD     INCORPORATED,57636Q104,,776247.0,-4.9967322421225004,398680459.0,0.16990202290083156,0.1442959184403998,-0.025606104460431767
ADD,CATERPILLAR     INC,149123101,PUT,369200.0,15.73667711598746,393161080.0,0.09405212073432682,0.14229826883393726,0.048246148099610434
ADD,WELLS   FARGO    &  CO,949746101,,4748679.0,33.81012105717423,392430833.0,0.11757474595235717,0.142033967789894,0.02445922183753682
ADD,LENNOX   INTL     INC,526107107,,683440.0,273.12601683718594,391576948.0,0.03537912430591217,0.14172491797936018,0.10634579367344801
ADD,ABBVIE    INC,00287Y109,,1516475.0,124.4112898571528,381605769.0,0.06116351296759928,0.1381160116503479,0.07695249868274862
ADD,WEBSTER  FINL     CORP,947890109,,4969162.0,13.024172600867773,379743360.0,0.12701616704566637,0.13744194295422787,0.010425775908561502
ADD,PPL   CORP,69351T106,,10337308.0,20.394755384759087,375761146.0,0.13649785473978007,0.13600064525933325,-0.0004972094804468197
TRIM,UNITEDHEALTH       GROUP  INC,91324P102,PUT,896300.0,-29.971091491522778,372529169.0,0.1441286625360255,0.13483088366438825,-0.009297778871637241
ADD,LAM     RESEARCH   CORP,512807306,CALL,857100.0,51.27073773385105,371407143.0,0.05038048790617216,0.13442478457292512,0.08404429666675295
ADD,JAMES     HARDIE    INDS  PLC,G4253H101,,14088186.0,317.76516380341576,368828709.0,0.026580638355092126,0.1334915622547278,0.10691092389963568
ADD,CISCO   SYS     INC,17275R102,PUT,3137600.0,10.164671184298305,368542496.0,0.09196520864882705,0.13338797210684802,0.04142276345802097
ADD,SANDISK     CORP,80004C200,PUT,159400.0,29.80456026058632,362432562.0,0.0324688674581382,0.13117658070745108,0.09870771324931288
ADD,AMERICAN   TOWER     CORP,03027X100,,2190378.0,114.45321908245528,358280129.0,0.07335665810061225,0.12967367500948904,0.05631701690887679
ADD,COSTCO   WHOLESALE         CORPORATION,22160K105,,380749.0,178.85936515841743,356179267.0,0.05661909265972303,0.12891330212197177,0.07229420946224874
ADD,ISHARES  TR,464287242,CALL,3250000.0,8.899611312156546,354477500.0,0.13536495983356822,0.12829737518927864,-0.007067584644289582
ADD,DEVON   ENERGY   CORP    NEW,25179M103,,8477202.0,752.7497178357955,350277987.0,0.020817767694611692,0.12677742964979233,0.10595966195518064
ADD,SELECT  SECTOR  SPDR  TR,81369Y704,PUT,1881800.0,338.5457935213237,348565814.0,0.028880963383239325,0.12615773643436978,0.09727677305113046
ADD,CAPITAL   ONE  FINL     CORP,14040H105,,1720453.0,24.36500191558418,345157281.0,0.1050276058066517,0.12492407326210628,0.019896467455454578
ADD,SNOWFLAKE   INC,833445109,,1347035.0,373.71262180990794,342820408.0,0.01784783069806332,0.12407828002543907,0.10623044932737574
ADD,ORACLE   CORP,68389X105,PUT,2330200.0,15.191062336249939,341490810.0,0.12384520167578691,0.12359705361908913,-0.00024814805669778894
TRIM,JPMORGAN       CHASE  &  CO,46625H100,,1042612.0,-15.011269477039205,341278186.0,0.15017843288329852,0.1235200978148357,-0.026658335068462824
TRIM,VISA   INC,92826C839,PUT,992800.0,-28.446846846846846,340619752.0,0.17452092541270728,0.12328178832005711,-0.05123913709265017
ADD,WATERS   CORP,941848103,,894660.0,383.16123736282725,335533286.0,0.02294844172678399,0.12144082454438868,0.09849238281760468
ADD,RALLIANT     CORP,750940108,,4504829.0,3.282040371169163,331690559.0,0.07549270645074385,0.12005001190418167,0.04455730545343782
ADD,ORACLE   CORP,68389X105,,2258042.0,109.3604056583743,330916055.0,0.06603014265574618,0.11976969275762485,0.05373955010187867
ADD,SPDR  SERIES  TRUST,78464A698,PUT,4401200.0,211.6555728650333,329429820.0,0.03828892753694651,0.11923177413256561,0.0809428465956191
ADD,ABBOTT    LABORATORIES,002824100,,3599994.0,172.03806725699025,326663456.0,0.05654292000508465,0.11823053360243857,0.06168761359735392
ADD,EDWARDS    LIFESCIENCES         CORP,28176E108,,3584795.0,99.50763042061507,324280556.0,0.05988133237621141,0.11736808164049871,0.0574867492642873
TRIM,ISHARES  BITCOIN  TRUST  ETF,46438F101,,9686854.0,-49.776044549065865,322475370.0,0.3083839568920469,0.1167147238800529,-0.191669233011994
ADD,TPG  INC,872657101,,7833431.0,18.453433788657613,317645627.0,0.11148827218457763,0.11496667682561702,0.0034784046410393926
ADD,DOMINION   ENERGY      INC,25746U109,,4645087.0,1043.9438603749702,317212991.0,0.010446738164228385,0.11481009125047503,0.10436335308624664
ADD,PALO   ALTO     NETWORKS      INC,697435105,CALL,928900.0,3.8805636322970254,316773478.0,0.059660232918718976,0.11465101665685043,0.05499078373813145
TRIM,LYFT      INC,55087P104,,21537770.0,-1.0445339270908482,314666820.0,0.12046896016554749,0.11388854600124748,-0.006580414164300011
ADD,CHART   INDS     INC,16115Q308,,1504119.0,46.87858867093206,314270624.0,0.08811133867542652,0.11374514929239998,0.025633810616973465
TRIM,ECHOSTAR     CORP,278768AB2,,100244035.0,-14.718588625632737,313378141.0,0.17517630505186188,0.1134221295625129,-0.061754175489348986
ADD,AES    CORP,00130H105,,21304566.0,114.63978971823734,312324938.0,0.058201747730958694,0.11304093983836545,0.05483919210740676
TRIM,SELECT  SECTOR  SPDR  TR,81369Y886,PUT,6818000.0,-17.001436466778664,309128120.0,0.1568798095275442,0.11188390347256555,-0.04499590605497866
ADD,ISHARES  INC,464286509,PUT,5320000.0,101.13421550094519,306644800.0,0.06031003099116532,0.11098510612222584,0.050675075131060524
TRIM,LAM     RESEARCH   CORP,512807306,,696499.0,-56.15993181962665,301813912.0,0.14126516317005422,0.10923664465363224,-0.03202851851642198
ADD,OREILLY   AUTOMOTIVE       INC,67103H107,,3276646.0,34.12693864452071,301746330.0,0.09384796032468151,0.10921218444611544,0.015364224121433928
ADD,SUNCOR   ENERGY     INC   NEW,867224107,,5608079.0,56.65769044898779,301154140.0,0.09843466686825897,0.10899785089147984,0.010563184023220873
TRIM,TALEN     ENERGY    CORP,87422Q109,,781457.0,-0.7246293960193658,300282667.0,0.10457547393355528,0.10868243538993651,0.004106961456381231
TRIM,DYCOM   INDS  INC,267475101,,593715.0,-26.31706318180126,300176367.0,0.11361684002012672,0.10864396183101493,-0.004972878189111782
TRIM,ORACLE   CORP,68389X105,CALL,2044700.0,-17.767946913331993,299650785.0,0.15222754163173868,0.10845373596041177,-0.04377380567132691
ADD,INTUIT,461202103,,1140650.0,405.86962210011393,297709650.0,0.04057345380152787,0.107751173666929,0.06717771986540114
ADD,LIVE  NATION    ENTERTAINMENT      IN,538034BA6,,167000000.0,3240.0,297636863.0,0.0031685358152684735,0.10772482959417995,0.10455629377891147
ADD,AFFILIATED    MANAGERS    GROUP,008252108,,875116.0,16202.459016393443,296139254.0,0.0006181364563441138,0.10718279433450947,0.10656465787816535
ADD,CISCO   SYS     INC,17275R102,CALL,2510600.0,22.53404265703548,294895076.0,0.06615902391088155,0.10673248431012643,0.04057346039924488
ADD,CARRIER    GLOBAL   CORPORATION,14448C104,,4009409.0,442.54739870391893,294090150.0,0.01731772252358577,0.10644115441465601,0.08912343189107025
TRIM,BERKSHIRE     HATHAWAY     INC    DEL,084670702,,587670.0,-10.023884618917842,294064191.0,0.13025237956535338,0.10643175897612316,-0.02382062058923022
ADD,ASTERA   LABS   INC,04626A103,,604489.0,174.26034563330566,291980277.0,0.010053065420168645,0.10567752014200762,0.09562445472183898
TRIM,WALMART     INC,931142103,PUT,2573300.0,-23.021927069311076,291451958.0,0.17289689924633048,0.10548630365869731,-0.06741059558763317
TRIM,JOHNSON  &   JOHNSON,478160104,PUT,1130800.0,-7.410136739539834,287189276.0,0.12423878827428235,0.10394349512538678,-0.02029529314889557
TRIM,MKS   INC.,55306N104,,645071.0,-27.87417721320842,286927581.0,0.08553586180171897,0.10384877886948857,0.018312917067769593
TRIM,S&P    GLOBAL      INC,78409V104,,702590.0,-28.630345435669895,286136803.0,0.17425577144655335,0.10356256961288575,-0.0706932018336676
TRIM,DELL   TECHNOLOGIES        INC,24703L202,PUT,663100.0,-15.041639974375402,286101126.0,0.053311812962610367,0.10354965690205183,0.05023784393944146
ADD,INTERNATIONAL  BUSINESS   MACHS,459200101,PUT,1014600.0,36.38929963704799,285315666.0,0.07503982839891882,0.10326537240919638,0.028225544010277562
TRIM,ELEVANCE  HEALTH    INC    FORMERLY,036752103,,727561.0,-20.845957933833855,281369666.0,0.11198395251316547,0.101837181783566,-0.010146770729599464
ADD,QUALCOMM   INC,747525103,PUT,1517600.0,19.920979849861713,280437304.0,0.06782239862436773,0.10149972849717624,0.03367732987280851
ADD,CINTAS  CORP,172908105,,1646394.0,52.71042514017521,280018692.0,0.07588815412635821,0.10134821868111532,0.025460064554757106
ADD,SERVICENOW     INC,81762P102,,2818282.0,73.4570758235617,279799037.0,0.0706934276120548,0.10126871812057989,0.030575290508525088
ADD,GE   VERNOVA    INC,36828A101,PUT,230500.0,99.39446366782006,270805230.0,0.041993773591161146,0.09801355571659384,0.056019782125432696
ADD,SALESFORCE     INC,79466L302,PUT,1728600.0,56.945705465770835,270802476.0,0.08556224564947988,0.09801255895101274,0.012450313301532859
ADD,JONES  LANG      LASALLE    INC,48020Q107,,869434.0,53.62164683598429,269481068.0,0.07167657988705382,0.0975342967821752,0.025857716895121383
ADD,MONDELEZ     INTL   INC,609207105,,4658188.0,54.422016548147525,269429594.0,0.07235929721760899,0.09751566660369985,0.025156369386090865
ADD,CENCORA   INC,03073E105,,950479.0,153.5672268122921,268966547.0,0.04900441614059847,0.09734807426091571,0.04834365812031724
TRIM,DELL   TECHNOLOGIES        INC,24703L202,CALL,621400.0,-57.563340845455166,268109244.0,0.10001856210269104,0.09703778736078271,-0.002980774741908332
ADD,SEMPRA,816851109,,2865477.0,30.450500568833395,265658373.0,0.08882719624619026,0.09615073439909255,0.0073235381529022925
TRIM,ALIBABA   GROUP     HLDG      LTD,01609WBG6,,224427000.0,-9.135923430718403,265046043.0,0.14285792265820577,0.0959291114984863,-0.04692881115971946
ADD,CME  GROUP   INC,12572Q105,,1195989.0,611.8134745863588,264110251.0,0.020651924582276847,0.09559041677929221,0.07493849219701537
ADD,SPDR   GOLD   TR,78463V107,CALL,716700.0,438.87218045112786,264017946.0,0.02381636452969992,0.09555700848337259,0.07174064395367268
ADD,BALL   CORP,058498106,,4170550.0,1.226229232852487,260242320.0,0.10135001254675978,0.0941904819605428,-0.007159530586216975
ADD,ROKU   INC,77543R102,,1883645.0,429.6076678250503,260206720.0,0.01400523206023735,0.09417759711860858,0.08017236505837123
ADD,SPDR   SERIES  TRUST,78464A870,PUT,1643900.0,28.85248471547264,260147175.0,0.06781692359516898,0.09415604577273855,0.026339122177569563
ADD,T-MOBILE    US   INC,872590104,,1541556.0,3.558480033051522,258565188.0,0.13011205801281198,0.0935834712660814,-0.03652858674673058
TRIM,NVENT   ELEC     PLC,G6700G107,,1521199.0,-66.03065282286086,258010562.0,0.22043102575988452,0.09338273339128898,-0.12704829236859555
ADD,ECHOSTAR     CORP,278768106,,2520287.0,117.18149479685502,255809130.0,0.05653734051918714,0.09258596082530754,0.036048620306120396
ADD,ENTERGY   CORP    NEW,29364G103,,2224055.0,35.20477484767042,255454957.0,0.07691796733354198,0.09245777365894885,0.015539806325406871
ADD,ASML   HLDG       NV,N07059210,PUT,128000.0,33.472367049009385,254648320.0,0.05271425905370559,0.09216582449481134,0.03945156544110575
ADD,WELLS   FARGO    &  CO,949746101,PUT,3072300.0,8.191006092192838,253894872.0,0.09408115928041996,0.09189312622555135,-0.0021880330548686155
ADD,VERTIV   HOLDINGS   CO,92537N108,,755811.0,4123.823628031742,253060639.0,0.0018660207090805579,0.09159118913731223,0.08972516842823168
ADD,BOOKING  HOLDINGS    INC,09857L108,,1416088.0,13129.52167414051,252403525.0,0.018755289737216685,0.09135335739509974,0.07259806765788306
ADD,VIAVI   SOLUTIONS   INC,925550105,,5275585.0,136.58021422149076,251909184.0,0.030884323843081943,0.0911744386971614,0.06029011485407945
ADD,KLA   CORP,482480100,PUT,834700.0,1657.2631578947369,251837337.0,0.02910616203787434,0.0911484348421488,0.062042272804274455
ADD,SCHWAB   CHARLES     CORP,808513105,PUT,2716500.0,323.39463840399003,250651455.0,0.025093565324843324,0.09071922410836679,0.06562565878352347
TRIM,FERGUSON     ENTERPRISES     INC,31488V107,,1046336.0,-16.219594315971698,248326923.0,0.12123598778535279,0.08987789749625888,-0.03135809028909391
ADD,STERLING     INFRASTRUCTURE           INC,859241101,,294821.0,1049.8030498030498,247460955.0,0.00434590222461256,0.08956447444007645,0.08521857221546389
TRIM,GENERAL   MTRS     CO,37045V100,,3196929.0,-28.54036486128543,246419287.0,0.13870465772956536,0.08918745962187595,-0.04951719810768941
TRIM,AMERIPRISE      FINL  INC,03076C106,,531742.0,-22.188045094297657,243941960.0,0.12638375747618535,0.0882908313405731,-0.03809292613561226
ADD,GUARDANT    HEALTH   INC,40131M109,,1622458.0,76.0871287558539,243417374.0,0.03541925066007328,0.08810096595599709,0.05268171529592381
ADD,VISA   INC,92826C839,,707768.0,41.61109410420631,242835191.0,0.0628692825351069,0.08789025427251981,0.02502097173741291
TRIM,OVINTIV     INC,69047Q102,,4573349.0,-21.904100157306917,240784834.0,0.14466470226957645,0.08714816084966232,-0.057516541419914136
ADD,TAIWAN    SEMICONDUCTOR         MANUFAC,874039100,CALL,501800.0,195.69829110194462,239644626.0,0.023866946957790684,0.0867354810785349,0.06286853412074422
TRIM,CROWDSTRIKE       HLDGS     INC,22788C105,PUT,311500.0,-25.903901046622263,237718110.0,0.06830401225624329,0.0860382098947217,0.017734197638478416
ADD,GOLDMAN   SACHS  GROUP     INC,38141G104,PUT,234000.0,24.072110286320257,236660580.0,0.06640021609296695,0.08565545408318523,0.019255237990218277
TRIM,HOWMET     AEROSPACE      INC,443201108,,878165.0,-36.61215951678379,236103442.0,0.13287041775794092,0.08545380703078218,-0.04741661072715875
ADD,ECHOSTAR     CORP,278768106,CALL,2324400.0,1005.2781740370898,235926600.0,0.010245837552676246,0.08538980194040768,0.07514396438773144
TRIM,RTX   CORPORATION,75513E101,,1233514.0,-19.606739010004237,234034611.0,0.12317405531755178,0.08470502724360185,-0.03846902807394993
ADD,VERTEX   PHARMACEUTICALS         INC,92532F100,,468410.0,1419.6768646789735,232673299.0,0.005727931767474879,0.08421232246991758,0.0784843907024427
TRIM,STEPSTONE     GROUP     INC,85914M107,,5619498.0,-21.662263376596727,232422437.0,0.1424588751800246,0.08412152704246526,-0.058337348137559336
ADD,REGAL  REXNORD    CORPORATION,758750103,,972549.0,6.839938217219643,231651446.0,0.07093906440586432,0.08384247936921503,0.012903414963350707
TRIM,APPLIED    MATLS   INC,038222105,,319450.0,-64.0626072243778,230962350.0,0.12643818524250933,0.08359307226141995,-0.04284511298108938
ADD,PAYCHEX   INC,704326107,,2329624.0,105.25701356588976,229071928.0,0.04351152734333298,0.08290886471481948,0.0393973373714865
TRIM,SEAGATE   TECHNOLOGY     HLDNGS     PL,G7997R103,CALL,236100.0,-2.999178307313065,227836500.0,0.03968288511925049,0.08246172161085565,0.04277883649160515
TRIM,MASTERCARD     INCORPORATED,57636Q104,PUT,442800.0,-36.552514686917895,227422080.0,0.14512103155408204,0.08231172902112587,-0.06280930253295618
ADD,WESTERN   DIGITAL      CORP,958102105,,351962.0,26.763262057316144,224805169.0,0.03125475934137012,0.08136458057756046,0.050109821236190344
TRIM,CHEVRON   CORPORATION,166764100,PUT,1351500.0,-14.704954244241087,224024640.0,0.13643170576660119,0.0810820807800864,-0.05534962498651479
ADD,CVS   HEALTH      CORP,126650100,,2164833.0,1013.557125000643,223951974.0,0.005810585315219986,0.08105578050132259,0.0752451951861026
ADD,SERVICETITAN       INC,81764X103,,3143620.0,53.60064574793842,222285370.0,0.05405049120083707,0.08045258024550958,0.026402089044672512
ADD,AIR   PRODUCTS     AND  CHEMICALS    I,009158106,,756421.0,42.133636483210886,221767509.0,0.0643369503406287,0.08026514886548435,0.01592819852485565
ADD,TOWER   SEMICONDUCTOR         LTD,M87915274,,850421.0,47.02635136770548,221653729.0,0.04224049490352432,0.08022396804202155,0.037983473138497224
ADD,UNITED  THERAPEUTICS      CORP      DEL,91307C102,,409074.0,166.72013144511385,221648565.0,0.037848502721191966,0.08022209901607355,0.042373596294881584
ADD,TEXAS   INSTRS   INC,882508104,PUT,743200.0,75.73894537715772,221525624.0,0.03416766381271984,0.08017760251741526,0.04600993870469543
TRIM,DOVER  CORP,260003108,,987542.0,-18.66050462112233,221485920.0,0.10532187364424728,0.08016323229932099,-0.02515864134492629
ADD,LIBERTY  MEDIA   CORP     DEL,531229755,,2326471.0,66.73733292911658,221340451.0,0.0493683337073489,0.08011058215686791,0.030742248449519005
TRIM,PENUMBRA  INC,70975L107,,700611.0,-36.19997887329074,221217923.0,0.15006595507532777,0.0800662351368534,-0.06999971993847437
ADD,GLAUKOS   CORP,377322102,,1581016.0,34.70404602213861,220962796.0,0.05258629501994099,0.0799738960619053,0.02738760104196431
ADD,WASTE   CONNECTIONS         INC,94106B101,,1323486.0,57.676302079300044,220610781.0,0.056739668983063776,0.07984648994860544,0.02310682096554166
ADD,SILICON    LABORATORIES         INC,826919102,,1003736.0,119.54172827408813,219376540.0,0.03960421507557125,0.07939977646001732,0.03979556138444607
TRIM,ELI  LILLY  &  CO,532457108,,182678.0,-33.809680820612414,219109474.0,0.10564126394213783,0.07930311625788236,-0.026338147684255464
TRIM,APPLE   INC,037833100,,756799.0,-83.78866717519938,218987359.0,0.49305901977694566,0.07925891871651164,-0.413800101060434
ADD,INSMED   INC,457669307,,2048005.0,76.8897706484618,218358293.0,0.0787883032279191,0.07903123849246126,0.00024293526454215175
TRIM,SELECT  SECTOR  SPDR  TR,81369Y605,,4063701.0,-62.13226150305541,217855011.0,0.2204845071734875,0.07884908374475509,-0.14163542342873242
ADD,EVERCORE   INC,29977A105,,637464.0,821.7501952051823,217655708.0,0.008591399088960866,0.07877694926014789,0.07018555017118702
ADD,PROCTER   &  GAMBLE  CO,742718109,,1482738.0,43.32978248303035,217428700.0,0.06218391050621952,0.07869478740065902,0.016510876894439502
ADD,ZEBRA   TECHNOLOGIES        CORPORATI,989207105,,823465.0,869.649333521737,216785396.0,0.007389337617846192,0.07846195396370248,0.0710726163458563
ADD,CSX   CORP,126408103,,4522881.0,475.47847529181837,214972534.0,0.013426469120731407,0.07780581799969803,0.06437934887896662
ADD,SEAGATE   TECHNOLOGY     HLDNGS     PL,G7997R103,PUT,222100.0,30.340375586854464,214326500.0,0.027781280297125243,0.07757199648357069,0.04979071618644544
TRIM,3M  CO,88579Y101,,1310763.0,-7.0743327071000675,212225637.0,0.08525255359425028,0.07681162323411966,-0.008440930360130619
ADD,BOSTON     SCIENTIFIC       CORP,101137107,,5437567.0,25.3529896694272,210735360.0,0.10022108408196577,0.07627224167279362,-0.023948842409172152
ADD,CITIGROUP       INC,172967424,PUT,1502300.0,6.682289447521658,210261908.0,0.06646274362314739,0.07610088340921381,0.009638139786066424
ADD,SALESFORCE     INC,79466L302,CALL,1339100.0,58.473372781065095,209783406.0,0.0656438147574092,0.0759276973801349,0.010283882622725699
TRIM,HOME   DEPOT     INC,437076102,PUT,594400.0,-35.250544662309366,209632992.0,0.1256480997428176,0.07587325747522776,-0.04977484226758984
TRIM,MARVELL    TECHNOLOGY     INC,573874104,CALL,703400.0,-5.672522462116132,209535826.0,0.03073839575410351,0.07583808981929009,0.04509969406518658
TRIM,VALERO   ENERGY     CORP,91913Y100,,804483.0,-40.4384033452928,209519553.0,0.138883517561517,0.07583220007117786,-0.06305131749033915
ADD,WESTERN   DIGITAL      CORP,958102105,PUT,327900.0,10.404040404040405,209436288.0,0.033432606601329434,0.07580206365646851,0.04236945705513907
ADD,IAMGOLD     CORP,450913108,,13158238.0,20.434769158053726,208445417.0,0.08549606296716714,0.07544343398758635,-0.010052628979580785
ADD,TAPESTRY     INC,876030107,,1423542.0,300.24798616675804,208378078.0,0.020886299196079025,0.07541906172997374,0.05453276253389472
TRIM,BANK   OF  AMER     CORP,060505104,PUT,3615900.0,-10.226426336958141,206033982.0,0.08171562230753555,0.0745706542457422,-0.00714496806179335
NEW,EXTRA   SPACE    STORAGE      INC,30225T102,,1415100.0,,205614030.0,0.0,0.07441865943843995,0.07441865943843995
ADD,QUANTA   SVCS   INC,74762E102,,284766.0,1659.1178650852485,205042911.0,0.0036986560584482734,0.07421195219010761,0.07051329613165934
ADD,PALANTIR     TECHNOLOGIES          INC,69608A108,,1746866.0,453.2556541237652,203806856.0,0.019221233615791793,0.07376458215367487,0.05454334853788308
ADD,HILTON    WORLDWIDE    HLDGS      INC,43300A203,,614756.0,217.28195626480593,203152268.0,0.02451928694862757,0.07352766465614569,0.04900837770751812
ADD,ASML   HLDG       NV,N07059210,CALL,101900.0,98.24902723735408,202723936.0,0.028253523622111233,0.07337263684391622,0.045119113221804986
ADD,HEICO   CORP  NEW,422806208,,782006.0,3.4971717166369762,201687167.0,0.06637611614306578,0.07299739513921673,0.006621278996150948
ADD,WESTERN   DIGITAL      CORP,958102105,CALL,311600.0,95.48306148055207,199025152.0,0.01794329121970341,0.0720339220352412,0.05409063081553779
TRIM,EXXON   MOBIL    CORP,30231G102,,1448272.0,-25.22875034138952,198007748.0,0.13675950878228232,0.07166568917784664,-0.06509381960443568
ADD,APOGEE   THERAPEUTICS     INC,03770N101,,1491404.0,1510.7266286504232,197954053.0,0.003243346787363652,0.07164625514448547,0.06840290835712182
ADD,PROLOGIS   INC.,74340W103,,1460969.0,261.9736281379146,197917470.0,0.022202014965552463,0.07163301452166301,0.04943099955611055
ADD,CLOROX   CO  DEL,189054109,,2073010.0,199.63416767001954,197848074.0,0.029837204949200037,0.07160789776630157,0.04177069281710153
ADD,UBER   TECHNOLOGIES     INC,90353T100,,2739872.0,1642.8767715834201,197709164.0,0.004705830044864921,0.07155762154739474,0.06685179150252982
ADD,BOOKING  HOLDINGS    INC,09857L108,PUT,1109100.0,1611.5740740740741,197685984.0,0.11354099238812473,0.07154923192278702,-0.041991760465337716
TRIM,CUMMINS     INC,231021106,,277042.0,-34.24896167081998,197589125.0,0.09434176417815099,0.07151417538051436,-0.022827588797636633
ADD,QUALCOMM   INC,747525103,,1068063.0,150.8680037674957,197367362.0,0.022817212900980467,0.0714339118636082,0.048616698962627734
ADD,NETFLIX   INC.,64110L106,CALL,2749800.0,13.820936297032164,196335720.0,0.09666979936281983,0.0710605257933075,-0.025609273569512328
TRIM,ALPHABET     INC,02079K107,,555247.0,-68.8411132298458,196185423.0,0.21273397577013942,0.07100612823465054,-0.1417278475354889
ADD,ARM   HOLDINGS      PLC,042068205,PUT,551700.0,12.477064220183486,195616269.0,0.030880413167391714,0.07080013218616092,0.03991971901876921
ADD,CHARTER     COMMUNICATIONS      INC,16119P108,,1375109.0,616.4600820086386,195554251.0,0.017243289010557425,0.07077768577809697,0.053534396767539544
ADD,BANK   OF   NY   MELLON       CORP,064058100,,1348939.0,623.6137262159567,195070069.0,0.009203279795919481,0.07060244396524877,0.06139916416932929
ADD,ISHARES  TR,464288513,CALL,2400000.0,42.83163720764149,191928000.0,0.055634498382886546,0.06946522311099539,0.01383072472810884
ADD,FLEX   LTD,Y2573F102,,1176136.0,642.2851661112794,190616362.0,0.004316436279995022,0.0689904970350145,0.06467406075501948
ADD,SELECT  SECTOR  SPDR  TR,81369Y407,CALL,1621700.0,45.35269337635565,190192976.0,0.05060073339894008,0.06883725934717286,0.01823652594823278
ADD,AMETEK     INC,031100100,,783287.0,111.76386301762432,189508457.0,0.032997070858471436,0.06858950881020735,0.03559243795173592
NEW,MONOLITHIC     PWR   SYS  INC,609839105,,136835.0,,189155231.0,0.0,0.06846166439512147,0.06846166439512147
ADD,TREX   INC,89531P105,,3773886.0,659.2048828769383,188845255.0,0.007534115850813971,0.06834947361525061,0.06081535776443664
ADD,TEXAS   INSTRS   INC,882508104,,631666.0,231.23892227501076,188280685.0,0.015407200763860578,0.0681451366711269,0.05273793590726632
ADD,SOFI  TECHNOLOGIES          INC,83406F102,,10493471.0,27.06316716369186,188147935.0,0.05457736496311238,0.06809708996419521,0.013519725001082832
TRIM,PG&E   CORP,69331C108,,11179185.0,-24.90204645422473,188033892.0,0.10884697843508406,0.06805581395215296,-0.0407911644829311
ADD,CEMEX   SA  EURO      MTN  BE    144A,151290889,,15622740.0,65.5368795879554,187472880.0,0.044931512538600504,0.06785276476835515,0.02292125222975465
ADD,AXALTA     COATING      SYS  LTD,G0750C108,,5466995.0,31.420076111692985,187080569.0,0.04795449314617377,0.06771077417217378,0.019756281026000008
TRIM,MCDONALDS       CORP,580135101,PUT,687700.0,-18.596117424242426,185892187.0,0.10926561549782317,0.06728065860398627,-0.0419849568938369
ADD,CROWDSTRIKE       HLDGS     INC,22788C105,CALL,242500.0,27.43037309511298,185061450.0,0.03091877624253829,0.06697998683617981,0.03606121059364152
TRIM,SEMTECH   CORP,816850101,,1141594.0,-41.92376996889629,184766989.0,0.06289928324808264,0.06687341145862945,0.0039741282105468095
ADD,SPDR   SERIES  TRUST,78464A870,CALL,1167100.0,403.06034482758616,184693575.0,0.012332282704247691,0.0668468404534115,0.054514557749163806
ADD,GILEAD    SCIENCES   INC,375558103,,1458924.0,23.55804735932789,184320458.0,0.06848469196526137,0.06671179681386175,-0.0017728951513996255
TRIM,JAZZ   PHARMACEUTICALS       PLC,G50871105,,763880.0,-39.4951806360499,184072164.0,0.09932862602354349,0.06662193083231073,-0.03270669519123276
ADD,AMPHENOL   CORP,032095101,CALL,1042600.0,494.751853964632,183831232.0,0.009217639886945028,0.06653472940711702,0.05731708952017199
ADD,VERISK   ANALYTICS     INC,92345Y106,,1023781.0,2317.5427410975726,183799403.0,0.0033440846611829224,0.06652320941740004,0.06317912475621712
ADD,VERALTO   CORP,92338C103,,2064110.0,951.8347525211605,183045275.0,0.007221017508415651,0.06625026503318175,0.0590292475247661
ADD,TELEFLEX    INCORPORATED,879369106,,1442103.0,111.43407158921967,182800976.0,0.03395090617490135,0.06616184497701072,0.032210938802109366
TRIM,QORVO     INC,74736K101,,1950781.0,-12.296384281172221,181949344.0,0.07164642977186751,0.06585361060324314,-0.005792819168624369
ADD,TEXAS   INSTRS   INC,882508104,CALL,609700.0,8.468244084682441,181733279.0,0.04541414951319418,0.065775409384914,0.020361259871719814
ADD,ARAMARK,03852U106,,3157913.0,161.5799099769227,179685250.0,0.02036770497970742,0.06503415854385491,0.044666453564147494
ADD,SUPERNUS    PHARMACEUTICALS,868459108,,3853212.0,16.201549288851265,179212890.0,0.07133129223495156,0.06486319551194342,-0.006468096723008146
ADD,WALMART     INC,931142103,CALL,1582200.0,12.901384329955759,179199972.0,0.07248129307003127,0.06485852005160335,-0.007622773018427925
ADD,JANUS   HENDERSON         GROUP     PLC,G4474Y214,,3414602.0,46.12367654931618,177388574.0,0.049956458214339326,0.06420291395862676,0.014246455744287435
ADD,INGERSOLL   RAND     INC,45687V106,,2151323.0,2012.0598081661906,176386973.0,0.0033962755559697336,0.06384040074047623,0.060444125184506495
TRIM,VISA   INC,92826C839,CALL,513900.0,-34.56837280366692,176313951.0,0.09878827734712814,0.06381397161329305,-0.03497430573383509
ADD,SANMINA     CORP,801056102,,688388.0,63.84143946876748,174217235.0,0.022667891842021996,0.06305509930315388,0.040387207461131884
TRIM,PALANTIR     TECHNOLOGIES          INC,69608A108,CALL,1491500.0,-28.382790742341303,174013305.0,0.12678077158611897,0.06298129015102898,-0.06379948143509
TRIM,ALIBABA   GROUP     HLDG      LTD,01609W102,PUT,1798200.0,-22.714574289766624,172591236.0,0.12148096912378165,0.06246659536775489,-0.05901437375602676
ADD,ISHARES  TR,464287465,PUT,1661200.0,32.556654963293965,172565456.0,0.05065663646007326,0.062457264715365446,0.011800628255292184
ADD,ATI  INC,01741R102,,875260.0,41.344228409017504,172513746.0,0.037485659685103694,0.06243854912052222,0.024952889435418527
ADD,INTERNATIONAL  BUSINESS   MACHS,459200101,CALL,612800.0,27.242524916943523,172325488.0,0.048580698154213335,0.06237041219431849,0.013789714040105157
TRIM,GRANITE   CONSTR       INC,387328107,,1086252.0,-6.308317304789587,171714716.0,0.057841408326343484,0.06214935318651375,0.004307944860170269
ADD,PAN   AMERN     SILVER     CORP,697900108,,3816589.0,5.995927451763466,170939307.0,0.08186009507748783,0.06186870648990213,-0.0199913885875857
ADD,PEPSICO   INC,713448108,,1262259.0,30.377241754711775,170909869.0,0.06256806895128701,0.06185805188381057,-0.0007100170674764414
ADD,SUN   CMNTYS   INC,866674104,,1421561.0,710.6991730824066,170459380.0,0.009191809118676767,0.06169500470521209,0.05250319558653532
ADD,PNC   FINL   SVCS  GROUP     INC,693475105,,691773.0,442.6777225159641,170328348.0,0.011039144147381535,0.06164757980048387,0.05060843565310233
TRIM,GE  AEROSPACE,369604301,PUT,455500.0,-9.873367629600317,170234015.0,0.059684875544059116,0.061613437502894504,0.0019285619588353883
ADD,COGNIZANT      TECHNOLOGY       SOLUTIO,192446102,,4386693.0,851.3064843870291,169896620.0,0.011773183842323853,0.06149132286119796,0.049718139018874105
TRIM,IRHYTHM     HOLDINGS   INC,450056106,,1406454.0,-12.534716737540844,167297703.0,0.07897834159128665,0.06055068705374955,-0.0184276545375371
NEW,SUPER  MICRO     COMPUTER     INC,86800U500,,3252332.0,,166914448.0,0.0,0.06041197412971864,0.06041197412971864
ADD,BUNGE   GLOBAL       SA,H11356104,,1557125.0,53.4846700147361,166191951.0,0.05370418852925961,0.06015047807233241,0.006446289543072803
ADD,FORTINET   INC,34959E109,,1078743.0,3795.504116712408,165716500.0,0.0009417707758042114,0.059978396303161964,0.05903662552735775
ADD,ELI  LILLY  &  CO,532457108,CALL,137400.0,3.3860045146726865,164801682.0,0.050870592494321805,0.05964729278269619,0.008776700288374385
TRIM,INTUITIVE    SURGICAL     INC,46120E602,,413337.0,-54.59292183167599,164375858.0,0.17463641415380762,0.0594931727003423,-0.11514324145346533
TRIM,ISHARES  TR,464287234,,2399630.0,-48.164514046234444,164158688.0,0.10940862296085778,0.05941457154520593,-0.04999405141565185
TRIM,ISHARES  TR,464287242,PUT,1503000.0,-45.83783783783784,163932210.0,0.12586709674914617,0.05933260151061101,-0.06653449523853516
ADD,MACOM     TECH    SOLUTIONS      HLDGS  I,55405Y100,,430400.0,28.395592069543635,163711248.0,0.03097951510781327,0.05925262790264838,0.02827311279483511
ADD,PHILIP   MORRIS     INTL  INC,718172109,,900862.0,197.72294635539222,162974944.0,0.020820275487706225,0.0589861346258075,0.03816585913810128
ADD,WALMART     INC,931142103,,1437888.0,50.753617110505346,162855195.0,0.049331138383185265,0.05894279341971813,0.009611655036532864
TRIM,KKR   &  CO   INC,48251W104,,1763918.0,-32.72623951182304,161892394.0,0.10093388619025025,0.058594323231540846,-0.0423395629587094
TRIM,SANDISK     CORP,80004C200,CALL,70600.0,-49.20863309352518,160525338.0,0.036752219679814416,0.058099539510326516,0.0213473198305121
ADD,GRANITE   CONSTR       INC,387328AD9,,48500000.0,38.57142857142858,160481165.0,0.038348917310357875,0.058083551810248976,0.0197346344998911
ADD,ZSCALER   INC,98980G102,,1129691.0,237.31785825191696,159455885.0,0.019552829949437852,0.05771246836254337,0.03815963841310552
ADD,ESSENTIAL    UTILS     INC,29670G102,,4153002.0,2.228194488000193,159101507.0,0.06808252493563036,0.05758420699976343,-0.010498317935866926
ADD,SANOFI   SA,80105N105,,3727890.0,8.34829657384904,159031787.0,0.06898749449282363,0.05755897297786304,-0.011428521514960585
TRIM,ISHARES  TR,464287465,CALL,1527800.0,-8.361324376199617,158707864.0,0.06739127378410001,0.05744173430781081,-0.009949539476289196
TRIM,FIRST  HORIZON   CORPORATION,320517105,,6171769.0,-2.0241999124026733,158244157.0,0.0596658286349402,0.05727390308874361,-0.002391925546196591
ADD,VISHAY   INTERTECHNOLOGY         INC,928298108,,2932443.0,1863.6544436706486,157706785.0,0.0011186638254517072,0.05707941001908414,0.055960746193632435
ADD,BEACON   FINANCIAL         CORP.,084680107,,5165656.0,1.0519611078583402,157294225.0,0.06382114108134115,0.05693009062615205,-0.006891050455189104
TRIM,BANK   OF  AMER     CORP,060505104,,2755267.0,-80.69164852815243,156995114.0,0.28950474738480486,0.05682183225660747,-0.2326829151281974
ADD,SALESFORCE     INC,79466L302,,1001684.0,412.9528159854156,156923815.0,0.015170168954753292,0.056796026741296565,0.04162585778654328
TRIM,MERCK   &  CO    INC,58933Y105,PUT,1220800.0,-21.572658357959657,156872800.0,0.07792362107963763,0.05677756269041807,-0.02114605838921956
ADD,UNITED  AIRLS   HLDGS     INC,910047109,,1151697.0,50.06625761115578,156619275.0,0.02940599646034087,0.056685803433357,0.027279806973016133
TRIM,CHEVRON   CORPORATION,166764100,CALL,942500.0,-3.5312180143295806,156228800.0,0.08412355729502641,0.05654447734756304,-0.02757907994746337
ADD,FREEPORT    MCMORAN   INC,35671D857,CALL,2483500.0,277.7186311787072,156187315.0,0.016083772211836902,0.05652946252543828,0.04044569031360137
ADD,ISHARES  TR,464287432,,1806952.0,310.232705973165,156156792.0,0.015890878559982537,0.056518415221214736,0.0406275366612322
NEW,CARNIVAL     CORP  LTD,G2004J103,,5451184.0,,155740327.0,0.0,0.05636768247694125,0.05636768247694125
TRIM,COCA   COLA   CO,191216100,PUT,1914500.0,-12.802878484241209,155591415.0,0.06948883254579251,0.05631378619654493,-0.013175046349247578
ADD,SELECT  SECTOR  SPDR  TR,81369Y803,CALL,815900.0,23.06184012066365,155445268.0,0.03666917036186803,0.05626089066300109,0.019591720301133063
TRIM,JPMORGAN       CHASE  &  CO,46625H100,CALL,474700.0,-10.433962264150944,155383551.0,0.06488167621050045,0.05623855319699956,-0.00864312301350089
NEW,ON  SEMICONDUCTOR        CORP,682189AS4,,84973000.0,,155082183.0,0.0,0.056129477942953705,0.056129477942953705
ADD,BEONE   MEDICINES     LTD,07725L102,,543323.0,165.23485935776142,154830755.0,0.025316440546214684,0.056038477660991966,0.030722037114777282
ADD,F5  INC,315616102,,370682.0,239.50212485345838,154188885.0,0.01314664835205,0.05580616323705041,0.042659514885000416
NEW,SPACE  EXPLORATION        TECHN   CORP,84615Q103,PUT,902000.0,,154115720.0,0.0,0.055779682353339244,0.055779682353339244
ADD,NORTHROP   GRUMMAN    CORP,666807102,,302389.0,64.80850669558914,154009742.0,0.052093809568151475,0.05574132533708911,0.003647515768937633
ADD,ARISTA  NETWORKS    INC,040413205,CALL,898100.0,122.02719406674906,152569228.0,0.02066848908419216,0.05521995468557129,0.03455146560137913
ADD,QNITY     ELECTRONICS        INC,74743L100,,934087.0,16.932619785309676,152545748.0,0.03835701124794425,0.0552114564808349,0.016854445232890647
ADD,BLACKSTONE   INC,09260D107,PUT,1288900.0,13.449520288706978,151664863.0,0.05436748065930473,0.054892634458721765,0.000525153799417033
ADD,JOHNSON  &   JOHNSON,478160104,,594091.0,3.1932910317227337,150881291.0,0.05856475889655413,0.054609033296809335,-0.003955725599744796
TRIM,ABBVIE    INC,00287Y109,PUT,599100.0,-25.345794392523363,150757524.0,0.07263516194892619,0.054564237840863464,-0.018070924108062728
NEW,ROUNDHILL  ETF  TRUST,77926X320,PUT,2040000.0,,150654000.0,0.0,0.05452676901006576,0.05452676901006576
TRIM,VERIZON   COMMUNICATIONS    INC,92343V104,PUT,3552700.0,-22.63620922433692,150421318.0,0.09593721040912005,0.05444255353841017,-0.041494656870709884
ADD,QIAGEN     NV,N72482156,,3845605.0,543.2530940707918,150363155.0,0.009961836851395851,0.054421502384999494,0.04445966553360364
ADD,ANALOG   DEVICES     INC,032654105,CALL,374800.0,58.210215280709164,148859316.0,0.031365044807153346,0.053877212277990534,0.02251216747083719
ADD,WYNDHAM     HOTELS       &  RESORTS      INC,98311A105,,1760045.0,60.667501629455444,148213389.0,0.03703179449666727,0.05364342948877575,0.01661163499210848
TRIM,FIRSTENERGY         CORP,337932107,,3116540.0,-69.43068333340854,148160312.0,0.21493875787654154,0.05362421913047961,-0.16131453874606194
TRIM,ASML   HLDG       NV,N07059210,,74461.0,-37.91812572953143,148135692.0,0.06592855289801312,0.0536153083212543,-0.012313244576758822
ADD,PRIMORIS   SVCS   CORP,74164F103,,1492740.0,272.43640283031107,147960389.0,0.0238589936830098,0.053551860246939836,0.029692866563930036
TRIM,AMPHENOL   CORP,032095101,,838250.0,-63.882452192991146,147800240.0,0.12203745074196642,0.05349389691685771,-0.06854355382510871
TRIM,ISHARES  TR,464287655,,486880.0,-27.776005933617654,146283096.0,0.06957523613063932,0.05294479128114271,-0.016630444849496606
TRIM,STMICROELECTRONICS           N  V,861012102,,1946604.0,-56.46601175723891,145781174.0,0.06429242140712026,0.05276312876335314,-0.01152929264376712
TRIM,PARKER-HANNIFIN       CORP,701094104,,148837.0,-1.4872521246458925,145580446.0,0.056288610392143036,0.052690478523134805,-0.003598131869008231
TRIM,WARNER   BROS    DISCOVERY     INC,934423104,PUT,5439700.0,-30.530120174195112,145022402.0,0.08948320054472667,0.052488503558743196,-0.03699469698598347
TRIM,GLOBALFOUNDRIES      INC,G39387108,,1758834.0,-44.744533229451214,144945510.0,0.058921928810261946,0.052460673747900324,-0.006461255062361622
ADD,TRANSALTA   CORP,89346D107,,10427393.0,25.35937725414763,144058926.0,0.04542304830837181,0.052139789065276436,0.006716740756904628
ADD,KLA   CORP,482480100,CALL,477300.0,1580.6338028169014,144006183.0,0.01740242109211855,0.05212069959285687,0.03471827850073832
TRIM,SELECT    SECTOR     SPDR   TR,81369Y209,PUT,907400.0,-13.99052132701422,143968084.0,0.06436927656767881,0.05210691027845091,-0.012262366289227902
ADD,FREEPORT    MCMORAN   INC,35671D857,PUT,2283400.0,2.124424169238338,143603026.0,0.0546946103246329,0.0519747834630907,-0.0027198268615422003
TRIM,GENERAL   DYNAMICS        CORP,369550108,,403938.0,-15.666690328157035,143090997.0,0.06841490490259819,0.05178946288076661,-0.016625442021831582
ADD,SELECT  SECTOR  SPDR  TR,81369Y506,,2693397.0,215.94359132567655,143046315.0,0.021733535827181155,0.05177329095640411,0.030039755129222953
TRIM,CADENCE   DESIGN        SYSTEM  INC,127387108,,380245.0,-11.045061737059548,142713553.0,0.04943080505563956,0.051652853153827824,0.0022220480981882673
TRIM,HUNT     J  B   TRANS  SVCS    INC,445658107,,492701.0,-17.614865746113175,142602450.0,0.05273854211495119,0.05161264122704642,-0.0011259008879047697
ADD,ADVANCED   ENERGY    INDS,007973100,,381740.0,25.911999472260703,142339394.0,0.040716978970272676,0.05151743237929786,0.010800453409025183
TRIM,TRADEWEB   MKTS     INC,892672106,,1428050.0,-27.45207711960285,142319463.0,0.09638508827275545,0.051510218677483496,-0.044874869595271955
ADD,DATADOG      INC,23804L103,CALL,543300.0,72.47619047619047,141453588.0,0.015475301537506333,0.05119682928114096,0.03572152774363462
ADD,LINDE   PLC,G54950103,PUT,272100.0,9.93939393939394,141203574.0,0.051063345067208527,0.051106340773518964,4.2995706310437753e-05
TRIM,PERFORMANCE     FOOD     GROUP    CO,71377A103,,1258094.0,-1.4798068271428695,140642328.0,0.04552274910612211,0.050903206897220804,0.005380457791098692
TRIM,TXNM   ENERGY     INC,69349H107,,2470809.0,-29.995693453198886,140292535.0,0.08586888099374376,0.05077660500074054,-0.03509227599300322
ADD,HUMANA      INC,444859102,,352698.0,213.18084142854605,140098700.0,0.008126329567055456,0.050706449569945036,0.04258012000288958
ADD,MOSAIC  CO,61945C103,,6591349.0,2767.2125870536393,139670685.0,0.002439591609647339,0.050551536490718176,0.04811194488107084
TRIM,BROADCOM   INC,11135F101,,369305.0,-82.83104076050067,139504964.0,0.2770629653450686,0.050491556465713086,-0.2265714088793555
ADD,EASTGROUP     PPTYS       INC,277276101,,686816.0,75.65851225719,139100844.0,0.030117348659707097,0.050345291793733926,0.02022794313402683
ADD,TAKE-TWO      INTERACTIVE       SOFTWAR,874054109,,554804.0,5.79403110871269,138689904.0,0.04310305878648036,0.050196558733496585,0.0070934999470162255
ADD,ANALOG   DEVICES     INC,032654105,PUT,348800.0,19.00375298532924,138532896.0,0.03880580258749111,0.05013973223736152,0.011333929649870407
ADD,ALIBABA   GROUP     HLDG      LTD,01609W102,,1440776.0,58.027475390057305,138285680.0,0.04760271461307327,0.05005025642040616,0.0024475418073328925
ADD,TTM  TECHNOLOGIES     INC,87305R109,,738767.0,98.28732010285205,138164204.0,0.015105087437480062,0.05000629015470949,0.03490120271722943
ADD,CARVANA    CO,146869102,,2093072.0,952.30261834855,137765999.0,0.026023218291267084,0.049862166320933723,0.02383894802966664
ADD,STIFEL   FINL     CORP,860630102,,1972193.0,364.5307097296941,137599906.0,0.013060491551356043,0.0498020516565691,0.03674156010521305
ADD,PALO   ALTO     NETWORKS      INC,697435105,,403172.0,91.14290726175408,137489715.0,0.014072862986819756,0.049762169813378825,0.03568930682655907
ADD,APOLLO   GLOBAL  MGMT  INC,03769M106,,1153820.0,17044.4279346211,136508444.0,0.00031206209865364785,0.04940701470861375,0.0490949526099601
NEW,HONEYWELL     AEROSPACE     INC,43849R105,,616062.0,,136198987.0,0.0,0.04929501177236548,0.04929501177236548
ADD,AXSOME       THERAPEUTICS      INC.,05464T104,,556088.0,2578.909336159553,136113660.0,0.0014601119655907734,0.04926412905023848,0.0478040170846477
TRIM,CRH  PLC,G25508105,,1271475.0,-30.019153608638938,136047825.0,0.07948342302276289,0.049240301141004215,-0.03024312188175867
ADD,CONSTELLATION  BRANDS     INC,21036P108,,976912.0,301.21237011786934,135878690.0,0.01519969815601709,0.049179085474134986,0.03397938731811789
ADD,DATADOG      INC,23804L103,PUT,521800.0,36.45397489539749,135855848.0,0.018786524787118796,0.04917081818313887,0.030384293396020074
ADD,CROWN   CASTLE     INC,22822V101,,1790261.0,163.88099080973123,135576466.0,0.02295698137402923,0.04906970040478868,0.026112719030759454
TRIM,UNITEDHEALTH       GROUP  INC,91324P102,CALL,325900.0,-52.15093231537219,135453817.0,0.07669820458886394,0.04902530959078894,-0.027672894998074994
ADD,INTERNATIONAL  PAPER  CO,460146103,,3547334.0,109.12123704168766,135153425.0,0.02520198388723755,0.048916587584094985,0.023714603696857434
TRIM,UNIFIRST     CORP     MASS,904708104,,510016.0,-3.699521722629336,134878831.0,0.05545124554331694,0.04881720274459819,-0.006634042798718751
ADD,NIKE   INC,654106103,,3280457.0,292.4493924461624,134662760.0,0.018374336156839022,0.048738999354666475,0.030364663197827452
ADD,NIKE   INC,654106103,PUT,3276100.0,189.7921273772667,134483905.0,0.024850294412836392,0.04867426569162868,0.023823971278792287
ADD,KEURIG   DR   PEPPER  INC,49271V100,,4104812.0,966.3760518118831,134350497.0,0.004217900320092641,0.048625980832281465,0.04440808051218882
ADD,FASTENAL     CO,311900104,,2796417.0,263.2767194612459,134311909.0,0.014864315579162592,0.048612014532265796,0.0337476989531032
TRIM,CITIGROUP       INC,172967424,,959523.0,-80.0500286299657,134294839.0,0.2270006171695369,0.048605836322945094,-0.1783947808465918
ADD,QUALCOMM   INC,747525103,CALL,724900.0,42.64069264069264,133954271.0,0.027236146172187822,0.048482573265421096,0.021246427093233274
ADD,WEATHERFORD     INTL   PLC,G48833118,,1643324.0,62.169704816566274,133930906.0,0.03988552903403413,0.04847411668306736,0.008588587649033225
ADD,COREWEAVE     INC,21873S108,CALL,1342100.0,131.83624114700294,133592634.0,0.018663783172130056,0.04835168462546137,0.029687901453331313
ADD,EMCOR   GROUP   INC,29084Q100,,160534.0,297.4007327458164,133223956.0,0.012411940716862621,0.04821824760988201,0.03580630689301939
NEW,VANECK  ETF  TRUST,92189F676,,203071.0,,133192238.0,0.0,0.04820676779481263,0.04820676779481263
TRIM,JOHNSON      CONTROLS    INTERNATION,G51502105,,907819.0,-34.760715245608765,132641434.0,0.07583298559141352,0.04800741323085934,-0.027825572360554184
ADD,BROADRIDGE   FINL    SOLUTIONS    IN,11133T103,,968428.0,1.4914111027387427,132626215.0,0.06452091731444162,0.04800190496093246,-0.016519012353509166
ADD,SERVICENOW     INC,81762P102,PUT,1329700.0,83.1795013087202,132012616.0,0.031583729275709904,0.04777982276638198,0.016196093490672074
ADD,VALE   S  A,91912E105,,8771864.0,46.64370126951079,131928835.0,0.039606022467773304,0.04774949959385133,0.008143477126078026
ADD,INSULET  CORP,45784P101,,865387.0,189.8225672489551,131755171.0,0.026075282256599226,0.047686644728973104,0.021611362472373878
ADD,COPART   INC,217204106,,4654396.0,76.23258601777397,131207423.0,0.03649032884105084,0.04748839623459708,0.010998067393546238
ADD,HDFC  BANK   LTD,40415F101,,5056263.0,4.617323487622755,130603273.0,0.05004250057044301,0.047269733952165605,-0.0027727666182774044
ADD,LIBERTY   BROADBAND    CORP,530307305,,3924910.0,23.154870251408,130542507.0,0.0667127234851173,0.04724774068517193,-0.019464982799945366
ADD,INTERNATIONAL  BUSINESS   MACHS,459200101,,464139.0,255.09065871012163,130520528.0,0.013185180805190187,0.047239785743012595,0.034054604937822405
ADD,ZOETIS   INC,98978V103,,1813759.0,9.927785909312679,130336722.0,0.08116875653190674,0.04717326014591817,-0.03399549638598857
ADD,UNITY   SOFTWARE    INC,91332U101,,4551519.0,40.50218168740826,130082413.0,0.029578250966703988,0.04708121713278754,0.01750296616608355
ADD,SILGAN     HLDGS  INC,827048109,,2795957.0,43.01958058197997,129704445.0,0.031566707827757785,0.04694441775255737,0.015377709924799587
ADD,COUPANG     INC,22266T109,,7397740.0,27.826652811092938,128498744.0,0.04547180669777467,0.04650803385354237,0.001036227155767705
ADD,TAYLOR  MORRISON       HOME   CORP,87724P106,,1784792.0,18.113198057555955,128040978.0,0.03662461978792797,0.046342352882956385,0.009717733095028415
ADD,INVITATION     HOMES   INC,46187W107,,4227059.0,8.485879580557919,127699452.0,0.040295269382406323,0.046218743092888204,0.00592347371048188
ADD,ISHARES  TR,464288513,,1595384.0,182.8008090233401,127582858.0,0.018678497417142236,0.046176543787818575,0.02749804637067634
TRIM,AT&T  INC,00206R102,,6150980.0,-35.16751573149378,127325286.0,0.11446229298026915,0.046083319784821906,-0.06837897319544725
ADD,REDDIT    INC,75734B100,,730495.0,1262.9146609948132,126799322.0,0.0030034301422571445,0.04589295565552159,0.04288952551326444
TRIM,BORGWARNER       INC,099724106,,1909423.0,-34.0067713614819,126785687.0,0.06533488594355621,0.04588802068867403,-0.019446865254882185
ADD,QXO   INC,82846H405,,7289644.0,9621.858579392388,125965048.0,0.0006059945095591684,0.04559100372799823,0.04498500921843906
TRIM,NETFLIX   INC.,64110L106,,1760995.0,-15.86798354428505,125735043.0,0.08375460375014175,0.04550775715302405,-0.038246846597117704
ADD,LANDSTAR    SYS  INC,515098101,,607415.0,25.99487652848505,125619496.0,0.03216294541579334,0.04546593679260344,0.013302991376810097
ADD,THE  CIGNA   GROUP,125523100,,455645.0,262.84979374711327,125612214.0,0.013940126821721775,0.045463301190947124,0.031523174369225346
TRIM,SPDR  SERIES  TRUST,78468R556,PUT,814100.0,-50.43531202435312,125583066.0,0.12428922837491901,0.0454527515456466,-0.07883647682927242
TRIM,COSTCO   WHOLESALE         CORPORATION,22160K105,CALL,134000.0,-7.330567081604427,125352980.0,0.05996221432169906,0.04536947565403768,-0.014592738667661385
TRIM,BARRICK     MNG  CORP,06849F108,,3401103.0,-51.31881787749031,124922513.0,0.11860130768469067,0.04521367511322591,-0.07338763257146476
TRIM,INTEL  CORP,458140100,,893751.0,-53.00588483970227,124794452.0,0.03492766619933084,0.04516732551370516,0.010239659314374323
ADD,WELLTOWER     INC,95040Q104,,549529.0,32.81057788282834,124726597.0,0.03404467250044323,0.04514276649827127,0.011098093997828046
ADD,BERKSHIRE     HATHAWAY     INC    DEL,084670702,CALL,248300.0,33.71028540656973,124246837.0,0.037033204037857315,0.04496912515651952,0.007935921118662204
TRIM,UNUM  GROUP,91529Y106,,1383673.0,-17.57139146638453,123700366.0,0.05101752353407319,0.04477133885155782,-0.0062461846825153725
ADD,SBA   COMMUNICATIONS       CORP,78410G104,,699701.0,382.52911928389665,123469238.0,0.010386223194188198,0.04468768582496869,0.03430146263078049
ADD,AMERICAN  HOMES     4  RENT,02665T306,,3663308.0,33.66956509047388,122794084.0,0.03184335993785609,0.044443324797686166,0.012599964859830073
ADD,RPM  INTL   INC,749685103,,1103717.0,86.94931934015715,122678145.0,0.02442208853386389,0.04440136255923078,0.01997927402536689
KEEP,TE   CONNECTIVITY       PLC,G87052109,,607884.0,-0.01644780125792784,122555493.0,0.052886225159701206,0.044356970659429756,-0.00852925450027145
ADD,ALCOA   CORP,013872106,,2333811.0,720.0492631608537,121723400.0,0.007815854710828386,0.044055808109441756,0.03623995339861337
ADD,AFFIRM   HLDGS    INC,00827B106,,1473364.0,6.617633224643502,120152834.0,0.02635109538381028,0.04348736724828266,0.017136271864472377
ADD,AGREE   RLTY  CORP,008492100,,1582623.0,44.080197954902985,119867866.0,0.034458144158620516,0.043384227707936825,0.008926083549316309
ADD,SEA  LTD,81141R100,,1249310.0,14.709995289701707,119721377.0,0.037533089268772926,0.04333120839304631,0.005798119124273381
ADD,IMPINJ  INC,453204109,,834376.0,715.8720225290414,119507674.0,0.004370919395884503,0.04325386206226347,0.03888294266637897
ADD,FIRST  CTZNS  BANCSHARES        INC   D,31946M103,,57311.0,389.8376068376068,119252156.0,0.009176592565953818,0.04316138147121435,0.033984788905260535
ADD,INTERNATIONAL  FLAVORS&FRAGRA,459506101,,1503802.0,8361.160186800204,119131194.0,0.0005366123726644838,0.04311760123947145,0.04258098886680697
ADD,ISHARES  INC,464286400,CALL,3449600.0,15.976331360946746,119011200.0,0.04752039690818035,0.04307417135961035,-0.00444622554857
TRIM,ROSS   STORES     INC,778296103,,558197.0,-63.99370176665317,118812231.0,0.13976235130358866,0.04300215776087972,-0.09676019354270894
NEW,NOVARTIS   AG,66987V109,,758029.0,,118798305.0,0.0,0.04299711747130736,0.04299711747130736
ADD,MARKETAXESS       HLDGS   INC,57060D108,CALL,1046700.0,785.5329949238578,118789983.0,0.008115426534980505,0.042994105458538365,0.03487867892355786
TRIM,BIOMARIN   PHARMACEUTICAL       INC,09061G101,,2071816.0,-31.175946115812735,118549312.0,0.07076932976129799,0.042906998498056584,-0.027862331263241405
TRIM,SM   ENERGY   COMPANY,78454L100,,4493473.0,-10.718121896176882,117279645.0,0.06530666473991872,0.04244746314400887,-0.022859201595909852
ADD,COLGATE     PALMOLIVE    CO,194162103,,1276446.0,72.23202720207253,117024569.0,0.026287155815466923,0.042355142527682646,0.016067986712215723
NEW,DIREXION  SHARES   ETF  TRUST,25459W458,PUT,438500.0,,116952335.0,0.0,0.04232899860430409,0.04232899860430409
TRIM,PROCTER   &  GAMBLE  CO,742718109,PUT,793900.0,-31.824817518248178,116417496.0,0.06999863117519882,0.04213542231286427,-0.02786320886233455
ADD,MARATHON    PETE     CORP,56585A102,,454885.0,5.312324193925531,116300448.0,0.04389298156677283,0.04209305868986661,-0.0017999228769062167
KEEP,ICICI   BANK     LIMITED,45104G104,,3991397.0,-0.06657392885828341,115870255.0,0.04305033021020033,0.04193735731890568,-0.001112972891294646
ADD,STRATEGY   INC,594972AU5,,129974000.0,27.5931125203699,115427483.0,0.03696817995096029,0.041777103183150074,0.004808923232189781
ADD,SCHWAB   CHARLES     CORP,808513105,,1245409.0,91.15819170016593,114913888.0,0.025481037252920898,0.04159121581255437,0.016110178559633474
TRIM,L3HARRIS     TECHNOLOGIES        INC,502431109,,390040.0,-0.6378902747207956,113341724.0,0.05638437845760935,0.041022196581243286,-0.015362181876366066
ADD,SNOWFLAKE   INC,833445109,PUT,445100.0,45.17286366601435,113277950.0,0.01924392527298935,0.040999114617492914,0.021755189344503566
ADD,ADOBE   INC,00724F101,PUT,551500.0,8.927513332016591,113068530.0,0.0512176596557623,0.04092331844901357,-0.010294341206748728
TRIM,COCA   COLA   CO,191216100,,1389358.0,-8.543965917872711,112913125.0,0.04807990444133201,0.0408670721326993,-0.007212832308632712
ADD,STATE  STR   SPDR   DOW  JONES   IND,78467X109,CALL,215800.0,121.5605749486653,112731762.0,0.018775032885606613,0.04080143073978592,0.022026397854179307
TRIM,DOORDASH   INC,25809K105,,608437.0,-58.352020392852644,112274880.0,0.09128713776863706,0.040636069718645716,-0.050651068049991345
ADD,SHARONAI     HOLDINGS  INC,778920306,,1334105.0,90.955791631241,112054489.0,0.006608748106012248,0.040556302774861296,0.03394755466884905
ADD,COUSINS     PPTYS     INC,222795502,,3737436.0,154.64212885146426,112048331.0,0.013785979946513021,0.04055407398675369,0.026768094040240668
TRIM,JOHNSON  &   JOHNSON,478160104,CALL,439300.0,-21.999289772727273,111569021.0,0.057292463404630976,0.04038059551519492,-0.016911867889436057
ADD,TARGET  CORP,87612E106,PUT,850100.0,106.48530483361671,111031561.0,0.02076567543025359,0.04018607059536438,0.01942039516511079
ADD,CORTEVA    INC,22052L104,,1310524.0,122.84071219301511,110988278.0,0.020487565504156254,0.0401704050163352,0.01968283951217895
TRIM,MORGAN   STANLEY,617446448,,529314.0,-86.75808259705833,110647799.0,0.27376362976716956,0.040047174170916036,-0.23371645559625354
ADD,TEVA   PHARMACEUTICAL    INDS  LTD,881624209,,3265321.0,72.41754209029779,110629075.0,0.023738975433107455,0.040040397323152656,0.0163014218900452
ADD,OCCIDENTAL     PETE     CORP,674599105,,2277245.0,15.724312042926714,110605790.0,0.05323056562675814,0.040031969695499894,-0.013198595931258245
TRIM,CITIGROUP       INC,172967424,CALL,788500.0,-58.311303796129856,110358460.0,0.08926830939413503,0.03994245261809565,-0.04932585677603939
TRIM,ASTRAZENECA        PLC,G0593M107,,581913.0,-55.328351162442566,110342343.0,0.10691523781599763,0.03993661933165031,-0.06697861848434732
TRIM,CHARLES     RIV  LABS  INTL     INC,159864107,,486462.0,-47.91878335626228,110324717.0,0.06705319447653649,0.03993023988715782,-0.02712295458937867
TRIM,TOLL     BROTHERS      INC,889478103,,667501.0,-18.02934238140675,109970790.0,0.04624803316566519,0.03980214175650463,-0.006445891409160562
TRIM,FEDEX   CORP,31428X106,,350932.0,-8.152459818729536,109887337.0,0.056635344623866365,0.03977193729824798,-0.016863407325618383
ADD,STRATEGY   INC,594972408,CALL,1260800.0,85.00366837857666,109601344.0,0.03539508995049874,0.039668426775795906,0.0042733368252971665
TRIM,WILLIAMS     COS   INC,969457100,,1471056.0,-26.42641546236812,109358303.0,0.06055944903423752,0.039580462032297724,-0.020978987001939793
ADD,CIRRUS  LOGIC        INC,172755100,,735160.0,337.968032313219,109193315.0,0.01010253544684194,0.03952074730474032,0.029418211857898377
NEW,ISHARES  INC,464286772,CALL,540500.0,,109126950.0,0.0,0.0394967275706121,0.0394967275706121
ADD,EATON   CORP     PLC,G29183103,CALL,254700.0,559.8445595854922,108532764.0,0.005745560395998675,0.03928167159618716,0.033536111200188484
ADD,GOLDMAN   SACHS  GROUP     INC,38141G104,CALL,106200.0,22.916666666666664,107407494.0,0.030418762833681567,0.03887439839159945,0.008455635557917885
ADD,FORMFACTOR    INC,346375108,,670867.0,270.7738052471302,107291759.0,0.007303262801095086,0.038832509987631554,0.03152924718653647
ADD,FIRST   SOLAR    INC,336433107,CALL,454300.0,236.0207100591716,107196628.0,0.011098858005289796,0.03879807886689996,0.027699220861610165
TRIM,CUBESMART,229663109,,2693221.0,-15.653944600494635,107109399.0,0.04870166067602598,0.03876650774675726,-0.00993515292926872
ADD,GOLDMAN   SACHS  GROUP     INC,38141G104,,105795.0,80.25762041880357,106997889.0,0.020663282479577872,0.03872614851293464,0.01806286603335677
ADD,SPDR   GOLD   TR,78463V107,PUT,290200.0,93.98395721925134,106903876.0,0.026788933335662464,0.03869212203414919,0.011903188698486729
NEW,AKAMAI  TECHNOLOGIES       INC,00971TAQ4,,72775000.0,,106370560.0,0.0,0.038499096967829195,0.038499096967829195
TRIM,APPLOVIN   CORP,03831W108,CALL,206200.0,-12.441613588110403,106240426.0,0.03900646182499831,0.03845199707961942,-0.0005544647453788951
ADD,ISHARES  TR,464287184,CALL,3349300.0,26.522363251737683,105804387.0,0.039549753183951236,0.03829417984388469,-0.0012555733400665472
ADD,PINNACLE   FINL    PARTNERS        INC,72348N109,,1048678.0,31.356000140289698,105790637.0,0.02861934471451953,0.03828920325465448,0.00966985854013495
TRIM,HUBSPOT    INC,443573100,,579391.0,-35.63602350199238,105744651.0,0.09144484574333302,0.038272559368666074,-0.05317228637466694
TRIM,WINTRUST     FINL   CORP,97650W108,,657273.0,-5.952844281388973,105636917.0,0.04041010641358531,0.03823356679672952,-0.0021765396168557938
ADD,DOW  HLDGS   INC,260557103,,3860535.0,65.9331089964974,105624238.0,0.040326638852681736,0.038228977838558616,-0.00209766101412312
ADD,ALLIED   GOLD  CORP,01921D204,,4439241.0,67.23341111267658,105327115.0,0.034185586251719025,0.03812143899333328,0.003935852741614253
ADD,BENTLEY     SYS  INC,08265T208,,3517855.0,176.0431297895614,105148686.0,0.018625934473396496,0.03805685951407818,0.019430925040681685
ADD,QUALYS   INC,74758T303,,762709.0,224.03029968306836,104864860.0,0.00860552945848157,0.037954133302088786,0.029348603843607216
TRIM,PEPSICO   INC,713448108,PUT,771000.0,-36.3598844407759,104393400.0,0.07829418059424545,0.037783496010563265,-0.040510684583682184
NEW,IONQ   INC,46222L108,,1959358.0,,104355407.0,0.0,0.03776974506113611,0.03776974506113611
NEW,IREN  LIMITED,46270CAD1,,29433000.0,,104000829.0,0.0,0.03764141131160373,0.03764141131160373
ADD,AMERICAN      HEALTHCARE  REIT  INC,398182303,,1992073.0,2300.724288365591,103886607.0,0.0016285431903144177,0.03760007051341803,0.03597152732310361
TRIM,UBER   TECHNOLOGIES     INC,90353T100,PUT,1438700.0,-25.486844831158066,103816592.0,0.05779761599983426,0.03757472972105779,-0.02022288627877647
ADD,DISNEY  WALT   CO,254687106,,1078500.0,28.52474801522515,103805625.0,0.03365757969608107,0.03757076039348777,0.003913180697406704
ADD,AON   PLC,G0403H108,,312198.0,1462.8654385262316,103552955.0,0.0026833523445006437,0.03747931058979339,0.034795958245292746
TRIM,S&P    GLOBAL      INC,78409V104,CALL,253700.0,-16.928618205631956,103321862.0,0.05405897841165185,0.03739567023088594,-0.01666330818076591
ADD,UGI   CORP  NEW,902681AB1,,77139000.0,4.936743300231261,103221187.0,0.043015655580157776,0.03735923254937673,-0.005656423030781045
ADD,HEWLETT   PACKARD     ENTERPRISE           C,42824C109,,2283218.0,11.688944437242725,102995964.0,0.020256255508400565,0.03727771674165338,0.017021461233252815
ADD,TRAVEL   PLUS   LEISURE  CO,894164102,,1347554.0,454.74073342225296,102993552.0,0.006994586181502844,0.03727684375741896,0.030282257575916113
ADD,REGENERON   PHARMACEUTICALS,75886F107,,165120.0,163.2233381157341,102958925.0,0.020170424978829427,0.03726431107703535,0.017093886098205925
ADD,PORTLAND   GEN     ELEC  CO,736508847,,1982858.0,8.042642575554895,102771530.0,0.04030380819732727,0.0371964864996684,-0.0031073216976588713
TRIM,ROBINHOOD    MKTS   INC,770700102,CALL,1024200.0,-49.95846973176333,102706776.0,0.059026903214732106,0.03717304984083108,-0.021853853373901028
TRIM,CENTENE     CORP     DEL,15135B101,,1590899.0,-38.60538547151433,102119807.0,0.03530641162335942,0.03696060594236791,0.001654194319008491
ADD,DIGITAL     RLTY     TR  INC,253868103,,567991.0,6.5129580317293625,101999824.0,0.03999267663723309,0.036917180043778204,-0.0030754965934548864
TRIM,SEA  LTD,81141RAG5,,102761000.0,-10.456513972516795,101804055.0,0.046768180915329506,0.036846324633086604,-0.009921856282242902
TRIM,FIVE   BELOW   INC,33829M101,,560618.0,-23.525359546132265,100793510.0,0.06970442659424951,0.036480574279366976,-0.033223852314882535
ADD,CARMAX   INC,143130102,,1898337.0,44.378563665499726,100403044.0,0.022751899165229517,0.03633925145097686,0.013587352285747346
ADD,YUM   CHINA     HLDGS  INC,98850P109,,2452443.0,76.80017763333855,100155562.0,0.028232862003864073,0.03624967935964076,0.008016817355776688
ADD,DOLLAR   GEN   CORP,256677105,,869372.0,107.57008163158108,100073411.0,0.020694928697680682,0.0362199461391425,0.015525017441461817
TRIM,MARVELL    TECHNOLOGY     INC,573874104,,335928.0,-94.5046742364645,100069592.0,0.25198217286882424,0.03621856391410466,-0.21576360895471958
ADD,IQVIA   HLDGS     INC,46266C105,,516724.0,92.6744597945448,99841411.0,0.019033704294005225,0.03613597750631273,0.017102273212307503
ADD,REGENCY     CTRS  CORP,758849103,,1251299.0,177.66968531631468,99778582.0,0.014189318472586306,0.03611323756996764,0.021923919097381336
TRIM,MONGODB   INC,60937P106,,296109.0,-25.844832335779216,99463013.0,0.0406753173939533,0.03599902249456481,-0.004676294899388492
ADD,AMEREN    CORP,023608102,,878267.0,72.37821393523062,99279302.0,0.023306844728931745,0.03593253128117779,0.012625686552246048
ADD,V   F  CORP,918204108,,5908491.0,445.95722150456555,98553630.0,0.007651981710094852,0.03566988608409659,0.028017904374001736
ADD,NAVAN   INC,639193101,,4297483.0,51.21184590721837,98283436.0,0.015659536935903717,0.035572093753153455,0.019912556817249738
TRIM,OKTA   INC,679295105,,719725.0,-48.9901867814259,98206476.0,0.046217381991254546,0.035544239330814756,-0.01067314266043979
ADD,COGNEX     CORP,192422103,,1355678.0,520.5754045455586,98178201.0,0.004453813069188113,0.035534005653688625,0.03108019258450051
ADD,NOVO-NORDISK      A   S,670100205,,2035939.0,44.5103924965912,97602916.0,0.021546939957089083,0.03532579058930298,0.013778850632213895
ADD,ROBINHOOD    MKTS   INC,770700102,PUT,972400.0,27.62829767686048,97512272.0,0.02197322399926926,0.035292983465362374,0.013319759466093112
ADD,MODINE   MFG     CO,607828100,,364265.0,3.4649753171280384,97266040.0,0.03175159993002228,0.035203863791229015,0.003452263861206735
ADD,NETSTREIT     CORP,64119V303,,4600699.0,1.0303752181155954,97212770.0,0.03568492191577525,0.035184583579716766,-0.0005003383360584826
ADD,CBRE      GROUP   INC,12504L109,CALL,716600.0,3029.2576419213974,96518854.0,0.0012909491278136629,0.03493343195118789,0.03364248282337423
KEEP,MORGAN   STANLEY,617446448,PUT,458300.0,-0.2828546562228024,95803032.0,0.03147699492152238,0.03467435180166433,0.003197356880141951
ADD,SHOPIFY     INC,82509L107,PUT,825000.0,104.51165096678234,95640900.0,0.019913903047917254,0.03461567075693176,0.014701767709014508
TRIM,ETSY   INC,29786AAL0,,100682000.0,-12.331510570861342,95299372.0,0.044576475039731125,0.03449206024299606,-0.010084414796735067
ADD,SAIA   INC,78709Y105,,226048.0,26.68082650093309,95202376.0,0.026085897304468832,0.03445695411579797,0.008371056811329141
ADD,SYLVAMO     CORP,871332102,,2517545.0,5.538370214858447,95163201.0,0.041932749654815846,0.034442775360663896,-0.007489974294151949
TRIM,ALNYLAM   PHARMACEUTICALS     INC,02043Q107,,316001.0,-29.44626658063306,95125781.0,0.06167205561964759,0.03442923179928247,-0.027242823820365115
TRIM,PHILIP   MORRIS     INTL  INC,718172109,PUT,524900.0,-18.035602748282322,94959659.0,0.04406480284834149,0.03436910663883874,-0.009695696209502745
TRIM,BOEING  CO,097023105,,438523.0,-36.143595837101174,94927074.0,0.056881237357395954,0.03435731302719754,-0.02252392433019841
TRIM,BOEING  CO,097023105,PUT,436900.0,-50.50413504021751,94575743.0,0.07311293939813572,0.034230154476591015,-0.038882784921544705
TRIM,ALIBABA   GROUP     HLDG      LTD,01609W102,CALL,984100.0,-59.43528441879637,94453918.0,0.12666559122116913,0.03418606189601134,-0.0924795293251578
ADD,BEST  BUY     INC,086516101,,1241617.0,116.06415708985611,94213898.0,0.015353327741677799,0.034099190554408756,0.018745862812730957
ADD,MERITAGE     HOMES   CORP,59001A102,,1120468.0,31.75404268929381,93951242.0,0.021886058837694445,0.03400412648016507,0.012118067642470625
ADD,NIKE   INC,654106103,CALL,2286600.0,46.548740626802534,93864930.0,0.03429802244347512,0.0339728872532823,-0.000325135190192824
ADD,JANUS   LIVING     INC,471024109,,3265812.0,486.7894695232825,93859437.0,0.005459225441238821,0.03397089915112655,0.028511673709887726
ADD,PLANET   FITNESS     MASTER  ISSUER,72703H101,,1798087.0,496.5664253531781,93806199.0,0.009329763540929136,0.03395163052149469,0.024621866980565555
TRIM,ANALOG   DEVICES     INC,032654105,,233925.0,-47.63052910123981,92907992.0,0.05913972518879797,0.033626539082752774,-0.025513186106045194
TRIM,CISCO   SYS     INC,17275R102,,789920.0,-81.21907222806445,92784003.0,0.1358108272178741,0.033581663277511706,-0.1022291639403624
ADD,B2GOLD     CORP,11777Q209,,24801181.0,8.084652052196649,92764672.0,0.04325843001072398,0.03357466673595467,-0.00968376327476931
ADD,SOLVENTUM     CORP,83444M101,,1199940.0,122.09060639319777,92575371.0,0.014682672038613323,0.03350615231283697,0.018823480274223647
TRIM,GE  AEROSPACE,369604301,,247350.0,-30.30804211665197,92442116.0,0.04191392247931026,0.03345792282935537,-0.008455999649954887
ADD,VERTIV   HOLDINGS   CO,92537N108,PUT,276000.0,95.60595322466337,92410320.0,0.014714177593910631,0.03344641478345255,0.018732237189541916
ADD,FABRINET,G3323L100,,164313.0,166.3440964792842,92357051.0,0.013389439429102066,0.03342713493387406,0.020037695504771993
ADD,AECOM,00766T100,,1321296.0,68.52663425285832,92226461.0,0.02767530502269285,0.03337987000386872,0.0057045649811758685
ADD,INSMED   INC,457669307,CALL,864000.0,529.278951201748,92119680.0,0.009343379534036822,0.033341222354807534,0.023997842820770714
ADD,DYNEX   CAP   INC,26817Q886,,7016976.0,154.76190735522687,91992555.0,0.014626107279667278,0.03329521152528821,0.01866910424562093
TRIM,NORDSON   CORP,655663102,,303890.0,-57.13798103233304,91680574.0,0.07850294458955484,0.03318229506822414,-0.0453206495213307
ADD,SPHERE   ENTERTAINMENT       CO,55826TAB8,,18589000.0,150.86369770580296,91208688.0,0.010403914247033965,0.03301150359291593,0.022607589345881966
TRIM,HOME   DEPOT     INC,437076102,CALL,256900.0,-2.578687902919985,90603492.0,0.03609303257318192,0.0327924627277692,-0.003300569845412722
ADD,TARSUS  PHARMACEUTICALS       INC,87650L103,,1427124.0,152.77667075821097,89823185.0,0.016482192117501245,0.032510043279590346,0.016027851162089102
ADD,CORE  SCIENTIFIC    INC   NEW,21874A106,,3508207.0,192.81127306962955,89775017.0,0.007459188769479931,0.03249260965413282,0.025033420884652893
TRIM,BOEING  CO,097023105,CALL,414200.0,-23.67790676248388,89661874.0,0.04495116371515607,0.032451659382476544,-0.012499504332679524
ADD,LATTICE   SEMICONDUCTOR      CORP,518415104,,585818.0,67.16212630083122,89606721.0,0.013528452984017161,0.032431697649690075,0.018903244665672912
ADD,ISHARES    SILVER     TR,46428Q109,CALL,1670300.0,1787.3446327683616,89310941.0,0.002509620046355467,0.03232464488150737,0.0298150248351519
ADD,SS&C   TECH  HLDGS,78467J100,,1438532.0,41.61260535802532,89260911.0,0.02856499227354404,0.03230653733538464,0.003741545061840601
ADD,NEBIUS   GROUP    N.V.,N97284108,CALL,323200.0,286.60287081339715,89258144.0,0.0036099302888242544,0.03230553586466464,0.02869560557584039
ADD,FORTUNE     BRANDS       INNOVATIONS    I,34964C106,,1616246.0,112.42413170394477,88731905.0,0.012339472321489835,0.03211507220357972,0.01977559988208988
ADD,LOWES   COS   INC,548661107,,400572.0,2236.105441185047,88322120.0,0.0016860780232238462,0.031966757176837717,0.03028067915361387
TRIM,AMGEN   INC,031162100,PUT,243300.0,-11.236774899671653,88103796.0,0.04013554510211079,0.031887738350139756,-0.00824780675197103
ADD,NEWMONT   CORP,651639106,,943257.0,219.69936789303327,88095570.0,0.013287535052786285,0.03188476108301193,0.018597226030225643
ADD,ZSCALER   INC,98980G102,CALL,622500.0,364.2058165548098,87865875.0,0.007829212267243122,0.03180162670750403,0.023972414440260905
ADD,BAIDU   INC,056752108,,768462.0,95.02725694620688,87827522.0,0.018270600250916695,0.03178774546192247,0.013517145211005777
TRIM,XCEL   ENERGY     INC,98389B100,,1093607.0,-18.878624327949012,87816642.0,0.04456847598711413,0.03178380762258977,-0.012784668364524361
NEW,ALPHABET     INC,02079K602,,1750000.0,,87771425.0,0.0,0.03176744206366449,0.03176744206366449
ADD,ARGENX  SE,04016X101,,94401.0,30.45118496510744,87582416.0,0.021991897610942803,0.03169903332520535,0.009707135714262547
ADD,MID-AMER   APT   CMNTYS    INC,59522J103,,626708.0,161.91188639346043,87074810.0,0.012160723188669153,0.03151531357591145,0.01935459038724229
ADD,CINEMARK     HLDGS   INC,17243V102,,2742473.0,5.461437266074231,87018668.0,0.030864608577555824,0.031494993890634176,0.0006303853130783521
ADD,Q2   HLDGS     INC,74736L109,,1807416.0,124.0925225869724,86936710.0,0.01587648933760674,0.03146533052335201,0.015588841185745269
ADD,SKEENA     RES   LTD  NEW,83056P715,,3260248.0,17.011873289369888,86818590.0,0.03446966352683437,0.03142257890736127,-0.0030470846194731033
ADD,TERAWULF  INC,88080T104,,3511404.0,111.5689791570389,86731679.0,0.009966845362828427,0.03139112288215494,0.02142427751932651
KEEP,VERTIV   HOLDINGS   CO,92537N108,CALL,258900.0,-0.4230769230769231,86684898.0,0.02711329677120315,0.03137419125882559,0.00426089448762244
TRIM,CORNING    INC,219350105,CALL,338900.0,-42.23623657746719,86565227.0,0.033198752190210325,0.03133087828356969,-0.0018678739066406366
TRIM,HUNTINGTON        BANCSHARES   INC,446150104,,4882140.0,-81.18419982130513,86560342.0,0.1689913415181782,0.031329110237141355,-0.13766223128103686
TRIM,BP   PLC,055622104,,2341118.0,-69.9845891903812,86504310.0,0.15255956619623343,0.03130883036457791,-0.12125073583165552
TRIM,ARISTA  NETWORKS    INC,040413205,PUT,508900.0,-50.088269909768535,86451932.0,0.05209787755313306,0.03128987299798155,-0.020808004555151513
TRIM,BLACKROCK      INC,09290D101,CALL,89800.0,-25.968672712283595,86348088.0,0.04854757123119344,0.03125228834837993,-0.017295282882813505
ADD,TENET  HEALTHCARE       CORP,88033G407,,461487.0,26.5322069867487,86334988.0,0.028642826663633204,0.03124754701609515,0.0026047203524619464
ADD,US     BANCORP,902973304,,1426356.0,14977.758985200844,86151902.0,0.00020475801848762436,0.031181282011309503,0.03097652399282188
TRIM,INDIVIOR    PHARMACEUTICALS       INC,45579U109,,2098945.0,-54.326427717338674,86119713.0,0.05829262547504202,0.031169631725438136,-0.027122993749603884
ADD,FORTINET   INC,34959E109,PUT,560300.0,227.46931618936293,86073286.0,0.005818900651068285,0.0311528282266606,0.025333927575592316
ADD,ALBERTSONS     COMPANIES     INC,013091103,,6350699.0,1657.8037897953423,85924957.0,0.0025620244323234093,0.031099142953647647,0.028537118521324237
TRIM,ISHARES  TR,464287622,,209766.0,-59.80870594862421,85899177.0,0.07744587733956194,0.0310898123012582,-0.046356065038303744
ADD,URBAN   EDGE     PPTYS,91704F104,,3748004.0,175.54517156859143,85754332.0,0.011310070282506779,0.03103738800547274,0.01972731772296596
TRIM,GFL   ENVIRONMENTAL       INC,36168Q104,,2329006.0,-48.63265961935333,85684131.0,0.07872096361483921,0.031011979893432733,-0.04770898372140648
TRIM,GE   VERNOVA    INC,36828A101,CALL,72700.0,-43.643410852713174,85412322.0,0.046861563955534494,0.030913603039463656,-0.015947960916070838
ADD,ETSY   INC,29786A106,,1133153.0,54.0943724391899,85360415.0,0.015295391728459189,0.03089481614366928,0.015599424415210091
ADD,CLOUDFLARE   INC,18915M107,CALL,347400.0,210.7334525939177,85210272.0,0.009600366318066586,0.030840474322811697,0.02124010800474511
ADD,ADOBE   INC,00724F101,CALL,413900.0,83.30380868024801,84857778.0,0.022842084831663296,0.03071289484323974,0.007870810011576444
TRIM,DISNEY  WALT   CO,254687106,PUT,881100.0,-8.798261049580788,84805875.0,0.03874998858505727,0.030694109395180417,-0.008055879189876856
ADD,ROYAL    CARIBBEAN    GROUP,V7780T103,,267016.0,6.199364432901535,84785590.0,0.028793523138485703,0.030686767568814242,0.001893244430328539
ADD,CORNING    INC,219350105,PUT,330900.0,47.52563530985287,84521787.0,0.012692142690070183,0.030591288356545322,0.017899145666475137
ADD,AMERICOLD  REALTY      TRUST    INC,03064D108,,5371452.0,69.46017390053389,84439225.0,0.015117196091293294,0.03056140638127079,0.015444210289977495
TRIM,STARBUCKS     CORP,855244109,PUT,822500.0,-29.03977223708049,84051275.0,0.043215845802925916,0.03042099417822636,-0.012794851624699555
ADD,VISTRA   CORP,92840M102,,528309.0,69.99343591327684,83805657.0,0.01944303638731174,0.030332096731422994,0.010889060344111256
ADD,GLOBALSTAR      INC,378973507,,1030034.0,25201.74404323262,83731464.0,0.0001125285797526085,0.0303052437798043,0.030192715200051692
ADD,NUTANIX     INC,67059N108,,1631366.0,582.2687560903187,83134411.0,0.003782303401399112,0.030089150141283137,0.026306846739884024
ADD,SYSCO   CORP,871829107,,993037.0,24.134124862026248,82998032.0,0.02374701568577695,0.03003978997672844,0.00629277429095149
ADD,THERMO   FISHER    SCIENTIFIC  INC,883556102,,165475.0,134.0655765531289,82962546.0,0.014461303740374276,0.030026946395243104,0.015565642654868829
ADD,VANECK  ETF  TRUST,92189F106,CALL,1095500.0,74.0546552272005,82655475.0,0.024037541393351597,0.02991580703295143,0.005878265639599832
ADD,PINTEREST     INC,72352L106,,3929970.0,6186.141591221728,82647269.0,0.0004771631938813661,0.029912837004498836,0.02943567381061747
TRIM,LAS  VEGAS  SANDS     CORP,517834107,,1788291.0,-26.714761499053964,82601161.0,0.05471568602421577,0.029896148962591452,-0.024819537061624316
NEW,SOUTHERN     CO,842587ED5,,81450000.0,,82417192.0,0.0,0.02982956437029378,0.02982956437029378
ADD,DOLLAR   TREE     INC,256746108,,681366.0,64.46039623078705,82411218.0,0.018881455950508594,0.029827402177998414,0.01094594622748982
TRIM,BRAZE  INC,10576N102,,3789708.0,-13.56360031010022,82198767.0,0.043079201042948434,0.029750508988285847,-0.013328692054662587
ADD,SSR   MINING   IN,784730103,,2902036.0,10.777290402767031,82053866.0,0.0320525038892052,0.029698064424209702,-0.002354439464995497
ADD,TEXAS   ROADHOUSE     INC,882681109,,424099.0,363.40501322144274,81948650.0,0.006289576293248578,0.02965998320148635,0.023370406908237773
TRIM,RTX   CORPORATION,75513E101,PUT,430600.0,-6.126008284281665,81697738.0,0.03682337092199368,0.029569169677345915,-0.007254201244647762
ADD,CIENA   CORP,171779309,,166420.0,83.45165130737688,81638995.0,0.014656678550945799,0.029547908602353165,0.014891230051407366
ADD,ENCOMPASS     HEALTH       CORP,29261A100,,805717.0,68.62389314782375,81441874.0,0.019234778029010288,0.029476563857215077,0.01024178582820479
ADD,SERVICENOW     INC,81762P102,CALL,819600.0,95.18933079304597,81369888.0,0.01826974503770573,0.029450509693409545,0.011180764655703813
ADD,COINBASE    GLOBAL  INC,19260Q107,PUT,556200.0,58.82352941176471,81310878.0,0.0254476585518024,0.029429151982102282,0.003981493430299882
TRIM,MASTERCARD     INCORPORATED,57636Q104,CALL,157600.0,-55.06130595950955,80943360.0,0.07292441003871122,0.029296134809687072,-0.043628275229024155
ADD,SNOWFLAKE   INC,833445109,CALL,317500.0,114.23751686909583,80803750.0,0.0093018582043608,0.02924560523714671,0.01994374703278591
TRIM,ISHARES  TR,464287184,PUT,2555600.0,-6.384849261877725,80731404.0,0.04078530946542327,0.029219420777186787,-0.011565888688236482
TRIM,RALPH   LAUREN     CORP,751212101,,200147.0,-33.131203790012464,80341007.0,0.04284833717301374,0.029078122922226265,-0.013770214250787477
ADD,SPDR  SERIES  TRUST,78468R556,CALL,520300.0,3.1522601110229975,80261478.0,0.038168332902471326,0.029049338692052482,-0.009118994210418844
ADD,DYNATRACE     INC,268150109,,1820153.0,20.357245822896637,79922918.0,0.023273684096777984,0.028926802397522974,0.00565311830074499
ADD,KINSALE   CAP     GROUP  INC,49714P108,,240872.0,8.646251967722582,79441994.0,0.03152305366708119,0.02875273976487202,-0.002770313902209172
TRIM,ROYAL   GOLD   INC,780287108,,397065.0,-35.32553457644345,79258145.0,0.06502225952903197,0.028686198604625818,-0.03633606092440615
NEW,GAMESTOP     CORP,36467WAG4,,78000000.0,,79211548.0,0.0,0.028669333577108713,0.028669333577108713
TRIM,ELASTIC     N     V,N14506104,,1386872.0,-23.543288030250324,79079441.0,0.03773692215880898,0.028621519593586123,-0.009115402565222856
ADD,NEXTERA   ENERGY  INC,65339F101,PUT,897600.0,9.210366224601534,78782352.0,0.03176901589968924,0.0285139930541087,-0.003255022845580536
ADD,ZIONS   BANCORPORATION         NATL  AS,989701107,,1136350.0,43.96186185691609,78624057.0,0.018927815165137144,0.028456700749221686,0.009528885584084542
ADD,CHURCH   &   DWIGHT   CO   INC,171340102,,806674.0,181.43488621179293,78150577.0,0.011131595816702757,0.028285332351496526,0.017153736534793768
TRIM,PHILLIPS   66,718546104,,462062.0,-61.30273365364564,78111581.0,0.09052806550442338,0.028271218382505882,-0.0622568471219175
ADD,CANADIAN  NAT   RES    LTD   MED  TER,136385101,,1970985.0,461.47500121069857,77854308.0,0.007118634129469302,0.028178102597704105,0.021059468468234803
ADD,PAYLOCITY  HLDG    CORP,70438V106,,743847.0,21.146338722522707,77754327.0,0.027607079816565308,0.028141916098225864,0.0005348362816605563
ADD,NEWS  CORP  NEW,65249B109,,3121922.0,1306.4232169243521,77517323.0,0.002302983888100895,0.028056136348850062,0.025753152460749166
ADD,ISHARES  INC,464286772,PUT,383200.0,325.77777777777777,77368080.0,0.004607289507178929,0.028002120268378457,0.02339483076119953
TRIM,SUNOCOCORP     LLC,86765Q106,,1141811.0,-23.238203315287066,77266350.0,0.038163196629259794,0.027965300746750132,-0.010197895882509661
ADD,FLUTTER     ENTMT   PLC,G3643J108,,756169.0,648.1044341993312,77257787.0,0.004288510135319365,0.027962201507944436,0.02367369137262507
ADD,VALARIS   LTD,G9460G101,,1063829.0,10.39635965526724,77233985.0,0.039317233404835804,0.027953586760536615,-0.011363646644299188
TRIM,BRIGHTHOUSE     FINL  INC,10922N103,,1218367.0,-20.17293275448843,77122631.0,0.038034027806081214,0.027913283988380902,-0.010120743817700312
ADD,CURBLINE     PPTYS   CORP,23128Q101,,2534262.0,7.7152530961745915,77041565.0,0.025251560451420338,0.02788394346601462,0.0026323830145942827
ADD,PFIZER   INC,717081103,PUT,3193000.0,36.52884080899645,76887440.0,0.02732965780649606,0.027828160424915968,0.0004985026184199069
ADD,CACI     INTL  INC,127190304,,165731.0,177.60171521415052,76776543.0,0.013512611355750239,0.02778802305648958,0.01427541170073934
ADD,DIGITALOCEAN         HLDGS    INC,25402DAB8,,67930000.0,12.644059364895115,76674493.0,0.024546698300728063,0.027751087716057346,0.0032043894153292833
ADD,EPAM   SYS   INC,29414B104,,966015.0,4811.108286731062,76653290.0,0.0011083721355698967,0.027743413634497484,0.02663504149892759
ADD,MCKESSON   CORP,58155Q103,,101133.0,76.18068742051808,76416095.0,0.020672546665120087,0.0276575647557731,0.006985018090653012
TRIM,NORTHWESTERN     ENERGY    GROUP     IN,668074305,,1064119.0,-19.04688365355941,76212203.0,0.0360718274471715,0.02758376935713118,-0.008488058090040322
TRIM,BELITE   BIO     INC,07782B104,,494564.0,-13.247779290214845,76155438.0,0.03782698797054458,0.027563224187120053,-0.010263763783424529
TRIM,THE   TRADE     DESK  INC,88339J105,,4211121.0,-14.30874621893883,76137068.0,0.04640430746176662,0.027556575463908484,-0.018847731997858132
ADD,HARTFORD  INSURANCE      GROUP     INC,416515104,,572648.0,195.9696509236001,75887313.0,0.010888704028411248,0.027466180697130912,0.016577476668719664
ADD,STRATEGY   INC,594972408,PUT,872900.0,19.903846153846153,75881197.0,0.037810162118801297,0.027463967110241315,-0.010346195008559982
ADD,MCDONALDS       CORP,580135101,,280637.0,10.697944113980972,75858987.0,0.03278951456571105,0.02745592856138291,-0.005333586004328143
TRIM,APPLOVIN   CORP,03831W108,PUT,147000.0,-3.289473684210526,75738810.0,0.025176145211888507,0.02741243244764333,0.002236287235754822
TRIM,SELECT  SECTOR  SPDR  TR,81369Y886,CALL,1668000.0,-20.526014865637507,75627120.0,0.04008221267455626,0.027372008065743518,-0.012710204608812739
ADD,PERMIAN   RESOURCES      CORP,71424F105,,4106575.0,147.8889231621755,75602046.0,0.014698479541584236,0.027362932938590184,0.012664453397005948
ADD,SNOWFLAKE   INC,833445AB5,,45275000.0,26.554856743535986,75377744.0,0.01759009149287277,0.027281750471861814,0.009691658978989045
ADD,NEWMONT   CORP,651639106,PUT,807000.0,73.51107288755107,75373800.0,0.020952546799686615,0.02728032300510371,0.006327776205417097
ADD,CARPENTER     TECHNOLOGY     CORP,144285103,,122091.0,478.1918924038644,75310612.0,0.003463663860020757,0.02725745313453799,0.02379378927451723
ADD,CELANESE     CORP   DEL,150870103,,1635133.0,4.994641535070174,75216118.0,0.04262617525356141,0.02722325256561292,-0.01540292268794849
TRIM,M/I   HOMES   INC,55305B101,,466674.0,-13.701624356470798,75036512.0,0.027557026330562687,0.02715824709031972,-0.0003987792402429663
ADD,WAYSTAR  HLDG     CORP,946784105,,3652355.0,72.92258584094846,74982848.0,0.021192444301334386,0.027138824276905168,0.005946379975570782
ADD,ANTERO   RESOURCES     CORP,03674X106,,2119132.0,658.936194596453,74466298.0,0.004931632550774437,0.026951867392042174,0.022020234841267736
TRIM,INGEVITY   CORP,45688C107,,992049.0,-14.135966597771107,74076299.0,0.03424895775873247,0.026810713586719007,-0.007438244172013463
TRIM,RYMAN      HOSPITALITY       PPTYS     INC,78377T107,,575645.0,-2.120167178472201,73999165.0,0.02258315498657174,0.02678279618790568,0.004199641201333943
ADD,TRANSUNION,89400J107,,1018182.0,36.466315062893294,73451649.0,0.021483540567211825,0.02658463166216249,0.005101091094950664
TRIM,D   R  HORTON   INC,23331A109,PUT,450400.0,-10.475054661101172,73361152.0,0.02872991275440019,0.026551877742484922,-0.002178035011915269
ADD,MAXLINEAR       INC,57776J100,,572991.0,538.8571747129,73360038.0,0.0006490918452838107,0.02655147454827383,0.025902382702990022
ADD,NOVO-NORDISK      A   S,670100205,CALL,1525000.0,76.99628597957289,73108500.0,0.013177274972893997,0.026460434453598258,0.01328315948070426
ADD,MOODYS   CORP,615369105,,161259.0,1612.6062022090061,73037426.0,0.0017094817338539866,0.026434710373383852,0.024725228639529865
TRIM,ROBLOX  CORP,771049103,,1341610.0,-6.042021650233247,72956752.0,0.03360969691183435,0.02640551172905235,-0.007204185182782003
ADD,ON  SEMICONDUCTOR        CORP,682189105,CALL,770700.0,258.6319218241042,72861978.0,0.005537706547303579,0.026371209818673868,0.02083350327137029
ADD,REPUBLIC   SVCS  INC,760759100,,341544.0,303.1302007719273,72776196.0,0.007722317690629211,0.026340162416685062,0.01861784472605585
ADD,BOOKING  HOLDINGS    INC,09857L108,CALL,407200.0,808.9285714285713,72579328.0,0.07849747621895042,0.026268909240788813,-0.05222856697816161
ADD,ON   HLDG  AG,H5919C104,,2047228.0,21.38569432948247,72512816.0,0.02387787038181081,0.02624483630239755,0.0023669659205867374
ADD,UNITED  RENTALS   INC,911363109,,63995.0,3.519953412381307,72499296.0,0.018743464905987335,0.026239942957932638,0.007496478051945303
ADD,PFIZER   INC,717081103,CALL,3009500.0,5.92355342812896,72468760.0,0.033201788925392994,0.026228890948570185,-0.006972897976822809
TRIM,AVALONBAY     CMNTYS       INC,053484101,,383901.0,-8.439783633206769,72438280.0,0.028503234643334534,0.026217859207498417,-0.0022853754358361164
ADD,LUMENTUM       HLDGS  INC,55024U109,PUT,84400.0,1.1990407673860912,72420264.0,0.02439133997751098,0.02621133860883867,0.0018199986313276913
ADD,AVNET   INC,053807103,,814628.0,7076.706898070654,72355259.0,0.0002910841971751885,0.02618781110462703,0.02589672690745184
TRIM,NOKIA     CORP,654902204,,5443815.0,-45.534050579415734,72293863.0,0.03344235894506944,0.026165589819363174,-0.007276769125706264
ADD,INGRAM   MICRO   HLDG     CORP,457152106,,2634362.0,114.88734647332181,72260550.0,0.011892398483121394,0.02615353271994309,0.014261134236821698
TRIM,COMFORT   SYS   USA  INC,199908104,,36443.0,-64.72563956133304,72228204.0,0.059289619719194254,0.026141825610471067,-0.03314779410872319
TRIM,MERCK   &  CO    INC,58933Y105,,561302.0,-71.51750325139761,72127307.0,0.09865307625363672,0.026105307579666642,-0.07254776867397007
ADD,POPULAR     INC,733174700,,438787.0,1.071323271970074,72040050.0,0.024240623943037595,0.026073726325378598,0.0018331023823410023
TRIM,OMNICELL     COM,68213N109,,1734375.0,-24.21577666403038,72011250.0,0.03179165303964561,0.026063302633027315,-0.005728350406618295
ADD,METHANEX     CORP,59151K108,,1559557.0,127.51943582494117,71971846.0,0.01698455434551255,0.026049040995061695,0.009064486649549144
ADD,ECHOSTAR     CORP,278768106,PUT,708200.0,47.72632457238215,71882300.0,0.023356417131493064,0.026016631274391983,0.0026602141428989194
ADD,MEDTRONIC   PLC,G5960L103,,918469.0,94.47840549851463,71851830.0,0.017030376710972177,0.026005603152657833,0.008975226441685656
TRIM,EVERPURE   INC,74624M102,,910346.0,-1.1177055861382783,71726161.0,0.02262022254895641,0.025960119298696266,0.0033398967497398555
ADD,TOTALENERGIES           SE,F92124100,PUT,1042700.0,9.619428090832633,71568814.0,0.03203130500562697,0.02590317010701581,-0.006128134898611158
TRIM,ATLASSIAN     CORPORATION,049468101,,918625.0,-1.3172382899320756,71459839.0,0.026440045464831235,0.02586372837528037,-0.0005763170895508665
NEW,ASCENDIS    PHARMA        A/S,K08588103,,266708.0,,71136358.0,0.0,0.025746649679951036,0.025746649679951036
TRIM,ROCKET  LAB   CORP,773121108,PUT,699700.0,-10.512853306049367,71124505.0,0.020897007048107288,0.02574235967906771,0.0048453526309604235
ADD,ENPHASE   ENERGY    INC,29355A107,,1443322.0,511.9064072615348,71069175.0,0.0037114830081262816,0.025722333884005334,0.022010850875879052
TRIM,ROYAL  BK   CDA,780087102,,343264.0,-41.806049550572844,71045350.0,0.03966557110930942,0.025713710812120986,-0.013951860297188434
TRIM,LOWES   COS   INC,548661107,PUT,321900.0,-53.17818181818181,70975731.0,0.06760241947537356,0.025688513345530576,-0.041913906129842984
TRIM,ARDELYX   INC,039697107,,13900773.0,-22.091218823508314,70893942.0,0.044477660667352766,0.025658911145054225,-0.01881874952229854
ADD,TRIMBLE     INC,896239100,,1381394.0,115.48793081394079,70699745.0,0.017402216340342495,0.0255886246942368,0.008186408353894305
ADD,NOKIA     CORP,654902204,PUT,5318500.0,126.11708685855194,70629680.0,0.007869994076784894,0.025563265805188452,0.017693271728403556
ADD,BROOKDALE    SR   LIVING  INC,112463104,,4387767.0,38.92931358372123,70599171.0,0.01798035836592593,0.025552223568037578,0.007571865202111647
ADD,TOPBUILD   COR,89055F103,,198979.0,3258.2953586497893,70544025.0,0.0008662215320612232,0.025532264368787447,0.024666042836726226
ADD,VNET   GROUP    INC,90138A103,,8768940.0,68.51585691447258,70502278.0,0.01816899301437348,0.025517154720017,0.007348161705643522
ADD,HEALTHCARE     RLTY     TR,42226K105,,3480885.0,51.681207075436554,70209450.0,0.016226088845708402,0.0254111703803003,0.009185081534591896
ADD,NOVO-NORDISK      A   S,670100205,PUT,1464300.0,93.79301217575437,70198542.0,0.01155611533138197,0.025407222406822253,0.013851107075440284
ADD,KINROSS   GOLD     CORP,496902404,,2962837.0,91.83233591864773,70011187.0,0.01961723894868241,0.025339412306805784,0.005722173358123375
NEW,BIO-TECHNE     CORP,09073M104,,989033.0,,69875181.0,0.0,0.02529018714354438,0.02529018714354438
ADD,NXP   SEMICONDUCTORS                N     V,N6596X109,CALL,248000.0,224.60732984293196,69695440.0,0.006259121963533212,0.025225132807193285,0.018966010843660074
ADD,ZSCALER   INC,98980G102,PUT,492900.0,259.25655976676387,69572835.0,0.008010200768573873,0.025180757918279093,0.01717055714970522
TRIM,EXPAND   ENERGY       CORPORATION,165167735,,756643.0,-54.298924581806986,68998275.0,0.07563980478767811,0.024972805255871033,-0.050666999531807075
ADD,ISHARES  BITCOIN  TRUST  ETF,46438F101,CALL,2070900.0,51.42585551330798,68940261.0,0.021866487564271002,0.02495180803059092,0.003085320466319919
TRIM,FIDELITY  WISE     ORIGIN   BITCOIN,315948109,,1349522.0,-51.10822567596893,68893098.0,0.06780778051281139,0.024934738148564416,-0.04287304236424697
TRIM,OWENS   CORNING       NEW,690742101,,432385.0,-54.97757651422306,68731920.0,0.043252563789107565,0.024876402388640983,-0.018376161400466582
ADD,LIBERTY  ENERGY      INC,53115L104,,2613776.0,76.93944347979136,68454793.0,0.017705115797017664,0.024776100770924545,0.007070984973906881
KEEP,CONSTELLATION  ENERGY     CORP,21037T109,PUT,275000.0,0.21865889212827988,68301750.0,0.03188892386662277,0.024720709342156588,-0.007168214524466185
ADD,TELEDYNE    TECHNOLOGIES       INC,879360105,,102407.0,317.97069507367047,68295228.0,0.006168917153640696,0.024718348810159538,0.01854943165651884
ADD,KKR   &  CO   INC,48251W104,PUT,738900.0,445.31365313653134,67816242.0,0.00521607230311934,0.024544987605139724,0.019328915302020383
ADD,BROOKFIELD   ASSET  MANAGMT      LTD,113004105,,1509083.0,613.9937925226393,67682373.0,0.003909786351722403,0.02449653589432814,0.020586749542605736
TRIM,CORNING    INC,219350105,,264724.0,-79.0716298852483,67618451.0,0.0715753667560633,0.024473400364380962,-0.047101966391682334
TRIM,TORONTO    DOMINION     BK  ONT,891160509,,556764.0,-2.979123828111386,67607849.0,0.022278754016872165,0.02446956314263415,0.002190809125761986
TRIM,STARBUCKS     CORP,855244109,CALL,661300.0,-15.17444843509492,67578247.0,0.02906658043996294,0.024458849179405585,-0.004607731260557354
ADD,BAIDU   INC,056752108,PUT,589200.0,54.60509052742063,67339668.0,0.017671144481002612,0.024372499384354325,0.0067013549033517125
ADD,INTERACTIVE    BROKERS       GROUP   IN,45841N107,,772059.0,31.795664049163534,67200015.0,0.016350846766296712,0.02432195424866219,0.007971107482365479
TRIM,EBAY   INC.,278642103,,600989.0,-20.507255003108344,67160521.0,0.028637719937934066,0.024307660036657974,-0.004330059901276093
ADD,ELANCO     ANIMAL  HEALTH       INC,28414H103,,2725889.0,281.75631863245565,67084128.0,0.007110943036840683,0.02428001083076244,0.017169067793921758
ADD,BILL   HOLDINGS      INC,090043AF7,,77088000.0,1133.408,66723261.0,0.0023161063129028864,0.0241494008797996,0.021833294566896713
ADD,KRANESHARES       TRUST,500767306,CALL,2723100.0,28.879738747692745,66634257.0,0.024998754848475996,0.024117187327228996,-0.0008815675212470002
ADD,CHAMPION     HOMES    INC,830830105,,752891.0,134.8447086786591,66344755.0,0.009922284800996852,0.024012406779205367,0.014090121978208515
ADD,EXELIXIS  INC,30161Q104,,1218706.0,30.36951933496575,66309793.0,0.01668558762112138,0.023999752851011424,0.0073141652298900454
ADD,BERKLEY    W  R    CORP,084423102,,936192.0,103.86257776655118,66029622.0,0.012666962799398974,0.023898349506922857,0.011231386707523883
TRIM,APPLIED    INDL    TECHNOLOGIES      IN,03820C105,,194872.0,-11.994255546874648,65895967.0,0.024449556484016303,0.023849975249936383,-0.0005995812340799204
TRIM,MARRIOTT   INTL      INC  NEW,571903202,,177798.0,-15.473553098228631,65890161.0,0.028631067586022994,0.023847873862513067,-0.004783193723509927
TRIM,WOODWARD    INC,980745103,,153925.0,-31.948202380320794,65485852.0,0.03369132586837489,0.023701540785052853,-0.009989785083322034
TRIM,UNITY   SOFTWARE    INC,91332UAB7,,66339000.0,-7.2778352388673015,65294161.0,0.02893732255808502,0.0236321613402435,-0.005305161217841522
ADD,OSI  SYSTEMS     INC,671044105,,298480.0,584.430176565008,65277576.0,0.004818696132118304,0.023626158668797456,0.018807462536679153
ADD,AIR   PRODUCTS     AND  CHEMICALS    I,009158106,PUT,222100.0,308.2720588235294,65115278.0,0.006576467240636094,0.023567417543060368,0.016990950302424274
ADD,TJX   COS   INC  NEW,872540109,,428263.0,13.90579286132241,64881844.0,0.024988042418664123,0.023482929897215614,-0.0015051125214485088
TRIM,KNIGHT-SWIFT   TRANSN     HLDGS   IN,499049104,,832934.0,-19.889317312492004,64860571.0,0.02491462725440815,0.02347523048029239,-0.0014393967741157601
TRIM,VALERO   ENERGY     CORP,91913Y100,PUT,248400.0,-7.174887892376682,64693296.0,0.02751606182583862,0.023414688010220844,-0.004101373815617777
ADD,KRATOS  DEFENSE   &  SEC    SOLUTIO,50077B207,,1296183.0,526.1723373317037,64627684.0,0.006074153287433774,0.023390940812215558,0.017316787524781784
ADD,ARMSTRONG      WORLD     INDS   INC  NEW,04247X102,,400980.0,15.098786092158253,64325212.0,0.0238930586355078,0.023281465983296227,-0.000611592652211574
ADD,KEYCORP,493267108,,2779503.0,45.95470394253187,64067544.0,0.015890077031688467,0.023188207234658385,0.0072981302029699185
ADD,FRANCO   NEV   CORP,351858105,,307286.0,106.33607520564041,64050694.0,0.015311404815530451,0.02318210865076536,0.00787070383523491
TRIM,SELECT    SECTOR     SPDR   TR,81369Y209,CALL,403300.0,-11.653888280394305,63987578.0,0.02785267749113306,0.023159264839430517,-0.004693412651702544
ADD,EVERGY   INC,30034W106,,739667.0,61.74690957119958,63929419.0,0.015590238863762618,0.02313821513375489,0.007547976269992271
ADD,ASTERA   LABS   INC,04626A103,PUT,132300.0,216.5071770334928,63903546.0,0.0019065553183073354,0.02312885082152556,0.021222295503218223
ADD,LABCORP      HOLDINGS    INC,504922105,,228043.0,83.05973204466457,63852040.0,0.01383211526590678,0.02311020906116983,0.00927809379526305
ADD,STANTEC     INC,85472N109,,920492.0,43.71437359192257,63416945.0,0.023023863208748017,0.02295273349090661,-7.112971784140748e-05
TRIM,AMERICAN  FINANCIAL         GROUP   INC,025932104,,453007.0,-8.650631369654734,63393800.0,0.026356445564365096,0.022944356533980557,-0.0034120890303845387
TRIM,COINBASE    GLOBAL  INC,19260Q107,CALL,433400.0,-6.594827586206897,63358746.0,0.03371705759005229,0.022931669307880494,-0.0107853882821718
TRIM,MOTOROLA  SOLUTIONS        INC,620076307,,152309.0,-4.701450980146787,63252405.0,0.028864335208515605,0.02289318090967467,-0.005971154298840934
ADD,CONOCOPHILLIPS,20825C104,PUT,607900.0,5.3552859618717505,63197284.0,0.03169657372253168,0.022873230758768598,-0.008823342963763081
NEW,PENUMBRA  INC,70975L107,PUT,200000.0,,63150000.0,0.0,0.022856117082756863,0.022856117082756863
ADD,MERCADOLIBRE          INC,58733R102,,37146.0,137.56715272448196,63051249.0,0.011250925734414866,0.022820375761806122,0.011569450027391256
NEW,GLOBALSTAR      INC,378973507,PUT,774900.0,,62991621.0,0.0,0.022798794375433824,0.022798794375433824
ADD,AFLAC  INC,001055102,,536747.0,31.784321813342764,62933586.0,0.018595791432966677,0.022777789549544705,0.004181998116578028
NEW,DIGITALOCEAN         HLDGS    INC,25402D102,,399852.0,,62788760.0,0.0,0.022725372130500725,0.022725372130500725
ADD,RAMBUS  INC   DEL,750917106,,472818.0,234.58680668582025,62761861.0,0.005059384341844338,0.02271563647423138,0.017656252132387043
ADD,ROPER   TECHNOLOGIES     INC,776696106,,185037.0,65.60343670291314,62614670.0,0.01645444658719715,0.022662363081839804,0.006207916494642654
ADD,ROCKET  LAB   CORP,773121108,CALL,614800.0,3.553983493346808,62494420.0,0.015867186448984903,0.022618840546935585,0.006751654097950682
TRIM,TERADYNE  INC,880770102,PUT,129100.0,-1.8250950570342206,62463744.0,0.016223869036819216,0.02260773786684642,0.006383868830027204
TRIM,VISTRA   CORP,92840M102,CALL,393100.0,-26.178403755868544,62357453.0,0.033314081541208566,0.022569267565328715,-0.010744813975879852
TRIM,CONSTELLIUM         SE,F21107101,,1956365.0,-43.62208368598979,62349353.0,0.03549648244737438,0.022566335901854917,-0.012930146545519466
TRIM,POOL   CORP,73278L105,,289968.0,-37.1732649240796,62314123.0,0.03886229451806153,0.022553584975412704,-0.016308709542648826
TRIM,LIFE  TIME    GROUP  HOLDINGS        INC,53190C102,,1525256.0,-32.7639728279796,62291455.0,0.025433191507105213,0.022545380660891217,-0.0028878108462139958
ADD,LEIDOS   HOLDINGS      INC,525327102,,604047.0,65.06090929461081,62198720.0,0.0236851053240597,0.022511816733453854,-0.001173288590605847
ADD,KLAVIYO   INC,49845K101,,4117367.0,75.33879701137238,62172242.0,0.01901721719824915,0.022502233451298394,0.0034850162530492453
ADD,ALASKA  AIR    GROUP  INC,011659109,,1189406.0,6.816691842493324,62086993.0,0.017043755907818533,0.022471378960004843,0.00542762305218631
TRIM,UNIVERSAL    HLTH  SVCS     INC,913903100,,417369.0,-39.314378936715926,62058597.0,0.0512244376886416,0.02246110148889349,-0.02876333619974811
TRIM,MONDELEZ     INTL   INC,609207105,PUT,1066200.0,-47.39231262643707,61669008.0,0.04861564079267821,0.022320096076412818,-0.02629554471626539
TRIM,CANADIAN   IMPERIAL      BANK     OF  CO,136069101,,536067.0,-3.6457266109463466,61646725.0,0.021919992699116313,0.022312031106389782,0.0003920384072734692
ADD,AXT  INC,00246W103,,854322.0,15.574801743520645,61579530.0,0.01752844747492925,0.022287710967238934,0.004759263492309682
TRIM,ARM   HOLDINGS      PLC,042068205,CALL,173200.0,-65.73011476058568,61411524.0,0.031818472609173844,0.02222690392358722,-0.009591568685586624
TRIM,GENERAL   MILLS    INC,370334104,,1763880.0,-25.80234823781208,61383024.0,0.036822885676930914,0.0222165888113646,-0.014606296865566314
TRIM,BANK   OF  AMER     CORP,060505104,CALL,1077200.0,-48.00154469974899,61378856.0,0.042028423251474906,0.02221508027144376,-0.019813342980031144
ADD,NEXTPOWER   INC,65290E101,,513887.0,1708.0606572373515,61224497.0,0.0014258847098556542,0.022159212537844756,0.0207333278279891
ADD,WASTE   MGMT     INC   DEL,94106L109,,273928.0,834.7802347802349,61053073.0,0.002802338512279781,0.022097168404593852,0.01929482989231407
TRIM,XPO   INC,983793100,,296850.0,-61.04156878390899,60940336.0,0.06169207842899994,0.02205636507804502,-0.03963571335095492
ADD,EQT    CORP,26884L109,,1142521.0,109.4739138725102,60747842.0,0.014445313958383216,0.02198669500042462,0.007541381042041403
TRIM,ISHARES  TR,464287515,PUT,670000.0,-21.591574019894676,60702000.0,0.02846662485931097,0.021970103232897976,-0.0064965216264129926
TRIM,VISTRA   CORP,92840M102,PUT,382400.0,-28.90871909276817,60660112.0,0.033651914480781385,0.021954942551467058,-0.011696971929314327
NEW,SOUTHERN     CO,842587DZ7,,55000000.0,,60638343.0,0.0,0.021947063615397784,0.021947063615397784
ADD,SHOPIFY     INC,82509L107,CALL,530900.0,25.212264150943398,60618162.0,0.020930825216452443,0.021939759430142883,0.0010089342136904399
TRIM,FIRST   SOLAR    INC,336433107,,256790.0,-73.02096105012224,60592168.0,0.07813637065982361,0.021930351323928326,-0.05620601933589528
TRIM,CARDINAL   HEALTH    INC,14149Y108,,254734.0,-62.52164612032374,60514609.0,0.05977079513232959,0.021902280103266066,-0.03786851502906353
NEW,SMURFIT    WESTROCK   PLC,G8267P108,,1307410.0,,60480787.0,0.0,0.021890038779561034,0.021890038779561034
NEW,CEREBRAS  SYSTEMS     INC,15675D103,,272917.0,,60314657.0,0.0,0.021829910723647202,0.021829910723647202
ADD,MATSON   INC,57686G105,,313755.0,527.7736649392745,60313124.0,0.0034098482682141888,0.021829355879189754,0.018419507610975563
TRIM,BURLINGTON        STORES     INC,122017106,,189514.0,-4.654719620055744,60038035.0,0.026915070833766267,0.02172979188248067,-0.005185278951285597
TRIM,SILICON    MOTION      TECHNOLOGY    CO,82706C108,,179946.0,-54.53486579970641,59981400.0,0.01849555545069603,0.02170929376385863,0.0032137383131626007
TRIM,CONAGRA   BRANDS     INC,205887102,,4454751.0,-2.297400526943628,59960948.0,0.029828570000823267,0.021701891494554173,-0.008126678506269094
TRIM,CLEVELAND-CLIFFS       INC     NEW,185899101,,6371571.0,-1.8647870012914614,59829052.0,0.022831841416590476,0.021654153879055404,-0.0011776875375350722
NEW,ISHARES  TR,46432F396,PUT,174500.0,,59823835.0,0.0,0.02165226567061802,0.02165226567061802
TRIM,DEERE   &   CO,244199105,PUT,94300.0,-55.893358278765206,59817319.0,0.05011988051146824,0.02164990731022354,-0.0284699732012447
ADD,ONTO   INNOVATION       INC,683344105,,158023.0,562.1815286624204,59803804.0,0.002036610150695713,0.021645015775427448,0.019608405624731734
ADD,VERIZON   COMMUNICATIONS    INC,92343V104,CALL,1409700.0,1.2133831131533601,59686698.0,0.02909745800658125,0.021602631160271574,-0.007494826846309675
NEW,SPACE  EXPLORATION        TECHN   CORP,84615Q103,CALL,349300.0,,59681398.0,0.0,0.021600712911331928,0.021600712911331928
ADD,ORLA   MNG     LTD  NEW,68634K106,,6095778.0,94.12545304753985,59583284.0,0.020988668009350248,0.021565202142187705,0.0005765341328374564
ADD,ALLISON   TRANSMISSION      HLDGS   I,01973R101,,525969.0,118.42385030024667,59297745.0,0.011730895941974065,0.021461855937663664,0.0097309599956896
TRIM,LOCKHEED   MARTIN    CORP,539830109,,116139.0,-64.73090915716655,59168175.0,0.08282542312775422,0.021414960180095765,-0.06141046294765845
ADD,CLOUDFLARE   INC,18915M107,PUT,241000.0,479.3269230769231,59112480.0,0.003572229327652683,0.021394802279210187,0.017822572951557505
ADD,ISHARES    SILVER     TR,46428Q109,PUT,1101500.0,115.09470806483108,58897205.0,0.01452176752247045,0.021316886988553174,0.006795119466082723
ADD,F   N  B    CORP,302520101,,3085830.0,813.3755020734116,58877636.0,0.0023508312985651646,0.021309804306760737,0.018958973008195573
TRIM,S&P    GLOBAL      INC,78409V104,PUT,144400.0,-69.67660646787064,58808344.0,0.08429235599092538,0.021284725192510564,-0.06300763079841482
ADD,BELLRING    BRANDS    INC,07831C103,,4538917.0,341.64746566198704,58733586.0,0.006881690130574915,0.02125766774831622,0.014375977617741304
TRIM,FORTINET   INC,34959E109,CALL,382100.0,-13.178822994773915,58698202.0,0.014967259944682362,0.021244861084074633,0.006277601139392271
ADD,SPX   TECHNOLOGIES       INC,78473E103,,238998.0,129.3448742431076,58595140.0,0.008670965962065721,0.02120755946667506,0.012536593504609339
ADD,ALLEGION     PLC,G0176J109,,415633.0,93.38513434919157,58392280.0,0.012995267706628727,0.021134137583675723,0.008138869877046996
TRIM,AMGEN   INC,031162100,CALL,160600.0,-35.553772070626,58156472.0,0.036489521486486716,0.02104879070707951,-0.015440730779407205
ADD,VEECO   INSTRS      INC  DEL,922417100,,766219.0,13.435613339531525,58079400.0,0.009518160560791062,0.021020895748159445,0.011502735187368383
TRIM,LPL  FINL     HLDGS     INC,50212V100,,206159.0,-76.84265034771015,58070867.0,0.1114543861818026,0.021017807367366616,-0.09043657881443598
ADD,COHERENT   CORP,19247G107,PUT,147200.0,86.32911392405063,58065984.0,0.007831584807640058,0.021016040044805808,0.01318445523716575
ADD,MARKEL     GROUP  INC,570535104,,29726.0,97.3969055050136,58055175.0,0.011995449386150657,0.021012127902770218,0.009016678516619562
ADD,DXC   TECHNOLOGY     CO,23355L106,,6535424.0,381.2514819522153,57838502.0,0.007103944021861618,0.02093370662871365,0.013829762606852033
ADD,INNOVIVA   INC,45781M101,,2541109.0,11.478992090639368,57708585.0,0.022102874322051283,0.020886685280130268,-0.0012161890419210147
KEEP,BAKER   HUGHES    COMPANY,05722G100,,1031769.0,-0.42954198915288255,57263180.0,0.02632692968028998,0.0207254781727788,-0.005601451507511179
TRIM,CONOCOPHILLIPS,20825C104,,549436.0,-14.620744525456706,57119367.0,0.035350963445785914,0.020673427392635925,-0.01467753605314999
TRIM,STMICROELECTRONICS           N  V,861012102,PUT,762500.0,-19.711487838264716,57103625.0,0.01365516853134239,0.020667729831351418,0.007012561300009027
TRIM,EQUINIX  INC,29444U700,,54760.0,-49.31600673812036,57081276.0,0.04407452189910978,0.020659640973700072,-0.023414880925409706
ADD,PROGRESSIVE    CORP,743315103,,261124.0,403.2551506157612,57042538.0,0.00428067671523666,0.02064562038362007,0.01636494366838341
ADD,ALAMOS  GOLD   INC,011532108,,1877971.0,273.3607559578601,56977226.0,0.009300193971937131,0.020621981765743442,0.01132178779380631
ADD,AEROVIRONMENT     INC,008073108,,345162.0,66.97724370138162,56975891.0,0.01574700631200759,0.02062149858417091,0.004874492272163321
ADD,POWELL   INDS   INC,739128106,,198405.0,2796.8462549277265,56815256.0,0.0015422374035720296,0.020563359354280355,0.019021121950708327
ADD,ASE  TECHNOLOGY  HLDG  CO   LTD,00215W100,,1255430.0,33.72980492787988,56645002.0,0.008470053281811335,0.020501738683531223,0.012031685401719889
TRIM,CANADIAN   NATL     RY  CO,136375102,,473152.0,-50.21423099909931,56409256.0,0.0406466159391988,0.020416414246828267,-0.020230201692370532
ADD,WHIRLPOOL     CORP,963320106,,1429381.0,76.78893885648415,56346199.0,0.01814284429822533,0.020393591789585396,0.0022507474913600646
TRIM,PAYPAL   HLDGS  INC,70450Y103,PUT,1299700.0,-21.177754866880953,56121046.0,0.031037267593525292,0.020312101317225394,-0.010725166276299897
ADD,KLARNA    GROUP  PLC,G5279N105,,2772772.0,237.35877338771098,56120905.0,0.004477384493163275,0.020312050284564925,0.01583466579140165
TRIM,MCDONALDS       CORP,580135101,CALL,207000.0,-5.263157894736842,55954170.0,0.028260578818980066,0.020251703258724968,-0.008008875560255098
ADD,PPG   INDS   INC,693506107,,460839.0,152.7541176018911,55895162.0,0.008109797525787566,0.02023034627128523,0.012120548745497664
ADD,STELLAR     BANCORP     INC,858927106,,1418033.0,140.5582245926891,55757058.0,0.008981077092576794,0.020180361770990737,0.011199284678413943
TRIM,LIBERTY  MEDIA   CORP     DEL,531229AP7,,48488000.0,-8.599434495758718,55657242.0,0.022843002053034082,0.020144234990583258,-0.0026987670624508235
ADD,SITIME   CORP,82982T106,,74411.0,35.68003209160695,55477865.0,0.007882123538705446,0.0200793123981216,0.012197188859416154
ADD,SOLSTICE      ADVANCED  MATLS      INC,83443Q103,,625500.0,8.54456574364741,55419300.0,0.018264540097740027,0.02005811574733852,0.0017935756495984917
TRIM,INFOSYS    LTD,456788108,,5283004.0,-17.392500877205602,55418712.0,0.03595666372870754,0.020057902930286347,-0.01589876079842119
TRIM,ULTRA   CLEAN    HLDGS  INC,90385V107,,388205.0,-43.36378596980608,55354151.0,0.017737001308354684,0.02003453612466513,0.0022975348163104467
TRIM,BANC   OF  CALIFORNIA         INC,05990K106,,2698474.0,-62.93931107793601,55129824.0,0.053270428966442684,0.019953344609592704,-0.03331708435684998
TRIM,LUMENTUM       HLDGS  INC,55024U109,,64178.0,-47.40111790450276,55068575.0,0.03568447204449493,0.019931176528591884,-0.015753295515903046
ADD,TARGET  CORP,87612E106,CALL,421300.0,27.82160194174757,55025993.0,0.01662464566871893,0.019915764665130002,0.003291118996411071
ADD,APOLLO   GLOBAL  MGMT  INC,03769M106,CALL,464300.0,32.69505573020864,54931333.0,0.016224438346635568,0.019881504015200408,0.00365706566856484
ADD,OPTION   CARE   HEALTH    INC,68404L201,,2618869.0,59.590698547402155,54917683.0,0.0183841617451168,0.019876563619346418,0.0014924018742296166
ADD,PATRICK   INDS   INC,703343AG8,,36915000.0,8.84564352056612,54915271.0,0.024447373297396005,0.019875690635111996,-0.004571682662284009
TRIM,DATADOG      INC,23804L103,,210747.0,-88.56665288677814,54870089.0,0.09055586388732008,0.0198593377438684,-0.07069652614345168
ADD,HF   SINCLAIR     CORP,403949100,,786030.0,142.3012188580835,54746990.0,0.008422889209591541,0.01981478405967568,0.011391894850084138
TRIM,GILEAD    SCIENCES   INC,375558103,CALL,432100.0,-30.886116442738327,54591514.0,0.03626192407323955,0.0197585120460643,-0.016503412027175247
ADD,CENTRUS   ENERGY     CORP,15643UAE4,,27525000.0,7764.285714285714,54583644.0,0.00029565365754325476,0.019755663627355806,0.01946000996981255
ADD,ANAPTYSBIO     INC,032724106,,807316.0,69.75684018403102,54493830.0,0.010976369416886102,0.019723156908437824,0.008746787491551722
ADD,MSCI  INC,55354G100,CALL,97100.0,1016.0919540229886,54379884.0,0.0019515453594740513,0.01968191600397049,0.01773037064449644
TRIM,BLOCK   INC,852234103,PUT,715100.0,-14.09178279673234,54347600.0,0.020847156649232135,0.019670231334391716,-0.00117692531484042
TRIM,ALTRIA   GROUP    INC,02209S103,PUT,755100.0,-55.09900695724564,54329445.0,0.046183753592848174,0.019663660426939025,-0.02652009316590915
ADD,PROVIDENT    FINL  SVCS   INC,74386T105,,2296256.0,5461.5578376283665,54283492.0,0.00036358172389822866,0.019647028484764774,0.019283446760866546
ADD,ISHARES  INC,464286400,PUT,1568800.0,3259.3147751605998,54123600.0,0.0007461009062708522,0.019589158171659533,0.01884305726538868
TRIM,UBER   TECHNOLOGIES     INC,90353T100,CALL,748800.0,-16.92000443803395,54033408.0,0.02698000378115321,0.019556514641779436,-0.007423489139373775
TRIM,DEUTSCHE     BK     AG,D18190898,,1596838.0,-8.022602124277125,53909251.0,0.02151627130386829,0.01951157803166631,-0.0020046932722019815
ADD,SHERWIN     WILLIAMS    CO,824348106,,155904.0,267.7675033025099,53680865.0,0.005655125864601316,0.019428917427453125,0.013773791562851809
ADD,KLA   CORP,482480100,,177893.0,603.8577193954262,53672097.0,0.01548692910787826,0.019425743992226182,0.003938814884347922
TRIM,AMKOR   TECHNOLOGY    INC,031652100,,622252.0,-19.526979229039256,53656790.0,0.014490404710789374,0.019420203872128228,0.004929799161338854
NEW,NEBIUS   GROUP    N.V.,N97284108,,193901.0,,53549639.0,0.0,0.01938142230757503,0.01938142230757503
ADD,CAPITAL   SOUTHWEST      CORP,140501AE7,,51206000.0,55.35800970873787,53538587.0,0.014054889776038694,0.019377422215635227,0.005322532439596532
TRIM,SHARKNINJA     INC,G8068L108,,351335.0,-24.65779863140897,53497780.0,0.020551411019854516,0.019362652784601243,-0.0011887582352532733
TRIM,FIRST  INDL     RLTY  TR   INC,32054K103,,871189.0,-30.513339980059822,53412598.0,0.030184006599191092,0.019331822542869758,-0.010852184056321334
NEW,INVESCO  EXCHANGE  TRADED  FD   T,46137V357,PUT,250600.0,,53320162.0,0.0,0.01929836683362729,0.01929836683362729
ADD,GARTNER   INC,366651107,,409564.0,31.520486052015528,53087686.0,0.02052019969119475,0.019214225920326723,-0.0013059737708680276
ADD,SPROUTS  FMRS     MKT  INC,85208M102,,626802.0,482.24835581317575,53014913.0,0.0034554771182757115,0.01918788691465034,0.01573240979637463
TRIM,EXLSERVICE       HLDGS  INC,302081104,,2039999.0,-7.0751807707479815,52754374.0,0.02781942197400991,0.019093589054181227,-0.008725832919828685
ADD,GENPACT  LIMITED,G3922B107,,1912916.0,139.48810143824366,52605190.0,0.012382285418468449,0.01903959432780159,0.0066573089093331424
TRIM,VALLEY   NATL   BANCORP,919794107,,3589337.0,-0.5558266071442919,52583787.0,0.018445729605387515,0.019031847859489283,0.0005861182541017675
ADD,VOYA  FINANCIAL       INC,929089100,,578255.0,643.0386903614612,52349425.0,0.002212678783131083,0.01894702433911321,0.016734345555982126
ADD,EQUIPMENTSHARE    COM    INC,29445S100,,2656012.0,157.9551513585803,52217196.0,0.00872849621719154,0.01889916619967163,0.010170669982480089
ADD,NEWMONT   CORP,651639106,CALL,558600.0,70.77346377254662,52173240.0,0.01473570857488173,0.018883257039220485,0.004147548464338756
TRIM,STATE  STR    CORP,857477103,,307333.0,-29.999339472443477,52123677.0,0.023124167025448537,0.018865318516164704,-0.004258848509283833
ADD,CAVA   GROUP   INC,148929102,,663601.0,28.338716227976867,52079406.0,0.017408463350322916,0.01884929534657847,0.0014408319962555538
ADD,SUPER  MICRO     COMPUTER     INC,86800U302,,1772969.0,265.772540379065,52001181.0,0.004593203250845749,0.01882098307803059,0.01422777982718484
TRIM,AUTOZONE    INC,053332102,,16245.0,-12.454192713946972,51918045.0,0.026084246805395995,0.018790893352776557,-0.007293353452619437
TRIM,MATCH   GROUP  INC   NEW,57667L107,,1363815.0,-20.22892257587908,51893161.0,0.021850047910999624,0.01878188699303804,-0.0030681609179615855
ADD,SPDR   SERIES  TRUST,78464A888,PUT,448000.0,61.15107913669065,51770880.0,0.01142122053323033,0.018737629370662798,0.007316408837432467
TRIM,CENTURY   ALUM  CO,156431108,,1116217.0,-43.84167033519905,51357144.0,0.048546858761598706,0.018587884343626352,-0.029958974417972354
ADD,FIGMA  INC,316841105,,2833219.0,99.85165706046791,51252932.0,0.012472110688483399,0.018550166502400253,0.006078055813916855
TRIM,FORD     MTR  CO,345370860,,3686473.0,-70.02489988373333,51241975.0,0.05906344849362298,0.01854620079416786,-0.040517247699455125
ADD,ITT   INC,45073V108,,258499.0,207.25772901784123,51120762.0,0.006670862387181258,0.01850232971705064,0.01183146732986938
NEW,BILLIONTOONE         INC,090168105,,425032.0,,50995339.0,0.0,0.018456934898794575,0.018456934898794575
ADD,HEWLETT   PACKARD     ENTERPRISE           C,42824C109,PUT,1128600.0,2419.1964285714284,50911146.0,0.00044391516767685343,0.0184264626095539,0.017982547441877047
ADD,AMERICAN  EXPRESS      CO,025816109,PUT,150300.0,16.15146831530139,50838975.0,0.016288965952091863,0.01840034148800236,0.0021113755359104987
TRIM,C   H  ROBINSON      WORLDWIDE     IN,12541W209,PUT,269400.0,-3.0586541921554513,50738796.0,0.019206238045168612,0.018364083325639203,-0.0008421547195294095
ADD,IMMUNOCORE     HLDGS  PLC,45258D105,,1597037.0,29.063611450756138,50705925.0,0.015526052511266413,0.018352186200942016,0.002826133689675603
ADD,LEONARDO  DRS   INC,52661A108,,1183856.0,373.0542080572849,50515136.0,0.00463666472844854,0.018283133220386164,0.013646468491937624
ADD,AMER   SPORTS     INC,G0260P102,,1491351.0,61.185836709945676,50467318.0,0.012675800418741076,0.018265826271745413,0.0055900258530043375
ADD,ENERSYS,29275Y102,,215657.0,42.22768881736882,50424920.0,0.010962050525913055,0.018250481004095775,0.007288430478182719
ADD,HOULIHAN     LOKEY   INC,441593100,,375874.0,147.36852496561346,50415980.0,0.009081871148285835,0.01824724531626173,0.009165374167975896
ADD,BOSTON     BEER   INC,100557107,,283512.0,193.4451172178233,50190129.0,0.009263809331634794,0.01816550221413572,0.008901692882500926
ADD,ISHARES  BITCOIN  TRUST  ETF,46438F101,PUT,1504300.0,32.03721583428421,50078147.0,0.01821621035534802,0.018124972147577346,-9.123820777067262e-05
ADD,METTLER    TOLEDO       INTERNATIONAL,592688105,,39166.0,197.79501216545012,50034957.0,0.0069030072042027355,0.018109340228388046,0.01120633302418531
TRIM,CHIME   FINL  INC,16935C109,,2441656.0,-31.868894158957588,50005115.0,0.027934402997291576,0.018098539401056556,-0.00983586359623502
ADD,NUVALENT    INC,670703107,,404192.0,2138.4227723320596,49917712.0,0.0007698750012113367,0.01806690530443923,0.017297030303227892
ADD,EAGLE  MATLS     INC,26969P108,,221715.0,43.7691290138507,49885875.0,0.012158685242637968,0.018055382419252156,0.005896697176614188
ADD,UNITED  PARCEL   SVCS     INC,911312106,,463820.0,162.75180711971177,49860650.0,0.007227251201207388,0.018046252640100728,0.01081900143889334
ADD,CADENCE   DESIGN        SYSTEM  INC,127387108,PUT,132700.0,81.78082191780823,49804964.0,0.008441645221370083,0.018026097996619014,0.009584452775248931
ADD,SENSIENT   TECHNOLOGIES     CORP,81725T100,,403913.0,165.46851483066166,49798434.0,0.005473336251138642,0.018023734569151864,0.012550398318013222
ADD,ISHARES  TR,464287465,,478517.0,227.414984604858,49708346.0,0.005907650141934652,0.017991128680383037,0.012083478538448385
ADD,MASCO   CORP,574599106,,610365.0,82.85953102109417,49665400.0,0.008386017659577853,0.017975585073031715,0.009589567413453862
ADD,NCR   ATLEOS     CORPORATION,63001N106,,1143132.0,131.08094176341095,49623360.0,0.008971851193952052,0.01796036937766894,0.00898851818371689
ADD,HP   INC,40434L105,CALL,2259400.0,321.6871967151922,49571236.0,0.004283439615726968,0.01794150394224817,0.013658064326521202
TRIM,INTERNATIONAL      BANCSHARES       COR,459044103,,650775.0,-8.654824650669886,49426361.0,0.019950709676636095,0.017889068788449845,-0.0020616408881862502
TRIM,CELESTICA     INC,15101Q207,,135536.0,-5.220906001314667,49422820.0,0.016763345437375596,0.017887787180997903,0.0011244417436223064
ADD,CBOE      GLOBAL  MKTS      INC,12503M108,,202611.0,5862.654502648617,49167611.0,0.00039746647818681606,0.0177954184274813,0.017397951949294485
TRIM,NETAPP   INC,64110D104,,316103.0,-57.27616151376922,48920100.0,0.03152669675051125,0.017705835840066096,-0.013820860910445154
ADD,IMMUNITYBIO       INC,45256X103,,5579793.0,292.8756608019467,48851088.0,0.0045333670412664295,0.01768085806726934,0.01314749102600291
ADD,WOLFSPEED   INC,97785W106,,1012371.0,15.823440846436872,48846901.0,0.005936438158415615,0.01767934265060702,0.011742904492191404
ADD,CENTERPOINT    ENERGY     INC,15189T107,,1108855.0,102.45996373867747,48833974.0,0.009837383977660893,0.017674663932863096,0.007837279955202203
TRIM,GLOBAL     E  ONLINE     LTD,M5216V106,,1404978.0,-3.502402518729756,48794886.0,0.018692645265473092,0.01766051666596633,-0.0010321285995067639
ADD,APOLLO   COML  REAL  ESTATE     FIN,03762U105,,4563909.0,254.75225144694232,48742548.0,0.005653772089138901,0.01764157377672045,0.011987801687581548
ADD,KONTOOR  BRANDS      INC,50050N103,,584863.0,9.677921444712192,48742482.0,0.015598795157493713,0.017641549889092143,0.00204275473159843
TRIM,HUT   8     CORP,44812J104,,422014.0,-51.807556370155936,48719345.0,0.017095268042144476,0.017633175827636186,0.0005379077854917105
ADD,BANK   OZK   LITTLE     ROCK     ARK,06417N103,,932160.0,2.4815630813071414,48556214.0,0.01737102124200644,0.017574133211075187,0.00020311196906874773
ADD,GLOBAL    PMTS    INC,37940X102,,668601.0,165.88550158672086,48513689.0,0.007042875556166646,0.017558741977837748,0.010515866421671101
TRIM,ILLINOIS     TOOL   WKS  INC,452308109,,179198.0,-28.3305470456018,48467683.0,0.02708439431013191,0.0175420908531741,-0.00954230345695781
ADD,STERIS     PLC,G8473T100,,229133.0,802.880447631807,48248536.0,0.0023354341314706555,0.017462774154989855,0.0151273400235192
TRIM,HUDBAY     MINERALS    INC,443628102,,2041190.0,-59.55370949703844,48192496.0,0.04389662173706786,0.017442491386956322,-0.02645413035011154
ADD,TALEN     ENERGY    CORP,87422Q109,PUT,125400.0,122.34042553191489,48186204.0,0.007492821329507767,0.01744021409972458,0.009947392770216812
TRIM,HP   INC,40434L105,,2194826.0,-58.80539307368976,48154482.0,0.04259412202887936,0.017428732836920157,-0.025165389191959205
ADD,ZIM  INTEGRATED      SHIPPING      SERV,M9T951109,,1851020.0,241.4926628760345,48126520.0,0.005943919505322421,0.017418612445061595,0.011474692939739174
ADD,NOKIA     CORP,654902204,CALL,3619300.0,251.49072545401575,48064304.0,0.00344531818411862,0.01739609437411273,0.013950776189994112
ADD,VEEVA   SYS    INC,922475108,,270772.0,389.71279751139406,48053907.0,0.004042013550515271,0.01739233134878717,0.013350317798271899
TRIM,NOV   INC,62955J103,,2589188.0,-10.29728971282666,48029437.0,0.022594846229752077,0.0173834748296262,-0.005211371400125876
TRIM,TARGET  CORP,87612E106,,367228.0,-78.78100628836332,47963649.0,0.08729235237931214,0.017359663931278767,-0.06993268844803338
ADD,ECOLAB   INC,278865100,,172108.0,31.458425627472845,47951010.0,0.014494041135625088,0.017355089450458355,0.002861048314833267
ADD,COREWEAVE     INC,21873S108,PUT,481100.0,100.37484381507704,47888694.0,0.007740843564740762,0.01733253518613327,0.00959169162139251
ADD,BXP   INC,101121101,,721688.0,2169.6018617523114,47855131.0,0.0006867990488875793,0.017320387603272647,0.016633588554385067
ADD,MONGODB   INC,60937P106,PUT,142400.0,10.473235065942593,47832160.0,0.013130270706938443,0.017312073622821212,0.004181802915882769
TRIM,HAMILTON  LANE      INC,407497106,,605725.0,-50.48762405170589,47749302.0,0.05060701120491933,0.017282084515153073,-0.03332492668976626
TRIM,NUCOR   CORP,670346105,,214194.0,-57.677115956490375,47711714.0,0.03561543324137107,0.0172684801488996,-0.01834695309247147
NEW,INNIO   NV,N52A8C105,,1205845.0,,47691170.0,0.0,0.01726104458168902,0.01726104458168902
ADD,ALTRIA   GROUP    INC,02209S103,CALL,662300.0,12.559483344663494,47652485.0,0.016158958562188182,0.01724704317409842,0.0010880846119102373
ADD,LIVE  NATION    ENTERTAINMENT      IN,538034109,,260070.0,53.246477752832824,47621418.0,0.010771114916957758,0.017235798977908237,0.006464684060950479
ADD,VIKING   HOLDINGS    LTD,G93A5A101,,454453.0,131.07857992738957,47567596.0,0.006013966669327139,0.017216318978959255,0.011202352309632117
TRIM,RH,74967X103,,287226.0,-48.36228702719904,47314739.0,0.032365969702778837,0.017124801493651344,-0.015241168209127492
ADD,VISTEON   CORP,92839U206,,476156.0,94.92461426986577,47239437.0,0.009262136775968195,0.017097547157490366,0.00783541038152217
TRIM,AXON   ENTERPRISE   INC,05464C101,,84224.0,-32.384415918049505,47216817.0,0.022015252214439663,0.017089360215789464,-0.004925891998650199
ADD,LLOYDS   BANKING     GROUP  PLC,539439109,,8098237.0,27.038402343537367,47212722.0,0.013343999516655033,0.017087878097033268,0.003743878580378234
ADD,CAESARS  ENTERTAINMENT      INC   NE,12769G100,,1564203.0,429.37873757525915,47207647.0,0.0032500224443549226,0.017086041283190113,0.01383601883883519
ADD,COPT   DEFENSE     PROPERTIES,22002T108,,1296926.0,28.083360656709104,47195137.0,0.012894558547997564,0.017081513491825028,0.004186954943827464
ADD,NETEASE   COM    INC,64110W102,,367387.0,13.163674222472748,47076970.0,0.015123928762498628,0.017038744864947466,0.0019148161024488373
NEW,GAP  INC,364760108,,2518542.0,,47046365.0,0.0,0.017027667882155418,0.017027667882155418
ADD,AIR   PRODUCTS     AND  CHEMICALS    I,009158106,CALL,160400.0,562.8099173553719,47026072.0,0.0029255607945476744,0.017020323160319147,0.014094762365771472
ADD,ATMOS   ENERGY  CORP,049560105,,272772.0,4.342038321328432,46990432.0,0.020096339793517663,0.017007423841034437,-0.0030889159524832253
ADD,COMCAST   CORP  NEW,20030N101,,1903810.0,41.266883782293725,46738536.0,0.0161019697340149,0.016916254174072,0.0008142844400570969
ADD,CONOCOPHILLIPS,20825C104,CALL,449300.0,3.86037910309755,46709228.0,0.023764190281398968,0.01690564661936952,-0.006858543662029447
TRIM,BANKUNITED       INC,06652K103,,963758.0,-36.729069394915,46694075.0,0.02862729299535466,0.016900162237070943,-0.011727130758283716
NEW,GAMESTOP     CORP,36467WAE9,,45650000.0,,46675451.0,0.0,0.016893421582683782,0.016893421582683782
TRIM,ORGANON     &  CO,68622V106,,3442430.0,-49.238188699166194,46610502.0,0.0169050869351607,0.016869914346762833,-3.5172588397865134e-05
ADD,KRANESHARES       TRUST,500767306,PUT,1904500.0,6.545454545454546,46603115.0,0.02114878805984706,0.016867240742061484,-0.004281547317785576
ADD,MICROCHIP  TECHNOLOGY        INC.,595017104,,508875.0,2.788494556325368,46409400.0,0.013311559261176787,0.01679712874331744,0.003485569482140653
ADD,LITHIUM    ARGENTINA          AG,H5012F103,,5611452.0,188.16976356165776,46405787.0,0.0054126689657528525,0.01679582107663462,0.01138315211088177
ADD,NATIONAL   STORAGE     AFFILIATES,637870106,,1041035.0,45.08794179953172,46294826.0,0.011269340077071168,0.01675566054444745,0.005486320467376283
TRIM,SUPER  MICRO     COMPUTER     INC,86800U302,PUT,1577900.0,-67.79598750943934,46279807.0,0.046429616362703215,0.01675022466127301,-0.029679391701430205
KEEP,DECKERS     OUTDOOR     CORP,243537107,,465687.0,0.1272858233264172,46238062.0,0.019372913481796365,0.016735115736370085,-0.0026377977454262805
ADD,RIOT   PLATFORMS    INC,767292105,,1674900.0,35.19185474927073,45858762.0,0.006372640176870088,0.016597834260368666,0.01022519408349858
NEW,MKS   INC.,55306NAB0,,15556000.0,,45842889.0,0.0,0.01659208928576131,0.01659208928576131
KEEP,NEXSTAR   MEDIA   GROUP  INC,65336K103,,256307.0,0.4373194979446767,45773867.0,0.01920429706491755,0.01656710789362693,-0.0026371891712906187
ADD,MINIMED     GROUP  INC,60365F109,,3060615.0,18.013992258912314,45756194.0,0.016102992660570886,0.016560711438247618,0.00045771877767673136
TRIM,BLOCK   INC,852234103,CALL,600500.0,-15.660112359550563,45638000.0,0.01783178223720961,0.016517933039158474,-0.0013138491980511369
TRIM,STEWART     INFORMATION         SVCS  COR,860372101,,690281.0,-14.568760241387332,45572352.0,0.02070672772685695,0.016494172811537748,-0.004212554915319203
ADD,SELECT  MED   HLDGS  CORP,81619Q105,,2754016.0,222.69515678862768,45468804.0,0.005785723372428669,0.01645669529432975,0.01067097192190108
ADD,LANTHEUS    HLDGS  INC,516544AB9,,31000000.0,1450.0,45321039.0,0.0009981703183781132,0.01640321415195867,0.015405043833580557
ADD,MORGAN   STANLEY,617446448,CALL,216200.0,10.871794871794872,45194448.0,0.013355121866181168,0.016357396595068355,0.0030022747288871877
ADD,KEYSIGHT  TECHNOLOGIES      INC,49338L103,,128491.0,14.942703534400243,44980844.0,0.013136280920657536,0.016280086095727973,0.003143805175070437
ADD,NEOGENOMICS       INC,64049M209,,3079542.0,38.54604889333382,44930518.0,0.006863702770280876,0.016261871417211634,0.009398168646930757
ADD,SYNDAX   PHARMACEUTICALS        INC,87164F105,,2053960.0,929.4300435035384,44899566.0,0.0019396822413272302,0.016250668843404106,0.014310986602076876
ADD,EATON   CORP     PLC,G29183103,PUT,104900.0,143.95348837209303,44699988.0,0.006400494741656555,0.0161784348270123,0.009777940085355746
TRIM,HALLIBURTON     CO,406216101,,1316295.0,-57.45563497617112,44688215.0,0.05020269095234257,0.016174173780829953,-0.03402851717151262
ADD,GRACO   INC,384109104,,590435.0,40.021011392633206,44642790.0,0.01485485496508725,0.016157732939682142,0.0013028779745948918
ADD,CABOT    CORP,127055101,,489254.0,5095.985556499575,44434048.0,0.0002951084851313999,0.01608218216229356,0.015787073677162162
NEW,DIREXION  SHARES   ETF  TRUST,25459W458,CALL,166200.0,,44327202.0,0.0,0.016043510987537833,0.016043510987537833
ADD,MERCADOLIBRE          INC,58733R102,PUT,26100.0,40.32258064516129,44301879.0,0.013383679744995143,0.016034345738877714,0.0026506659938825717
ADD,TRUSTMARK     CORP,898402102,,961117.0,1467.660539235675,44220993.0,0.0010751802912551554,0.016005070364588626,0.01492989007333347
TRIM,SOUTHWEST   AIRLS     CO,844741108,,859542.0,-44.357137863263134,44197650.0,0.024152462073122022,0.015996621744777655,-0.008155840328344367
NEW,NUVALENT    INC,670703107,CALL,357400.0,,44138900.0,0.0,0.015975358136248567,0.015975358136248567
ADD,RYDER      SYS  INC,783549108,,167142.0,324.412167995531,44087045.0,0.0033550530307148675,0.015956590061009825,0.012601537030294957
ADD,SNAP   INC,83304A106,,9923038.0,109.903347102613,44058289.0,0.009049939859112703,0.015946182293744084,0.006896242434631382
TRIM,AUTOMATIC   DATA    PROCESSING     IN,053015103,,196527.0,-71.49911463613068,44012222.0,0.05830521521229655,0.015929509091120942,-0.04237570612117561
TRIM,SPOTIFY      TECHNOLOGY        S      A,L8681T102,PUT,95800.0,-55.33799533799534,43984654.0,0.04328635449075105,0.015919531301164688,-0.027366823189586362
ADD,AMENTUM    HOLDINGS     INC,023939101,,2127779.0,237.1780589647495,43981192.0,0.006849160816397329,0.015918278286479962,0.009069117470082634
TRIM,COHU   INC,192576106,,594329.0,-13.615347607495899,43926856.0,0.008767143114922002,0.01589861225357721,0.0071314691386552085
TRIM,INTUIT,461202103,CALL,168000.0,-28.11296534017972,43848000.0,0.042052022142151736,0.015870071604825384,-0.026181950537326353
ADD,MADRIGAL     PHARMACEUTICALS     INC,558868105,,81196.0,98.75162166793136,43598192.0,0.008899760673808243,0.01577965765555841,0.0068798969817501655
TRIM,CELLDEX     THERAPEUTICS         INC     NEW,15117B202,,1170787.0,-6.6009483603131,43564984.0,0.016547453832983887,0.015767638559183363,-0.0007798152738005236
ADD,JACOBS   SOLUTIONS    INC,46982L108,,345597.0,4424.705420267085,43545222.0,0.0004045782731075706,0.015760486024174823,0.015355907751067252
ADD,BOISE   CASCADE   CO    DEL,09739D100,,560381.0,247.31847903560694,43502377.0,0.005092999839224169,0.01574497897213348,0.010651979132909311
TRIM,WARNER   MUSIC   GROUP       CORP,934550203,,1606010.0,-52.46100109522541,43474691.0,0.03590721159700655,0.015734958473993286,-0.020172253123013264
TRIM,BRISTOL-MYERS     SQUIBB    CO,110122108,,752576.0,-88.50228907383185,43363429.0,0.16520848878274577,0.015694688999743696,-0.14951379978300208
ADD,MACERICH      CO,554382101,,1711244.0,8.448938670127749,43106236.0,0.012411120877434107,0.015601602169642894,0.003190481292208787
TRIM,NEXTERA   ENERGY  INC,65339F655,,899977.0,-37.931764576063124,43072719.0,0.03036672924818612,0.015589471235735331,-0.014777258012450788
ADD,CAMECO   CORP,13321L108,,422584.0,1101.136945028708,43044178.0,0.0015902042525723318,0.01557914128422846,0.013988937031656127
TRIM,FORGENT   POWER     SOLUTIONS      INC,34631F102,,770318.0,-36.86300994857689,43029963.0,0.014861801959798011,0.015573996395798826,0.0007121944360008146
TRIM,ADVANCED   ENERGY    INDS,007973AE0,,15744000.0,-63.3860465116279,43014253.0,0.04311135040108631,0.015568310416394705,-0.027543039984691604
NEW,ALPHABET     INC,02079K404,,850000.0,,42940300.0,0.0,0.01554154432887893,0.01554154432887893
ADD,DOXIMITY     INC,26622P107,,2068601.0,360.9367131480318,42902785.0,0.004351649840017238,0.015527966383790101,0.011176316543772862
NEW,UBER   TECHNOLOGIES        INC,90353TAS9,,37000000.0,,42898503.0,0.0,0.015526416583420372,0.015526416583420372
ADD,HONDA   MOTOR    CO   LTD,438128308,,1581059.0,774.2474343094754,42862509.0,0.0018296215031030944,0.015513389139583843,0.01368376763648075
ADD,HAEMONETICS     CORP     MASS,405024100,,570413.0,5730.05928045789,42780975.0,0.00022948262777061014,0.015483879232216854,0.015254396604446245
ADD,PROPETRO   HLDG  CORP,74347M108,,2980656.0,91.94510290307811,42742607.0,0.009312394597584726,0.015469992557628869,0.006157597960044142
TRIM,ACCENTURE     PLC     IRELAND,G1151C101,,343380.0,-39.855076271498156,42730207.0,0.04711285306361715,0.015465504578977622,-0.03164734848463953
ADD,MERCK   &  CO    INC,58933Y105,CALL,332300.0,4.431175361407919,42700550.0,0.01592913801075465,0.015454770709392138,-0.0004743673013625112
TRIM,AERCAP    HOLDINGS     NV,N00985106,,291066.0,-8.071744630048986,42431601.0,0.018075729412704526,0.01535742898598295,-0.0027183004267215764
TRIM,RBC   BEARINGS   INC,75524B104,,65838.0,-46.01893985979584,42403622.0,0.027567259341581846,0.015347302441250432,-0.012219956900331414
ADD,WATTS   WATER    TECHNOLOGIES         INC,942749102,,108110.0,1631.1449159327462,42319659.0,0.0007544441249829644,0.015316913396775064,0.014562469271792099
ADD,REDDIT    INC,75734B100,CALL,243300.0,177.73972602739727,42232014.0,0.004908774012556152,0.015285191712187285,0.010376417699631133
ADD,STARWOOD    PPTY    TR   INC,85571BBA2,,41500000.0,13.698630136986301,42176893.0,0.015525412870047313,0.01526524156128121,-0.000260171308766103
ADD,ONCE     UPON  A    FARM   PBC,68237F108,,2056490.0,58.13570439360257,42116915.0,0.00884864971979148,0.015243533498092142,0.006394883778300662
TRIM,MERCADOLIBRE          INC,58733R102,CALL,24800.0,-17.60797342192691,42095272.0,0.021658535501309344,0.015235700165676906,-0.0064228353356324385
TRIM,MEDLINE    INC,58507V107,,1066126.0,-45.49315958647184,42048009.0,0.036222640863587154,0.015218594090274179,-0.021004046773312975
TRIM,SPOTIFY      TECHNOLOGY        S      A,L8681T102,,91499.0,-66.93480484094204,42009936.0,0.05584302974355607,0.01520481418614604,-0.04063821555741003
ADD,CANADIAN  NAT   RES    LTD   MED  TER,136385101,CALL,863400.0,73.16486161251504,41998800.0,0.01389296066869125,0.015200783691770211,0.001307823023078962
TRIM,ANI   PHARMACEUTICALS        INC,00182C103,,507207.0,-14.325023268070128,41986595.0,0.018946114647041025,0.015196366290202596,-0.0037497483568384293
TRIM,VERMILION  ENERGY      INC,923725105,,4481976.0,-11.650366972278134,41890224.0,0.029056266693487365,0.015161486371605883,-0.013894780321881482
ADD,CONSTRUCTION   PARTNERS      INC,21044C107,,352270.0,6079.091387475882,41839108.0,0.0002636366389679534,0.01514298576541741,0.014879349126449457
ADD,NORTHERN   OIL   &   GAS  INC,665531307,,2301454.0,327.62535442609914,41771390.0,0.006546817768511971,0.015118476334908934,0.008571658566396963
ADD,PAGAYA    TECHNOLOGIES      LTD,M7S64L123,,2286864.0,161.44612197581336,41735268.0,0.0042407888219854716,0.015105402563550844,0.010864613741565372
ADD,RLJ  LODGING    TR,74965L101,,3516351.0,2754.9689037559065,41668759.0,0.0003803272563472496,0.015081330710960869,0.014701003454613618
TRIM,SOUTHERN     CO,842587107,,434991.0,-5.118680446191363,41632989.0,0.01841532729594046,0.015068384340287072,-0.0033469429556533866
ADD,IDEXX   LABS     INC,45168D104,,78980.0,12.114243534054452,41578231.0,0.016472905875365266,0.015048565571336676,-0.0014243403040285901
ADD,MADISON   SQUARE     GARDEN  ENTMT,558256103,,512995.0,32.244518114839885,41496166.0,0.009510143197039625,0.015018863477141955,0.00550872028010233
ADD,CYTEK   BIOSCIENCES   INC,23285D109,,9338010.0,48.415603933883446,41367384.0,0.011442443554213052,0.014972252923378667,0.003529809369165615
TRIM,LIVANOVA    PLC,G5509L101,,502395.0,-79.39882009504358,41311941.0,0.06450593547716928,0.014952186229801167,-0.049553749247368106
TRIM,ICHOR   HOLDINGS,G4740B105,,367403.0,-56.12543199497488,41252009.0,0.01624319727154913,0.01493049481556516,-0.0013127024559839717
TRIM,SENTINELONE     INC,81730H109,,2425795.0,-67.25141643518418,41165741.0,0.039704525967028254,0.014899271513767928,-0.024805254453260324
ADD,AMERESCO   INC,02361E108,,1487282.0,489.39605294444004,41048983.0,0.002677866078923939,0.0148570128515613,0.01217914677263736
TRIM,TRIP  COM   GROUP     LTD,89677QAB3,,41594000.0,-50.24284039524368,40992315.0,0.03610314781031363,0.014836502789125103,-0.021266645021188527
TRIM,AIRBNB     INC,009066101,,285867.0,-63.22388420682938,40907568.0,0.04085030608561862,0.014805829988580176,-0.026044476097038444
ADD,FRONTLINE     PLC,M46528101,,1173002.0,89.93830658872677,40808740.0,0.00895934260831608,0.014770060798729744,0.0058107181904136634
TRIM,UNITED  RENTALS   INC,911363109,PUT,36000.0,-10.0,40784040.0,0.012127963736824577,0.014761121034803471,0.002633157297978894
ADD,MARAVAI     LIFESCIENCES       HLDGS  I,56600D107,,6508220.0,294.55953052155513,40611293.0,0.0019426686208901848,0.014698598063185181,0.012755929442294997
TRIM,REVOLUTION     MEDICINES   INC,76155X100,,216208.0,-42.700857600203534,40491434.0,0.015271293443206617,0.01465521704438198,-0.0006160763988246366
TRIM,ARES   MANAGEMENT     CORPORATION,03990B101,,362969.0,-68.94648586217222,40402079.0,0.053069635724724326,0.014622876453060846,-0.03844675927166348
TRIM,SIMON   PPTY    GROUP     INC   NEW,828806109,,180592.0,-75.02226795682506,40389401.0,0.05612505367464081,0.014618287856823708,-0.0415067658178171
ADD,INSIGHT   ENTERPRISES        INC,45765U103,,330954.0,971.1872087001555,40310197.0,0.0008615975544519714,0.014589621255122635,0.013728023700670665
ADD,REALTY   INCOME   CORP,756109104,,649569.0,365.31063976102985,40247295.0,0.003554302310869879,0.014566854897612905,0.011012552586743026
ADD,WESTERN    UN   CO,959802109,,5225882.0,701.2465138243443,40239291.0,0.002369573993155019,0.014563957979780277,0.012194383986625257
TRIM,MEIRAGTX   HLDGS     PLC,G59665102,,2971752.0,-14.252449505857259,40148370.0,0.012490254941906651,0.01453105060018754,0.0020407956582808896
TRIM,RELX   PLC,759530108,,1267235.0,-0.6780386335456303,40133332.0,0.017601836420969998,0.014525607840271617,-0.0030762285806983803
TRIM,COCA   COLA   CO,191216100,CALL,493300.0,-24.166026133743273,40090491.0,0.020587759870212257,0.014510102235965324,-0.006077657634246933
ADD,AMPHENOL   CORP,032095101,PUT,226500.0,109.33456561922365,39936480.0,0.0056893818355245405,0.014454360455315562,0.008764978619791022
ADD,RESMED   INC,761152107,,204731.0,43.893027832443074,39897977.0,0.013291808621868222,0.014440424919669683,0.0011486162978014604
TRIM,HERSHEY   CO,427866108,,226821.0,-58.09396945281482,39795744.0,0.0468277087487583,0.01440342334535897,-0.03242428540339933
ADD,APPLIED    DIGITAL  CORP,038169207,,1065869.0,1135.962104872562,39756914.0,0.0008520046008140575,0.01438936945737285,0.013537364856558792
ADD,UNITED  THERAPEUTICS      CORP      DEL,91307C102,CALL,73300.0,1.103448275862069,39716139.0,0.01789124764631644,0.014374611608219257,-0.0035166360380971835
ADD,GRAB   HOLDINGS     LIMITED,G4124C109,,10530124.0,51.51231393557306,39698567.0,0.01058593483048792,0.014368251708149926,0.0037823168776620064
ADD,FERMI   INC,314911108,,4303619.0,7174.664886154263,39421150.0,0.00014377944381628783,0.014267845129642449,0.014124065685826161
ADD,SCHWAB   CHARLES     CORP,808513105,CALL,426900.0,37.39942066301899,39390063.0,0.012151762385331702,0.014256593694777022,0.0021048313094453198
ADD,TD  SYNNEX     CORPORATION,87162W100,,147157.0,426.0115813554475,39340952.0,0.0019642149998607005,0.014238818765781756,0.012274603765921056
ADD,JAZZ  INVESTMENTS       I    LTD,472145AH4,,23000000.0,35.294117647058826,39280274.0,0.0100254959264525,0.014216857348959147,0.004191361422506647
ADD,CARIS   LIFE  SCIENCES    INC,142152107,,2202647.0,44.17531333537554,39251170.0,0.011368000469455337,0.014206323628744159,0.002838323159288822
TRIM,ASSURANT     INC,04621X108,,146019.0,-43.74364308830328,39210482.0,0.02352762873551717,0.014191597267827876,-0.009336031467689293
ADD,CARVANA    CO,146869102,CALL,595600.0,1459.1623036649216,39202392.0,0.0049978227240058196,0.014188669223691702,0.009190846499685882
ADD,SELECT    SECTOR     SPDR   TR,81369Y100,,770130.0,11373.927294398094,39145708.0,0.00013958036775856575,0.014168153370315312,0.014028573002556747
TRIM,XYLEM   INC,98419M100,,331004.0,-4.572672365329451,39127983.0,0.017250074118193213,0.014161738094380365,-0.003088336023812848
TRIM,PENNYMAC  FINL    SVCS      INC   NEW,70932M107,,449157.0,-81.1734206290658,39121575.0,0.08677622642063114,0.014159418822832207,-0.07261680759779893
TRIM,NATERA   INC,632307104,,143927.0,-7.913830168398424,39068984.0,0.013008245307003752,0.014140384364344491,0.0011321390573407388
NEW,OPEN   TEXT  CORP,683715106,,1763473.0,,39016989.0,0.0,0.014121565618379045,0.014121565618379045
ADD,CADENCE   DESIGN        SYSTEM  INC,127387108,CALL,103600.0,31.472081218274113,38883152.0,0.009112351280054281,0.01407312548944785,0.004960774209393568
ADD,RENEW   ENERGY   GLOBAL     PLC,G7500M104,,6220253.0,1.9122682470836174,38876581.0,0.011633479458245645,0.014070747222696451,0.0024372677644508064
ADD,LUMENTUM       HLDGS  INC,55024U109,CALL,45200.0,159.77011494252872,38784312.0,0.0050888407147325065,0.014037351956392273,0.008948511241659766
TRIM,FIRST  HORIZON   CORPORATION,320517105,CALL,1512000.0,-79.14540288543765,38767680.0,0.06867281015648517,0.014031332274059408,-0.054641477882425765
TRIM,D   R  HORTON   INC,23331A109,,237871.0,-63.097546672789385,38744428.0,0.036810036670659144,0.014022916590220797,-0.022787120080438344
ADD,MICROCHIP  TECHNOLOGY        INC.,595017104,PUT,424000.0,66.73220605583955,38668800.0,0.006837678486614513,0.013995544263653343,0.007157865777038829
ADD,LIFESTANCE     HEALTH    GROUP  INC,53228F101,,3606755.0,89.92427262277066,38628346.0,0.005034289348251008,0.013980902595237413,0.008946613246986406
TRIM,EXPEDIA     GROUP  INC,30212P303,,150497.0,-11.392084594279524,38509172.0,0.016320107781673174,0.013937769501061318,-0.002382338280611856
TRIM,AMERICAN  INTL   GROUP         INC,026874784,,516346.0,-67.74937821743589,38483267.0,0.050138553706979644,0.013928393606951597,-0.036210160100028047
ADD,NETSKOPE    INC,64119N608,,3517244.0,28.04155874413669,38478649.0,0.009705587090527459,0.013926722196837773,0.004221135106310314
ADD,PBF   ENERGY    INC,69318G106,,843823.0,267.6916842417165,38410823.0,0.004547990146768535,0.013902173677482981,0.009354183530714447
ADD,FTAI  AVIATION    LTD,G3730V105,,141882.0,30.8222841020156,38383337.0,0.011057940110726135,0.013892225566095227,0.002834285455369092
ADD,ENSIGN   GROUP    INC,29358P101,,239149.0,269.61608605607245,38335585.0,0.00542569442477472,0.013874942505082784,0.008449248080308065
TRIM,ANHEUSER  BUSCH     INBEV    SA  NV,03524A108,,464843.0,-39.60615107979098,38303063.0,0.022220194592758168,0.013863171695268604,-0.008357022897489564
TRIM,SYNOPSYS    INC,871607107,PUT,85800.0,-29.67213114754098,38272806.0,0.02012999607478785,0.013852220665425803,-0.006277775409362047
TRIM,AMERICAN  EXPRESS      CO,025816109,CALL,112900.0,-41.59337816864977,38188425.0,0.02433274434729024,0.013821680332637835,-0.010511064014652407
ADD,TOYOTA   MOTOR   CORP,892331307,,226468.0,3734.5411445987133,38141741.0,0.0005065392474752695,0.013804783816883418,0.013298244569408148
TRIM,STATE  STR   SPDR   DOW  JONES   IND,78467X109,,72963.0,-65.03476731536902,38115142.0,0.040224255057573245,0.013795156740742734,-0.02642909831683051
NEW,ROLLINS     INC,775711104,,908901.0,,37937528.0,0.0,0.013730872237503827,0.013730872237503827
ADD,AVANOS   MED     INC,05350V106,,1524553.0,10926.710545349342,37930879.0,8.061144009245616e-05,0.013728465739918979,0.013647854299826522
ADD,ADTRAN   HOLDINGS      INC,00486H105,,2722820.0,43.577526179715264,37847198.0,0.009928317903633996,0.013698178760764552,0.0037698608571305556
ADD,OMADA   HEALTH    INC,68170A108,,1724057.0,56.16529060367122,37843051.0,0.005775172413529618,0.01369667782145272,0.0079215054079231
TRIM,MYRIAD     GENETICS    INC,62855J104,,6620372.0,-0.7264406865565511,37802324.0,0.012488891178552721,0.013681937345119712,0.0011930461665669908
ADD,SILA  REALTY    TRUST    INC,146280508,,1243780.0,624.7163841676232,37761161.0,0.0016912966965403808,0.013667039065666384,0.011975742369126003
ADD,KODIAK   GAS   SVCS  INC,50012A108,,502538.0,90.90632811372218,37755680.0,0.006388937918849524,0.013665055306715782,0.007276117387866258
ADD,CARTERS    INC,146229109,,916522.0,204.68468468468467,37724046.0,0.004476642059894001,0.013653605894082434,0.009176963834188433
ADD,GILDAN    ACTIVEWEAR       INC,375916103,,727882.0,73.63224549091265,37558711.0,0.009708638807547408,0.01359376557550955,0.0038851267679621427
ADD,CLEANSPARK   INC,18452B209,,2581258.0,685.2356384079045,37557304.0,0.0011641890511387629,0.01359325633470614,0.012429067283567376
ADD,RTX   CORPORATION,75513E101,CALL,197800.0,57.484076433121025,37528594.0,0.010082876363205593,0.013582865216393456,0.003499988853187863
TRIM,INVESCO   LTD,G491BT108,CALL,1420900.0,-66.95735082089205,37497551.0,0.04346890942640105,0.013571629706613566,-0.029897279719787485
ADD,SELECT  SECTOR  SPDR  TR,81369Y704,CALL,202400.0,146.22871046228713,37490552.0,0.005532545304363255,0.013569096532211946,0.00803655122784869
ADD,ASTERA   LABS   INC,04626A103,CALL,77600.0,32.64957264957265,37482352.0,0.0026682652182052425,0.01356612867536193,0.010897863457156688
TRIM,TRANE  TECHNOLOGIES      PLC,G8994E103,,76308.0,-66.98824160516365,37479437.0,0.04008936483720522,0.013565073638445124,-0.026524291198760094
TRIM,KBR   INC,48242W106,,1084819.0,-1.6452017969745185,37458800.0,0.016919192751114764,0.013557604411394659,-0.003361588339720105
ADD,PDD    HOLDINGS    INC,722304102,PUT,490700.0,13.404206147446269,37430596.0,0.01839989600354994,0.013547396431565648,-0.004852499571984293
ADD,LANTHEUS    HLDGS  INC,516544103,,336399.0,31.798681225684366,37320105.0,0.008056785126923656,0.01350740600824671,0.005450620881323054
ADD,ABBOTT    LABORATORIES,002824100,CALL,411200.0,291.61904761904765,37312288.0,0.004486373595526684,0.013504576772027616,0.009018203176500933
TRIM,ADOBE   INC,00724F101,,181415.0,-50.5549165717276,37193703.0,0.03711606108889203,0.013461656856837454,-0.023654404232054577
TRIM,ABBVIE    INC,00287Y109,CALL,147800.0,-25.803212851405622,37192392.0,0.01802981216227551,0.013461182361675214,-0.004568629800600297
TRIM,CIPHER  DIGITAL       INC,17253J106,,1517596.0,-46.488737252872056,37181102.0,0.015189801404012264,0.013457096129500006,-0.0017327052745122577
ADD,PLUG   PWR   INC,72919P202,,13703609.0,33.97117777751273,37136780.0,0.009620432408282163,0.0134410545012919,0.0038206220930097363
TRIM,PAYPAL   HLDGS  INC,70450Y103,CALL,857900.0,-49.31466383079287,37044122.0,0.031859833300261334,0.013407518442754224,-0.01845231485750711
TRIM,ATOUR   LIFESTYLE   HLDGS   LTD,04965M106,,1164514.0,-16.071425997437128,37031545.0,0.02125510541956384,0.01340296640182707,-0.007852139017736768
KEEP,BANK   NOVA     SCOTIA     B  C,064149107,PUT,300000.0,0.0,36981000.0,0.012044148680528718,0.01338467245981681,0.001340523779288092
ADD,CENTENE     CORP     DEL,15135B101,CALL,575500.0,531.7233809001098,36941345.0,0.0012412510442841118,0.013370319976476879,0.012129068932192767
ADD,COHEN   &  STEERS     INC,19247A100,,485159.0,97.66908409387223,36940006.0,0.006389034468467502,0.013369835347169297,0.006980800878701795
NEW,GLOBALSTAR      INC,378973507,CALL,454200.0,,36921918.0,0.0,0.01336328868927867,0.01336328868927867
NEW,ON  SEMICONDUCTOR        CORP,682189AU9,,30500000.0,,36914618.0,0.0,0.013360646572814633,0.013360646572814633
ADD,NASDAQ   INC,631103108,,466690.0,63.969503197245444,36784506.0,0.010055056756039429,0.013313554647147622,0.0032584978911081933
ADD,VENTURE   GLOBAL      INC,92333F101,,3304753.0,43.07770371047048,36781901.0,0.015149064956144456,0.0133126118096971,-0.001836453146447356
ADD,NATIONAL     ENERGY   SERVICES      REU,G6375R107,,1227885.0,51.32955713472304,36750598.0,0.007249842147165503,0.013301282197139037,0.006051440049973534
ADD,WEC   ENERGY     GROUP  INC,92939U106,,314516.0,132.88855979266938,36726033.0,0.0065065861253278115,0.01329239129427066,0.006785805168942849
TRIM,PHATHOM   PHARMACEUTICALS             INC,71722W107,,3375834.0,-16.08475359497319,36627799.0,0.018600166961774495,0.013256837093074977,-0.005343329868699518
ADD,VANECK  ETF  TRUST,92189F106,,484424.0,858.3445437999526,36549791.0,0.0019304888033499122,0.013228603364153494,0.011298114560803582
ADD,RIOT   PLATFORMS    INC,767292105,CALL,1334000.0,160.14040561622465,36524920.0,0.0026377222459526817,0.013219601709553885,0.010581879463601203
TRIM,GILEAD    SCIENCES   INC,375558103,PUT,288800.0,-49.695175056610346,36486992.0,0.03329809758548756,0.013205874285821265,-0.020092223299666295
TRIM,IREN   LIMITED,Q4982L109,,797432.0,-39.237767081358236,36466565.0,0.018722477848941654,0.013198481064860863,-0.005523996784080791
ADD,REDDIT    INC,75734B100,PUT,210000.0,337.5,36451800.0,0.002689739184962275,0.013193137112862022,0.010503397927899748
TRIM,COREBRIDGE    FINL  INC,21871X109,,1272680.0,-27.65225695875483,36436828.0,0.017467359033451254,0.013187718240574405,-0.004279640792876849
ADD,GRAND   CANYON     ED  INC,38526M106,,254418.0,480.69066258872937,36409760.0,0.0031002098979014897,0.01317792141749925,0.01007771151959776
ADD,MONSTER   BEVERAGE       CORP  NEW,61174X109,,378456.0,463.7994219825403,36377191.0,0.002024191872245522,0.013166133596798245,0.011141941724552722
TRIM,BRIDGEBIO   PHARMA    INC,10806X102,,487594.0,-23.005354636078973,36316001.0,0.019571105293937237,0.013143986869889395,-0.006427118424047843
TRIM,UNITED  PARCEL   SVCS     INC,911312106,PUT,337800.0,-65.82355321732092,36313500.0,0.040467104397325815,0.01314308167355014,-0.027324022723775675
TRIM,WINGSTOP     INC,974155103,,209181.0,-27.58746027679888,36274077.0,0.018630249242530934,0.013128813158843039,-0.005501436083687895
ADD,COOPER   COS  INC,216648501,,505208.0,369.0882079851439,36228466.0,0.0032046774168772822,0.013112304998015458,0.009907627581138176
ADD,PAYPAL   HLDGS  INC,70450Y103,,837933.0,39.02456020427294,36181947.0,0.011345063276591372,0.013095468201331804,0.0017504049247404323
ADD,LAUDER   ESTEE   COS   INC,518439104,,457993.0,78.29133560937251,36158547.0,0.007672451061430345,0.013086998951296388,0.005414547889866043
TRIM,LOWES   COS   INC,548661107,CALL,163700.0,-24.072356215213357,36094213.0,0.02120011874747715,0.01306371430463919,-0.00813640444283796
ADD,VANECK  ETF  TRUST,92189F106,PUT,477500.0,20.277078085642316,36027375.0,0.015161906471497592,0.01303952337584145,-0.0021223830956561412
ADD,HOST   HOTELS   &    RESORTS   INC,44107P104,,1519065.0,125.82853523978574,36017031.0,0.0053635905476593715,0.013035779533005281,0.00767218898534591
ADD,HIVE   DIGITAL    TECHNOLOGIES         LT,433921103,,9887326.0,35.664773203612434,35999518.0,0.005753628531531981,0.01302944098702792,0.007275812455495938
ADD,GATES   INDL   CORP  PLC,G39108108,,1285828.0,649.4349344011005,35964609.0,0.0016144036652264923,0.013016806241323377,0.011402402576096884
TRIM,TECK   RESOURCES      LTD,878742204,,604689.0,-48.23723477199401,35954808.0,0.02515859024406463,0.01301325892852008,-0.012145331315544551
TRIM,ITRON     INC,465741106,,414783.0,-27.295083978671414,35891173.0,0.02128007431602679,0.012990227273562659,-0.008289847042464132
ADD,TENABLE    HLDGS     INC,88025T102,,972922.0,69.718589949342,35881363.0,0.004035368273360692,0.012986676703355505,0.008951308429994812
TRIM,WORKDAY   INC,98138H101,CALL,293100.0,-26.633291614518146,35881302.0,0.021600080533894103,0.012986654625396011,-0.008613425908498092
ADD,TORO   CO,891092108,,367902.0,34.60633623228705,35841013.0,0.010628256856133719,0.012972072676050843,0.0023438158199171246
TRIM,ABBOTT    LABORATORIES,002824100,PUT,394300.0,-14.020933275185346,35778782.0,0.019594770770557497,0.012949549176095547,-0.00664522159446195
TRIM,TWIST   BIOSCIENCE        CORP,90184D100,,347148.0,-0.9857274874217066,35714586.0,0.006933553505752468,0.01292631447629753,0.0059927609705450625
TRIM,PINNACLE   WEST    CAP  CORP,723484101,,333402.0,-23.831086051622748,35674014.0,0.01835261998371275,0.012911630099697664,-0.005440989884015087
TRIM,TEREX  CORP   NEW,880779103,,492295.0,-27.417844805597863,35637235.0,0.016681904169963114,0.012898318537857813,-0.003783585632105301
ADD,MOLSON   COORS     BEVERAGE    CO,60871R209,,913952.0,13.98653291876973,35607570.0,0.014368334781505012,0.012887581772802229,-0.0014807530087027829
TRIM,ALEXANDRIA     REAL   ESTATE  EQ  IN,015271109,,673733.0,-14.702657672713276,35606789.0,0.01525878777070567,0.012887299102533955,-0.0023714886681717156
TRIM,INTUIT,461202103,PUT,136400.0,-29.835390946502056,35600400.0,0.034980372719017105,0.012884986707727275,-0.022095386011289832
TRIM,CARETRUST     REIT   INC,14174T107,,882046.0,-24.660841995034026,35590556.0,0.017856939655124908,0.012881423831772204,-0.0049755158233527035
TRIM,FRESENIUS   MEDICAL     CARE  AG,358029106,,1571805.0,-4.23420201413391,35538511.0,0.015409548334528728,0.01286258698911865,-0.0025469613454100776
TRIM,COEUR   MNG   INC,192108504,,2175165.0,-84.07187134504636,35498693.0,0.10636186451288472,0.012848175510575478,-0.09351368900230925
TRIM,ARISTA  NETWORKS    INC,040413205,,208862.0,-61.39641396340032,35481477.0,0.027645343428958885,0.01284194445892549,-0.014803398970033394
TRIM,IOVANCE     BIOTHERAPEUTICS    INC,462260100,,8525919.0,-9.436429207846961,35467823.0,0.013751730634184141,0.012837002615336449,-0.0009147280188476926
TRIM,GODADDY     INC,380237107,,416102.0,-51.430522402432544,35318738.0,0.02947452962645679,0.01278304372039927,-0.01669148590605752
TRIM,RHYTHM    PHARMACEUTICALS     INC,76243J105,,316719.0,-29.902285176783046,35165311.0,0.016353183100586907,0.012727513309066633,-0.0036256697915202744
TRIM,COGENT   BIOSCIENCES       INC,19240Q201,,907712.0,-23.875592709194688,35128454.0,0.019100055938149427,0.012714173516393328,-0.0063858824217560995
ADD,WEIBO  CORP,948596AJ0,,35000000.0,27.73722627737226,35045500.0,0.012032458269672674,0.012684149663084017,0.0006516913934113428
ADD,ISHARES  INC,464286509,CALL,607300.0,1.1998000333277787,35004772.0,0.013683194554933196,0.012669408824817248,-0.0010137857301159483
TRIM,OLD   DOMINION     FREIGHT     LINE  IN,679580100,,161409.0,-25.705619177376,34961189.0,0.017666841364408277,0.012653634665659403,-0.005013206698748874
ADD,SUPER  MICRO     COMPUTER     INC,86800U302,CALL,1189400.0,112.27913617704802,34885102.0,0.005309409565488216,0.012626096211495099,0.007316686646006883
ADD,LOEWS   CORP,540424108,,307594.0,789.7200046280227,34822717.0,0.0015357277952771943,0.012603516973740424,0.01106778917846323
TRIM,ALIGNMENT      HEALTHCARE      INC,01625V104,,1462511.0,-61.89412770126263,34822387.0,0.028143344693837502,0.012603397535598899,-0.015539947158238603
NEW,MAKEMYTRIP       LIMITED     MAURITIUS,56087FAD6,,38250000.0,,34819893.0,0.0,0.01260249487279598,0.01260249487279598
TRIM,HOME   DEPOT     INC,437076102,,98688.0,-85.03539173525647,34805284.0,0.09026351455721966,0.01259720738246404,-0.07766630717475562
TRIM,WIX  COM  LTD,M98068105,,766713.0,-73.10521620871711,34785769.0,0.10685811456745105,0.012590144245094761,-0.09426797032235629
TRIM,BANK   NOVA     SCOTIA     B  C,064149107,,400341.0,-10.134481435007373,34765396.0,0.01284932754894805,0.012582770568557515,-0.00026655698039053377
ADD,SELECT    SECTOR     SPDR   TR,81369Y308,PUT,418200.0,2223.3333333333335,34739874.0,0.0006141055097935591,0.012573533295078716,0.011959427785285158
NEW,UBIQUITI    INC,90353W103,,65008.0,,34716222.0,0.0,0.012564972837735227,0.012564972837735227
ADD,SYMBOTIC    INC,87151X101,,770980.0,115.71183955770931,34655551.0,0.007913039392241231,0.012543013954448956,0.004629974562207725
TRIM,JABIL     INC,466313103,CALL,89900.0,-28.763866877971473,34654652.0,0.013950798051481151,0.012542688575996743,-0.0014081094754844082
TRIM,US   FOODS  HLDG    CORP,912008109,,338780.0,-20.95236095264095,34640255.0,0.01644634723950286,0.012537477815622387,-0.003908869423880471
ADD,ISHARES  TR,464287739,,338747.0,64.15262573839048,34636881.0,0.008120778380183906,0.012536256651108735,0.00441547827092483
ADD,AGNC      INVT  CORP,00123Q104,PUT,3170800.0,150.02365557483046,34561720.0,0.005293601646355157,0.012509053347608228,0.007215451701253071
ADD,TENARIS    S  A,88031M109,,619526.0,801.4827641400987,34377498.0,0.0016639427748160979,0.012442377186068724,0.010778434411252626
ADD,NIO   INC,62914V106,,6785809.0,495.7329187257312,34336194.0,0.0028584454928647254,0.012427427873954927,0.009568982381090201
ADD,SOTERA  HEALTH       CO,83601L102,,1932584.0,506.2419027482817,34303366.0,0.0019024103433286526,0.012415546312409518,0.010513135969080866
ADD,DANAHER     CORP  DEL,235851102,CALL,179800.0,295.16483516483515,34248304.0,0.0035901476050304118,0.01239561751559541,0.008805469910564998
ADD,CARVANA    CO,146869102,PUT,520200.0,442.44004171011466,34239564.0,0.012546890032255446,0.012392454214513808,-0.00015443581774163793
ADD,SUMMIT   THERAPEUTICS          INC,86627T108,,2349081.0,1760.3193081656411,34226110.0,0.0009963487766630834,0.012387584757677204,0.01139123598101412
ADD,KYNDRYL     HLDGS   INC,50155Q100,,3020579.0,2080.8289893578617,34162748.0,0.0007562494363742824,0.012364651910636864,0.011608402474262581
TRIM,INTEGER   HLDGS    CORP,45826H109,,365361.0,-21.645953741730022,34142985.0,0.017076780871112543,0.012357499013694557,-0.004719281857417986
ADD,RIO   TINTO   PLC,767204100,,359321.0,1756.6682168139305,34110343.0,0.0007513562018562748,0.012345684771828916,0.011594328569972641
TRIM,HORMEL   FOODS  CORP,440452100,,1371268.0,-51.0677527431138,34034872.0,0.026415446952678626,0.012318369268862126,-0.0140970776838165
ADD,BIOCRYST   PHARMACEUTICALS      INC,09058V103,,3394729.0,1708.3906435614556,33947290.0,0.0007437250365767455,0.012286670386101366,0.01154294534952462
TRIM,WERNER  ENTERPRISES      INC,950755108,,777971.0,-6.582459662651644,33927315.0,0.010192778127489784,0.012279440759201477,0.002086662631711693
ADD,NEWELL    BRANDS   INC,651229106,,5524513.0,88.58694112325797,33920510.0,0.004181567283896463,0.012276977799949724,0.00809541051605326
TRIM,GE   VERNOVA    INC,36828A101,,28852.0,-88.59875128428041,33897061.0,0.09192858429912835,0.01226849081515996,-0.0796600934839684
TRIM,EQUIFAX  INC,294429105,,213313.0,-31.885224177515507,33857039.0,0.02346820827192216,0.0122540055021293,-0.01121420276979286
ADD,GRUPO  FINANCIERO      GALICIA        S.A,399909100,,676400.0,110.48111302312988,33840292.0,0.0062468763923737985,0.012247944197413783,0.006001067805039985
TRIM,PRIMO   BRANDS   CORPORATION,741623102,,1383066.0,-44.96571762592719,33802133.0,0.019693481102399244,0.0122341331669821,-0.007459347935417145
ADD,AGCO   CORP,001084102,,281837.0,472.1416971173366,33735889.0,0.002375351988396388,0.012210157226839104,0.009834805238442716
TRIM,INTUITIVE    SURGICAL     INC,46120E602,PUT,84800.0,-32.322426177174776,33723264.0,0.024038377463103822,0.012205587813091364,-0.011832789650012459
TRIM,ALPHABET     INC,02079K305,,94273.0,-94.33178590260746,33690342.0,0.19903622760878256,0.012193672229772304,-0.18684255537901026
NEW,MIDDLEBY   CORP,596278101,,195321.0,,33597165.0,0.0,0.01215994832761205,0.01215994832761205
ADD,CATALYST     PHARMACEUTICALS   INC,14888U101,,1068724.0,39.339835799898566,33589995.0,0.007903209226179837,0.012157353262537095,0.004254144036357259
ADD,PEGASYSTEMS    INC,705573103,,1115987.0,268.6166804293972,33446130.0,0.005362265903547208,0.012105283661838587,0.006743017758291379
ADD,ZILLOW  GROUP     INC,98954M200,,1060619.0,2331.2183381088826,33430711.0,0.0007512567391032722,0.012099703005159267,0.011348446266055995
ADD,NEXTNAV    INC,65345N106,,1873548.0,40.008115554738524,33405361.0,0.008921475598448074,0.012090527984287567,0.0031690523858394926
ADD,NEKTAR   THERAPEUTICS,640268306,,478120.0,18.265446711042184,33377557.0,0.01210521215227793,0.012080464777963436,-2.474737431449464e-05
ADD,EXTREME     NETWORKS    INC,30226D106,,1028891.0,546.5888666842628,33305202.0,0.000998631009874238,0.012054277060599652,0.011055646050725414
ADD,SAP   SE,803054204,CALL,216000.0,292.01451905626135,33287760.0,0.003925936772301995,0.012047964211919407,0.008122027439617412
TRIM,COINBASE    GLOBAL  INC,19260QAF4,,37000000.0,-11.025610195984129,33280957.0,0.016113377986935646,0.012045501976535181,-0.004067876010400465
TRIM,BANNER     CORP,06652V208,,500749.0,-8.198281109065976,33269764.0,0.01377455005316066,0.012041450851934905,-0.001733099201225755
ADD,TANGER  INC,875465106,,841197.0,1020.0428738815509,33202046.0,0.0010620599472638964,0.012016941421426432,0.010954881474162535
ADD,FLUOR   CORP,343412AJ1,,25000000.0,25.0,33164850.0,0.010252440381291887,0.012003478933207742,0.001751038551915855
TRIM,COHERENT   CORP,19247G107,,83939.0,-90.55881800482075,33111417.0,0.08813734922574204,0.011984139726492257,-0.07615320949924978
NEW,DPC   HOLDINGS     PLC,G2R11M108,,674452.0,,33088615.0,0.0,0.011975886912846635,0.011975886912846635
ADD,KENNAMETAL     INC,489170100,,943843.0,534.1880169592882,33081697.0,0.0022377538009413834,0.011973383055079754,0.009735629254138371
ADD,BREAD    FINANCIAL   HOLDINGS    INC,018581108,,305297.0,68.90193301393055,33078930.0,0.005633448394554668,0.011972381584359754,0.006338933189805086
ADD,CAE    INC,124765108,,1320353.0,136.01333476333477,33073412.0,0.006064902419080245,0.01197038443385995,0.005905482014779705
TRIM,EVERUS   CONSTR      GROUP,300426103,,199162.0,-64.7805704443411,33050934.0,0.02778366365773799,0.01196224888675328,-0.01582141477098471
TRIM,ARCHER   DANIELS    MIDLAND    CO,039483102,,432259.0,-50.48483189248817,33024588.0,0.026408457093266783,0.01195271337985443,-0.014455743713412354
ADD,GLOBE   LIFE  INC,37959E102,,184772.0,20.48645300120635,33015061.0,0.00888190523691463,0.011949265236901978,0.0030673599999873485
TRIM,NEXGEN   ENERGY      LTD,65340P106,,3518448.0,-37.59829057403682,32995748.0,0.027191340490851985,0.011942275210152661,-0.015249065280699324
TRIM,BLACKROCK      INC,09290D101,PUT,34300.0,-9.973753280839896,32981508.0,0.015248660048709563,0.011937121273378972,-0.0033115387753305907
ADD,MINERALYS     THERAPEUTICS     INC,603170101,,1221758.0,132.60061683737578,32963031.0,0.0059216931174045995,0.011930433823254854,0.006008740705850254
TRIM,OCCIDENTAL     PETE     CORP,674599105,PUT,678100.0,-2.669728721113822,32935317.0,0.0188461108832481,0.01192040319096932,-0.006925707692278779
ADD,SPHERE   ENTERTAINMENT       CO,55826T102,,190239.0,358.0650598348222,32917054.0,0.00202909800779007,0.011913793194670312,0.009884695186880243
TRIM,PEBBLEBROOK     HOTEL   TR,70509V100,,1689674.0,-32.5559135527299,32796572.0,0.013168156027940895,0.011870186691133261,-0.0012979693368076334
ADD,UNITED  AIRLS   HLDGS     INC,910047109,PUT,240800.0,7.596067917783736,32746392.0,0.008575131726818121,0.011852024854946203,0.0032768931281280823
TRIM,CAPITAL   ONE  FINL     CORP,14040H105,PUT,163200.0,-66.89655172413794,32741184.0,0.037428786966169275,0.01185013990391268,-0.025578647062256595
ADD,ELEVANCE  HEALTH    INC    FORMERLY,036752103,PUT,84300.0,246.91358024691357,32601339.0,0.0029605046814989875,0.011799525276938203,0.008839020595439215
NEW,VARONIS   SYS   INC,922280102,,775295.0,,32531378.0,0.0,0.011774204029001121,0.011774204029001121
ADD,SOFI  TECHNOLOGIES          INC,83406F102,PUT,1810800.0,10.56295029918183,32467644.0,0.010823654971785444,0.01175113654260124,0.0009274815708157965
NEW,BROWN   FORMAN    CORP,115637209,,1214645.0,,32370289.0,0.0,0.011715900481182527,0.011715900481182527
TRIM,CROWN   HLDGS     INC,228368106,,288938.0,-34.62600995074404,32309047.0,0.018439393120545607,0.011693734933718043,-0.006745658186827564
TRIM,LENNAR   CORP,526057104,PUT,356800.0,-18.445714285714285,32286832.0,0.015811040349158194,0.01168569457519083,-0.004125345773967363
TRIM,PLEXUS   CORP,729132100,,107320.0,-64.88840322717844,32267904.0,0.02576341700264085,0.01167884389293996,-0.01408457310970089
TRIM,PROCTER   &  GAMBLE  CO,742718109,CALL,218800.0,-27.978933508887426,32084832.0,0.018261557879798537,0.011612583955226984,-0.006648973924571554
ADD,BLOCK   INC,852234103,,422133.0,118.01237424339455,32082108.0,0.004849343144907478,0.011611598047658758,0.00676225490275128
ADD,DISNEY  WALT   CO,254687106,CALL,332500.0,45.133129637712784,32003125.0,0.00918913402839936,0.011583011433319133,0.002393877404919772
ADD,CORPAY     INC,219948106,,95860.0,2893.7539038101186,31947262.0,0.00038775907995862734,0.011562792727561508,0.01117503364760288
TRIM,PRIMERICA   INC,74164M108,,111941.0,-35.21932870370371,31813632.0,0.01801272287989352,0.011514427518919087,-0.006498295360974434
ADD,CINCINNATI    FINL    CORP,172062101,,171738.0,30.847003070452793,31795573.0,0.008594724224511035,0.011507891357107568,0.002913167132596534
TRIM,DELL   TECHNOLOGIES        INC,24703L202,,73544.0,-72.36154276888156,31731294.0,0.01817540066294244,0.01148462661680729,-0.006690774046135148
TRIM,BUILDERS   FIRSTSOURCE          INC,12008R107,,354523.0,-37.94038462211734,31722718.0,0.01957293807203022,0.011481522672862687,-0.008091415399167533
TRIM,DEERE   &   CO,244199105,CALL,49900.0,-54.13602941176471,31653067.0,0.025505346116219577,0.011456313624391885,-0.014049032491827693
ADD,ROCKET  COS   INC,77311W101,CALL,2006400.0,356.0,31600800.0,0.002609336658267339,0.01143739643244312,0.008828059774175782
TRIM,PHILIP   MORRIS     INTL  INC,718172109,CALL,174300.0,-8.98172323759791,31532613.0,0.013176779739939717,0.011412717255000177,-0.0017640624849395402
TRIM,HCA   HEALTHCARE    INC,40412C101,PUT,80800.0,-38.88048411497731,31503112.0,0.026036072707646758,0.011402039847081595,-0.014634032860565162
KEEP,DANAHER     CORP  DEL,235851102,PUT,165300.0,0.30339805825242716,31486344.0,0.013003435721077181,0.011395970941757072,-0.0016074647793201096
ADD,APPLE   HOSPITALITY     REIT    INC,03784Y200,,1870328.0,325.6249559088913,31440214.0,0.0021048861286051225,0.011379274937306911,0.009274388808701788
TRIM,NLIGHT    INC,65487K100,,449024.0,-33.159467924213736,31261051.0,0.015941142624031266,0.011314429798670365,-0.004626712825360901
TRIM,GALLAGHER    ARTHUR      J  &    CO,363576109,,136089.0,-41.84727801042646,31241952.0,0.021092783871312287,0.01130751722574616,-0.009785266645566127
ADD,MARTIN     MARIETTA    MATLS   INC,573284106,,54131.0,264.24870466321244,31217348.0,0.0036407416856612785,0.011298612207461057,0.007657870521799778
TRIM,DELTA   AIR  LINES     INC,247361702,CALL,333300.0,-14.05363589479113,31216878.0,0.010729052992653493,0.011298442098592825,0.000569389105939332
ADD,PUBLIC   STORAGE,74460D109,,98056.0,220.27697935719885,31212205.0,0.003451341715026397,0.011296750782122077,0.007845409067095679
ADD,BALCHEM     CORP,057665200,,184563.0,57.29711763001346,31181919.0,0.008275703062444382,0.011285789256200171,0.0030100861937557895
TRIM,ABIVAX   SA,00370M103,,233740.0,-61.42853371001598,31148192.0,0.028081460134173335,0.011273582316202544,-0.01680787781797079
ADD,NATWEST   GROUP       PLC,639057207,,1765776.0,0.7439796980263998,31130631.0,0.010868393234853556,0.011267226397404599,0.0003988331625510433
TRIM,WELLS   FARGO    &  CO,949746101,CALL,376400.0,-68.04753820033956,31105696.0,0.03902792746851241,0.011258201579044209,-0.027769725889468203
ADD,FIRST   SOLAR    INC,336433107,PUT,131800.0,68.75800256081946,31099528.0,0.006411396525245067,0.011255969171598976,0.004844572646353909
NEW,AMPHASTAR       PHARMACEUTICALS   IN,03209RAB9,,34000000.0,,30989379.0,0.0,0.011216102529626711,0.011216102529626711
TRIM,PERRIGO     CO  PLC,G97822103,,2982331.0,-30.31498942340068,30986419.0,0.019128606326044767,0.011215031205690607,-0.00791357512035416
ADD,STMICROELECTRONICS           N  V,861012102,CALL,413200.0,25.440194292653306,30944548.0,0.004736245671500668,0.011199876677133645,0.006463631005632978
TRIM,GRIFOLS    S    A,398438408,,4369934.0,-12.69791103123504,30939133.0,0.016706565938761984,0.011197916805811349,-0.005508649132950636
TRIM,LINDE   PLC,G54950103,CALL,59600.0,-8.307692307692308,30928824.0,0.013410575472196177,0.011194185630656855,-0.0022163898415393218
ADD,JOBY  AVIATION     INC,47775AAA9,,33893000.0,29.85823754789272,30901694.0,0.009311052058500266,0.011184366367688443,0.0018733143091881777
TRIM,TOTALENERGIES           SE,F92124100,CALL,453700.0,-12.073643410852714,30852976.0,0.017121254871217656,0.011166733678661719,-0.005954521192555937
ADD,FACTSET     RESH     SYS   INC,303075105,,134039.0,129.34996492308747,30839693.0,0.0052775798198788195,0.011161926112498452,0.005884346292619633
TRIM,ALTRIA   GROUP    INC,02209S103,,428401.0,-80.46615737747376,30823452.0,0.06022870083904594,0.011156047946266606,-0.04907265289277933
TRIM,TECHNIPFMC     PLC,G87110105,,463657.0,-84.88925636318424,30740459.0,0.08827548551085242,0.01112600997754057,-0.07714947553331185
TRIM,MODERNA     INC,60770K107,,438615.0,-56.96511408858643,30716208.0,0.0215471139128663,0.011117232721873524,-0.010429881190992776
ADD,KROGER  CO,501044101,,551074.0,63.726034885897384,30601139.0,0.0101356898365635,0.011075585365791247,0.0009398955292277463
TRIM,BRIDGEBIO   PHARMA    INC,10806XAB8,,17144000.0,-30.43337120597306,30528589.0,0.01847608239153915,0.011049327071343837,-0.007426755320195313
ADD,AVIENT   CORPORATION,05368V106,,825663.0,256.72414314537906,30516504.0,0.0034965481605092686,0.011044953101827681,0.007548404941318413
ADD,MONGODB   INC,60937P106,CALL,90600.0,25.13812154696133,30432540.0,0.007374954221740445,0.011014563695418552,0.0036396094736781074
ADD,BATH  &  BODY  WORKS   INC,070830104,,1312620.0,0.7222177887183012,30360901.0,0.010125596656025549,0.010988635122628501,0.0008630384666029525
TRIM,SLB  LIMITED,806857108,PUT,652900.0,-42.74815854086286,30353321.0,0.02438924751423861,0.010985891664711048,-0.013403355849527562
ADD,SYNAPTICS      INC,87157DAJ8,,20400000.0,5000.0,30321880.0,0.0001720697303700925,0.010974512105293804,0.01080244237492371
TRIM,GE  AEROSPACE,369604301,CALL,81100.0,-45.606975184439975,30309503.0,0.01760786494582353,0.010970032451119088,-0.006637832494704444
TRIM,INTUITIVE     MACHINES     INC,46125A100,,1415395.0,-42.99370689221165,30275299.0,0.01917765061884224,0.010957652868716892,-0.008219997750125347
NEW,ENVISTA     HOLDINGS   CORPORATION,29415F104,,1147047.0,,30224688.0,0.0,0.010939335039078327,0.010939335039078327
ADD,PENSKE   AUTOMOTIVE      GRP     INC,70959W103,,168776.0,253.32440127281865,30202465.0,0.0029723428299170216,0.010931291785081019,0.007958948955163997
ADD,LITHIUM    ARGENTINA      AG,53680QAA6,,30325000.0,15.744274809160306,29969682.0,0.010556478873761897,0.010847039758115453,0.00029056088435355613
ADD,PAYONEER   GLOBAL    INC,70451X104,,5656799.0,181.37651076749825,29929720.0,0.0011200379928592986,0.010832576161110526,0.009712538168251227
ADD,GOLD   FIELDS     LTD,38059T106,,889632.0,700.5471168382405,29882739.0,0.0020996258390739426,0.010815572151028737,0.008715946311954794
ADD,SUPER  MICRO     COMPUTER     INC,86800UAB0,,32490000.0,51.116279069767444,29865360.0,0.0071927317996454574,0.010809282104175512,0.0036165503045300544
ADD,SUPER   GROUP     SGHC   LIMITED,G8588X103,,2201345.0,148.06486764246844,29828225.0,0.00398849634696771,0.010795841693916315,0.0068073453469486055
ADD,AKAMAI  TECHNOLOGIES       INC,00971TAN1,,25000000.0,72.41379310344827,29812133.0,0.0068939082350326615,0.010790017455815037,0.003896109220782376
TRIM,ARCH   CAP     GROUP     LTD,G0450A105,,305902.0,-28.965065623867954,29690848.0,0.017202790607437388,0.010746120319466944,-0.006456670287970444
ADD,SOCIEDAD    QUIMICA      Y  MINERA    DE,833635105,,400467.0,419.6483487964705,29650577.0,0.00259587006737023,0.010731544884929497,0.008135674817559266
TRIM,TERADYNE  INC,880770102,CALL,61200.0,-48.223350253807105,29611008.0,0.014582975818646626,0.010717223527893114,-0.0038657522907535116
TRIM,MSC   INDL   DIRECT   INC,553530106,,248481.0,-65.89619572825768,29556815.0,0.027977793311167322,0.010697609251518359,-0.017280184059648963
ADD,FIRST  AMERN  FINL     CORP,31847R102,,430205.0,557.2028719828903,29507761.0,0.0016424184524393443,0.010679854952747534,0.00903743650030819
TRIM,CORE   NATURAL  RESOURCES  INC,218937100,,368617.0,-17.82177555633831,29496732.0,0.019550248495643397,0.010675863185284261,-0.008874385310359136
ADD,OTIS   WORLDWIDE   CORP,68902V107,,411556.0,364.84593837535016,29467410.0,0.002840038224964913,0.010665250563509112,0.0078252123385442
ADD,PHIBRO   ANIMAL     HEALTH       CORP,71742Q106,,936701.0,1578.1042297425606,29412411.0,0.0012848377866929842,0.010645344568522026,0.009360506781829042
ADD,OLD   NATL   BANCORP     IND,680033107,,1133790.0,24.23639091087401,29365161.0,0.008393414109406782,0.010628243198258204,0.0022348290888514217
NEW,PURECYCLE    TECHNOLOGIES    INC,74623VAD5,,29050000.0,,29361009.0,0.0,0.01062674044927756,0.01062674044927756
KEEP,INTERCONTINENTAL        HOTELS      GROU,45857P806,,169428.0,-0.2872007344805669,29331375.0,0.009437304417356492,0.010616014904168608,0.0011787104868121161
ADD,HESS   MIDSTREAM      LP,428103105,,776769.0,424.92549517830474,29206514.0,0.002393708900676479,0.010570823492686897,0.008177114592010417
ADD,STRYKER   CORPORATION,863667101,,92570.0,243.84518237872373,29144739.0,0.003681495196177091,0.01054846503452716,0.00686696983835007
ADD,GROCERY    OUTLET  HLDG   CORP,39874R101,,2919921.0,15.724261256965939,29140812.0,0.007402840414850042,0.010547043720643013,0.0031442033057929707
TRIM,BLUE  OWL   CAPITAL     INC,09581B103,,3328972.0,-46.7486319130183,29128505.0,0.02375268589502239,0.010542589401831651,-0.013210096493190738
ADD,BLOOM   ENERGY      CORP,093712107,PUT,96200.0,30.17591339648173,29119740.0,0.004166911301584789,0.010539417052405992,0.006372505750821203
TRIM,CORE  SCIENTIFIC    INC   NEW,21874A114,CALL,1547856.0,-22.308788054918942,29099693.0,0.007246572777342959,0.010532161366275222,0.003285588588932263
ADD,VSE    CORP,918284100,,127022.0,2607.780856960136,29024527.0,0.00035998857992574376,0.010504956253105904,0.01014496767318016
TRIM,SELECT    SECTOR     SPDR   TR,81369Y209,,182757.0,-68.55344505107827,28996226.0,0.03545905157543586,0.01049471316570196,-0.024964338409733895
TRIM,DENALI   THERAPEUTICS       INC,24823R105,,1125748.0,-10.509320720219405,28954239.0,0.010051414504933662,0.010479516652828584,0.00042810214789492165
ADD,UBS   GROUP     AG,H42097107,PUT,721900.0,43.205713152152356,28935464.0,0.006526940199748736,0.01047272134644333,0.003945781146694594
TRIM,MICROCHIP  TECHNOLOGY        INC.,595017104,CALL,317200.0,-29.40129089695081,28928640.0,0.012080884561682662,0.010470251510450095,-0.001610633051232567
TRIM,HALLIBURTON     CO,406216101,PUT,851200.0,-29.284705491401514,28898240.0,0.019531431308029326,0.010459248724079297,-0.009072182583950029
TRIM,NEXTERA   ENERGY  INC,65339F101,,329015.0,-25.764266036105347,28877647.0,0.017131187829329222,0.01045179542211437,-0.006679392407214853
ADD,RAYMOND   JAMES  FINL  INC,754730109,,189793.0,3686.0163574705766,28854230.0,0.0003020638030850876,0.010443320019204998,0.01014125621611991
NEW,SITIME   CORP,82982TAA4,,26000000.0,,28746449.0,0.0,0.010404310436381613,0.010404310436381613
TRIM,AMGEN   INC,031162100,,79344.0,-65.50695781836204,28732049.0,0.03368237630141539,0.010399098590205973,-0.02328327771120942
ADD,RADNET    INC,750491102,,465622.0,899.6607840611448,28714909.0,0.0010833716107838118,0.010392895045521912,0.0093095234347381
TRIM,INVENTRUST    PPTYS  CORP,46124J201,,809303.0,-36.8712007220042,28649326.0,0.016250850493422425,0.01036915834359573,-0.005881692149826695
TRIM,MARRIOTT   INTL      INC  NEW,571903202,PUT,77300.0,-40.85692425401683,28646607.0,0.017790119828565945,0.010368174245696315,-0.00742194558286963
ADD,LULULEMON     ATHLETICA          INC,550021109,CALL,250200.0,21.397379912663755,28567836.0,0.013131542914620155,0.010339664361314276,-0.0027918785533058797
ADD,BLOOM   ENERGY      CORP,093712107,CALL,94300.0,5447.058823529412,28544610.0,9.585587567921705e-05,0.010331258087753483,0.010235402212074265
TRIM,GENERAC   HLDGS      INC,368736104,,97426.0,-44.95395220068931,28527307.0,0.014387331751166348,0.010324995547866183,-0.004062336203300165
ADD,ISHARES  TR,464287515,CALL,314800.0,38.80070546737213,28520880.0,0.007555565264004362,0.010322669399576542,0.0027671041355721796
ADD,C3     AI  INC,12468P104,,3136646.0,10.105582705750779,28512112.0,0.009982304954244904,0.010319495964349595,0.00033719101010469023
TRIM,BRINKER  INTL   INC,109641100,,169625.0,-19.289989817572774,28497000.0,0.012487111669214483,0.01031402642133527,-0.0021730852478792136
ADD,MONOLITHIC     PWR   SYS  INC,609839105,CALL,20600.0,930.0000000000001,28476616.0,0.0009100217656512266,0.010306648763526641,0.009396626997875414
ADD,OKTA   INC,679295105,CALL,208600.0,190.12517385257303,28463470.0,0.002355165211158338,0.010301890782288796,0.007946725571130457
ADD,ORIGIN   BANCORP    INC,68621T102,,556437.0,65.0027132897823,28461753.0,0.005818576876918343,0.010301269342019104,0.004482692465100761
ADD,BP   PLC,055622104,CALL,768900.0,73.48826714801444,28410855.0,0.008668823975497923,0.010282847637390787,0.0016140236618928643
ADD,OLD   REP   INTL   CORP,680223104,,693572.0,932.3162563629328,28380966.0,0.0011156146054046377,0.010272029799172473,0.009156415193767836
ADD,ARCOSA   INC,039653100,,195264.0,1571.7808219178082,28369907.0,0.0005159224553913706,0.010268027173696334,0.009752104718304963
TRIM,CLOUDFLARE   INC,18915MAC1,,22000000.0,-26.666666666666668,28338684.0,0.014637123924008212,0.01025672651583925,-0.004380397408168962
ADD,OCULIS     HOLDING        AG,H5870P102,,2042467.0,123.70108889701808,28329017.0,0.010103407306538761,0.010253227702160089,0.00014982039562132753
TRIM,ISHARES  TR,464287242,,259417.0,-18.791595449622157,28294612.0,0.014489276079048189,0.010240775371071693,-0.004248500707976496
TRIM,FIRST   WATCH  RESTAURANT        GROUP,33748L101,,2192811.0,-32.15830968363495,28265334.0,0.014097055324717429,0.010230178674382081,-0.003866876650335348
ADD,SHOPIFY     INC,82509L107,,247081.0,6.056092577648816,28211709.0,0.011500698763797992,0.010210769976384253,-0.0012899287874137393
ADD,FORTUNA     MNG  CORP,349942102,,3336789.0,48.989003050069634,28187074.0,0.009254851857594516,0.010201853738152524,0.0009470018805580079
TRIM,TC  ENERGY    CORP,87807B107,PUT,300000.0,-7.6923076923076925,28176000.0,0.011526859132486245,0.010197845683669951,-0.0013290134488162936
ADD,AUTODESK   INC,052769106,CALL,144600.0,12.093023255813954,28113132.0,0.01285216910408404,0.010175091631908132,-0.0026770774721759077
ADD,INTUITIVE    SURGICAL     INC,46120E602,CALL,70600.0,33.459357277882795,28076208.0,0.010148684499586532,0.010161727589672763,1.3043090086230918e-05
ADD,CSX   CORP,126408103,PUT,589400.0,6.756022459699331,28014182.0,0.009431776119402996,0.010139278286138715,0.0007075021667357195
TRIM,ATLAS  ENERGY     SOLUTIONS       INC,642045108,,1678110.0,-31.90116007981408,27873407.0,0.0134547960295541,0.010088327060765396,-0.0033664689687887047
TRIM,WYNN   RESORTS       LTD,983134107,PUT,287000.0,-9.805153991200504,27864830.0,0.01344753483242277,0.01008522275488703,-0.003362312077535741
ADD,FASTLY   INC,31188V100,,1515181.0,7.108844931988706,27818723.0,0.017107926029991023,0.0100685350749134,-0.007039390955077622
ADD,TIMKEN      CO,887389104,,190980.0,16.356148025393885,27753214.0,0.006869570240383731,0.01004482515608562,0.003175254915701889
ADD,COMCAST   CORP  NEW,20030N101,PUT,1124400.0,56.77635248187396,27604020.0,0.008569116519153272,0.009990826810368362,0.0014217102912150899
TRIM,DROPBOX    INC,26210C104,,1004539.0,-59.771823589175135,27594686.0,0.023610618126114466,0.009987448520632014,-0.013623169605482452
NEW,WEC   ENERGY     GROUP  INC,92939UAT3,,26550000.0,,27586246.0,0.0,0.009984393799679069,0.009984393799679069
TRIM,GETTY   RLTY   CORP     NEW,374297109,,826319.0,-10.073437068089266,27566002.0,0.012160444360031029,0.009977066812597147,-0.0021833775474338814
TRIM,KB  HOME,48666K109,,440418.0,-43.00308655955378,27565763.0,0.016641277172739822,0.009976980310427984,-0.006664296862311838
ADD,TELESAT     CORP,879512309,,544272.0,258.68013681026474,27551049.0,0.002286019038200693,0.009971654817051012,0.007685635778850319
TRIM,VERISIGN   INC,92343E102,,109508.0,-9.807603610726758,27547832.0,0.012549318754542153,0.009970490476138023,-0.0025788282784041296
ADD,GERDAU   SA,373737105,,6817870.0,145.94807431395304,27544195.0,0.004164616999671387,0.009969174123044912,0.005804557123373525
TRIM,HALOZYME  THERAPEUTICS         INC,40637HAF6,,18760000.0,-35.138125367354704,27513285.0,0.015459149036116008,0.009957986750455394,-0.005501162285660614
ADD,PATTERN   GROUP  INC,70339W104,,1091358.0,155.69034833703506,27491308.0,0.0022079366154722385,0.009950032532163585,0.007742095916691347
TRIM,AMERICAN  EXPRESS      CO,025816109,,81107.0,-76.36473841724438,27434443.0,0.043197355718758955,0.009929451168776238,-0.03326790454998271
ADD,H   WORLD  GROUP     LTD,44332N106,,657485.0,752.0949702569951,27430274.0,0.0016148868294785256,0.009927942266921638,0.008313055437443113
ADD,REDWIRE    CORPORATION,75776W103,,2235558.0,348.73422295018787,27340874.0,0.0017622935425633077,0.009895585388581202,0.008133291846017894
ADD,U   HAUL  HOLDING  COMPANY,023586100,,415461.0,29.311487859764014,27187768.0,0.006388543813296833,0.009840171157986228,0.0034516273446893956
ADD,UPSTART     HLDGS     INC,91680M107,,764847.0,14.487085069693922,27098529.0,0.0071312887880186785,0.00980787255098151,0.0026765837629628307
TRIM,SELECT    SECTOR     SPDR   TR,81369Y308,,326192.0,-89.89076364416226,27096769.0,0.11008431505821865,0.009807235547560042,-0.10027707951065862
ADD,MARRIOTT   VACATIONS      WORLDWIDE,57164YAF4,,27500000.0,10.0,27085914.0,0.010014428926491846,0.00980330675657139,-0.00021112216992045553
ADD,SHELL  PLC,780259305,,349307.0,1.2073361534449787,27085265.0,0.013357980900127304,0.009803071861559725,-0.00355490903856758
TRIM,CRYOPORT     INC,229050307,,1724726.0,-41.937488553976756,27078198.0,0.010235691935707841,0.009800514075662275,-0.00043517786004556615
TRIM,HEARTFLOW     INC,42238D107,,922893.0,-15.595513879882972,27077681.0,0.011071093331526963,0.00980032695590722,-0.0012707663756197432
TRIM,NVR   INC,62944T105,,3969.0,-59.59894136807817,27042385.0,0.02694170895659865,0.009787552141836705,-0.017154156814761942
ADD,FUTU   HLDGS    LTD,36118L106,,288332.0,919.8500282965477,27028242.0,0.0016090821998597834,0.00978243331263795,0.008173351112778168
KEEP,ROYAL  BK   CDA,780087102,PUT,92000.0,0.0,27018560.0,0.008609962001503452,0.009778929069952355,0.0011689670684489027
ADD,ESSENTIAL     PPTYS    RLTY      TR  INC,29670E107,,904926.0,398.1893053957488,27012041.0,0.002295001481969759,0.009776569623756592,0.007481568141786833
ADD,HERBALIFE     LTD,42703MAF0,,23272000.0,17.404903642417516,26961473.0,0.009809504026983492,0.009758267357269802,-5.12366697136904e-05
TRIM,OSHKOSH   CORP,688239201,,175312.0,-30.07462716333018,26906886.0,0.01535948818993176,0.009738510478992738,-0.005620977710939022
TRIM,FUELCELL    ENERGY   INC,35952H700,,746879.0,-0.7452620443941225,26895113.0,0.002044912585517473,0.009734249432810392,0.00768933684729292
NEW,ARROWHEAD     PHARMACEUTICALS          IN,04280A100,,329337.0,,26844259.0,0.0,0.009715843653267612,0.009715843653267612
TRIM,EQUITABLE  HLDGS    INC,29452E101,,611226.0,-76.47367199489156,26820597.0,0.04012372110320574,0.0097072795765865,-0.030416441526619237
TRIM,VANECK  ETF  TRUST,92189F791,,272906.0,-23.808646369892653,26813014.0,0.01789352696639257,0.009704535032867759,-0.008188991933524811
KEEP,WYNN   RESORTS       LTD,983134107,CALL,275900.0,-0.32514450867052025,26787131.0,0.011697918421164745,0.009695167101300807,-0.002002751319863938
ADD,ETSY   INC,29786AAN6,,29309000.0,1.0655172413793104,26783209.0,0.01081451854802219,0.009693747597085469,-0.0011207709509367218
ADD,ARCHROCK  INC,03957W106,,657328.0,333.3792648755563,26759823.0,0.0021966244960073223,0.009685283414122723,0.007488658918115401
ADD,WESTLAKE   CORPORATION,960413102,,366074.0,330.6904949586456,26723402.0,0.004132219608894226,0.009672101424569738,0.0055398818156755115
KEEP,NOVANTA    INC,67000B203,,391120.0,-0.29316542177581767,26698790.0,0.008749762102875345,0.009663193510814539,0.0009134314079391938
ADD,COLLEGIUM   PHARMACEUTICAL         INC,19459J104,,736925.0,104.23278810285291,26676685.0,0.004965861471158142,0.009655192965001167,0.004689331493843025
TRIM,DEXCOM   INC,252131107,,395392.0,-75.62624676058005,26629651.0,0.04239627355050932,0.009638169772429983,-0.032758103778079334
ADD,E   L  F  BEAUTY       INC,26856L103,,359571.0,824.2044928802756,26608254.0,0.0009813490444184377,0.009630425475720248,0.00864907643130181
ADD,SUN   LIFE   FINANCIAL         INC.,866796105,,338146.0,5446.10464162703,26511468.0,0.0001587358951977025,0.009595395354612225,0.009436659459414522
ADD,SCHNEIDER   NATIONAL       INC,80689H102,,725292.0,182.35761280024917,26494917.0,0.0028178725967204737,0.009589404988914097,0.006771532392193623
ADD,ASTRONICS     CORP,046433108,,325117.0,47.76500638569604,26419007.0,0.0061101488161291765,0.009561930597025703,0.0034517817808965264
TRIM,CROWDSTRIKE       HLDGS     INC,22788C105,,34609.0,-68.47192362351055,26411512.0,0.017835081154544553,0.009559217903478034,-0.00827586325106652
ADD,LOGITECH    INTL       S  A,H50430232,,280853.0,3.822750931566807,26411416.0,0.010258002804541392,0.009559183157836864,-0.0006988196467045283
ADD,FOX   CORP,35137L105,,506059.0,276.4955770647184,26396037.0,0.003266755908101697,0.009553616978508032,0.006286861070406336
ADD,AXCELIS   TECHNOLOGIES        INC,054540208,,139242.0,1011.0916054899457,26379397.0,0.00048544440443365667,0.00954759440070507,0.009062149996271413
ADD,PARAMOUNT     SKYDANCE     CORP,69932A204,CALL,2672700.0,320.5664830841857,26352822.0,0.002385528817525777,0.009537976010974678,0.0071524471934489
ADD,BJS   WHSL   CLUB  HLDGS  INC,05550J101,,302102.0,122.46424836890087,26349336.0,0.0055621065501123305,0.009536714309879658,0.003974607759767328
ADD,CCC    INTELLIGENT      SOLUTIONS      HL,12510Q100,,5103217.0,18991.720912832025,26332600.0,6.674408504831194e-05,0.009530656986435525,0.009463912901387213
ADD,ALLIANT   ENERGY     CORP,018802108,,344680.0,69.4750247073227,26295637.0,0.0060737288020443906,0.009517278828783428,0.0034435500267390373
TRIM,JABIL     INC,466313103,PUT,68200.0,-41.90800681431005,26289736.0,0.012978000723010199,0.0095151430576527,-0.003462857665357498
ADD,BAIDU   INC,056752108,CALL,229700.0,234.35225618631733,26252413.0,0.003185535622788978,0.009501634603846213,0.006316098981057235
TRIM,BLACKSTONE   INC,09260D107,,222951.0,-2.742564496287701,26234644.0,0.010970066641178054,0.00949520340282573,-0.0014748632383523239
TRIM,KEMPER   CORP,488401100,,973016.0,-12.08650617823829,26232511.0,0.014076035807024321,0.009494431398110964,-0.004581604408913358
ADD,ISHARES  TR,464287739,PUT,256300.0,33.350676378772114,26206675.0,0.007563510631704464,0.009485080477430836,0.0019215698457263723
TRIM,UBS   GROUP     AG,H42097107,CALL,651200.0,-1.3034252803879964,26201072.0,0.00851987038771477,0.009483052562561243,0.0009631821748464723
TRIM,DOORDASH   INC,25809K105,PUT,141700.0,-28.361981799797775,26147901.0,0.012359878416179065,0.009463808182491453,-0.0028960702336876115
TRIM,THERMO   FISHER    SCIENTIFIC  INC,883556102,PUT,52100.0,-60.91522880720181,26120856.0,0.027267338773550996,0.009454019683892829,-0.017813319089658167
ADD,ON  SEMICONDUCTOR        CORP,682189105,PUT,275800.0,24.290220820189273,26074132.0,0.005718087868062653,0.009437108690787923,0.00371902082272527
TRIM,CALIX   INC,13100M509,,698620.0,-63.307233509736484,26072498.0,0.038817768913850255,0.009436517291020494,-0.02938125162282976
TRIM,GRAPHIC  PACKAGING      HLDG  CO,388689101,,2461808.0,-53.48235006902608,26021311.0,0.021891996639200054,0.009417990987534902,-0.012474005651665152
TRIM,CONSTELLATION  ENERGY     CORP,21037T109,CALL,104600.0,-41.985579589572936,25979502.0,0.02095325427533559,0.009402858898871196,-0.011550395376464392
ADD,PARSONS   CORP   DEL,70202LAD4,,26258000.0,247.41995236835143,25974081.0,0.0031045866751957477,0.009400896855946327,0.006296310180750579
TRIM,WEYERHAEUSER        CO,962166104,,1082921.0,-35.316643053229384,25925129.0,0.017021203664940036,0.009383179474419245,-0.00763802419052079
TRIM,CLOUDFLARE   INC,18915M107,,105636.0,-52.639578205490324,25910398.0,0.019153246038249878,0.009377847828168317,-0.009775398210081561
TRIM,LINDE   PLC,G54950103,,49897.0,-29.066147306768265,25893549.0,0.014512924909182592,0.009371749606209056,-0.0051411753029735364
ADD,INTEGRA  LIFESCIENCES     HLDGS     C,457985208,,1439747.0,131.1535787738038,25857856.0,0.002441737757836603,0.00935883110443495,0.006917093346598346
ADD,AMDOCS   LTD,G02602103,,510093.0,2325.7799124976223,25780100.0,0.0005710939034710864,0.00933068858282154,0.008759594679350453
TRIM,COCA   COLA   CONS    INC,191098102,,134729.0,-47.85383638840723,25722461.0,0.020616456331021,0.009309827082702253,-0.011306629248318748
ADD,ACCENTURE     PLC     IRELAND,G1151C101,CALL,206700.0,30.988593155893536,25721748.0,0.013021780980817174,0.009309569023929804,-0.0037122119568873697
ADD,WABTEC,929740108,,95343.0,5.261821433697296,25704473.0,0.009420287131025835,0.009303316618187847,-0.00011697051283798832
ADD,INMODE     LTD,M5425M103,,1751972.0,50.80066794057395,25613831.0,0.0066141274179173145,0.009270510218114763,0.0026563828001974488
ADD,BJS  RESTAURANTS    INC,09180C106,,421429.0,249.35381452528787,25595490.0,0.0017620921200844238,0.009263871990982303,0.007501779870897879
ADD,SEA  LTD,81141R100,CALL,266700.0,157.9303675048356,25557861.0,0.0035634108517693204,0.009250252785444583,0.005686841933675263
ADD,AMBIQ   MICRO   INC,023193105,,289206.0,62.88156975827345,25536890.0,0.0018775979238327652,0.009242662672517544,0.007365064748684778
ADD,BLACKSKY   TECHNOLOGY      INC,09263B207,,914009.0,67.80783438227496,25519131.0,0.005703106030790305,0.009236235090834684,0.0035331290600443795
TRIM,EPR    PPTYS,26884U109,,439734.0,-43.25815221949668,25508969.0,0.016112820745821543,0.009232557119943233,-0.00688026362587831
TRIM,WESTERN   ALLIANCE     BANCORP,957638109,,309500.0,-54.679173945576935,25440900.0,0.020135632158737277,0.009207920650684228,-0.010927711508053049
TRIM,COMMERCE  BANCSHARES         INC,200525103,,440252.0,-32.15264314532907,25424553.0,0.013286056012517788,0.00920200411947359,-0.004084051893044198
ADD,DOLLAR   TREE     INC,256746108,PUT,210100.0,8.578811369509044,25411595.0,0.00881855287335992,0.009197314181783038,0.00037876130842311867
TRIM,ULTRAGENYX     PHARMACEUTICAL        IN,90400D108,,760825.0,-57.06850981613647,25403947.0,0.015450958132749498,0.009194546112369754,-0.006256412020379744
TRIM,MORNINGSTAR  INC,617700109,,162620.0,-49.65418599035312,25371972.0,0.022724186095572845,0.009182973280323498,-0.013541212815249348
ADD,ADT   INC   DEL,00090Q103,,3902911.0,72.05878787264274,25368922.0,0.006202113991901194,0.009181869382348795,0.002979755390447601
ADD,PDD    HOLDINGS    INC,722304102,CALL,332400.0,35.95092024539877,25355472.0,0.010396983066484771,0.009177001373247241,-0.00121998169323753
TRIM,AUTOMATIC   DATA    PROCESSING     IN,053015103,PUT,113100.0,-11.363636363636363,25328745.0,0.010789323259351564,0.009167327969584997,-0.0016219952897665677
NEW,DIREXION  SHARES   ETF  TRUST,25459W862,,93500.0,,25307645.0,0.0,0.009159691167202633,0.009159691167202633
TRIM,HUBBELL    INC,443510607,,48352.0,-67.95397758528131,25297766.0,0.03081444439242224,0.009156115623565886,-0.021658328768856355
NEW,INVESCO  EXCH  TRADED  FD  TR  II,46138G508,,1241428.0,,25287888.0,0.0,0.009152540441862903,0.009152540441862903
ADD,MURPHY    USA  INC,626755102,,46820.0,410.7450638158612,25229893.0,0.0018844750033029192,0.009131550093324272,0.007247075090021354
KEEP,BOFA   FIN   LLC,09709UV70,,20000000.0,0.0,25216370.0,0.009980800111923326,0.009126655663058078,-0.0008541444488652482
ADD,ENI    SPA,26874R108,,537396.0,21.833086975052822,25182377.0,0.01039165952030733,0.009114352448679707,-0.0012773070716276223
ADD,WARBY   PARKER   INC,93403J106,,828815.0,57.14128619180067,25146247.0,0.004624815343652551,0.00910127578185152,0.004476460438198969
TRIM,NEWMARKET  CORP,651587107,,31763.0,-63.07658327908491,25132156.0,0.022945966810499027,0.009096175773208398,-0.013849791037290629
TRIM,PACCAR    INC,693718108,,209112.0,-88.33024352731213,25118533.0,0.08613144268588743,0.009091245149565986,-0.07704019753632145
ADD,EQUINOR  ASA,29446M102,,798972.0,50.415398257078145,25087721.0,0.009328552925245101,0.009080093246485165,-0.00024845967875993663
ADD,TELUS  CORPORATION,87971M103,,2373268.0,956.4385171468252,25082404.0,0.0011994766880230473,0.009078168844671561,0.007878692156648513
ADD,POST   HLDGS   INC,737446104,,283969.0,58.73589947119523,25063104.0,0.007360019410790647,0.009071183523061153,0.0017111641122705065
KEEP,SUN   LIFE   FINANCIAL         INC.,866796105,PUT,225000.0,0.0,25053750.0,0.008160419489282245,0.009067797994649561,0.0009073785053673161
ADD,OGE  ENERGY    CORP,670837103,,514179.0,77.06985970204765,25019950.0,0.005795774104427684,0.009055564633487292,0.003259790529059609
ADD,GENMAB   A/S,372303206,,910604.0,14.932733218645122,25014292.0,0.008846450719009616,0.00905351681226078,0.00020706609325116428
ADD,HEWLETT   PACKARD     ENTERPRISE           C,42824C109,CALL,554400.0,741.2746585735964,25008984.0,0.0006529912845960857,0.00905159566785104,0.008398604383254953
ADD,RED  ROCK    RESORTS      INC,75700L108,,384235.0,49.74434320366026,24998329.0,0.005698032181900736,0.009047739263614827,0.0033497070817140907
TRIM,FIRST   MAJESTIC       SILVER   CORP,32076V103,,1471547.0,-22.475816282772215,24955504.0,0.016936318655765642,0.009032239450248728,-0.007904079205516914
ADD,HCA   HEALTHCARE    INC,40412C101,,63927.0,373.0427704602634,24924498.0,0.00266150882575756,0.00902101733201804,0.006359508506260481
ADD,AURORA   INNOVATION      INC,051774107,,3651955.0,1317.2442564420987,24906333.0,0.000441815213485846,0.009014442805227727,0.008572627591741882
TRIM,PULTE   GROUP    INC,745867101,,180775.0,-6.294869867664668,24804138.0,0.009442387837975429,0.008977454984399977,-0.00046493285357545114
TRIM,ROIVANT   SCIENCES        LTD,G76279101,,700494.0,-12.85231045992727,24790483.0,0.009265970045499184,0.008972512778877175,-0.00029345726662200963
TRIM,HECLA   MINING     COMPANY,422704106,,1605576.0,-59.580757373676654,24774038.0,0.030797688872081706,0.008966560778157842,-0.021831128093923863
TRIM,GARMIN     LTD,H2906T109,,104240.0,-51.04770313042988,24761170.0,0.02056035476054396,0.008961903414505888,-0.011598451346038072
TRIM,SITEONE   LANDSCAPE       SUPPLY   INC,82982L103,,215835.0,-42.08663593480839,24693682.0,0.02064506872707616,0.008937477228762718,-0.01170759149831344
ADD,PETROLEO   BRASILEIRO         S  A,71654V408,CALL,1525500.0,294.1860465116279,24652080.0,0.0033418860765632055,0.008922420060387789,0.005580533983824583
ADD,BHP   BILLITON        LIMITED,088606108,PUT,295700.0,23.87934645999162,24634767.0,0.007225839163044469,0.008916153901162868,0.001690314738118399
TRIM,FIRST  INTST    BANCSYSTEM       INC,32055Y201,,638735.0,-18.22904598099925,24629622.0,0.010857521414939586,0.008914291751956361,-0.001943229662983225
ADD,ASTRAZENECA        PLC,G0593M107,CALL,129800.0,86.22668579626973,24612676.0,0.023814701545762686,0.008908158422422168,-0.014906543123340518
ADD,CURTISS   WRIGHT    CORP,231561101,,32456.0,79.38429226772786,24593859.0,0.005128575876475946,0.008901347914818902,0.0037727720383429553
TRIM,STANDARDAERO       INC,85423L103,,819782.0,-33.28949884649656,24519680.0,0.013209645313131638,0.008874500030272871,-0.004335145282858766
ADD,NEXTERA   ENERGY  INC,65339F663,,457328.0,86.72469898457054,24493817.0,0.005755788829234225,0.008865139337381164,0.003109350508146939
TRIM,WORKDAY   INC,98138H101,PUT,200000.0,-32.01903467029232,24484000.0,0.01590674266100537,0.008861586233637673,-0.007045156427367697
NEW,LISTED  FDS  TR,53656G498,CALL,380600.0,,24472580.0,0.0,0.00885745295007338,0.00885745295007338
TRIM,VERSANT     MEDIA   GROUP  INC,925283103,,679420.0,-29.514458758768935,24465914.0,0.014850369985634914,0.008855040299614573,-0.005995329686020342
ADD,BRISTOL-MYERS     SQUIBB    CO,110122108,CALL,424600.0,8.899717876378558,24465452.0,0.009841167307734308,0.008854873086216438,-0.0009862942215178704
TRIM,RAYONIER  INC,754907103,,1149301.0,-30.790932554187528,24457125.0,0.014250235039097819,0.00885185926377862,-0.005398375775319198
ADD,HP   INC,40434L105,PUT,1114500.0,235.89511754068715,24452130.0,0.0026525667497167,0.008850051404636445,0.006197484654919745
KEEP,BCE    INC,05534B760,PUT,800000.0,0.0,24440000.0,0.01168583307243172,0.008845661148100993,-0.0028401719243307273
TRIM,VERTEX   PHARMACEUTICALS         INC,92532F100,PUT,49000.0,-49.43240454076368,24339770.0,0.018007222048641688,0.008809384527115962,-0.009197837521525726
ADD,CNA  FINL   CORP,126117100,,500609.0,1164.1960655572109,24334603.0,0.0007567434208421233,0.00880751441536669,0.008050770994524566
TRIM,METROPOLITAN        BK  HLDG     CORP,591774104,,245548.0,-24.18760748281047,24250320.0,0.011226687618681083,0.008777009552087418,-0.002449678066593665
NEW,JD.COM    INC,47215P106,,951598.0,,24246717.0,0.0,0.00877570550474222,0.00877570550474222
ADD,GREEN   PLAINS    INC,393222104,,1574752.0,41.50253531605862,24219686.0,0.00761862215243509,0.008765922073216267,0.001147299920781177
ADD,AXON   ENTERPRISE   INC,05464C101,PUT,43200.0,38.019169329073485,24218352.0,0.005531958931898901,0.008765439253577496,0.0032334803216785947
TRIM,AMERICAN  EAGLE     OUTFITTERS      IN,02553E106,,1407071.0,-0.7297091745954252,24201621.0,0.009850896762556259,0.008759383739802173,-0.0010915130227540856
NEW,BERTO   ACQUISITION     CORP   II,G1051M126,,2391275.0,,24199703.0,0.0,0.008758689550846278,0.008758689550846278
NEW,RIGETTI   COMPUTING      INC,76655K103,,1251957.0,,24187809.0,0.0,0.008754384710678704,0.008754384710678704
ADD,CUMMINS     INC,231021106,PUT,33900.0,192.24137931034483,24177819.0,0.002597281273208856,0.008750768992394353,0.006153487719185497
TRIM,BANK  MONTREAL   MEDIUM,063671101,,136542.0,-43.57348893719368,24126971.0,0.01362766645589397,0.008732365384454148,-0.004895301071439822
TRIM,GDS   HLDGS     LTD,36165L108,,802545.0,-2.9614152692080284,24100426.0,0.013867072470046779,0.008722757852736622,-0.005144314617310157
ADD,TFI   INTERNATIONAL     INC,87241L109,,167577.0,356.4886951784255,24069699.0,0.001659574320764769,0.008711636714025587,0.007052062393260818
TRIM,BAKER   HUGHES    COMPANY,05722G100,PUT,433100.0,-44.53125,24037050.0,0.01983755061123161,0.008699819938623609,-0.011137730672608
TRIM,NIO   INC,62914V106,PUT,4748600.0,-15.998584822218293,24027916.0,0.014185964621848032,0.008696514035639698,-0.0054894505862083335
ADD,AGNICO   EAGLE    MINES  LTD,008474108,,154826.0,10.478732134064977,24018157.0,0.011819850600778633,0.008692981924054415,-0.003126868676724218
TRIM,FAIR  ISAAC    CORP,303250104,PUT,20100.0,-48.854961832061065,24015078.0,0.017459800696547352,0.00869186753000061,-0.008767933166546742
ADD,CANADIAN  PACIFIC      KANSAS     CITY,13646K108,,277222.0,180.7794759604185,24008707.0,0.0032290566115787105,0.008689561650001652,0.005460505038422941
TRIM,AT&T  INC,00206R102,PUT,1159500.0,-45.92893116955792,24001650.0,0.025871200917761735,0.008687007483441827,-0.017184193434319907
ADD,INFINITE     EAGLE  ACQUISITION      C,G4802J103,,2370000.0,374.0,23984400.0,0.002080810732270605,0.008680764126043922,0.006599953393773317
ADD,F5  INC,315616102,PUT,57600.0,284.0,23959296.0,0.0018061229075035626,0.008671678140877723,0.006865555233374161
TRIM,HUNTINGTON        INGALLS    INDS   INC,446413106,,85266.0,-21.724761546299952,23865101.0,0.01722199108038834,0.008637585790147551,-0.00858440529024079
TRIM,VICOR  CORP,925815102,,62780.0,-71.70376847390554,23842588.0,0.014865556158521172,0.008629437575359205,-0.006236118583161967
ADD,SATELLOGIC     INC,80401C100,,4165963.0,55.05394369400134,23829308.0,0.006082667548788079,0.008624631094997226,0.002541963546209147
TRIM,AMERICAN  ELEC   PWR       CO  INC,025537101,PUT,173900.0,-4.712328767123288,23791259.0,0.00995547248369013,0.008610859877279383,-0.0013446126064107465
TRIM,MEDTRONIC   PLC,G5960L103,CALL,303100.0,-10.642688679245282,23711513.0,0.012231704636692662,0.008581997107479198,-0.0036497075292134633
TRIM,EQUINOX  GOLD   CORP,29446Y502,,2438245.0,-73.00998828963726,23699819.0,0.05432030202140981,0.008577764654064065,-0.04574253736734575
TRIM,SOLV   ENERGY   INC,78475V103,,695527.0,-36.08950980581338,23682694.0,0.01360065253864334,0.008571566538386437,-0.0050290860002569025
TRIM,PEPSICO   INC,713448108,CALL,174700.0,-50.071448985424404,23654380.0,0.022612574321028873,0.008561318745843583,-0.01405125557518529
TRIM,ZOOM   COMMUNICATIONS   INC,98980L101,,273645.0,-58.07196462444113,23618300.0,0.021834718994497133,0.008548260175703506,-0.013286458818793628
ADD,CECO      ENVIRONMENTAL      CORP,125141101,,259494.0,2105.0815771583957,23546486.0,0.000291786678878403,0.008522268264505072,0.008230481585626668
TRIM,CHEMED   CORP    NEW,16359R103,,50404.0,-51.81952874826745,23475159.0,0.016445591905207044,0.00849645261504883,-0.007949139290158214
NEW,CARNIVAL     CORP  LTD,G2004J103,PUT,821600.0,,23473112.0,0.0,0.00849571173663761,0.00849571173663761
NEW,ALAMAR  BIOSCIENCES        INC,010911105,,865764.0,,23453547.0,0.0,0.008488630502580221,0.008488630502580221
ADD,COMCAST   CORP  NEW,20030N101,CALL,953900.0,11.060658982419373,23418245.0,0.010262150276492953,0.008475853516907134,-0.0017862967595858193
ADD,LPL  FINL     HLDGS     INC,50212V100,CALL,83100.0,1022.972972972973,23407608.0,0.00092643603303167,0.00847200362747864,0.00754556759444697
ADD,TERNIUM   SA,880890108,,547999.0,2047.4998040598791,23399557.0,0.0004263780948252768,0.008469089698759192,0.008042711603933914
TRIM,SPOTIFY      TECHNOLOGY        S      A,L8681T102,CALL,50900.0,-45.96602972399151,23369717.0,0.019009671762371793,0.008458289595295225,-0.010551382167076568
ADD,SEI   INVTS   CO,784117103,,266217.0,124.15442259925062,23349893.0,0.003878418962257717,0.008451114620393427,0.00457269565813571
TRIM,SYNCHRONY      FINANCIAL,87165B103,,306432.0,-71.7920748057916,23304154.0,0.030751207721944243,0.008434560132044286,-0.022316647589899957
ADD,TEVA   PHARMACEUTICAL    INDS  LTD,881624209,CALL,687200.0,13.737173121482954,23282336.0,0.0075735284868939075,0.008426663461220667,0.0008531349743267592
ADD,CHARTER     COMMUNICATIONS      INC,16119P108,CALL,163700.0,357.2625698324023,23279777.0,0.00321631081351926,0.008425737272723204,0.005209426459203944
ADD,BOK   FINL   CORP,05561Q201,,167588.0,836.4550737594992,23274621.0,0.0009537445930819894,0.008423871142245316,0.0074701265491633265
TRIM,FIRST  FINL     BANKSHARES      INC,32020R109,,672344.0,-3.1609269901626122,23263102.0,0.008509200822603981,0.008419702027238565,-8.949879536541624e-05
TRIM,T-MOBILE    US   INC,872590104,CALL,137900.0,-40.19947961838682,23129967.0,0.020155947113916436,0.008371515975808432,-0.011784431138108004
ADD,ARES   CAPITAL  CORP,04010L103,PUT,1247100.0,458.23634735899736,23108763.0,0.0016753306357916687,0.008363841532314802,0.0066885108965231335
ADD,BRINKS   CO,109696104,,244500.0,1233.7333624263583,23102805.0,0.0007906019569154842,0.008361685130959631,0.0075710831740441464
TRIM,LYONDELLBASELL              INDUSTRIES       NV,N53745100,,438634.0,-81.11464065918831,23094080.0,0.07786800933200695,0.00835852725888446,-0.06950948207312249
TRIM,HUMANA      INC,444859102,PUT,58100.0,-25.703324808184142,23078482.0,0.00564278332766178,0.008352881816061707,0.0027100984883999275
TRIM,PITNEY   BOWES     INC,724479100,,1315915.0,-4.125632676910927,23054831.0,0.006311755654843851,0.00834432172065198,0.00203256606580813
ADD,BOYD   GAMING   CORP,103304101,,260987.0,44.218006597888014,23052982.0,0.006189108508662356,0.008343652505125676,0.00215454399646332
TRIM,VERTEX   PHARMACEUTICALS         INC,92532F100,CALL,46400.0,-15.018315018315018,23048272.0,0.010146484250318229,0.008341947797105728,-0.0018045364532125012
ADD,GLOBALFOUNDRIES      INC,G39387108,PUT,278900.0,164.1098484848485,22984149.0,0.0019547502241638944,0.008318739518472352,0.006363989294308458
TRIM,EXPONENT    INC,30214U102,,391047.0,-24.820484820753975,22977922.0,0.014124482074817339,0.00831648575693515,-0.005807996317882189
TRIM,IONIS   PHARMACEUTICALS        INC,462222100,,288872.0,-72.52778395938778,22904661.0,0.03285915846859586,0.008289970127582817,-0.024569188341013046
TRIM,OCCIDENTAL     PETE     CORP,674599105,CALL,471100.0,-16.942877291960507,22881327.0,0.015343066015470534,0.008281524765175706,-0.007061541250294828
TRIM,DHT   HOLDINGS     INC,Y2065G121,,1383596.0,-64.88099710234391,22870842.0,0.02995492556789181,0.008277729889679068,-0.021677195678212743
TRIM,KIRBY  CORP,497266106,,167880.0,-47.26492558411288,22826644.0,0.01760441454546728,0.008261733141257473,-0.009342681404209808
ADD,GROUPON    INC,399473206,,947079.0,346.7016640253566,22786721.0,0.0010499729338822828,0.008247283659669272,0.007197310725786989
TRIM,LGI  HOMES    INC,50187T106,,357824.0,-35.704916501058335,22786232.0,0.00915547941177776,0.008247106674059559,-0.0009083727377182018
ADD,SYNOPSYS    INC,871607107,,51065.0,78.04469858094208,22778565.0,0.004732364127160689,0.008244331727904793,0.0035119676007441033
ADD,FRONTIER    GROUP   HLDGS     INC,35909R108,,2878001.0,923.9700707670522,22764988.0,0.00041289610592874906,0.008239417753215439,0.007826521647286689
ADD,XENON   PHARMACEUTICALS         INC,98420N105,,376777.0,86.7220060955968,22742260.0,0.004883162561739073,0.00823119172266822,0.0033480291609291465
ADD,CAPITOL   FED  FINL     INC,14057J101,,2666497.0,375.0379015290661,22691889.0,0.0016655778758895162,0.008212960757132582,0.006547382881243066
TRIM,TETRA  TECHNOLOGIES      INC  DEL,88162F105,,2002429.0,-19.85462454212454,22687521.0,0.008858921017728115,0.008211379830459305,-0.0006475411872688096
ADD,HELEN   OF  TROY     LTD,G4388N106,,779831.0,443.5763925193255,22669687.0,0.0008609296142069126,0.008204925103744279,0.007343995489537366
TRIM,SPDR  SERIES  TRUST,78464A698,CALL,302800.0,-96.54920909878287,22664580.0,0.23791083511627123,0.008203076708020738,-0.2297077584082505
NEW,MADISON   AIR   SOLUTIONS    CORP,55658T105,,580455.0,,22637745.0,0.0,0.008193364215512174,0.008193364215512174
TRIM,U   HAUL  HOLDING  COMPANY,023586506,,391829.0,-17.334782012468487,22608533.0,0.008811549696759388,0.008182791406450866,-0.0006287582903085221
TRIM,HEALTHEQUITY       INC,42226A107,,249975.0,-69.09566096774871,22577742.0,0.02813131885629142,0.008171647103979052,-0.019959671752312367
ADD,MONOLITHIC     PWR   SYS  INC,609839105,PUT,16300.0,49.54128440366973,22532468.0,0.0049596186227991845,0.008155260914829333,0.0031956422920301486
TRIM,REGENERON   PHARMACEUTICALS,75886F107,PUT,36100.0,-12.590799031477,22509794.0,0.013279747410539687,0.008147054428705272,-0.005132692981834415
TRIM,HUMANA      INC,444859102,CALL,56600.0,-77.41420590582602,22482652.0,0.01808288365616422,0.008137230822531715,-0.009945652833632506
TRIM,SMITHFIELD        FOODS  INC,832248207,,926610.0,-15.551298432621309,22479559.0,0.012772004205974729,0.008136111361405239,-0.00463589284456949
ADD,ARK  ETF   TR,00214Q302,PUT,534000.0,113.6,22460040.0,0.0027487509773294694,0.00812904677630091,0.0053802957989714404
ADD,NXP   SEMICONDUCTORS                N     V,N6596X109,PUT,79900.0,94.40389294403893,22454297.0,0.0033671454542043844,0.008126968190704612,0.0047598227365002275
TRIM,ELEMENT   SOLUTIONS      INC,28618M106,,468856.0,-8.90799796388618,22387874.0,0.007312827455707042,0.008102927464418182,0.0007901000087111405
ADD,CONCENTRA    GROUP    HOLDINGS  PAR,20603L102,,750048.0,215.16873053957636,22313928.0,0.0021243974746794772,0.008076163910438744,0.005951766435759267
TRIM,TUTOR   PERINI   CORP,901109108,,268897.0,-22.04528323766452,22310384.0,0.011080699602353564,0.008074881217185517,-0.003005818385168047
ADD,ROBLOX  CORP,771049103,PUT,408500.0,18.337195828505216,22214230.0,0.008125362822389244,0.008040079838215202,-8.528298417404163e-05
ADD,STUBHUB     HLDGS    INC,86384P109,,1724700.0,37.745689207644816,22196889.0,0.003251492329056199,0.008033803544844939,0.00478231121578874
NEW,WESTERN   ALLIANCE     BANCORP,957638109,PUT,270000.0,,22194000.0,0.0,0.00803275791820595,0.00803275791820595
TRIM,PLANET   LABS   PBC,72703X106,,669322.0,-36.97906809671366,22174638.0,0.012353632238522934,0.008025750156702288,-0.004327882081820646
ADD,ARROW   ELECTRS       INC,042735100,,103771.0,4479.479258605472,22145769.0,0.00013523896424675634,0.008015301490921415,0.007880062526674659
TRIM,DOUGLAS  EMMETT    INC,25960P109,,1873798.0,-18.379737175329556,22110816.0,0.008999911759001014,0.008002650820131334,-0.0009972609388696797
TRIM,DOLBY   LABORATORIES        INC,25659T107,,420067.0,-2.2172200599638727,22087123.0,0.010737522724658128,0.007994075523503594,-0.0027434472011545336
ADD,INGREDION   INC,457187102,,233145.0,156.55853159319497,22081163.0,0.00426061187350752,0.007991918398280898,0.0037313065247733786
ADD,FRANKLIN    ELEC    INC,353514102,,205769.0,164.07048073714742,22056379.0,0.0029889060833458957,0.007982948231918603,0.004994042148572707
ADD,SIGMA   LITHIUM     CORPORATION,826599102,,1740615.0,484.14211787447397,22020320.0,0.0015281948442642283,0.007969897262387532,0.006441702418123304
ADD,TRONOX   HOLDINGS    PLC,G9087Q102,,3492818.0,78.26784851189885,22004753.0,0.007966362664228543,0.007964263039511406,-2.0996247171375937e-06
NEW,LINCOLN   INTL   INC,533714101,,918907.0,,21934310.0,0.0,0.007938767339500944,0.007938767339500944
ADD,EXPAND   ENERGY       CORPORATION,165167735,CALL,239700.0,217.9045092838196,21858243.0,0.0034447455450050987,0.007911236124011886,0.004466490579006787
TRIM,SELECT  SECTOR  SPDR  TR,81369Y407,,186324.0,-82.08798540305973,21852079.0,0.04717737192966837,0.007909005164301703,-0.03926836676536667
ADD,SOUTHSTATE      BK  CORP,84472E102,,218725.0,1853.2505804607965,21850628.0,0.0004311602140501811,0.007908479998412755,0.007477319784362574
ADD,LOCKHEED   MARTIN    CORP,539830109,CALL,42700.0,60.526315789473685,21753942.0,0.006690544775897806,0.00787348607068095,0.001182941294783144
ADD,SPDR  SERIES  TRUST,78464A755,CALL,203300.0,35.172872340425535,21738869.0,0.0067604308851518455,0.00786803064308335,0.0011075997579315048
ADD,DUKE   ENERGY     CORP  NEW,26441C204,,171209.0,79.9377817948691,21671635.0,0.005184885111864068,0.00784369638851578,0.0026588112766517116
ADD,PETROLEO   BRASILEIRO         S  A,71654V408,PUT,1339700.0,303.03850782190136,21649552.0,0.002870395172738009,0.007835703805245179,0.00496530863250717
NEW,JACOBS   SOLUTIONS    INC,46982L108,CALL,171500.0,,21609000.0,0.0,0.007821026667320556,0.007821026667320556
TRIM,CAVCO   INDS   INC   DEL,149568107,,35070.0,-26.545743967828418,21546307.0,0.009622477012907693,0.007798335953967123,-0.00182414105894057
ADD,J   &  J  SNACK   FOODS     CORP,466032109,,293334.0,98.10762622578815,21545382.0,0.004884640769683277,0.00779800116523709,0.002913360395553813
TRIM,SOLARIS     ENERGY  INFRAS       INC,83418M103,,267725.0,-88.28615856881338,21541154.0,0.05374987605818378,0.00779647090929052,-0.04595340514889326
ADD,LULULEMON     ATHLETICA          INC,550021109,,188625.0,41.047019411958246,21537202.0,0.008520657350333716,0.007795040547062317,-0.0007256168032713992
ADD,REGENERON   PHARMACEUTICALS,75886F107,CALL,34400.0,21.98581560283688,21449776.0,0.009067527287584,0.007763398125968458,-0.0013041291616155424
ADD,GLOBAL    BUSINESS     TRAVEL  GROUP,37890B100,,2283986.0,1143.4457377424026,21446629.0,0.0004265437273595655,0.007762259120418824,0.007335715393059258
TRIM,SAREPTA   THERAPEUTICS          INC,803607100,,1193468.0,-2.309438953835777,21446620.0,0.011063171268907063,0.007762255863014965,-0.0033009154058920983
ADD,TIDEWATER        INC  NEW,88642R109,,321301.0,1192.33770412678,21408286.0,0.0008644603338574294,0.007748381494174895,0.006883921160317465
TRIM,CHIPOTLE     MEXICAN    GRILL     INC,169656105,,628201.0,-83.68522666123708,21358834.0,0.05129391262969494,0.007730483145766715,-0.043563429483928225
TRIM,BLACKSTONE   INC,09260D107,CALL,181500.0,-66.32028205604009,21357105.0,0.02578878208546723,0.007729857362291877,-0.018058924723175353
TRIM,OFG  BANCORP,67103X102,,435219.0,-29.20355853708924,21356196.0,0.010351061238272143,0.007729528364502039,-0.002621532873770104
ADD,WAFD   INC,938824109,,556257.0,167.5251410350748,21343581.0,0.002717084367281483,0.007724962570091921,0.005007878202810438
TRIM,EAST   WEST   BANCORP         INC,27579R104,,165321.0,-39.74501492515554,21341288.0,0.012190069278588511,0.007724132655975203,-0.004465936622613308
ADD,OCUGEN   INC,67577C105,,13943252.0,1.5739562759812789,21333176.0,0.010340055414147018,0.007721196649296259,-0.002618858764850759
ADD,IMMIX  BIOPHARMA      INC,45258H106,,2066426.0,18.067992229459488,21304852.0,0.006635423267275664,0.0077109452374157835,0.0010755219701401196
ADD,NIO   INC,62914VAJ5,,21000000.0,40.0,21303268.0,0.006439062568579191,0.007710371934336463,0.0012713093657572717
TRIM,T-MOBILE    US   INC,872590104,PUT,126700.0,-61.83734939759036,21251391.0,0.02901896982576,0.007691595896554955,-0.021327373929205046
TRIM,OKTA   INC,679295105,PUT,155200.0,-15.422343324250681,21177040.0,0.006010748487448609,0.007664685759401827,0.001653937271953218
TRIM,ROKU   INC,77543R102,PUT,153300.0,-22.02441505595117,21176862.0,0.007741569767686324,0.007664621335192156,-7.694843249416751e-05
ADD,UNITED    PARKS   &  RESORTS     INC,81282V100,,443507.0,443.88673599529085,21173024.0,0.0011083342648145695,0.007663232233412843,0.006554897968598273
ADD,FASTLY   INC,31188V100,PUT,1152300.0,668.2,21156228.0,0.0018140507963935134,0.007657153193942978,0.005843102397549465
ADD,COSTAR   GROUP     INC,22160N109,,746995.0,504.41378752326244,21154898.0,0.0020748267367667415,0.0076566718220392556,0.005581845085272514
ADD,CARGURUS   INC,141788109,,620360.0,741.7596135580342,21148072.0,0.001044324365068461,0.007654201262178498,0.006609876897110037
TRIM,CIENA   CORP,171779309,PUT,43100.0,-22.20216606498195,21143136.0,0.00895079130853074,0.007652414757128291,-0.0012983765514024493
ADD,TARGA   RES  CORP,87612G101,,78796.0,47.89594203986636,21128359.0,0.005559257504057705,0.007647066461924303,0.0020878089578665977
TRIM,DANA   INC,235825205,,774905.0,-63.77414924262328,21085165.0,0.029955564792948763,0.007631433094999954,-0.022324131697948807
ADD,MARA  HOLDINGS       INC,565788AF3,,20925000.0,16.736401673640167,21057591.0,0.006627762554483736,0.0076214531334411265,0.00099369057895739
ADD,DESCARTES    SYS    GROUP   INC,249906108,,304148.0,4.167765489983869,21045369.0,0.00869026090382392,0.007617029578999552,-0.001073231324824368
ADD,GOODYEAR     TIRE     &  RUBR   CO,382550101,,3188319.0,57.964806306862016,21042905.0,0.0055690040215276605,0.007616137774209499,0.0020471337526818383
TRIM,WAYFAIR  INC,94419L101,,227312.0,-51.26452553492561,21008175.0,0.014598738376105723,0.007603567814648387,-0.006995170561457336
ADD,TAL   ED  GROUP,874080104,,2193048.0,110.8910891089109,20987469.0,0.004920542245733582,0.007596073614168331,0.002675531368434749
TRIM,ADVANCED   DRAIN     SYS  INC    DEL,00790R104,,133227.0,-40.495768105585206,20911310.0,0.01277731027334202,0.0075685091007731495,-0.00520880117256887
TRIM,BANK  MONTREAL   MEDIUM,063671101,PUT,84700.0,-56.807751147373786,20884090.0,0.015352543692193882,0.00755865726376614,-0.007793886428427742
ADD,ENLIVEN   THERAPEUTICS     INC,29337E102,,411362.0,19.125559629095502,20876622.0,0.00563336474596323,0.0075559543424300515,0.0019225895964668218
ADD,INTER     &  CO   INC,G4R20B107,,3842298.0,48.75883888832105,20863678.0,0.008556258773476426,0.00755126947181217,-0.0010049893016642556
ADD,CRISPR     THERAPEUTICS           AG,H17182108,,382032.0,1.2869255364841004,20836025.0,0.007466929801566123,0.00754126091748613,7.433111592000663e-05
KEEP,MATTEL   INC,577081102,PUT,1500000.0,0.0,20820000.0,0.009070253981967568,0.007535460928946919,-0.001534793053020649
TRIM,THE  CIGNA   GROUP,125523100,PUT,75400.0,-49.4299128101945,20786272.0,0.016551777757685546,0.007523253627015529,-0.009028524130670018
ADD,BOEING  CO,097023204,,305997.0,8517.206420726556,20744189.0,9.563489357944994e-05,0.007508022368500983,0.007412387474921533
TRIM,ARK   21SHARES      BITCOIN     ETF,040919102,,1060383.0,-37.46429085350463,20635053.0,0.015870357604540884,0.007468522365429822,-0.008401835239111062
ADD,DEL   MONTE  CORP,G36738105,,737574.0,231.78471019545222,20585690.0,0.003724650794602237,0.007450656229126479,0.0037260054345242422
ADD,BARCLAYS     PLC,06738E204,,766196.0,11.75505358057068,20580025.0,0.006037413660820511,0.0074486058743636315,0.0014111922135431202
ADD,DAVITA    INC,23918K108,PUT,92500.0,1323.076923076923,20579400.0,0.0004157397418754701,0.0074483796657622585,0.0070326399238867885
TRIM,MATTEL   INC,577081102,,1480276.0,-47.154421332781176,20546231.0,0.01693800411245878,0.007436374684803937,-0.009501629427654845
ADD,BILL   HOLDINGS      INC,090043AD2,,21200000.0,30.864197530864196,20533083.0,0.00651429011898297,0.007431615979698567,0.000917325860715597
ADD,VISTA   ENERGY    S.A.B.    DE   C.V.,92837L109,,321541.0,34.61878226356797,20514316.0,0.007501837066248549,0.0074248235687834115,-7.701349746513757e-05
TRIM,PARK   HOTELS  &    RESORTS   INC,700517105,,1438522.0,-29.7955243562126,20498938.0,0.008979303409508607,0.007419257751388342,-0.0015600456581202652
TRIM,LULULEMON     ATHLETICA          INC,550021109,PUT,179500.0,-7.283057851239668,20495310.0,0.012335112606843581,0.0074179446556990915,-0.00491716795114449
ADD,YELP   INC,985817105,,833704.0,551.3007202787369,20442422.0,0.0013179305844168694,0.007398802702884002,0.006080872118467133
TRIM,AIRBNB     INC,009066101,PUT,142800.0,-46.63677130044843,20434680.0,0.014063170986590988,0.00739600061169707,-0.006667170374893917
TRIM,DILLARDS    INC,254067101,,38667.0,-24.481465567751258,20432416.0,0.012190711000618344,0.007395181193659456,-0.0047955298069588875
ADD,ARCBEST   CORP,03937C105,,142309.0,888.2569444444445,20427034.0,0.0005894454056432737,0.00739323326615131,0.006803787860508037
NEW,IONIS   PHARMACEUTICALS        INC,462222100,CALL,257500.0,,20417175.0,0.0,0.007389664961189807,0.007389664961189807
TRIM,MCKESSON   CORP,58155Q103,CALL,27000.0,-6.896551724137931,20401200.0,0.010443772176610607,0.007383883069338707,-0.0030598891072719002
ADD,GREENBRIER     COS     INC,393657101,,416236.0,2202.0629389967366,20399726.0,0.0003961717977491974,0.007383349578973228,0.006987177781224031
TRIM,MOBILEYE     GLOBAL   INC,60741F104,,2105325.0,-3.8373700177861987,20379546.0,0.0062593916366041145,0.007376045755652087,0.0011166541190479728
ADD,CAL  MAINE  FOODS   INC,128030202,,252844.0,860.5805030012916,20369113.0,0.0008670263896524655,0.007372269700711083,0.006505243311058617
TRIM,DIGITALBRIDGE        GROUP      INC,25401T603,,1290664.0,-74.2874412351935,20366678.0,0.032211789118436224,0.007371388392000132,-0.02484040072643609
ADD,IHS   HOLDING    LIMITED,G4701H109,,2467671.0,116.39650036348586,20333609.0,0.0039057050495521274,0.007359419604418032,0.0034537145548659046
TRIM,MACYS   INC,55616P104,,863303.0,-18.671944697491398,20330786.0,0.007991421035552984,0.007358397865407349,-0.0006330231701456353
TRIM,JEFFERIES      FINANCIAL      GROUP    IN,47233W109,,406773.0,-59.99494494514184,20330515.0,0.017463620648889656,0.007358299781357794,-0.010105320867531863
TRIM,BRITISH  AMERN    TOB  PLC,110448107,,329156.0,-16.655230127641904,20328675.0,0.00960990517062546,0.00735763382323535,-0.00225227134739011
TRIM,THERMO   FISHER    SCIENTIFIC  INC,883556102,CALL,40500.0,-17.849898580121703,20305080.0,0.010084619666437089,0.007349093996116307,-0.0027355256703207823
ADD,BELDEN   INC,077454106,,168960.0,226.80851063829786,20259994.0,0.0024706343926377914,0.007332775850513881,0.00486214145787609
NEW,KORN   FERRY,500643200,,304187.0,,20252770.0,0.0,0.007330161241015767,0.007330161241015767
TRIM,SCORPIO   TANKERS      INC,Y7542C130,,292272.0,-10.695286838285845,20242759.0,0.0101686519593734,0.007326537922122411,-0.0028421140372509885
TRIM,JD.COM    INC,47215PAJ5,,20519000.0,-52.30247100118552,20210039.0,0.01788704732177228,0.007314695449423316,-0.010572351872348963
ADD,RB   GLOBAL     INC,74935Q107,,173307.0,68.27556073405185,20181600.0,0.00410818291563933,0.007304402415160189,0.003196219499520859
TRIM,CHOICE   HOTELS    INTL  INC,169905106,,182823.0,-6.111727367966969,20159892.0,0.00838730443293469,0.007296545557050411,-0.001090758875884279
ADD,CNO  FINL   GROUP      INC,12621E103,,395368.0,33.20126676099993,20155861.0,0.005071946612397202,0.007295086602054994,0.0022231399896577913
NEW,ARES   ACQUISITION         CORP  III,G3303U112,,2000000.0,,20100000.0,0.0,0.007274868620164892,0.007274868620164892
ADD,API   GROUP  CORP,00187Y100,,473645.0,6862.296045862119,20058866.0,0.00011471842496725009,0.00725998083679067,0.007145262411823419
ADD,DRUGS   MADE     IN   AMER  ACQ  II   CO,G2851K104,,1993558.0,0.8668682090137495,20055193.0,0.008200457200906158,0.007258651454082119,-0.0009418057468240388
TRIM,GITLAB    INC,37637K108,,656124.0,-50.118939285087095,20031466.0,0.011845954787577113,0.007250063851706465,-0.004595890935870648
TRIM,VIPER  ENERGY     INC,64361Q101,,471712.0,-30.644663288920775,20000589.0,0.013300411109597576,0.007238888422931101,-0.006061522686666474
TRIM,TERADYNE  INC,880770102,,41303.0,-93.66625262609068,19984044.0,0.08045435178319627,0.0072329002288355464,-0.07322145155436072
ADD,FORTIVE   CORP,34959J108,,326986.0,33.143585421171146,19975575.0,0.00564988388620458,0.007229835011803498,0.001579951125598918
ADD,CABLE    ONE   INC,12685JAG0,,29641000.0,2587.307343608341,19953333.0,0.00035115553836725504,0.0072217848810647075,0.0068706293426974525
NEW,PELOTON  INTERACTIVE      INC,70614WAD2,,12300000.0,,19896652.0,0.0,0.007201270113489605,0.007201270113489605
ADD,PETROLEO   BRASILEIRO         S  A,71654V101,,1358980.0,414.66767657640594,19895467.0,0.0020603929850412732,0.007200841221981401,0.005140448236940128
NEW,TRACTOR   SUPPLY    CO,892356106,CALL,628700.0,,19873207.0,0.0,0.00719278457643489,0.00719278457643489
TRIM,IRON  MTN  INC   DEL,46284V101,,157057.0,-58.05807249314352,19837870.0,0.015917224536988107,0.007179994923080126,-0.008737229613907983
TRIM,ALBEMARLE     CORP,012653101,PUT,146600.0,-13.151658767772512,19795398.0,0.012611654017810928,0.007164622872332082,-0.005447031145478846
ADD,TANDEM    DIABETES       CARE   INC,875372203,,1311739.0,72.2183564578979,19794142.0,0.006076488373237528,0.007164168283526763,0.0010876799102892349
TRIM,PRICE   T  ROWE  GROUP    INC,74144T108,,173994.0,-75.29515498565223,19781378.0,0.026419966889751265,0.007159548560986078,-0.019260418328765187
TRIM,ESSENT   GROUP     LTD,G3198U102,,307579.0,-29.050302525621834,19771178.0,0.010543356865122052,0.007155856836611666,-0.0033875000285103866
TRIM,WW  GRAINGER    INC,384802104,,14523.0,-72.92202707237946,19757089.0,0.02434735996187371,0.007150757551836069,-0.01719660241003764
ADD,LEGENCE   CORP,52476L109,,231670.0,761.8034372442527,19745234.0,0.0006316334270779138,0.0071464668270852195,0.006514833400007306
ADD,CHECK   POINT  SOFTWARE       TECH  LT,M22465104,,150223.0,1650.442787229084,19743809.0,0.0005101894056618188,0.007145951071474089,0.00663576166581227
ADD,XOMETRY    INC,98423F109,,203953.0,198.71406183634312,19685544.0,0.0011604402625235042,0.007124863000819666,0.005964422738296162
TRIM,SKYWEST     INC,830879102,,197996.0,-8.360216422366113,19666943.0,0.008256947466827987,0.007118130670909034,-0.0011388167959189522
ADD,JETBLUE   AIRWAYS       CORP,477143101,PUT,3430600.0,2982.3000898472596,19657338.0,0.00020472930329951906,0.007114654297123129,0.00690992499382361
NEW,WILLIS   LEASE     FIN   CORP,970646AA3,,18000000.0,,19635600.0,0.0,0.007106786581000486,0.007106786581000486
TRIM,VNET   GROUP    INC,90138AAE3,,17000000.0,-22.727272727272727,19634643.0,0.010417790341483183,0.0071064402103900625,-0.003311350131093121
ADD,VERRA   MOBILITY    CORP,92511U102,,4616011.0,465.9990607576963,19618047.0,0.004850046875097133,0.007100433557672637,0.002250386682575504
ADD,CENTRAL   BANCOMPANY,152413100,,645144.0,149.1182410385719,19599475.0,0.00258118536987045,0.007093711723841109,0.004512526353970659
NEW,FEDEX   FGHT   HLDG   CO  INC,314352105,,129785.0,,19597535.0,0.0,0.007093009572342447,0.007093009572342447
ADD,ZILLOW  GROUP     INC,98954M101,,624337.0,69.2988735770572,19585452.0,0.006352182894236843,0.0070886363266938176,0.0007364534324569745
ADD,US     BANCORP,902973304,CALL,323900.0,83.20135746606336,19563560.0,0.0038267640843155384,0.007080712872771795,0.003253948788456257
NEW,GENERAL   CATALYST     GBL   RESIL    M,G3793T112,,1900000.0,,19551000.0,0.0,0.0070761669847185975,0.0070761669847185975
TRIM,AKAMAI  TECHNOLOGIES       INC,00971T101,CALL,165300.0,-8.37028824833703,19540113.0,0.008622438542654147,0.007072226611849555,-0.0015502119308045915
ADD,LCI   INDS,501812AD3,,17400000.0,4250.0,19523844.0,0.00020086315695896025,0.007066338311472369,0.006865475154513408
ADD,BP   PLC,055622104,PUT,527800.0,137.64070238631248,19502210.0,0.004344191798190633,0.007058508236460993,0.0027143164382703597
ADD,TRANE  TECHNOLOGIES      PLC,G8994E103,CALL,39700.0,185.6115107913669,19499052.0,0.0024106966394947366,0.007057365249639974,0.004646668610145238
TRIM,APTARGROUP     INC,038336103,,155567.0,-40.35190638323978,19476988.0,0.013678011255399112,0.007049379543110855,-0.006628631712288257
ADD,VIKING   THERAPEUTICS        INC,92686J106,,498172.0,98.85121245384693,19433690.0,0.003392588775514297,0.007033708535075237,0.00364111975956094
TRIM,TWO   HARBORS   INVENTMENT      CORPO,90187B804,,1564654.0,-26.380898652778363,19417356.0,0.010100816697177085,0.007027796709003506,-0.003073019988173579
NEW,MADRIGAL     PHARMACEUTICALS     INC,558868105,CALL,36000.0,,19330200.0,0.0,0.006996252010025443,0.006996252010025443
NEW,KITE   REALTY     GROUP  TRUST,49803T300,,680303.0,,19306999.0,0.0,0.006987854784808704,0.006987854784808704
ADD,BILIBILI     INC,090040106,,1133031.0,160.94860167159146,19295518.0,0.004076509646996999,0.006983699423284918,0.0029071897762879186
TRIM,ENERGIZER     HLDGS    INC,29272W109,,898385.0,-26.700863710610438,19261374.0,0.008375280676199337,0.006971341556908454,-0.0014039391192908826
ADD,AUTOMATIC   DATA    PROCESSING     IN,053015103,CALL,86000.0,2.8708133971291865,19259700.0,0.007068866963023439,0.006970735679790537,-9.813128323290198e-05
ADD,ALLSTATE    CORP,020002101,,80861.0,2465.3870558375634,19240066.0,0.00027197694454504043,0.006963629472303555,0.006691652527758514
ADD,MARA  HOLDINGS       INC,565788AH9,,19945000.0,267.64976958525347,19234579.0,0.0020723368386445064,0.006961643541750379,0.0048893067031058725
TRIM,ENOVA   INTL  INC,29357K103,,79891.0,-25.027918281547656,19232160.0,0.006023606233125456,0.006960768023979624,0.0009371617908541675
TRIM,ARS   PHARMACEUTICALS          INC,82835W108,,2400937.0,-59.87014031110901,19231505.0,0.019993611416151906,0.006960530957365384,-0.013033080458786522
ADD,ASSOCIATED     BANC-CORP,045487105,,621947.0,23.741735755058027,19137309.0,0.005409140743075214,0.006926438244701452,0.0015172975016262379
NEW,ISHARES  INC,464286509,,331939.0,,19132964.0,0.0,0.0069248656425047045,0.0069248656425047045
NEW,ZIMMER   BIOMET    HOLDINGS    INC,98956P102,,222065.0,,19117576.0,0.0,0.006919296205772013,0.006919296205772013
NEW,ENVIRI   CORP,29390K102,,870838.0,,19114894.0,0.0,0.006918325499421799,0.006918325499421799
TRIM,WP     CAREY     INC,92936U109,,266214.0,-49.331947743467936,19034301.0,0.014859788567333465,0.0068891561717250365,-0.00797063239560843
TRIM,BABCOCK     &  WILCOX    ENTERPRISES,05614L209,,1346695.0,-60.02311288325055,18988400.0,0.020594186662239947,0.00687254305010642,-0.013721643612133527
ADD,MOLINA   HEALTHCARE     INC,60855R100,,82899.0,112.70879839889155,18959001.0,0.0021620043832059504,0.006861902559431582,0.004699898176225632
ADD,FRESHWORKS   INC,358054104,,1869952.0,369.04758321418717,18923914.0,0.0013322682026865066,0.006849203389517368,0.005516935186830861
ADD,NETSCOUT    SYS    INC,64115T104,,432729.0,526.0728030324951,18845348.0,0.0009144168540799286,0.006820767701556578,0.005906350847476649
ADD,URBAN   OUTFITTERS         INC,917047102,,265593.0,23.22042469484047,18819920.0,0.005682548036917618,0.006811564449851426,0.0011290164129338079
ADD,SHELL  PLC,780259305,CALL,242600.0,246.57142857142858,18811204.0,0.002709215573416328,0.006808409835180114,0.0040991942617637864
TRIM,QUANTUMSCAPE    CORP,74767V109,,2487762.0,-11.065090280429159,18807481.0,0.007427109326582661,0.006807062355783455,-0.0006200469707992066
TRIM,LINCOLN   NATL   CORP      IND,534187109,,531839.0,-55.611317866595,18800509.0,0.017701043234252464,0.006804538953593415,-0.01089650428065905
TRIM,COPA   HOLDINGS     SA,P31076105,,120818.0,-29.076606985617847,18795656.0,0.008054178703400413,0.006802782489045472,-0.001251396214354941
NEW,NEWS  CORP  NEW,65249B208,,669683.0,,18791305.0,0.0,0.0068012077152461515,0.0068012077152461515
ADD,AMERICAN  ELEC   PWR       CO  INC,025537101,CALL,136900.0,313.595166163142,18729289.0,0.0018056226806035247,0.006778762031049726,0.004973139350446201
TRIM,BERKSHIRE     HATHAWAY     INC    DEL,084670108,,25.0,-24.242424242424242,18721250.0,0.009862468567200562,0.0067758524455354225,-0.0030866161216651393
ADD,APPLIED    OPTOELECTRONICS      INC,03823U102,,126326.0,31.03269438220895,18716460.0,0.003393865977141765,0.006774118782814498,0.003380252805672733
ADD,ISHARES  INC,46434G822,CALL,200600.0,301.2,18709962.0,0.001757036582329299,0.00677176693722774,0.005014730354898441
TRIM,AUTODESK   INC,052769106,PUT,96200.0,-48.77529286474974,18703204.0,0.018710367114317693,0.00676932098886281,-0.011941046125454883
TRIM,MAGNA   INTL   INC,559222401,,284527.0,-66.2470387404519,18682032.0,0.019568649521111012,0.00676165812724957,-0.012806991393861444
ADD,IREN   LIMITED,Q4982L109,CALL,408000.0,18.535735037768738,18657840.0,0.00491037041054995,0.006752902225674495,0.0018425318151245448
NEW,ISHARES  INC,46434G822,PUT,200000.0,,18654000.0,0.0,0.006751512400027656,0.006751512400027656
TRIM,GULFPORT    ENERGY   CORP,402635502,,109831.0,-45.75657602307411,18638321.0,0.01782766639358118,0.006745837640570166,-0.011081828753011015
ADD,NORTHERN   OIL   &   GAS  INC,665531AJ8,,19440000.0,92.66600594648166,18629812.0,0.004614566102309679,0.00674275794618763,0.0021281918438779517
TRIM,NMI   HLDGS     INC,629209305,,452967.0,-21.694326314697644,18612414.0,0.009029900819436644,0.006736461022592921,-0.0022934397968437234
TRIM,BRISTOL-MYERS     SQUIBB    CO,110122108,PUT,323000.0,-23.076923076923077,18611260.0,0.010598374333207582,0.006736043351031345,-0.003862330982176237
ADD,ALUMIS   INC,022307102,,660142.0,8.883295617235486,18576396.0,0.005558443490899241,0.006723424892346101,0.00116498140144686
ADD,GE   HEALTHCARE      TECHNOLOGIES            I,36266G107,,289617.0,69.74188557161445,18538384.0,0.005054236832254847,0.0067096670661774575,0.0016554302339226107
ADD,APPLIED    OPTOELECTRONICS      INC,03823U102,PUT,124900.0,3684.848484848485,18505184.0,0.00011617041469622854,0.00669765086527251,0.006581480450576282
TRIM,FOX   CORP,35137L204,,394898.0,-41.663650612394434,18497022.0,0.014959007449318178,0.0066946967619054545,-0.008264310687412724
TRIM,MEDTRONIC   PLC,G5960L103,PUT,235600.0,-30.109759715218036,18430988.0,0.012155977691713137,0.0066707968278525214,-0.005485180863860615
NEW,EMBRAER   S.A.,29082A107,,287366.0,,18333951.0,0.0,0.006635675861370186,0.006635675861370186
ADD,ROBLOX  CORP,771049103,CALL,336600.0,68.13186813186813,18304308.0,0.004712333826889706,0.006624947058857373,0.001912613231967667
ADD,OSCAR   HEALTH  INC,687793109,,641378.0,54.80630445801453,18292101.0,0.001977659118001901,0.006620528933422231,0.004642869815420329
TRIM,MASTEC   INC,576323109,,43898.0,-91.27621477785131,18264202.0,0.06737633772466378,0.00661043134339069,-0.06076590638127309
ADD,TRANSDIGM   GROUP   INC,893641100,,13683.0,495.69003047453197,18226303.0,0.0011078781511020556,0.0065967144157371765,0.005488836264635121
ADD,AUTOZONE    INC,053332102,CALL,5700.0,103.57142857142858,18216858.0,0.003935971690139443,0.0065932959513532235,0.0026573242612137806
ADD,LENDINGTREE       INC,52603B107,,411135.0,11.685351747668554,18209169.0,0.006569095760535952,0.006590513042655688,2.1417282119735696e-05
ADD,INTERCONTINENTAL        EXCHANGE     IN,45866F104,CALL,147900.0,124.77203647416412,18207969.0,0.004306872041545213,0.006590078722141051,0.002283206680595838
ADD,MAPLEBEAR  INC,565394103,,384478.0,35.57578044282395,18205033.0,0.004420992025345862,0.006589016084615241,0.0021680240592693786
TRIM,MONDELEZ     INTL   INC,609207105,CALL,314300.0,-57.95317725752508,18179112.0,0.017930720625907615,0.006579634399565325,-0.011351086226342288
TRIM,BUTTERFLY         NETWORK    INC,124155102,,2154551.0,-38.24386860257309,18141319.0,0.005865710569301444,0.006565955836890605,0.0007002452675891604
TRIM,SOFI  TECHNOLOGIES          INC,83406F102,CALL,1010600.0,-30.960513731384072,18120058.0,0.009673749021675133,0.006558260763172528,-0.0031154882585026043
ADD,SHELL  PLC,780259305,PUT,233600.0,216.5311653116531,18113344.0,0.0028562872759732147,0.006555830739893135,0.0036995434639199203
TRIM,CHURCHILL     DOWNS   INC,171484108,,201534.0,-54.49107475527555,18065508.0,0.01655524896614912,0.006538517276444668,-0.010016731689704452
ADD,ATLASSIAN     CORPORATION,049468101,CALL,232000.0,5.694760820045558,18047280.0,0.006234473095760881,0.006531919947827336,0.0002974468520664554
ADD,CIRCLE  INTERNET          GROUP  INC,172573107,CALL,288100.0,39.246012566457225,18043703.0,0.008215177688350533,0.006530625310759957,-0.0016845523775905766
ADD,MSA   SAFETY    INC,553498106,,103270.0,161.86732934374683,18028877.0,0.0026907096750878063,0.006525259280801619,0.003834549605713813
TRIM,HIMS   &  HERS    HEALTH    INC,433000106,PUT,517700.0,-24.632406463822974,17948659.0,0.0059344905195702095,0.00649622567826568,0.0005617351586954707
NEW,CHURCHILL     DOWNS   INC,171484108,PUT,200000.0,,17928000.0,0.0,0.006488748488672447,0.006488748488672447
TRIM,ING  GROEP    N.V.,456837103,,570133.0,-37.95760554812551,17890774.0,0.009962261336785235,0.006475275142440892,-0.0034869861943443428
ADD,SMITH  &  NEPHEW    PLC,83175M205,,620524.0,2891.9189971070396,17877296.0,0.0002742995454844009,0.006470396999193998,0.006196097453709597
ADD,ACM   RESH   INC,00108J109,,140501.0,114.30902989627822,17828172.0,0.001073609279152291,0.00645261736505982,0.005379008085907529
NEW,QXO   INC,82846H405,CALL,1031100.0,,17817408.0,0.0,0.0064487215100435275,0.0064487215100435275
TRIM,MIRION   TECHNOLOGIES     INC,60471A101,,991741.0,-80.57999518681068,17781916.0,0.0395085327395071,0.006435875756955622,-0.03307265698255148
TRIM,ZOOM   COMMUNICATIONS   INC,98980L101,CALL,206000.0,-52.1486643437863,17779860.0,0.014402495867458844,0.006435131621140545,-0.007967364246318298
NEW,GORES     HOLDINGS     XI   INC,G40008123,,1750347.0,,17766022.0,0.0,0.00643012318173926,0.00643012318173926
TRIM,SURROZEN    INC,86889P208,,683079.0,-6.573177703798735,17725900.0,0.008863442203287192,0.006415601675332381,-0.0024478405279548107
TRIM,VERIZON   COMMUNICATIONS    INC,92343V104,,418477.0,-80.41916977395883,17718316.0,0.04464849065068857,0.006412856769679877,-0.038235633881008695
ADD,TEXAS   CAP  BANCSHARES        INC,88224Q107,,171548.0,310.7163378663091,17714046.0,0.001649228945966066,0.006411311312515295,0.004762082366549229
ADD,EVEREST     GROUP     LTD,G3223R108,,49503.0,257.1387345790347,17683957.0,0.0018854092873217087,0.006400421087544542,0.0045150118002228335
NEW,BIOLIFE   SOLUTIONS      INC,09062W204,,625658.0,,17668582.0,0.0,0.006394856355950759,0.006394856355950759
ADD,LINDSAY   CORP,535555106,,142274.0,506.1434901158828,17613521.0,0.0011630945446935886,0.006374927921070416,0.005211833376376827
ADD,SENTINELONE     INC,81730H109,CALL,1037700.0,102.87390029325513,17609769.0,0.002741726160297324,0.006373569945594652,0.003631843785297328
TRIM,DRIVEN     BRANDS    HLDGS   INC,26210V102,,1262411.0,-13.872223078822877,17598009.0,0.007691927866046545,0.006369313604551213,-0.001322614261495332
ADD,DBX  ETF  TR,233051879,CALL,480000.0,136.68639053254438,17596800.0,0.002754740382941237,0.006368876026632715,0.003614135643691478
ADD,HARMONY   GOLD  MNG  LTD,413216300,,1156313.0,7.711389259163004,17587521.0,0.006866734095355647,0.006365517643253286,-0.0005012164521023613
ADD,BIO   RAD  LABS      INC,090572207,,59895.0,1718.3060109289618,17585771.0,0.0003821209151984669,0.0063648842591694415,0.005982763343970974
TRIM,DOORDASH   INC,25809K105,CALL,95300.0,-28.66766467065868,17585709.0,0.008348229304355527,0.006364861819276185,-0.001983367485079342
NEW,PROSHARES  TR  II,74347W338,CALL,1225000.0,,17578750.0,0.0,0.006362343122225054,0.006362343122225054
ADD,RIO   TINTO   PLC,767204100,PUT,185000.0,107.16685330347144,17562050.0,0.0034669623611935526,0.00635629882839636,0.0028893364672028074
TRIM,APPLOVIN   CORP,03831W108,,34067.0,-23.45182455509617,17552340.0,0.007371310305986093,0.006352784451565426,-0.0010185258544206672
TRIM,TOAST    INC,888787108,,630594.0,-86.68592503509072,17543125.0,0.0522529890921973,0.006349449231946777,-0.045903539860250524
ADD,TOOTSIE    ROLL   INDS  INC,890516107,,443267.0,340.69773222115066,17531210.0,0.0017882096240715913,0.006345136791170197,0.004556927167098606
TRIM,SKYWATER     TECHNOLOGY  INC,83089J108,,502951.0,-44.45181968386361,17512754.0,0.010328266789024413,0.006338456941655085,-0.003989809847369328
ADD,SLB  LIMITED,806857108,CALL,376600.0,0.8569898232458489,17508134.0,0.007985746248523936,0.006336784807673732,-0.0016489614408502036
ADD,EURONET     WORLDWIDE      INC,298736109,,239087.0,28.732420150330597,17498778.0,0.005129823530591016,0.006333398555394615,0.0012035750248035994
TRIM,APOLLO   GLOBAL  MGMT  INC,03769M106,PUT,147900.0,-33.587786259541986,17498049.0,0.010326328721908376,0.006333134705681974,-0.003993194016226402
TRIM,RADIAN    GROUP     INC,750236101,,464439.0,-49.2676431424767,17495417.0,0.01260293583700486,0.0063321820960198704,-0.00627075374098499
ADD,BOOZ   ALLEN  HAMILTON     HLDG  COR,099502106,,288366.0,8.62920450992432,17495165.0,0.008620285319708394,0.006332090888711797,-0.0022881944309965964
ADD,NEXTERA   ENERGY  INC,65339F101,CALL,199100.0,8.501362397820165,17475007.0,0.007092851219847883,0.006324795027933425,-0.0007680561919144579
ADD,SPYRE  THERAPEUTICS  INC,00773J202,,196712.0,34.14712320733229,17464091.0,0.003078131247545659,0.006320844158985279,0.00324271291143962
TRIM,UNITI   GROUP  LLC,912932100,,1521128.0,-33.25253518098406,17447338.0,0.008896033109462454,0.006314780682667189,-0.002581252426795265
ADD,CYBIN   INC,23256X407,,2632156.0,8.954024706096138,17398551.0,0.004825831648281407,0.006297123020210871,0.0014712913719294642
TRIM,BAKER   HUGHES    COMPANY,05722G100,CALL,313200.0,-22.14765100671141,17382600.0,0.01022111502420399,0.006291349814770062,-0.0039297652094339285
TRIM,VALVOLINE     INC,92047W101,,439365.0,-37.57414903547645,17372492.0,0.009864967204727872,0.0062876913883017724,-0.0035772758164261
NEW,BITDEER     TECHNOLOGIES       GROUP,G11448100,,1093932.0,,17360701.0,0.0,0.006283423827311704,0.006283423827311704
ADD,FIRST  HAWAIIAN       INC,32051X108,,591673.0,464.4495959856139,17336019.0,0.0010748798221854156,0.006274490578193152,0.005199610756007736
ADD,RIO   TINTO   PLC,767204100,CALL,182600.0,86.3265306122449,17334218.0,0.0038047291309850854,0.006273838735487435,0.00246910960450235
TRIM,WEBULL     CORP,G9572D103,,2656653.0,-55.11463482751682,17321378.0,0.011823168661572311,0.006269191505980821,-0.00555397715559149
ADD,IPERIONX      LTD,44916E100,,579751.0,251.95082713613596,17235997.0,0.0017851021413240185,0.006238289239430658,0.004453187098106639
NEW,MITEK   SYS   INC,606710200,,854482.0,,17200723.0,0.0,0.006225522387902912,0.006225522387902912
ADD,DAVITA    INC,23918K108,,77094.0,40.155619386975964,17151873.0,0.0035181815173683934,0.006207841923619575,0.002689660406251182
ADD,MARA  HOLDINGS       INC,565788106,,1232023.0,98.53342615242313,17112799.0,0.0021073560509443276,0.00619369972379548,0.0040863436728511525
ADD,SANOFI   SA,80105N105,CALL,400900.0,75.9104870557262,17102394.0,0.004569552756062762,0.006189933802999817,0.0016203810469370547
ADD,ROSS   STORES     INC,778296103,CALL,80200.0,781.3186813186813,17070570.0,0.0008203941726558418,0.0061784156229516525,0.00535802145029581
ADD,XPENG  INC,98422D105,,1288529.0,945.035685320357,17060124.0,0.0008779618823748403,0.006174634862871739,0.0052966729804968995
ADD,CHIPOTLE     MEXICAN    GRILL     INC,169656105,CALL,501000.0,65.07413509060956,17034000.0,0.004043029818476911,0.006165179705268099,0.0021221498867911876
NEW,IDEX   CORP,45167R104,CALL,75000.0,,17021250.0,0.0,0.006160565049800083,0.006160565049800083
ADD,NEWAMSTERDAM             PHARMA        COMPANY,N62509109,,501614.0,65.08714883757668,16999698.0,0.004047665448626264,0.0061527646533572075,0.002105099204730943
TRIM,NEXTDECADE      CORP,65342K105,,2254323.0,-11.72813812606188,16997595.0,0.00814113952936132,0.006152003506655308,-0.001989136022706013
TRIM,ERIE   INDTY     CO,29530P102,,70887.0,-49.52686104880914,16995158.0,0.014688539924878325,0.006151121474076832,-0.008537418450801493
TRIM,BLACKBERRY   LTD,09228F103,,1338505.0,-21.126522367338666,16932088.0,0.002288213877361092,0.006128294311695052,0.00384008043433396
TRIM,CVS   HEALTH      CORP,126650100,PUT,163500.0,-72.89006798209252,16914075.0,0.018025914387611825,0.0061217747988365915,-0.011904139588775235
ADD,SNAP   INC,83304AAH9,,18285000.0,326.7211201866978,16900673.0,0.0016296064845986078,0.0061169241625556245,0.004487317677957016
ADD,M   &  T  BK   CORP,55261F104,,70965.0,189.92523593577644,16890380.0,0.0021057326024110103,0.006113198778341328,0.004007466175930318
TRIM,LIBERTY   BROADBAND    CORP,530307107,,507178.0,-19.90746004674373,16878884.0,0.013234502678139342,0.0061090379878111075,-0.0071254646903282344
TRIM,CORECIVIC     INC,21871N101,,555415.0,-59.826101045404535,16873508.0,0.010879970865767908,0.006107092231905535,-0.004772878633862373
NEW,TAKEDA    PHARMACEUTICAL        CO   LTD,874060205,,1050698.0,,16842689.0,0.0,0.006095937795288379,0.006095937795288379
ADD,ELASTIC     N     V,N14506104,CALL,294600.0,95.2286282306163,16798092.0,0.003139315406317344,0.006079796635295668,0.0029404812289783237
ADD,ARGAN   INC,04010E109,,21031.0,62.376466954910434,16794305.0,0.002935735542866331,0.006078425992138226,0.003142690449271895
TRIM,OR  ROYALTIES      INC.,68390D106,,530774.0,-54.29716392605559,16788350.0,0.0183749316848706,0.006076270676584342,-0.012298661008286256
TRIM,BRP   INC,05577W200,,275152.0,-4.480016107923085,16786185.0,0.008605139098388195,0.006075487089989185,-0.00252965200839901
TRIM,BANCORP    INC   DEL,05969A105,,267695.0,-57.19687884747605,16768415.0,0.013984412716536691,0.006069055527034939,-0.007915357189501752
ADD,ZENAS   BIOPHARMA      INC,98937L105,,660470.0,38.51616339987165,16762729.0,0.003879376967518854,0.006066997571663086,0.002187620604144232
TRIM,VALMONT   INDS     INC,920253101,,29003.0,-9.962125915807773,16752133.0,0.005356401762741523,0.006063162521518843,0.0007067607587773203
ADD,PERSPECTIVE  THERAPEUTICS   INC,46489V302,,4911855.0,21.38107170393215,16749426.0,0.007022523562556455,0.006062182766824575,-0.0009603407957318793
NEW,ALKERMES     PLC,G01767105,,319595.0,,16745180.0,0.0,0.006060645996070286,0.006060645996070286
ADD,LANDBRIDGE   COMPANY    LLC,514952100,,211305.0,1020.090113967665,16743808.0,0.0005421044645112388,0.006060149422948551,0.005518044958437312
ADD,AMPRIUS   TECHNOLOGIES      INC,03214Q108,,1208017.0,16.68978534404649,16743116.0,0.007263741130532779,0.0060598989647851105,-0.0012038421657476683
ADD,CERTARA   INC,15687V109,,2555126.0,103.44266941838171,16736075.0,0.0029792552831696246,0.00605735058916548,0.0030780953059958553
ADD,NPK   INTERNATIONAL    INC,651718504,,1049928.0,560.7809077864209,16704354.0,0.0009581488370779133,0.006045869688294821,0.005087720851216908
NEW,LEGGETT  &    PLATT   INC,524660107,,1425473.0,,16692289.0,0.0,0.006041502957453911,0.006041502957453911
TRIM,CHIPOTLE     MEXICAN    GRILL     INC,169656105,PUT,490400.0,-52.632087317685695,16673600.0,0.013791593973868688,0.006034738777372206,-0.007756855196496482
ADD,ERASCA   INC,29479A108,,909814.0,57.95491635358579,16667792.0,0.0038784709825260234,0.006032636666081365,0.0021541656835553412
ADD,MCGRATH      RENTCORP,580589109,,137699.0,535.817518585215,16665710.0,0.0009939342038893567,0.00603188311998847,0.005037948916099113
TRIM,NOVAVAX     INC,670002401,,1768163.0,-54.10402733777282,16656095.0,0.013050726722751644,0.006028403126864944,-0.0070223235958867
ADD,MOTOROLA  SOLUTIONS        INC,620076307,CALL,40100.0,206.10687022900765,16653129.0,0.002365884715726703,0.006027329631326266,0.003661444915599563
ADD,ENOVIS     CORPORATION,194014502,,803315.0,27.648907702966397,16628620.0,0.005958168064892717,0.006018458996748573,6.029093185585654e-05
ADD,UNIVERSAL    DISPLAY      CORP,91347P105,,191780.0,40.40148176347424,16606230.0,0.0052104358030077656,0.006010355299812977,0.0007999194968052112
ADD,BARCLAYS     BANK   PLC,06748M196,,748542.0,358.0339605323543,16535293.0,0.0024280035746793243,0.00598468080452399,0.0035566772298446657
TRIM,BRIGHTSPRING    HEALTH     SVCS   INC,10950A106,,237030.0,-82.38711345721725,16530472.0,0.023864200287624086,0.0059829359218564375,-0.01788126436576765
TRIM,NAVITAS   SEMICONDUCTOR           CORP,63942X106,,920772.0,-28.610205918679217,16500234.0,0.004707367763996069,0.005971991768755116,0.001264624004759047
TRIM,TRANSMEDICS     GROUP   INC,89377M109,,248312.0,-18.87349712493466,16492883.0,0.012662737505126026,0.005969331193669204,-0.006693406311456822
ADD,BIT   DIGITAL     INC,G1144A105,,9160871.0,221.19559653253935,16489568.0,0.0015548949752564318,0.00596813138324752,0.004413236407991088
ADD,DICKS   SPORTING     GOODS    INC,253393102,PUT,72600.0,2692.3076923076924,16466406.0,0.0002145540592530079,0.005959748273447508,0.0057451942141945
TRIM,ELBIT   SYS   LTD,M3760D101,,21670.0,-68.05907670538294,16441462.0,0.023973295945830597,0.005950720197683259,-0.018022575748147338
ADD,AT&T  INC,00206R102,CALL,792800.0,26.92923471021454,16410960.0,0.007535512074815324,0.005939680494068718,-0.001595831580746606
ADD,AXON   ENTERPRISE   INC,05464C101,CALL,29200.0,6.95970695970696,16369812.0,0.004824999323988498,0.005924787643621825,0.0010997883196333267
TRIM,RELMADA    THERAPEUTICS      INC,75955J402,,2361827.0,-39.55293536527469,16343843.0,0.011317348126123967,0.005915388585751326,-0.005401959540372641
TRIM,INDEPENDENCE     RLTY    TR   INC,45378A106,,979065.0,-37.98778332761179,16340595.0,0.009783438959426778,0.005914213024891708,-0.0038692259345350696
TRIM,ISHARES  INC,464286772,,80925.0,-44.547609911193945,16338757.0,0.007470770978177895,0.0059135477906367894,-0.0015572231875411058
NEW,RUBRIK   INC.,781154AD1,,16000000.0,,16331515.0,0.0,0.005910926666330957,0.005910926666330957
TRIM,FORD     MTR  CO,345370860,PUT,1172300.0,-2.527646129541864,16294970.0,0.005775980184255886,0.005897699796991458,0.00012171961273557252
ADD,BETA  TECHNOLOGIES         INC,086921103,,971297.0,1757.0224074640564,16269225.0,0.0003199741733820336,0.005888381812283691,0.005568407638901657
TRIM,VALERO   ENERGY     CORP,91913Y100,CALL,62400.0,-18.961038961038962,16251456.0,0.007917551422233085,0.005881950611263207,-0.0020356008109698783
TRIM,HINGE     HEALTH  INC,433313103,,195739.0,-77.94594509330263,16246337.0,0.014242575158630186,0.00588009787233452,-0.008362477286295666
ADD,NEW  YORK  TIMES      CO  MTN  BE,650111107,,231598.0,2317.263333681244,16207228.0,0.0003338523486419856,0.005865943004828747,0.005532090656186761
ADD,TARGET  HOSPITALITY     CORP,87615L107,,795645.0,248.46580358081357,16199332.0,0.0008817993135272939,0.005863085175842437,0.004981285862315143
NEW,ASCENDIS    PHARMA        A/S,K08588103,CALL,60700.0,,16189904.0,0.0,0.005859672864332441,0.005859672864332441
TRIM,INVESCO  EXCHANGE  TRADED  FD   T,46137V357,CALL,76000.0,-60.042060988433235,16170520.0,0.015191243405849729,0.005852657140286009,-0.00933858626556372
ADD,IMPERIAL  OIL  LTD,453038408,,144259.0,441.14712281491484,16159893.0,0.0014513238695441017,0.005848810870195139,0.004397487000651038
NEW,INVESCO  EXCH  TRADED  FD  TR  II,46138E339,PUT,100000.0,,16154000.0,0.0,0.005846677994534511,0.005846677994534511
ADD,CREDO   TECHNOLOGY   GROUP       HOLDI,G25457105,CALL,59400.0,60.97560975609756,16153830.0,0.001441503691374224,0.005846616465794938,0.004405112774420714
ADD,KORNIT    DIGITAL      LTD,M6372Q113,,991752.0,237.57748013002703,16115970.0,0.0017923637546174967,0.005832913653558149,0.004040549898940652
ADD,PDD    HOLDINGS    INC,722304102,,210829.0,42.16193982549123,16082036.0,0.00630631225396823,0.0058206317932717475,-0.0004856804606964823
ADD,GREEN   BRICK     PARTNERS       INC,392709101,,200819.0,2471.964651639344,16073553.0,0.0002094236123115215,0.005817561509167029,0.005608137896855507
TRIM,ISHARES  TR,464287184,,508759.0,-76.15655644434113,16071697.0,0.03187866671819912,0.0058168897601043905,-0.026061776958094727
TRIM,KOHLS   CORP,500255104,,906647.0,-4.9106000411130735,16065785.0,0.005118684950741172,0.00581475000770228,0.0006960650569611086
NEW,LAMAR   ADVERTISING      CO,512816109,,102996.0,,16065316.0,0.0,0.005814580260767809,0.005814580260767809
TRIM,SPDR  SERIES  TRUST,78464A755,PUT,150100.0,-33.28888888888889,16050193.0,0.010113676523664664,0.0058091067364821,-0.004304569787182564
ADD,RYANAIR      HOLDINGS        PLC,783513203,,247712.0,48.56361477287721,16039352.0,0.004010744375317148,0.005805183012566119,0.0017944386372489712
NEW,FERVO    ENERGY  CO,31556C106,,548412.0,,16030083.0,0.0,0.005801828248524313,0.005801828248524313
TRIM,SPDR   SERIES  TRUST,78464A888,CALL,138400.0,-91.07787519339865,15993504.0,0.06372876723434133,0.0057885890734369,-0.05794017816090443
ADD,UPSTART     HLDGS     INC,91680MAF4,,19425000.0,50.29013539651837,15993425.0,0.003883839890377428,0.005788560480669686,0.0019047205902922582
ADD,ECOLAB   INC,278865100,CALL,57400.0,162.10045662100455,15992214.0,0.0024244932469739836,0.005788122178883665,0.003363628931909682
TRIM,METLIFE    INC,59156R108,,188253.0,-83.03580761785983,15928086.0,0.03265980181860706,0.0057649120905814795,-0.02689488972802558
ADD,DIAMONDROCK      HOSPITALITY       CO,252784301,,1306649.0,16.17600903339957,15914985.0,0.004385758073378471,0.005760170396362933,0.0013744123229844623
TRIM,ENDEAVOUR     SILVER       CORP,29258Y103,,1916949.0,-53.407051156627205,15872338.0,0.015941362357644595,0.005744735007206507,-0.010196627350438088
TRIM,TJX   COS   INC  NEW,872540109,PUT,104700.0,-62.16118539934947,15862050.0,0.01838978492803969,0.0057410114326610215,-0.012648773495378667
ADD,SELECT  SECTOR  SPDR  TR,81369Y852,,148060.0,345.4539984355256,15861668.0,0.0015334597115790193,0.005740873173963862,0.004207413462384842
NEW,CHURCHILL   CAP    CORP  XI,G2131A108,,908797.0,,15858508.0,0.0,0.005739729463275318,0.005739729463275318
ADD,NATIONAL     GRID  PLC,636274409,,191014.0,122.86601017407943,15829330.0,0.003017548859237747,0.005729168959961927,0.0027116201007241804
TRIM,HALLIBURTON     CO,406216101,CALL,466100.0,-28.56704980842912,15824095.0,0.010587570763885633,0.005727274236716824,-0.004860296527168809
ADD,TRANE  TECHNOLOGIES      PLC,G8994E103,PUT,32200.0,93.97590361445783,15815352.0,0.002878961454360621,0.005724109849833934,0.002845148395473313
TRIM,STRATEGY     INC,594972AS0,,18299000.0,-39.734554077196684,15808884.0,0.010582448224024928,0.005721768862260042,-0.004860679361764886
ADD,INTERACTIVE    BROKERS       GROUP   IN,45841N107,PUT,181600.0,99.34138309549945,15806464.0,0.0025427827593199567,0.005720892982555525,0.003178110223235568
TRIM,UNIQURE  NV,N90064101,,343126.0,-56.717325381327925,15804384.0,0.005394111047156024,0.005720140160330154,0.00032602911317413004
ADD,CRANE    NXT     CO,224441105,,308668.0,149.87492815452242,15791455.0,0.002086654481131114,0.005715460718718706,0.0036288062375875924
TRIM,COINBASE    GLOBAL  INC,19260Q107,,107928.0,-29.77643598886084,15777994.0,0.011168193948186226,0.005710588728345769,-0.0054576052198404565
TRIM,AVERY   DENNISON      CORP,053611109,,97169.0,-63.51022002245663,15775387.0,0.01913643808147889,0.005709645167027721,-0.013426792914451167
ADD,FORD     MTR  CO,345370860,CALL,1134600.0,24.558129322647932,15770940.0,0.004374607424826379,0.00570803564758723,0.0013334282227608508
ADD,ALVOTECH,L01800108,,4263644.0,100.86931286028995,15732846.0,0.0030298701719078144,0.005694248142850087,0.0026643779709422722
TRIM,UNION   PAC  CORP,907818108,,57811.0,-65.89703809012559,15724592.0,0.01711620807286761,0.00569126074157691,-0.011424947331290698
ADD,CRACKER     BARREL    OLD  CTRY   STOR,22410J106,,295019.0,3140.5426186291743,15724513.0,0.00010650130338551348,0.005691232148809697,0.005584730845424184
NEW,HAEMONETICS     CORP     MASS,405024AD2,,15500000.0,,15704187.0,0.0,0.005683875483159276,0.005683875483159276
TRIM,KOSMOS  ENERGY        LTD,500688106,,7429695.0,-41.1877506549563,15676656.0,0.014615395266017548,0.005673911084752223,-0.008941484181265325
ADD,CORVUS     PHARMACEUTICALS     INC,221015100,,1047985.0,20.963869606469352,15656896.0,0.0052748036021998245,0.005666759273611205,0.00039195567141138074
NEW,CONNECTONE   BANCORP  INC,20786W107,,467580.0,,15635875.0,0.0,0.005659151063996057,0.005659151063996057
NEW,KNIGHT-SWIFT   TRANSN     HLDGS   IN,499049104,CALL,200700.0,,15628509.0,0.0,0.0056564850599037115,0.0056564850599037115
TRIM,ORTHOPEDIATRICS      CORP,68752L100,,816830.0,-33.96146330460289,15625958.0,0.008169091059927911,0.005655561766876346,-0.0025135292930515652
ADD,VALE   S  A,91912E105,CALL,1036700.0,29.863459852185898,15591968.0,0.005285655862492908,0.005643259638299262,0.0003576037758063538
ADD,SPDR  SERIES  TRUST,78468R622,,161632.0,67.02179326878365,15576476.0,0.0038549565727649263,0.005637652560455302,0.0017826959876903756
TRIM,UIPATH   INC,90364P105,CALL,1431700.0,-34.14443422263109,15562579.0,0.010042575220942977,0.005632622766962046,-0.004409952453980931
TRIM,HERC   HLDGS     INC,42704L104,,108521.0,-26.284507118791435,15555400.0,0.006099003161522842,0.005630024444483232,-0.0004689787170396101
ADD,VOYAGER        THERAPEUTICS        INC,92915B106,,4442951.0,29.58608703159421,15550328.0,0.005507608036223431,0.005628188716441367,0.00012058068021793614
TRIM,NORTHERN   TR   CORP,665859104,,89258.0,-71.0876233727111,15516611.0,0.017931557527984133,0.005615985395781362,-0.01231557213220277
ADD,TANGO   THERAPEUTICS    INC,87583X109,,496036.0,16.53776395297479,15506085.0,0.00370570418056062,0.005612175681000474,0.0019064715004398543
ADD,UPWORK   INC,91688F104,,1853448.0,79.00428907661714,15494825.0,0.004722697096660707,0.0056081003068381334,0.0008854032101774266
KEEP,MEDICAL   PROPERTIES       TRUST    INC,58463J304,PUT,3345000.0,0.2097064110245656,15453900.0,0.006431761003719654,0.00559328816762021,-0.0008384728360994438
NEW,CENTURI   HOLDINGS    INC,155923105,,510803.0,,15446683.0,0.0,0.005590676091658433,0.005590676091658433
TRIM,DELTA   AIR  LINES     INC,247361702,PUT,164800.0,-7.881498043599776,15435168.0,0.004949529603882697,0.005586508424386732,0.0006369788205040352
TRIM,HSBC  HLDGS    PLC,404280406,,161690.0,-47.90411444405065,15375102.0,0.010654758477782064,0.00556476851102659,-0.005089989966755474
TRIM,RINGCENTRAL    INC,76680R206,,392942.0,-7.909039136232712,15316879.0,0.006603895655384593,0.00554369564159018,-0.0010602000137944134
ADD,ROKU   INC,77543R102,CALL,110800.0,435.2657004830918,15305912.0,0.0008151093295580209,0.005539726314020162,0.004724616984462141
ADD,RACKSPACE      TECHNOLOGY       INC,750102105,,2343283.0,705.393041392134,15301638.0,0.00011863617541396919,0.005538179409120532,0.0054195432337065625
TRIM,WORLD  KINECT     CORPORATION,981475106,,464469.0,-25.88844069722171,15299609.0,0.006017012976239184,0.005537445045517033,-0.0004795679307221506
TRIM,CONTINEUM  THERAPEUTICS      INC,21217B100,,931709.0,-39.320094643325824,15270711.0,0.008345284541007218,0.005526985883657057,-0.0028182986573501607
ADD,COMFORT   SYS   USA  INC,199908104,PUT,7700.0,862.5,15261015.0,0.0004591067506710147,0.0055234765738987925,0.005064369823227778
ADD,ARRIVENT       BIOPHARMA  INC,04272N102,,438664.0,2.9913857669109203,15239187.0,0.004089227562192637,0.00551557628373755,0.0014263487215449133
TRIM,MCKESSON   CORP,58155Q103,PUT,20100.0,-78.31715210355988,15187560.0,0.033384057957648386,0.0054968907293965925,-0.027887167228251793
TRIM,BRIGHTVIEW   HLDGS    INC,10948C107,,1067917.0,-20.061006875437435,15132384.0,0.0065547360856725535,0.005476920672133597,-0.0010778154135389567
ADD,MARA  HOLDINGS       INC,565788106,PUT,1087600.0,107.75549188156639,15106764.0,0.001777744810736856,0.005467647929146103,0.003689903118409247
ADD,REMITLY    GLOBAL    INC,75960P104,,673671.0,7.277406122257238,15096967.0,0.004095162866725366,0.005464102064077856,0.0013689391973524898
TRIM,PAYCOM   SOFTWARE     INC,70432V102,,120039.0,-74.0268648061519,15086502.0,0.023376516930842507,0.005460314427256463,-0.017916202503586044
TRIM,HARLEY   DAVIDSON    INC,412822108,,616757.0,-52.94172852015529,15085876.0,0.011028636885507861,0.005460087856721327,-0.005568549028786534
ADD,LIVERAMP   HLDGS     INC,53815P108,,400343.0,2835.926958052215,15068911.0,0.00015049546853576441,0.00545394765044565,0.005303452181909886
ADD,UPBOUND    GROUP   INC,76009N100,,709357.0,295.4074437427187,15052556.0,0.001347596286864705,0.0054480282237649134,0.004100431936900208
NEW,CIPHER  DIGITAL       INC,17253J106,CALL,613400.0,,15028300.0,0.0,0.005439249158429057,0.005439249158429057
TRIM,F5  INC,315616102,CALL,36100.0,-6.233766233766234,15016156.0,0.004635715462592478,0.005434853834820934,0.000799138372228456
ADD,AKAMAI  TECHNOLOGIES       INC,00971T101,PUT,127000.0,104.18006430868168,15012670.0,0.002972925040759911,0.005433592133725914,0.002460667092966003
ADD,DONALDSON   INC,257651109,,167229.0,75.79921156373193,15012147.0,0.003359784794320051,0.005433402842368285,0.002073618048048234
ADD,BETA  BIONICS         INC,08659B102,,956244.0,11.079308510267568,14984343.0,0.003589763487369234,0.005423339636044152,0.0018335761486749183
ADD,TG   THERAPEUTICS        INC,88322Q108,,272511.0,122.30008075897119,14971754.0,0.0016947537554909753,0.0054187832519118516,0.003724029496420876
TRIM,CAPITAL   ONE  FINL     CORP,14040H105,CALL,74600.0,-93.24642404490314,14966252.0,0.08386174053312491,0.005416791892352241,-0.07844494864077267
TRIM,WW  GRAINGER    INC,384802104,PUT,11000.0,-41.48936170212766,14964400.0,0.008534332022304051,0.005416121591024652,-0.003118210431279399
ADD,WORTHINGTON         ENTERPRISES      INC,981811102,,278294.0,409.7893387067228,14961085.0,0.0011845318891817332,0.005414921780602969,0.004230389891421236
ADD,F&G  ANNUITIES  &  LIFE   INC,30190A104,,561973.0,3.1025828254400416,14942862.0,0.005743441298348931,0.005408326261654448,-0.00033511503669448293
ADD,ENERFLEX   LTD,29269R105,,608844.0,267.0233351618873,14926416.0,0.0014442308019199377,0.005402373899001352,0.003958143097081414
TRIM,ACADIA   PHARMACEUTICALS        INC,004225108,,589924.0,-16.377517679928445,14925077.0,0.006535228068895369,0.00540188926969377,-0.0011333387992015992
NEW,CLOUDFLARE   INC,18915MAF4,,11750000.0,,14917056.0,0.0,0.005398986198987186,0.005398986198987186
TRIM,ILLUMINA     INC,452327109,,84718.0,-58.630153040794596,14895966.0,0.010504527272209298,0.005391353015942446,-0.005113174256266852
TRIM,CHEESECAKE       FACTORY   INC,163072101,,187269.0,-32.61014289878333,14895376.0,0.006331666932740947,0.005391139475022749,-0.0009405274577181976
ADD,DATADOG      INC,23804LAD5,,10435000.0,2298.8505747126437,14858428.0,0.00017541941948690174,0.005377766746377085,0.005202347326890184
NEW,CARNIVAL     CORP  LTD,G2004J103,CALL,519500.0,,14842115.0,0.0,0.005371862520914361,0.005371862520914361
TRIM,FIDELITY  NATL  FINL  INC,31620R303,,314685.0,-56.92185331102891,14840545.0,0.01409978035445241,0.005371294284907711,-0.008728486069544699
TRIM,PENUMBRA  INC,70975L107,CALL,47000.0,-2.083333333333333,14840250.0,0.006559447873494707,0.005371187514447863,-0.0011882603590468435
TRIM,KULICKE     &  SOFFA  INDS    INC,501242101,,110928.0,-69.8356197908877,14837729.0,0.010057890404094634,0.005370275079433363,-0.004687615324661271
TRIM,ON  SEMICONDUCTOR        CORP,682189105,,156878.0,-35.17170130997149,14831246.0,0.006235782341873625,0.005367928662853038,-0.0008678536790205872
ADD,ENERPAC   TOOL    GROUP       CORP,292765104,,412758.0,13.623863439288458,14801502.0,0.005513460524489015,0.005357163305030244,-0.00015629721945877115
ADD,ARCUTIS   BIOTHERAPEUTICS      INC,03969K108,,564072.0,1043.3969148440192,14789968.0,0.0004836990203914281,0.00535298876101706,0.004869289740625632
ADD,PHARVARIS       N     V,N69605108,,427403.0,134.90651072296177,14779596.0,0.0021390626125583744,0.0053492347840355505,0.003210172171477176
TRIM,TC  ENERGY    CORP,87807B107,,222800.0,-65.23540995066175,14769412.0,0.016694642477103925,0.005345548850601334,-0.01134909362650259
TRIM,AMERICAN   WTR   WKS   CO  INC    NEW,030420103,,112075.0,-21.803047640311462,14746828.0,0.008117227268588212,0.005337374938515871,-0.002779852330072341
ADD,BUCKLE     INC,118440106,,349274.0,74.27537858942695,14739363.0,0.0042002825117846525,0.005334673102981068,0.0011343905911964155
TRIM,ALTO   NEUROSCIENCE     INC,02157Q109,,558320.0,-32.07637150205236,14734065.0,0.0076899086473119485,0.005332755577908947,-0.0023571530694030014
ADD,ROYAL    CARIBBEAN    GROUP,V7780T103,CALL,46400.0,25.745257452574528,14733392.0,0.004225769530119942,0.005332511996486988,0.0011067424663670465
ADD,ROSS   STORES     INC,778296103,PUT,69200.0,29.831144465290805,14729220.0,0.004805165868412788,0.005331002008831101,0.0005258361404183133
TRIM,ALLIENT   INC,019330109,,143026.0,-18.03479735925179,14721666.0,0.004291034991061902,0.0053282679611914635,0.0010372329701295617
ADD,INVESCO  EXCHANGE  TRADED  FD   T,46137V357,,69152.0,92.25444132447386,14713471.0,0.0028728380445376947,0.0053253019140102565,0.002452463869472562
TRIM,TITAN   ACQUISITION        CORP,G8901A103,,1411602.0,-0.8553287727036482,14694777.0,0.006097065094406805,0.005318535924259742,-0.0007785291701470631
TRIM,TOYOTA   MOTOR   CORP,892331307,PUT,86800.0,-24.978392394122732,14618856.0,0.009923225327447839,0.005291057551099963,-0.004632167776347876
ADD,RXSIGHT      INC,78349D107,,3030287.0,47.13995277400521,14605983.0,0.0052795441052100826,0.005286398377779198,6.85427256911543e-06
ADD,OKLO   INC,02156V109,,278978.0,390.5021450172305,14598919.0,0.0011737774269930657,0.0052838416776830365,0.004110064250689971
NEW,WHITESTONE    REIT,966084204,,769812.0,,14595636.0,0.0,0.005282653449141743,0.005282653449141743
ADD,CLEVELAND-CLIFFS       INC     NEW,185899101,CALL,1551500.0,267.3928486857684,14568585.0,0.0014850475690820113,0.0052728627789405446,0.0037878152098585333
TRIM,SABRA   HEALTH     CARE  REIT    INC,78573L106,,746172.0,-52.92236757262858,14557816.0,0.01268429095885303,0.005268965114255442,-0.0074153258445975884
TRIM,SELECT  SECTOR  SPDR  TR,81369Y704,,78546.0,-84.70948488488216,14549076.0,0.03457443692498781,0.005265801813173839,-0.02930863511181397
TRIM,LATAM   AIRLINES     GROUP   SA,51817R205,,249565.0,-25.195729324029447,14542153.0,0.006864332839770607,0.005263296145738147,-0.00160103669403246
TRIM,MAGNITE     INC,55955D100,,764819.0,-38.044095501098866,14516265.0,0.006103163118338798,0.005253926404502384,-0.0008492367138364142
TRIM,POLARIS     INC,731068102,,212063.0,-70.05398566125022,14513592.0,0.016061457597544033,0.00525295895555603,-0.010808498641988002
ADD,PROGRESSIVE    CORP,743315103,PUT,66400.0,159.375,14505080.0,0.002111999588174463,0.0052498781753722076,0.0031378785871977446
ADD,ETHAN  ALLEN     INTERIORS       INC,297602104,,649069.0,494.8812655234674,14500201.0,0.0010107604717947897,0.005248112300546447,0.004237351828751658
ADD,PATHWARD     FINANCIAL      INC,59100U108,,166532.0,87.1167091765076,14498276.0,0.003304902162769974,0.005247415578054218,0.0019425134152842444
TRIM,TAYSHA   GENE    THERAPIES   INC,877619106,,2126838.0,-35.19333784302612,14483767.0,0.006104988405513146,0.0052421642810984975,-0.0008628241244146486
ADD,DELEK   US  HLDGS     INC  NEW,24665A103,,284251.0,2.7386021093416804,14442793.0,0.005189415869152514,0.005227334407126227,3.791853797371295e-05
ADD,RESTAURANT     BRANDS  INTL     INC,76131D103,,198381.0,58.058656213399615,14384606.0,0.00386001335900649,0.005206274567305255,0.001346261208298765
TRIM,SUNSTONE  HOTEL      INVS     INC  NEW,867892101,,1254277.0,-47.411202629697726,14361472.0,0.008943089811848461,0.005197901591650584,-0.0037451882201978773
TRIM,SUNRUN   INC,86771W105,,1072200.0,-43.40799761851227,14346036.0,0.010691607555039844,0.005192314782097307,-0.0054992927729425375
TRIM,PENTAIR    PLC,G7S00T104,,187110.0,-66.33561828682464,14343853.0,0.020149159925469916,0.00519152468069443,-0.014957635244775485
TRIM,KRAFT   HEINZ     CO,500754106,CALL,606200.0,-35.32486930545183,14318444.0,0.008772646859308857,0.00518232830573076,-0.003590318553578097
TRIM,ARCELORMITTAL       SA  LUXEMBOURG,03938L203,,237746.0,-3.8310472176266193,14317064.0,0.00534782507706525,0.005181828837138928,-0.00016599623992632172
TRIM,LAUDER   ESTEE   COS   INC,518439104,PUT,181300.0,-22.388698630136986,14313635.0,0.006977154813836466,0.005180587766268354,-0.0017965670475681124
ADD,PRA   GROUP   INC,69354N106,,753597.0,161.2465420055328,14310807.0,0.0021008218890828517,0.0051795642175888595,0.0030787423285060077
TRIM,EVERPURE   INC,74624M102,CALL,181300.0,-6.83453237410072,14284627.0,0.0047813634744463445,0.005170088791694535,0.00038872531724819075
ADD,BARRICK     MNG  CORP,06849F108,PUT,388900.0,31.696579749407384,14284297.0,0.0050127924925759204,0.005169969353553011,0.00015717686097709016
ADD,LITHIA   MTRS   INC,536797103,,49139.0,3122.2295081967213,14274388.0,0.00015848411709909775,0.005166382951903398,0.0050078988348043006
KEEP,COHEN   CIRCLE     ACQUISIT    CORP      I,G2254C121,,1383166.0,0.18107203335202,14246610.0,0.005872217264461255,0.005156329155857083,-0.0007158881086041721
ADD,CELESTICA     INC,15101Q207,PUT,39000.0,233.33333333333334,14227200.0,0.001371527274934403,0.005149304021532834,0.003777776746598431
TRIM,HAMILTON     INSURANCE    GROUP       LTD,G42706104,,417603.0,-47.58649859993198,14173446.0,0.009890910336775676,0.005129848634079682,-0.004761061702695994
ADD,SCIENCE   APPLICATIONS             INTL  CO,808625107,,128302.0,119.03883909517712,14165824.0,0.0023138361483939795,0.005127089974944215,0.0028132538265502357
ADD,UNIVERSAL    CORP   VA    MTNS  BK  EN,913456109,,271478.0,843.8773381545094,14163007.0,0.0006308006866228592,0.005126070407536105,0.004495269720913245
TRIM,UNITED  PARCEL   SVCS     INC,911312106,CALL,131600.0,-82.43225203577626,14147000.0,0.030669676147345983,0.0051202769338046135,-0.02554939921354137
ADD,CERIBELL  INC,15678C102,,727225.0,31.738647623912858,14144526.0,0.004210955406192614,0.005119381509676937,0.000908426103484323
ADD,KARMAN    HLDGS  INC,485924104,,283305.0,71.06446957666367,14142586.0,0.005517195163591295,0.0051186793581782745,-0.00039851580541302046
ADD,MCCORMICK       &    CO  INC,579780206,CALL,280000.0,64.22287390029325,14117600.0,0.00357900278274837,0.005109636081196014,0.0015306332984476442
ADD,CHEFS   WHSE     INC,163086101,,146697.0,236.56136003854363,14097582.0,0.0010783789135128017,0.005102390891144349,0.004024011977631548
TRIM,PROCEPT   BIOROBOTICS    CORP,74276L105,,624312.0,-37.907699774630075,14096965.0,0.010465023496619288,0.0051021675780130735,-0.005362855918606214
NEW,CHURCHILL     CAP  CORP   XII,G2131M128,,1304646.0,,14090177.0,0.0,0.005099710771635279,0.005099710771635279
TRIM,BURLINGTON        STORES     INC,122017106,PUT,44400.0,-25.503355704697988,14065920.0,0.008070486017109217,0.00509093134436566,-0.0029795546727435568
TRIM,MONDAY    COM     LTD,M7S64H106,,194230.0,-44.08636200071968,14060310.0,0.009990840439868679,0.005088900895959733,-0.004901939543908946
TRIM,ROBINHOOD    MKTS   INC,770700102,,139875.0,-88.26423038102342,14026665.0,0.03437354588516503,0.005076723634530606,-0.029296822250634423
TRIM,ENBRIDGE     INC,29250N105,,258185.0,-51.4268943577047,13996209.0,0.011976114908988544,0.005065700579869127,-0.006910414329119417
TRIM,INHIBRX   BIOSCIENCES         INC,45720N103,,147200.0,-55.10278777526993,13947200.0,0.009173057684681836,0.005047962568117601,-0.0041250951165642345
TRIM,JD.COM    INC,47215P106,PUT,547300.0,-39.962702939885915,13945204.0,0.011218071813763044,0.005047240148328256,-0.006170831665434789
ADD,FORTE   BIOSCIENCES      INC,34962G208,,655199.0,93.85560812230202,13922979.0,0.0036429835511442264,0.005039196170463421,0.0013962126193191949
TRIM,FIRST   MERCHANTS      CORP,320817109,,318618.0,-3.1367804071308703,13920420.0,0.005301777151722247,0.005038269981965959,-0.0002635071697562885
ADD,VALE   S  A,91912E105,PUT,924600.0,98.41201716738198,13905984.0,0.003085451123539641,0.0050330451061748795,0.0019475939826352384
TRIM,EZCORP   INC,302301106,,401946.0,-23.56115928799635,13895273.0,0.005554024681228191,0.005029168433647984,-0.000524856247580207
KEEP,TELUS  CORPORATION,87971M103,PUT,925000.0,0.0,13875000.0,0.006882905740204708,0.00502183095048696,-0.0018610747897177485
ADD,NATIONAL   VISION     HLDGS   INC,63845R107,,729615.0,56.34562472678649,13869981.0,0.005030027431709171,0.005020014404934492,-1.0013026774679384e-05
TRIM,VICI   PPTYS  INC,925652109,,521991.0,-77.6180955243566,13858861.0,0.02651607537585338,0.0050159897014988575,-0.021500085674354522
ADD,ALCON   AG,H01301128,PUT,253100.0,75.76388888888889,13829260.0,0.0035579907559739016,0.005005276100204056,0.0014472853442301548
ADD,OREILLY   AUTOMOTIVE       INC,67103H107,PUT,150100.0,114.42857142857143,13822709.0,0.002689114941742594,0.005002905072127902,0.002313790130385308
NEW,PROCORE   TECHNOLOGIES      INC,74275K108,,339415.0,,13787037.0,0.0,0.004989994170962802,0.004989994170962802
NEW,FERROVIAL         NV,N3168P101,CALL,230000.0,,13777000.0,0.0,0.0049863614417916275,0.0049863614417916275
ADD,HARMONIC  INC,413160102,,843479.0,11.641884683702129,13774012.0,0.0028234887048868723,0.004985279983710182,0.00216179127882331
TRIM,UNITED  MICROELECTRONICS        CORP,910873405,,505576.0,-71.43846578413212,13756723.0,0.006615212768795266,0.004979022510895554,-0.001636190257899712
TRIM,TRACTOR   SUPPLY    CO,892356106,,435200.0,-49.88299891290329,13756672.0,0.01637059948641601,0.004979004052273682,-0.011391595434142329
TRIM,HEALTHPEAK    PROPERTIES      INC,42250P103,,642305.0,-80.28867370168031,13745327.0,0.02228053394237255,0.0049748979137415545,-0.017305636028630996
ADD,XENCOR   INC,98401F105,,853677.0,39.995703424796815,13744200.0,0.0030604743199959036,0.004974490014391558,0.0019140156943956545
TRIM,WW  GRAINGER    INC,384802104,CALL,10100.0,-57.20338983050848,13740040.0,0.010713310410977426,0.004972984369940817,-0.005740326041036609
TRIM,CONSTELLATION  ENERGY     CORP,21037T109,,55308.0,-74.49363586054234,13736848.0,0.025199687504513416,0.004971829077371884,-0.020227858427141532
TRIM,AMRIZE     LTD,H2927K103,,257600.0,-77.29029891996682,13730080.0,0.026444789713300814,0.004969379509669332,-0.02147541020363148
TRIM,SELECT    SECTOR     SPDR   TR,81369Y100,PUT,270000.0,-40.0,13724100.0,0.009358030106240593,0.004967215145771393,-0.0043908149604692
TRIM,ALLY  FINL  INC,02005N100,,298195.0,-85.30406121340616,13702060.0,0.033127137343399914,0.004959238125652565,-0.028167899217747348
KEEP,KARBON    CAP  PARTNERS       CORP,G5225W100,,1355000.0,0.0011070233249814573,13685500.0,0.0056727682264759455,0.004953244502550578,-0.0007195237239253673
ADD,ROCKET  PHARMACEUTICALS          INC,77313F106,,4000344.0,28.293294301317072,13681176.0,0.004645569766058365,0.004951679500962838,0.00030610973490447294
ADD,COMFORT   SYS   USA  INC,199908104,CALL,6900.0,4.545454545454546,13675455.0,0.0037876306930358715,0.004949608877909307,0.0011619781848734357
ADD,OPENLANE    INC,48238T109,,331395.0,12.039150058319388,13666730.0,0.0035882053762929097,0.004946451005834136,0.0013582456295412266
NEW,SYNAPTICS      INC,87157D109,,109915.0,,13654740.0,0.0,0.004942111420025391,0.004942111420025391
NEW,PERSHING   SQUARE     INC,71531U102,,415055.0,,13638707.0,0.0,0.004936308536016083,0.004936308536016083
ADD,HUBSPOT    INC,443573100,CALL,74600.0,73.48837209302326,13615246.0,0.00436816273782639,0.0049278172080211725,0.0005596544701947821
TRIM,LEVI   STRAUSS  &  CO  NEW,52736R102,,548046.0,-65.52814252539255,13607982.0,0.0122335307561913,0.004925188121172572,-0.007308342635018728
ADD,QUINSTREET     INC,74874Q100,,927602.0,4101.286290139952,13589369.0,0.00011035330021309282,0.004918451448056794,0.004808098147843701
NEW,BRIDGEBIO   PHARMA    INC,10806X102,CALL,182200.0,,13570256.0,0.0,0.0049115338080599185,0.0049115338080599185
TRIM,ROYAL    CARIBBEAN    GROUP,V7780T103,PUT,42600.0,-5.960264900662252,13526778.0,0.0051877333255943995,0.004895797651947106,-0.00029193567364729344
ADD,BENCHMARK      ELECTRS      INC,08160H101,,136679.0,179.70163303728563,13486117.0,0.0011400462365365198,0.004881081063242403,0.0037410348267058833
ADD,AST  SPACEMOBILE       INC,00217D100,PUT,151100.0,514.2276422764228,13426746.0,0.000848388984085664,0.00485959269384699,0.004011203709761326
ADD,HYPERLIQUID        STRATEGIES    INC,44916Y106,,1705218.0,89.61551334755916,13420066.0,0.0019049622496107093,0.004857174976315512,0.0029522127267048023
TRIM,REGIONS     FINANCIAL    CORP  NEW,7591EP100,,443435.0,-83.26558707906405,13391737.0,0.028804161491435512,0.004846921754766226,-0.023957239736669286
ADD,PFIZER   INC,717081103,,556133.0,477.1169731434976,13391683.0,0.0011260935682523526,0.004846902210343067,0.0037208086420907143
TRIM,DARLING     INGREDIENTS       INC,237266101,,245056.0,-91.5035371879737,13384959.0,0.07423854605667672,0.004844468567726053,-0.06939407748895067
ADD,SELLAS  LIFE    SCIENCES      GROUP  I,81642T209,PUT,906000.0,44.72843450479233,13372560.0,0.0011019890405675834,0.004839980951008569,0.003737991910440985
TRIM,NNN  REIT  INC,637417106,,287362.0,-1.2369355343155954,13370954.0,0.005089284759742773,0.00483939968538648,-0.00024988507435629373
TRIM,WEIS   MKTS  INC,948849104,,170001.0,-11.758385499392695,13312778.0,0.005483188889955942,0.0048183438268368925,-0.0006648450631190498
ADD,INVENTIVA     SA,46124U107,,3512174.0,17.557863083337768,13276018.0,0.0069004894232166875,0.004805039141738521,-0.0020954502814781667
TRIM,MARRIOTT   INTL      INC  NEW,571903202,CALL,35800.0,-62.901554404145074,13267122.0,0.013135015787732313,0.004801819378990014,-0.008333196408742298
TRIM,CORCEPT  THERAPEUTICS          INC,218352102,,152567.0,-72.69479746647409,13265701.0,0.009373258311503641,0.004801305071113932,-0.004571953240389709
TRIM,TWILIO     INC,90138F102,,64265.0,-89.8899083146124,13259797.0,0.03328370586613889,0.004799168214181919,-0.02848453765195697
ADD,MDU    RES     GROUP  INC,552690109,,624798.0,87.08487416346024,13251966.0,0.0028797400937366365,0.004796333910890152,0.0019165938171535157
KEEP,PENNYMAC  CORP,70932AAH6,,13000000.0,0.0,13244042.0,0.005602215425463286,0.004793465947758501,-0.0008087494777047847
TRIM,VORNADO     RLTY  TR,929042109,,336992.0,-58.601508562443186,13243786.0,0.008804484511999036,0.004793373292715379,-0.004011111219283658
NEW,LOUISIANA     PAC     CORP,546347105,,167832.0,,13201665.0,0.0,0.004778128280717869,0.004778128280717869
ADD,LEXEO   THERAPEUTICS   INC,52886X107,,2833622.0,75.69798732623173,13190510.0,0.003852561559612083,0.004774090909600558,0.0009215293499884752
TRIM,COMPANIA    DE   MINAS     BUENAVENTU,204448104,,450163.0,-18.632839824382874,13185274.0,0.008297896157390485,0.004772195824421693,-0.003525700332968792
TRIM,SPDR  SERIES  TRUST,78464A714,CALL,150000.0,-40.0,13161000.0,0.008372141981290781,0.004763410244278117,-0.003608731737012664
KEEP,SPDR  SERIES  TRUST,78464A714,PUT,150000.0,0.0,13161000.0,0.005023285188774468,0.004763410244278117,-0.00025987494449635114
ADD,UNITY   SOFTWARE    INC,91332UAH4,,11600000.0,3766.6666666666665,13143546.0,0.00012471172659005291,0.004757093052392726,0.004632381325802673
ADD,HEXCEL   CORP   NEW,428291108,,131349.0,165.0944538629208,13142781.0,0.0016687769143093089,0.004756816173064645,0.0030880392587553356
TRIM,ANGLOGOLD       ASHANTI  PLC,G0378L100,,162102.0,-14.86507778116236,13112431.0,0.007714783907291952,0.004745831483381958,-0.0029689524239099934
NEW,PRAETORIAN      ACQUISITION    CORP,G7S17G103,,1320000.0,,13107600.0,0.0,0.004744082981376783,0.004744082981376783
NEW,ETSY   INC,29786AAQ9,,11300000.0,,13102132.0,0.0,0.004742103927565088,0.004742103927565088
TRIM,BRIGHT   HORIZONS     FAM   SOL  IN   D,109194100,,184789.0,-83.03285559898596,13097844.0,0.03722474724354643,0.004740551955592786,-0.03248419528795364
TRIM,BOSTON     SCIENTIFIC       CORP,101137107,CALL,306800.0,-63.15157338457843,13094224.0,0.02174266184689075,0.0047392417553736325,-0.017003420091517115
ADD,GLOBALFOUNDRIES      INC,G39387108,CALL,158800.0,3.994760969220694,13086708.0,0.0028266132502824497,0.004736521461216958,0.0019099082109345087
TRIM,ALBEMARLE     CORP,012653101,,96866.0,-80.66419544600743,13079816.0,0.03742904332205149,0.004734027013727895,-0.032695016308323596
ADD,BROOKFIELD   CORP,11271J107,,305796.0,46.14814779412819,13023852.0,0.0035239865631492813,0.004713771752660287,0.0011897851895110055
ADD,MIZUHO   FINANCIAL     GROUP   INC,60687Y109,,1358961.0,77.80582105077228,13018846.0,0.0025254808180811264,0.004711959912246728,0.0021864790941656014
TRIM,TMC  THE   METALS     COMPANY  INC,87261Y106,,2935946.0,-4.247372461742273,13006241.0,0.005959046999346029,0.004707397737174231,-0.0012516492621717978
TRIM,UDR   INC,902653104,,325319.0,-76.01557385267802,12986734.0,0.019067875784012717,0.004700337495275049,-0.014367538288737668
ADD,SHINHAN     FINANCIAL      GROUP  CO  L,824596100,,204877.0,75.11902421512399,12958470.0,0.0029855518164454754,0.004690107799420306,0.0017045559829748304
ADD,ALNYLAM   PHARMACEUTICALS     INC,02043Q107,CALL,43000.0,91.96428571428571,12944290.0,0.003084380754498961,0.004684975578672349,0.0016005948241733878
TRIM,LENNAR   CORP,526057104,,142855.0,-51.13111181809163,12926949.0,0.010564413005084046,0.004678699285302086,-0.00588571371978196
ADD,CLOROX   CO  DEL,189054109,PUT,135300.0,93.28571428571428,12913032.0,0.0030188818265928395,0.004673662253133587,0.0016547804265407478
ADD,UNITED    STS  LIME     &  MINERALS          I,911922102,,123215.0,307.37618197447597,12896914.0,0.0016440194282167535,0.004667828604754491,0.0030238091765377373
ADD,HERTZ   GLOBAL     HLDGS      INC,42806J700,PUT,5685900.0,83.3688080495356,12878564.0,0.005948908040971966,0.004661187120218172,-0.0012877209207537944
TRIM,ATLANTA   BRAVES     HLDGS     INC,047726302,,247806.0,-76.43959345496725,12861131.0,0.018690438357610445,0.004654877528941787,-0.014035560828668657
NEW,LISTED  FDS  TR,53656G498,PUT,200000.0,,12860000.0,0.0,0.004654468181856742,0.004654468181856742
ADD,CINTAS  CORP,172908105,CALL,75500.0,328.9772727272727,12841040.0,0.0012388581119420006,0.0046476059177254815,0.003408747805783481
ADD,SOUTHWEST   GAS     HLDGS   INC,844895102,,144731.0,156.49245928367625,12834745.0,0.0020406535821106612,0.00464532754469245,0.002604673962581789
ADD,OSCAR   HEALTH  INC,687793109,PUT,448900.0,425.0292397660819,12802628.0,0.0004081239745953597,0.004633703318051961,0.004225579343456601
TRIM,YPF   SOCIEDAD    ANONIMA,984245100,,281215.0,-61.81546119764333,12786846.0,0.014165876475038692,0.004627991279416964,-0.009537885195621727
TRIM,ISHARES  TR,464288281,,132521.0,-3.6428150744195857,12780325.0,0.005376102046430368,0.004625631109353675,-0.0007504709370766928
TRIM,ELECTRONIC   ARTS    INC,285512109,PUT,62200.0,-86.79405520169851,12753488.0,0.03996104207167038,0.004615917892977588,-0.03534512417869279
ADD,TENAX  THERAPEUTICS       INC,88032L605,,876230.0,64.12213025554001,12749146.0,0.0035527283856319892,0.0046143463765821275,0.0010616179909501383
ADD,TE   CONNECTIVITY       PLC,G87052109,PUT,63200.0,42.98642533936652,12741752.0,0.003844790563851345,0.0046116702383444405,0.0007668796744930957
TRIM,KT   CORP,48268K101,,736397.0,-46.37396519682378,12724940.0,0.01225818586639583,0.00460558540793438,-0.007652600458461449
TRIM,SOUTHERN     COPPER      CORP,84265V105,,73022.0,-19.827406374545735,12724814.0,0.006521842213454673,0.004605539804280343,-0.0019163024091743298
ADD,LAUREATE    ED  INC,518613203,,349540.0,268.5109433643993,12695293.0,0.0013752677403067325,0.0045948551576865185,0.003219587417379786
TRIM,ZOOM   COMMUNICATIONS   INC,98980L101,PUT,147000.0,-8.354114713216958,12687570.0,0.005366226102532865,0.0045920599432410685,-0.0007741661592917965
ADD,PROGYNY   INC,74340E103,,439622.0,488.5797675788572,12674302.0,0.0005278059654833681,0.004587257806084236,0.004059451840600868
ADD,ZOOMINFO   TECHNOLOGIES        INC,98980F104,,4324554.0,254.16943411400598,12670943.0,0.0030387431650323623,0.004586042070577015,0.0015472989055446526
ADD,ALPHA   &  OMEGA   SEMICONDUCTOR,G6331P104,,267648.0,35.324751494069226,12667780.0,0.0018239758474242979,0.004584897274087185,0.0027609214266628877
NEW,IMMUNOVANT     INC,45258J102,,328678.0,,12663963.0,0.0,0.004583515772916878,0.004583515772916878
ADD,QUIDELORTHO      CORP,219798105,,722480.0,156.00158743094852,12654237.0,0.0019296710447321299,0.004579995605145748,0.0026503245604136178
TRIM,DAVE   INC,23834J201,,33917.0,-19.41791399382276,12637135.0,0.0030494064877109564,0.00457380581394465,0.0015243993262336933
NEW,CALLAWAY     GOLF   CO,131193104,,672463.0,,12635580.0,0.0,0.004573243006944433,0.004573243006944433
TRIM,SMUCKER     J  M    CO,832696405,,112258.0,-61.51528137266665,12629025.0,0.011707084808602546,0.004570870531133231,-0.007136214277469315
ADD,DIAMONDBACK      ENERGY   INC,25278X109,PUT,71800.0,45.63894523326572,12621004.0,0.004058016649695018,0.004567967460426646,0.000509950810731628
TRIM,UNDER   ARMOUR   INC,904311107,,1973897.0,-41.29838452099778,12613202.0,0.008270361621294641,0.004565143653213983,-0.0037052179680806584
TRIM,FMC    CORP,302491303,,1094883.0,-1.824554733503642,12591154.0,0.007992093553581655,0.004557163737625059,-0.0034349298159565963
TRIM,COLGATE     PALMOLIVE    CO,194162103,PUT,137300.0,-10.0262123197903,12587664.0,0.005412645660672651,0.004555900588794989,-0.0008567450718776617
ADD,PTC   INC,69370C100,,110407.0,39.385178639060726,12543339.0,0.004697069415519915,0.004539857874785596,-0.00015721154073431928
ADD,CODEXIS  INC,192005106,,5549139.0,38.79336089621898,12541054.0,0.002712108732658477,0.004539030856138975,0.0018269221234804983
TRIM,DEFINIUM    THERAPEUTICS        INC,24477V105,,266076.0,-68.58221080274319,12516215.0,0.006661230314301577,0.004530040783419758,-0.002131189530881819
TRIM,MBX   BIOSCIENCES     INC,55287L101,,226151.0,-59.93178778026807,12483535.0,0.007011411617083983,0.004518212788071151,-0.0024931988290128326
ADD,CDW    CORP,12514G108,,88615.0,166.4151283747219,12462814.0,0.001675205370985586,0.004510713158584661,0.0028355077875990755
TRIM,MARKETAXESS       HLDGS   INC,57060D108,,109590.0,-89.91986666519497,12437369.0,0.07464462209734939,0.004501503754005553,-0.07014311834334383
ADD,EVOLUS   INC,30052C107,,1787929.0,22.3637537051067,12408227.0,0.0024992047563161595,0.0044909562803076,0.0019917515239914405
TRIM,PETROLEO   BRASILEIRO         S  A,71654V408,,767639.0,-21.478474165725604,12405046.0,0.008442070539083758,0.004489804969010051,-0.003952265570073707
ADD,CINTAS  CORP,172908105,PUT,72900.0,424.4604316546763,12398832.0,0.0009784163497723755,0.004487555912611757,0.0035091395628393815
ADD,MOONLAKE    IMMUNOTHERAPEUTICS,61559X104,,636187.0,10.431493580886386,12386561.0,0.004468896866186343,0.004483114623415834,1.4217757229491312e-05
TRIM,EXPEDITORS       INTL   WASH   INC,302130109,,75978.0,-78.33180756495923,12382894.0,0.0209007437680203,0.004481787412309857,-0.016418956355710442
TRIM,METALS     ACQUISITION     CORP  II,G60420125,,1130000.0,-41.45077720207254,12373500.0,0.008104216791403617,0.004478387406547776,-0.0036258293848558413
NEW,ISHARES  TR,464288810,,250020.0,,12353488.0,0.0,0.004471144388098684,0.004471144388098684
ADD,TONIX   PHARMACEUTICALS       HLDG  C,890260839,,966932.0,340.16879634729804,12338052.0,0.0012570194280132584,0.004465557578545408,0.0032085381505321496
ADD,BENITEC     BIOPHARMA       INC,08205P209,,921299.0,41.289658683810174,12326981.0,0.0028900305351320073,0.004461550609864122,0.0015715200747321145
TRIM,BOX   INC,10316T104,,464207.0,-40.39626512861732,12320054.0,0.007662107767442375,0.004459043494693381,-0.003203064272748994
ADD,PHILLIPS   66,718546104,PUT,72800.0,3.556187766714083,12306840.0,0.005329894314823128,0.004454260901959706,-0.0008756334128634212
ADD,ACI   WORLDWIDE   INC,004498101,,244164.0,701.4047986345882,12279008.0,0.0005199746262113945,0.004444187561490232,0.003924212935278838
TRIM,C   H  ROBINSON      WORLDWIDE     IN,12541W209,,65075.0,-86.34476043789095,12256226.0,0.03293583010164783,0.004435941986519854,-0.028499888115127974
TRIM,OMNICOM   GROUP     INC,681919106,,167822.0,-25.758574468367478,12222476.0,0.0070846403406983425,0.004423726722045698,-0.0026609136186526447
TRIM,AGILENT     TECHNOLOGIES      INC,00846U101,,91938.0,-86.60861763086523,12212125.0,0.03256573377550901,0.004419980345673194,-0.028145753429835815
TRIM,SONY   GROUP     CORP,835699307,CALL,608600.0,-31.130474142808644,12208516.0,0.00761268351860519,0.004418674126725424,-0.0031940093918797667
ADD,MODERNA     INC,60770K107,PUT,174300.0,11.874197689345314,12206229.0,0.0032937735708116443,0.004417846384211278,0.0011240728133996335
ADD,ROGERS   COMMUNICATIONS       INC,775109200,,375575.0,591.9470135229743,12204957.0,0.0008685258218661396,0.004417386004465763,0.003548860182599624
NEW,OCTAVE  INTELLIGENCE      PLC,G22845104,,748355.0,,12198187.0,0.0,0.004414935712895688,0.004414935712895688
ADD,FIREFLY    AEROSPACE   INC,31816X106,,414331.0,25.214492727344158,12181331.0,0.0039205129310472585,0.004408834957400091,0.0004883220263528325
ADD,LIBERTY  MEDIA   CORP     DEL,531229755,CALL,128000.0,841.1764705882354,12177920.0,0.00048119663740479944,0.004407600401337236,0.003926403763932437
ADD,EDWARDS    LIFESCIENCES         CORP,28176E108,PUT,134600.0,99.4074074074074,12175916.0,0.002249522866443106,0.0044068750860777935,0.0021573522196346876
ADD,SIONNA   THERAPEUTICS         INC,829401108,,276733.0,96.76552356709637,12173485.0,0.0023464461980279776,0.004405995225101891,0.002059549027073914
TRIM,UNILEVER     PLC,904767803,,202457.0,-57.82312783452321,12171715.0,0.011380653879518275,0.004405354602342803,-0.006975299277175473
TRIM,JABIL     INC,466313103,,31553.0,-62.89061121761323,12163050.0,0.009399322546736064,0.004402218446293363,-0.0049971041004427015
ADD,SUTRO  BIOPHARMA      INC,869367201,,365972.0,73.95925429465058,12150270.0,0.0021809043870871644,0.004397592932812482,0.002216688545725318
ADD,DNOW   INC,67011P100,,934594.0,223.92132397539206,12121684.0,0.001430071717211129,0.004387246694286311,0.002957174977075182
ADD,BROOKFIELD   RENEWABLE     CORP,11285B108,,326160.0,165.6934782254517,12106961.0,0.002032979135967901,0.004381917943505481,0.0023489388075375803
ADD,QUANTA   SVCS   INC,74762E102,CALL,16800.0,12.751677852348994,12096672.0,0.003404371990528999,0.004378194007026233,0.0009738220164972342
ADD,MANPOWERGROUP      INC   WIS,56418H100,,357783.0,36.86870232511878,12082332.0,0.0032048734292482615,0.0043730038768763245,0.001168130447628063
ADD,TRANSCAT   INC,893529107,,130212.0,82.29570622576264,12079767.0,0.0021833780548856877,0.004372075516776289,0.002188697461890601
ADD,ARCHER   DANIELS    MIDLAND    CO,039483102,PUT,158100.0,83.4106728538283,12078840.0,0.002607621237899655,0.004371740004178732,0.001764118766279077
TRIM,REINSURANCE       GROUP  AMER  INC,759351604,,56744.0,-77.74945789203326,12066612.0,0.021667688571558454,0.004367314278134584,-0.01730037429342387
NEW,CROSS   CTRY   HEALTHCARE        INC,227483104,,912378.0,,12052513.0,0.0,0.004362211374021364,0.004362211374021364
ADD,EXELIXIS  INC,30161Q104,CALL,221200.0,319.73434535104366,12035492.0,0.0009406525481166891,0.004356050899455005,0.0034153983513383153
ADD,CLOROX   CO  DEL,189054109,CALL,125900.0,20.47846889952153,12015896.0,0.004506759298270739,0.004348958445450988,-0.00015780085281975106
NEW,GDS   HLDGS     LTD,36165L108,CALL,400100.0,,12015003.0,0.0,0.004348635238601345,0.004348635238601345
TRIM,VERA   THERAPEUTICS    INC,92337R101,,278658.0,-5.055929021421003,11957215.0,0.004913786269448045,0.00432771981035149,-0.0005860664590965556
TRIM,EATON   CORP     PLC,G29183103,,28012.0,-69.06665488758338,11936473.0,0.013479144428256692,0.004320212580255995,-0.009158931848000698
TRIM,MARSH   &  MCLENNAN       COS  INC,571748102,,71478.0,-10.690456555963715,11913238.0,0.005777120052375023,0.004311803049291341,-0.0014653170030836816
ADD,DAVITA    INC,23918K108,CALL,53500.0,305.3030303030303,11902680.0,0.000844271475808647,0.004307981752630063,0.003463710276821416
TRIM,GENERAL   MTRS     CO,37045V100,CALL,154400.0,-44.56014362657091,11901152.0,0.008634636255166717,0.0043074287178414255,-0.0043272075373252915
TRIM,GROUP   1  AUTOMOTIVE     INC,398905109,,40776.0,-86.80072250312372,11872748.0,0.042506886119739656,0.004297148351259974,-0.03820973776847968
NEW,NEKTAR   THERAPEUTICS,640268306,CALL,170000.0,,11867700.0,0.0,0.004295321309628402,0.004295321309628402
ADD,NEWMARK    GROUP   INC,65158N102,,785294.0,454.59399144055703,11865792.0,0.0008833266286047805,0.00429463074001013,0.0034113041114053498
TRIM,SPDR  SERIES  TRUST,78468R556,,76829.0,-30.51676735520747,11851642.0,0.008367067716239065,0.004289509377275039,-0.004077558338964026
ADD,PROTARA   THERAPEUTICS    INC,74365U107,,3101166.0,9.535081844922733,11846454.0,0.006138638860513279,0.00428763166491676,-0.001851007195596519
TRIM,CLIMB   BIO  INC,28658R106,,908198.0,-28.83910801874226,11842902.0,0.0036382480420797253,0.004286346076193435,0.0006480980341137099
TRIM,EOG    RES     INC,26875P101,PUT,91200.0,-36.357292393579904,11831376.0,0.008621581664794598,0.00428217442765035,-0.004339407237144248
TRIM,TAKE-TWO      INTERACTIVE       SOFTWAR,874054109,PUT,47300.0,-15.686274509803921,11824054.0,0.0046109725421750476,0.004279524348643541,-0.0003314481935315066
ADD,BLUE  OWL   CAPITAL     INC,09581B103,CALL,1350400.0,175.31090723751274,11816000.0,0.0018636843747903643,0.004276609334122804,0.0024129249593324393
TRIM,STAR   BULK  CARRIERS       CORP.,Y8162K204,,472800.0,-34.287791121902536,11805816.0,0.006877885992394178,0.004272923400688587,-0.0026049625917055914
TRIM,GALAXY   DIGITAL   INC.,36317J209,,431764.0,-58.67417063879476,11804428.0,0.008022021022019609,0.004272421036626658,-0.0037495999853929514
ADD,CELESTICA     INC,15101Q207,CALL,32300.0,5.901639344262295,11783040.0,0.003575348879102503,0.004264679997320783,0.0006893311182182798
TRIM,CUMMINS     INC,231021106,CALL,16500.0,-27.631578947368425,11767965.0,0.005105001123203614,0.004259223845855659,-0.0008457772773479543
TRIM,PAYPAY   CORP,70450C101,,821202.0,-73.29653649247673,11767825.0,0.02731111278892577,0.004259173175128951,-0.02305193961379682
TRIM,ASTEC   INDS   INC,046224101,,192131.0,-25.951091669396643,11756496.0,0.0058136170564569035,0.004255072827537019,-0.0015585442289198842
TRIM,BITWISE   BITCOIN      ETF  TR,09174C104,,367124.0,-62.263002788716435,11696571.0,0.014903004509269846,0.004233383946837348,-0.010669620562432498
ADD,LISTED  FDS  TR,53656G498,,181773.0,3568.476286579213,11688004.0,0.00011947723911195298,0.004230283260296604,0.004110806021184651
ADD,AELUMA   INC,00776X109,,529005.0,32.81605025370388,11680430.0,0.0021697587324808303,0.004227541973981722,0.002057783241500892
NEW,GIGCAPITAL9    CORP,G3865B114,,1175000.0,,11667750.0,0.0,0.004222952653877061,0.004222952653877061
TRIM,LOCKHEED   MARTIN    CORP,539830109,PUT,22900.0,-46.74418604651163,11666634.0,0.010815542306902468,0.004222548735798449,-0.006592993571104019
ADD,DIAMONDBACK      ENERGY   INC,25278X109,,66273.0,122.81132329209252,11649468.0,0.00244830937429126,0.004216335780836571,0.0017680264065453107
TRIM,HARMONY   BIOSCIENCES     HLDGS  IN,413197104,,319812.0,-66.48933996535895,11644355.0,0.011124678369504397,0.004214485213510456,-0.00691019315599394
TRIM,MINISO   GROUP    HLDG     LTD,66981J102,,965407.0,-42.987629692753146,11642808.0,0.011416130870179198,0.004213925301980337,-0.007202205568198861
ADD,UNILEVER     PLC,904767803,CALL,193100.0,88.02336903602726,11609172.0,0.002434889393554554,0.00420175129795507,0.0017668619044005156
TRIM,SYNOPSYS    INC,871607107,CALL,26000.0,-30.666666666666664,11597820.0,0.006187498793479872,0.004197642625886607,-0.0019898561675932647
TRIM,CIENA   CORP,171779309,CALL,23600.0,-73.77777777777777,11577216.0,0.014540996710609506,0.004190185342650294,-0.010350811367959211
TRIM,AKAMAI  TECHNOLOGIES       INC,00971T101,,97690.0,-88.77463197822263,11547935.0,0.041595188469124654,0.0041795875601593965,-0.03741560090896526
ADD,NETEASE   COM    INC,64110W102,CALL,90000.0,28.57142857142857,11532600.0,0.003260963347185202,0.004174037305916102,0.0009130739587308997
TRIM,WHITEFIBER       INC,G96115103,,296294.0,-39.17795171497838,11511022.0,0.002414549884808755,0.004166227499195409,0.0017516776143866536
ADD,ANNALY   CAPITAL    MANAGEMENT       IN,035710839,PUT,514800.0,1213.265306122449,11510928.0,0.0003450317123821827,0.004166193477421762,0.0038211617650395794
NEW,CARTESIAN     GROWTH    CORP    IV,G19316127,,1150000.0,,11500000.0,0.0,0.004162238265268471,0.004162238265268471
ADD,NICE  LTD,653656108,,126356.0,202.33047805905153,11479443.0,0.0019177609002627594,0.004154797992918981,0.002237037092656222
TRIM,INGERSOLL   RAND     INC,45687V106,CALL,140000.0,-17.647058823529413,11478600.0,0.00566829489956371,0.004154492882757449,-0.001513802016806261
ADD,PENGUIN  SOLUTIONS    INC,706915105,,150808.0,766.4636598678541,11462916.0,0.000127482117998998,0.004148816313631148,0.00402133419563215
NEW,ROUNDHILL  ETF  TRUST,77926X320,CALL,155000.0,,11446750.0,0.0,0.004142965292431466,0.004142965292431466
ADD,ALBEMARLE     CORP,012653200,,206128.0,1258.9662447257383,11445759.0,0.00045452896706001935,0.004142606616073129,0.00368807764901311
TRIM,PENN  ENTERTAINMENT       INC,707569109,,534900.0,-53.81156083938789,11425464.0,0.0072437066686403305,0.004135261170369336,-0.0031084454982709944
ADD,BIGLARI    HLDGS     INC,08986R309,,26774.0,54.38819052012456,11406527.0,0.0023786787885951423,0.004128407230714606,0.0017497284421194637
TRIM,RYAN      SPECIALTY     HOLDINGS       INC,78351F107,,302055.0,-61.645416763488,11405597.0,0.011057995460291613,0.004128070632315762,-0.006929924827975851
ADD,SOUTHERN     COPPER      CORP,84265V105,PUT,65400.0,34.29158110882957,11396604.0,0.0034871566293502385,0.004124815761992323,0.0006376591326420844
NEW,OCEANAGOLD     CORP,675222400,,455231.0,,11395356.0,0.0,0.004124364068657101,0.004124364068657101
ADD,BRIGHTSPIRE    CAPITAL     INC,10949T109,,2088436.0,78.9662571640113,11381976.0,0.002719572184592985,0.0041195213949189015,0.0013999492103259166
NEW,INCYTE  CORP,45337C102,CALL,100400.0,,11381344.0,0.0,0.004119292652781193,0.004119292652781193
NEW,IMMUNIC   INC,4525EP200,,740347.0,,11379133.0,0.0,0.004118492417232974,0.004118492417232974
TRIM,EVERTEC    INC,30040P103,,409440.0,-32.20754320229287,11374243.0,0.0070929756523296725,0.00411672256113583,-0.0029762530911938423
TRIM,UNITED  NAT   FOODS   INC,911163103,,248990.0,-38.679059412280445,11371373.0,0.007614245375140832,0.004115683811238323,-0.0034985615639025087
ADD,TRUIST   FINL     CORP,89832Q109,PUT,228200.0,58.58234885337039,11368924.0,0.002752947140252166,0.004114797435454703,0.0013618502952025364
ADD,UNILEVER     PLC,904767803,PUT,189100.0,136.67083854818523,11368692.0,0.0018943297229309529,0.004114713466821874,0.0022203837438909205
TRIM,STRYKER   CORPORATION,863667101,PUT,36100.0,-35.18850987432675,11365724.0,0.007616792287477131,0.004113639247415672,-0.0035031530400614595
TRIM,AXIS   CAP     HLDGS    LTD,G0692U109,,105784.0,-74.00341594681936,11365433.0,0.01717303501396592,0.004113533924690872,-0.013059501089275047
NEW,AVERIN     CAP     ACQUISITION    CORP,G0679A100,,1141000.0,,11364360.0,0.0,0.004113145569764035,0.004113145569764035
TRIM,FAIR  ISAAC    CORP,303250104,CALL,9500.0,-13.636363636363635,11350410.0,0.004886967116081956,0.004108096593781383,-0.0007788705223005735
TRIM,UNION   PAC  CORP,907818108,PUT,41700.0,-72.14428857715431,11342400.0,0.015115098217913016,0.0041051975043461825,-0.011009900713566834
NEW,HOME   BANCSHARES     INC,436893200,,396846.0,,11329953.0,0.0,0.004100692514808113,0.004100692514808113
ADD,ARCOS     DORADOS     HLDGS      INC,G0457F107,,1405483.0,922.1025532874212,11328193.0,0.0004721147308827312,0.004100055511386647,0.0036279407805039155
TRIM,CSX   CORP,126408103,CALL,237800.0,-22.18586387434555,11302634.0,0.0052207041878093744,0.004090804846358646,-0.0011298993414507281
ADD,SPYGLASS     PHARMA  INC,85220G109,,507257.0,8.204669854989612,11291541.0,0.005054893952284098,0.004086789915134592,-0.0009681040371495066
TRIM,AURA   MINERALS       INC,G06973112,,179343.0,-76.91098505817861,11289642.0,0.02637738642741252,0.00408610260292018,-0.02229128382449234
TRIM,WINGSTOP     INC,974155103,PUT,65000.0,-5.933429811866859,11271650.0,0.004456441965467264,0.0040795906906707265,-0.0003768512747965372
ADD,CANDEL  THERAPEUTICS        INC,137404109,,1093905.0,3.1902128695219063,11267222.0,0.0021617213929463618,0.004077988047971717,0.0019162666550253554
TRIM,MIRUM   PHARMACEUTICALS       INC,604749101,,96213.0,-73.89595062063353,11263656.0,0.014169887445806217,0.004076697392175722,-0.010093190053630494
ADD,SPROUTS  FMRS     MKT  INC,85208M102,CALL,133100.0,83.83977900552486,11257598.0,0.0023239376521748604,0.004074504797444331,0.0017505671452694702
TRIM,LITTELFUSE     INC,537008104,,24692.0,-78.10818239043896,11243008.0,0.015928866673035166,0.004069224183853873,-0.011859642489181293
TRIM,AMERICAN  BATTERY   TECHNOLOGY,02451V309,,3967892.0,-10.377517877551758,11229134.0,0.005140550942240164,0.004064202714837148,-0.001076348227403016
ADD,AN2  THERAPEUTICS    INC,037326105,,2318692.0,4.328005104157387,11222469.0,0.0031632305802254766,0.004061790426312104,0.0008985598460866271
TRIM,OPTIMUM     COMMUNICATIONS    INC,02156K103,,7723322.0,-18.90388836650596,11198817.0,0.00515240532098191,0.004053229968968614,-0.001099175352013296
TRIM,AMERICAN   AIRLINES     GROUP    INC,02376R102,PUT,619200.0,-53.52398108534114,11188944.0,0.005954823369721665,0.00404965659693444,-0.0019051667727872255
ADD,EXELON  CORP,30161N101,,239624.0,395.5618976713405,11171271.0,0.000986434545848107,0.004043260141555128,0.003056825595707021
ADD,SALLY   BEAUTY    HLDGS        INC,79546E104,,788145.0,5.695085546308192,11144370.0,0.004297972830205439,0.00403352376141826,-0.000264449068787179
TRIM,APPFOLIO     INC,03783C100,,69418.0,-51.13748345862545,11131176.0,0.009330843065537038,0.004028748407359829,-0.005302094658177208
TRIM,ANNALY   CAPITAL    MANAGEMENT       IN,035710839,,497711.0,-59.77745146449026,11128818.0,0.01089132210447459,0.004027894967548568,-0.006863427136926023
ADD,UNITED  RENTALS   INC,911363109,CALL,9800.0,11.363636363636363,11102322.0,0.002668152022101407,0.004018305170585389,0.0013501531484839823
ADD,NOMURA   HLDGS     INC,65535H208,,1264108.0,46.870951663368935,11098868.0,0.0028261022031666042,0.00401705505137076,0.0011909528482041561
TRIM,3M  CO,88579Y101,PUT,68500.0,-33.04007820136852,11090835.0,0.006182933078571123,0.004014147637459029,-0.0021687854411120942
NEW,WISE   GROUP     PLC,G9723Y105,,930589.0,,11083315.0,0.0,0.004011425895567306,0.004011425895567306
ADD,RELAY  THERAPEUTICS      INC,75943R102,,591675.0,70.1520994556168,11070239.0,0.001439897305488911,0.0040066932496928154,0.0025667959442039045
ADD,TE   CONNECTIVITY       PLC,G87052109,CALL,54800.0,92.28070175438596,11048228.0,0.002479107037777451,0.003998726725653091,0.00151961968787564
ADD,IONQ   INC,46222L108,PUT,207400.0,183.72093023255815,11046124.0,0.0008770504872741059,0.003997965217017428,0.0031209147297433224
TRIM,SHENANDOAH       TELECOMMUNICATION,82312B106,,731426.0,-38.70093168925142,11029904.0,0.007657085106496819,0.003992094651394588,-0.003664990455102231
ADD,QUANTA   SVCS   INC,74762E102,PUT,15300.0,68.13186813186813,11016612.0,0.0020791802089807983,0.003987283827827462,0.001908103618846664
TRIM,MICROCHIP  TECHNOLOGY        INC.,595017BG8,,10000000.0,-66.66666666666666,11013603.0,0.012376246073399105,0.003986194769137011,-0.008390051304262094
ADD,AST  SPACEMOBILE       INC,00217D100,CALL,123900.0,318.5810810810811,11009754.0,0.0010208257694689293,0.003984801686086314,0.002963975916617385
ADD,CALUMET   INC,131428104,,305557.0,688.0664379851959,11006163.0,0.0005792773159189603,0.003983501981946263,0.003404224666027303
ADD,LA   Z  BOY  INC,505336107,,274123.0,90.88547832263276,10997815.0,0.0019207951384725562,0.00398048055889944,0.002059685420426884
NEW,ARIS   MINING   CORPORATION,04040Y109,,736238.0,,10973184.0,0.0,0.0039715657684027605,0.0039715657684027605
TRIM,MACROGENICS       INC,556099109,,2374296.0,-15.032474376037136,10969248.0,0.003360797316822374,0.0039701411971147516,0.0006093438802923777
ADD,LAMB    WESTON    HLDGS  INC,513272104,,253817.0,411.5628023218317,10959818.0,0.0008725971361449003,0.003966728161737231,0.003094131025592331
ADD,STRATEGIC    ED   INC,86272C103,,142958.0,14.610290698606635,10953442.0,0.0043064180086434325,0.003964420472069461,-0.00034199753657397115
TRIM,COMPASS     PATHWAYS       PLC,20451W101,,770987.0,-75.43471098816576,10909466.0,0.00722292145023568,0.0039485040729430754,-0.0032744173772926042
ADD,FORTREA     HLDGS    INC,34965K107,,626489.0,147.952427126828,10900909.0,0.0009905091894240395,0.003945407005739953,0.002954897816315914
NEW,SOLARIS     ENERGY  INFRAS       INC,83418M103,CALL,135400.0,,10894284.0,0.0,0.003943009194565397,0.003943009194565397
ADD,GSK  PLC,37733W204,PUT,207500.0,8.129233976029182,10877150.0,0.004407557062771884,0.003936807821483908,-0.00047074924128797605
ADD,SKYWORKS     SOLUTIONS   INC,83088M102,,160278.0,5.209331635399299,10866848.0,0.003395015000828125,0.003933079179865752,0.0005380641790376276
NEW,SILICON     VY   ACQUISITION         CORP,G81306121,,1076950.0,,10866426.0,0.0,0.003932926443818105,0.003932926443818105
ADD,KNOWLES  CORP,49926D109,,261661.0,189.28160792464513,10853698.0,0.0009666643469186575,0.003928319750892858,0.0029616554039742
TRIM,ADAPTIVE     BIOTECHNOLOGIES           COR,00650F109,,504909.0,-53.308223117797304,10830298.0,0.006246327474502627,0.003919850500857443,-0.0023264769736451836
TRIM,UMB   FINL     CORP,902788108,,75840.0,-52.54809948381042,10826918.0,0.007502014351322939,0.0039186271647412155,-0.0035833871865817235
TRIM,GEN   DIGITAL   INC,668771108,,434914.0,-70.77469757590337,10825009.0,0.011661576645563495,0.003917936233189181,-0.007743640412374314
ADD,UNION   PAC  CORP,907818108,CALL,39700.0,89.04761904761904,10798400.0,0.0021203544594266756,0.003908305537710874,0.0017879510782841984
TRIM,SWEETGREEN       INC,87043Q108,,1225089.0,-66.68607345173557,10793034.0,0.007942765854362448,0.003906363401142924,-0.004036402453219524
ADD,IES   HOLDINGS   INC,44951W106,,14685.0,19.77000244678248,10788482.0,0.0024312188434228287,0.003904715878657402,0.0014734970352345733
ADD,BANCO  SANTANDER          CHILE    NEW,05965X109,,327496.0,58.286330177234525,10784443.0,0.0028758855999361783,0.003903254028191887,0.0010273684282557085
TRIM,KEYCORP,493267108,CALL,467000.0,-3.7906880922950146,10764350.0,0.004050202373071048,0.0038959816931080572,-0.0001542206799629909
ADD,SUNCOR   ENERGY     INC   NEW,867224107,CALL,189600.0,135.82089552238804,10743228.0,0.0024814683417964316,0.0038883369281829273,0.0014068685863864957
TRIM,TERAWULF  INC,88080T104,CALL,434900.0,-33.13345633456334,10742030.0,0.003905794940575761,0.0038879033315358147,-1.7891609039946427e-05
TRIM,SAB    BIOTHERAPEUTICS            INC,78397T202,,2749087.0,-9.35174203027866,10721439.0,0.0048338190483583005,0.003880450753438411,-0.0009533682949198893
TRIM,ARTISAN     PARTNERS       ASSET  MGMT,04316A108,,310399.0,-26.352191408993413,10718077.0,0.006382710052327838,0.003879233932129904,-0.002503476120197934
ADD,TURNING     PT  BRANDS  INC,90041L105,,126340.0,2.0376846475039776,10714895.0,0.0044721104702812615,0.0038780822588985924,-0.0005940282113826691
ADD,KE   HLDGS  INC,482497104,,737249.0,996.0365717683787,10712228.0,0.00041905738650700237,0.003877116981554812,0.00345805959504781
TRIM,METLIFE    INC,59156R108,PUT,126600.0,-10.466760961810467,10711626.0,0.0041615415614090915,0.0038768990974299695,-0.00028464246397912193
NEW,PROSHARES  TR,74347X864,,75500.0,,10705145.0,0.0,0.003874553404717169,0.003874553404717169
TRIM,HEICO   CORP  NEW,422806109,,30008.0,-79.54883118653309,10688550.0,0.016743603953634254,0.003868547113933506,-0.01287505683970075
ADD,GENEDX   HOLDINGS    CORP,81663L200,,155575.0,3.781703200672421,10680224.0,0.004006377585914405,0.003865533653429451,-0.0001408439324849537
ADD,FABRINET,G3323L100,PUT,19000.0,245.45454545454547,10679520.0,0.0011937028544031427,0.003865278852060864,0.002671575997657721
TRIM,UNITED   CMNTY     BKS  BLAIRSVLE    G,90984P303,,304256.0,-18.58957378435292,10676343.0,0.004897724491405649,0.0038641289884983636,-0.0010335955029072853
ADD,WESCO   INTL   INC,95082P105,,30902.0,28.00629634232219,10674478.0,0.0027489424119168386,0.0038634539820318657,0.0011145115701150271
ADD,ECOPETROL     S  A,279158109,,747485.0,130.6639552178931,10644186.0,0.0020215613113177856,0.003852490284507386,0.0018309289731896004
ADD,CVR   ENERGY  INC,12662P108,,385779.0,45.44854732047928,10624354.0,0.0037142987612091903,0.0038453124141354903,0.00013101365292629997
ADD,DIAMONDBACK      ENERGY   INC,25278X109,CALL,60400.0,46.95863746958637,10617112.0,0.0033830524199283006,0.0038426912898296577,0.00045963886990135717
ADD,BHP   BILLITON        LIMITED,088606108,CALL,127300.0,102.70700636942675,10605363.0,0.0019010586486769695,0.0038384389300576017,0.0019373802813806322
ADD,NORTHEAST    BK    PORTLAND       ME,66405S100,,79969.0,9.20549516578358,10598292.0,0.003424444323176774,0.003835879696425105,0.00041143537324833104
TRIM,TURKCELL     ILETISIM,900111204,,1800091.0,-4.164685726637197,10584535.0,0.004713557343600281,0.003830900573658558,-0.0008826567699417231
ADD,INVESCO  EXCH  TRADED  FD  TR  II,46138E354,,140523.0,1542.1993689377118,10525173.0,0.00026045882481762976,0.0038094154616670037,0.003548956636849374
TRIM,RUBRIK   INC.,781154109,,131091.0,-67.20183141935,10523985.0,0.008145466367198003,0.0038089854843575137,-0.00433648088284049
ADD,WAVE   LIFE  SCIENCES       LTD,Y95308105,,1811282.0,86.2996931830688,10523548.0,0.0029334216813320466,0.0038088273193034334,0.0008754056379713868
TRIM,GRUPO  AEROMEXICO      SAB       DE   CV,40054J109,,583479.0,-4.134128328522068,10502622.0,0.0035486395925430772,0.0038012534933956933,0.0002526139008526161
ADD,AEHR   TEST   SYS,00760J108,,108877.0,13.619476968672387,10458725.0,0.0014787189913208836,0.0037853656870365207,0.002306646695715637
TRIM,DOW  HLDGS   INC,260557103,PUT,381900.0,-25.873447204968947,10448784.0,0.008930040631584245,0.003781767703506518,-0.005148272928077727
TRIM,AMER  STATES   WTR     CO,029899101,,126404.0,-38.871183801376326,10444763.0,0.006507498352752839,0.003780312367848722,-0.0027271859849041166
TRIM,SELECT  SECTOR  SPDR  TR,81369Y886,,229909.0,-64.42265286131878,10424074.0,0.012341360449148298,0.003772824320242623,-0.008568536128905674
ADD,LIVE  NATION    ENTERTAINMENT      IN,538034109,CALL,56900.0,66.37426900584795,10418959.0,0.002170636002285556,0.0037709730290489845,0.0016003370267634286
TRIM,DOMINOS    PIZZA  INC,25754A201,,35162.0,-87.20991139111584,10409358.0,0.04104903224995554,0.0037674981029981285,-0.03728153414695741
ADD,NRG   ENERGY     INC,629377508,CALL,71200.0,56.82819383259912,10399472.0,0.0027611342981593585,0.003763920025825046,0.0010027857276656876
ADD,GERON   CORP,374163103,,8112267.0,10.800281690063898,10383702.0,0.004539941154693965,0.0037582123303951955,-0.0007817288242987692
ADD,NUCOR   CORP,670346105,PUT,46600.0,32.763532763532766,10380150.0,0.0024700929656852545,0.0037569267416718713,0.0012868337759866168
TRIM,ISHARES  TR,464287739,CALL,101300.0,-13.56655290102389,10357925.0,0.004612088689051838,0.0037488827638070365,-0.000863205925244801
ADD,NU  HLDGS    LTD,G6683N103,CALL,773900.0,101.01298701298703,10339304.0,0.002302396267150102,0.0037421431952211616,0.0014397469280710597
TRIM,ISHARES    SILVER     TR,46428Q109,,193249.0,-33.75167978498752,10333024.0,0.00827193471420824,0.003739870251194563,-0.004532064463013677
ADD,COMPASS     THERAPEUTICS         INC,20454B104,,4713247.0,456.9765545602798,10322011.0,0.0018629515132504585,0.0037358842746714844,0.001872932761421026
TRIM,SENSATA   TECHNOLOGIES        HLDG  PL,G8060N102,,215975.0,-70.32560427360761,10310646.0,0.010667767290318073,0.003731770897464113,-0.00693599639285396
NEW,GDS   HLDGS     LTD,36165LAD0,,8500000.0,,10300606.0,0.0,0.003728137082491652,0.003728137082491652
ADD,COHERENT   CORP,19247G107,CALL,26100.0,4.819277108433735,10295667.0,0.002468436224180221,0.0037263494916401603,0.0012579132674599394
ADD,DOLLAR   TREE     INC,256746108,CALL,85000.0,11.548556430446194,10280750.0,0.0034727324493541386,0.0037209505257094636,0.000248218076355325
TRIM,CENTURY   THERAPEUTICS      INC,15673T100,,4194981.0,-10.115183789033917,10277703.0,0.004389496041777922,0.0037198477135360485,-0.0006696483282418735
ADD,STEEL  DYNAMICS      INC,858119100,,44724.0,725.1660516605166,10262369.0,0.0004060077900806405,0.0037142978212265157,0.003308290031145875
TRIM,AEVA   TECHNOLOGIES      INC,00835Q202,,355843.0,-71.10167440606418,10219811.0,0.006743792722536611,0.003698894644174925,-0.0030448980783616855
TRIM,VICTORIAS     SECRET  AND    CO,926400102,,122381.0,-20.76027556913833,10216366.0,0.0029797309565030216,0.0036976477823641553,0.0007179168258611337
TRIM,WORLD  ACCEP     CORPORATION,981419104,,45588.0,-50.81457825345791,10203962.0,0.005208817348420205,0.0036931583559778607,-0.0015156589924423445
ADD,LYONDELLBASELL              INDUSTRIES       NV,N53745100,PUT,193700.0,20.086794792312464,10198305.0,0.005407747432208886,0.0036911108966851108,-0.0017166365355237752
ADD,CREDO   TECHNOLOGY   GROUP       HOLDI,G25457105,PUT,37500.0,1150.0,10198125.0,0.00011719542206294502,0.003691045748607915,0.00357385032654497
ADD,ANGIODYNAMICS     INC,03475V101,,783125.0,21.4755606295866,10188456.0,0.003050458961779339,0.0036875462110612296,0.0006370872492818904
NEW,VANGUARD  SCOTTSDALE      FDS,92206C409,,128764.0,,10176219.0,0.0,0.0036831172276132217,0.0036831172276132217
TRIM,FLUOR   CORP,343412102,,194185.0,-36.68011204116437,10173352.0,0.0059537384350058595,0.003682079563517002,-0.0022716588714888574
ADD,VTV    THERAPEUTICS        INC,918385204,,269874.0,30.82389668812534,10160756.0,0.0034047814940811097,0.0036775206458483658,0.000272739151767256
TRIM,CRANE   COMPANY,224408104,,45490.0,-90.6092916197888,10147454.0,0.03447277683585199,0.0036727062029436176,-0.03080007063290837
TRIM,PAR   PAC  HOLDINGS      INC,69888T207,,180815.0,-62.81141315190318,10140105.0,0.012674741286078348,0.0036700463517252303,-0.009004694934353118
ADD,CANADIAN  NAT   RES    LTD   MED  TER,136385101,PUT,204100.0,35.97601598934044,10139450.0,0.004039112900354486,0.0036698092851109912,-0.0003693036152434951
ADD,ARTERIS     INC,04302A104,,208522.0,150.56717135304015,10132084.0,0.0005693668305633018,0.003667143281018646,0.0030977764504553445
TRIM,RIOT   PLATFORMS    INC,767292AB1,,5025000.0,-83.2639467110741,10119786.0,0.014426349865531447,0.003662692219611144,-0.010763657645920303
ADD,ALLOGENE  THERAPEUTICS      INC,019770106,,4843889.0,45.81010597964572,10075289.0,0.0033733308721871328,0.0036465872529946528,0.00027325638080752
ADD,ALTIMMUNE    INC,02155H200,,3309122.0,1.5631680279026,10059731.0,0.004176282024636496,0.0036409562875223877,-0.0005353257371141082
ADD,NEXTDOOR   HOLDINGS       INC,65345M108,,4431031.0,16.08862915771752,10058440.0,0.0022238510721147905,0.003640489031035391,0.0014166379589206006
TRIM,OMEGA   HEALTHCARE       INVS  INC,681936100,,210942.0,-28.7608407856699,10057715.0,0.005399819127156789,0.0036402266290577984,-0.0017595924980989904
TRIM,WATERBRIDGE      INFRASTRUCTURE        L,940923105,,292882.0,-48.93148831402526,10037066.0,0.006394031327359977,0.003632753058802187,-0.0027612782685577904
TRIM,BRIXMOR  PPTY   GROUP   INC,11120U105,,318245.0,-42.39940778602107,10034265.0,0.006622007864322569,0.003631739282334272,-0.0029902685819882973
TRIM,BOYD   GROUP    SERVICES     INC,103310108,,106043.0,-30.645973538433363,10033426.0,0.008128967202739682,0.003631435619907789,-0.004497531582831893
TRIM,GSK  PLC,37733W204,CALL,191100.0,-60.00418585182084,10017462.0,0.010974105078647245,0.0036256577093280716,-0.0073484473693191735
ADD,BBB   FOODS   INC,G0896C103,,240356.0,39.21011021852575,10015635.0,0.00254145145661345,0.003624996456344538,0.001083544999731088
NEW,SNOW   ROTHSCHILD    ACQUISITION,G8251A125,,1000000.0,,10010000.0,0.0,0.003622956959594556,0.003622956959594556
ADD,TALEN     ENERGY    CORP,87422Q109,CALL,26000.0,198.85057471264366,9990760.0,0.001155807545509177,0.0036159933540098805,0.0024601858085007036
TRIM,SILENCE   THERAPEUTICS         PLC,82686Q101,,909279.0,-15.352204589314193,9983883.0,0.0023558885009688753,0.00361350433552725,0.0012576158345583748
ADD,BW  LPG  LTD,Y10230103,,571306.0,61.908648546011555,9957864.0,0.002550710232047761,0.0036040871809686396,0.0010533769489208785
ADD,KIMBALL   ELECTRONICS     INC,49428J109,,387766.0,30.016362441490863,9926810.0,0.002940352029556947,0.003592847689917366,0.000652495660360419
ADD,TOAST    INC,888787108,CALL,356800.0,5.343962208444051,9926176.0,0.003736693694796326,0.003592618223912133,-0.0001440754708841932
ADD,HYLIION       HOLDINGS    CORP,449109107,,1904750.0,36.53769508457129,9923748.0,0.0010217875201893845,0.003591739448737518,0.0025699519285481334
TRIM,ALPHATEC     HLDGS  INC,02081G201,,1145837.0,-59.21627879247351,9911490.0,0.012721182068487602,0.003587302864680504,-0.009133879203807097
NEW,IDEA   ACQUISITION        CORP,G4727U100,,1000000.0,,9910000.0,0.0,0.0035867635833748295,0.0035867635833748295
ADD,ENCORE   CAP   GROUP       INC,292554102,,106177.0,4.148193196531565,9905252.0,0.002974974223169051,0.0035850451218719173,0.0006100708987028663
ADD,FABRINET,G3323L100,CALL,17600.0,15.032679738562091,9892608.0,0.003320664304066924,0.003580468831382695,0.0002598045273157711
ADD,ISHARES  TR,464287556,,51974.0,199.57922646838435,9884935.0,0.0012190966524176267,0.003577691713625356,0.002358595061207729
TRIM,STANLEY     BLACK  &    DECKER    INC,854502101,CALL,104900.0,-3.9377289377289375,9873188.0,0.003229315048271659,0.0035734400777208248,0.0003441250294491656
ADD,MOLINA   HEALTHCARE     INC,60855R100,CALL,43100.0,162.80487804878047,9856970.0,0.0009097803916062832,0.0035675702359655097,0.0026577898443592264
ADD,ABIVAX   SA,00370M103,CALL,73900.0,389.4039735099338,9847914.0,0.0006997287906157624,0.003564292563815051,0.0028645637731992885
TRIM,HASBRO   INC,418056107,,119228.0,-60.34391578387188,9847041.0,0.011711347141306528,0.0035639765956406526,-0.008147370545665875
ADD,GRUPO  CIBEST  SA,40090E106,,123790.0,86.91207779069592,9832640.0,0.00200678921976725,0.00355876438753125,0.0015519751677639999
TRIM,BLOOMIN     BRANDS     INC,094235108,,1075757.0,-24.023363149363835,9832419.0,0.0031819287454656602,0.0035586844001698047,0.0003767556547041445
ADD,COUPANG     INC,22266T109,PUT,564800.0,754.4629349470499,9810576.0,0.0005193570415860566,0.0035507786810021293,0.003031421639416073
NEW,HCM   IV   ACQUISITION    CORP,G4365S102,,978000.0,,9809340.0,0.0,0.0035503313308720545,0.0035503313308720545
TRIM,VANDA   PHARMACEUTICALS          INC,921659108,,1602813.0,-14.789359495290007,9809216.0,0.0054091578057232186,0.0035502864510855415,-0.001858871354637677
NEW,YESWAY  INC,98585C100,,482586.0,,9796496.0,0.0,0.0035456826536303925,0.0035456826536303925
TRIM,AMBEV   SA,02319V103,,3119153.0,-15.846927160576099,9794140.0,0.0045041424706938355,0.0035448299376866555,-0.00095931253300718
NEW,WEATHERFORD     INTL   PLC,G48833118,CALL,120000.0,,9780000.0,0.0,0.0035397121942891867,0.0035397121942891867
ADD,HACKETT     GROUP   INC,404609109,,907670.0,152.9998912931378,9775606.0,0.001942439731709635,0.0035381218573380916,0.0015956821256284566
ADD,CIRCLE  INTERNET          GROUP  INC,172573107,PUT,156000.0,139.2638036809816,9770280.0,0.0025888331816358375,0.003536194198120629,0.0009473610164847917
TRIM,ROCKET  COS   INC,77311W101,,620093.0,-89.68465736406667,9766465.0,0.035649267640039936,0.0035348134208178466,-0.03211445421922209
ADD,SMITH  A  O  CORP,831865209,,155560.0,38.71822081130006,9756723.0,0.003077343452602422,0.0035312874621065207,0.00045394400950409886
TRIM,IDT   CORP,448947507,,167669.0,-24.786811707973534,9751629.0,0.004555151881146864,0.0035294437715218878,-0.0010257081096249764
ADD,SUNCOR   ENERGY     INC   NEW,867224107,PUT,170400.0,136.01108033240996,9712572.0,0.0022558660098793595,0.00351530772457175,0.0012594417146923904
ADD,CHEMOURS     CO,163851108,,473136.0,29.447557345473648,9708751.0,0.003350959659842345,0.003513924775666394,0.00016296511582404886
TRIM,MUELLER   INDS   INC,624756102,,78906.0,-78.29623252346937,9699915.0,0.01676398383010826,0.003510726728943619,-0.01325325710116464
ADD,TALKSPACE      INC,87427V103,,1864797.0,47.20067253954722,9696944.0,0.0027283161674521326,0.0035096514237361307,0.0007813352562839981
ADD,E   L  F  BEAUTY       INC,26856L103,PUT,130800.0,82.93706293706293,9679200.0,0.0018034865203057759,0.0035032292710597025,0.0016997427507539267
TRIM,COVISTA   INC,00737L103,,77581.0,-5.809435932302163,9671247.0,0.0039504949167263985,0.003500350811848948,-0.00045014410487745045
KEEP,ELEVANCE  HEALTH    INC    FORMERLY,036752103,CALL,25000.0,0.4016064257028112,9668250.0,0.003033603562523654,0.0034992660963636428,0.00046566253383998864
TRIM,ADMA   BIOLOGICS     INC,000899104,,1154228.0,-66.39262950185022,9660888.0,0.012877881682302706,0.0034966015400063463,-0.009381280142296361
ADD,PHILLIPS   EDISON   &     CO     INC,71844V201,,231934.0,98.3375948143904,9653093.0,0.0018210660416962908,0.0034937802663300185,0.0016727142246337277
KEEP,HARVARD    AVE    ACQUISITION        CORP,G4330A103,,950000.0,0.0,9595000.0,0.003957493931705464,0.0034727544482826937,-0.0004847394834227702
ADD,DYNE   THERAPEUTICS         INC,26818M108,,431850.0,172.37808108585412,9591389.0,0.0011962476859287096,0.003471447505467399,0.00227519981953869
ADD,ONEIM   ACQUISITION       CORP,G6S74K106,,952000.0,376.0,9586640.0,0.000828994995736609,0.003469728682030725,0.002640733686294116
ADD,NWPX  INFRASTRUCTURE       INC,667746101,,63712.0,1.3505559709208914,9552977.0,0.002036911035927599,0.003457544905793878,0.001420633869866279
ADD,TRUIST   FINL     CORP,89832Q109,CALL,191700.0,253.03867403314916,9550494.0,0.0010388118812765298,0.0034566462242623425,0.0024178343429858127
NEW,HEICO   CORP  NEW,422806109,CALL,26800.0,,9545892.0,0.0,0.0034549806050887108,0.0034549806050887108
TRIM,IDEXX   LABS     INC,45168D104,CALL,18100.0,-45.97014925373134,9528564.0,0.007833551173782054,0.0034487090168573565,-0.004384842156924697
KEEP,REGAL  REXNORD    CORPORATION,758750103,PUT,40000.0,0.0,9527600.0,0.0031172209417999483,0.003448360112710599,0.0003311391709106505
TRIM,LOAR   HOLDINGS     INC,53947R105,,117944.0,-29.780190993308093,9507466.0,0.0040045860078739195,0.003441072938342519,-0.0005635130695314005
ADD,SEA  LTD,81141R100,PUT,99200.0,84.72998137802608,9506336.0,0.0018506302005803915,0.003440663953191236,0.0015900337526108446
TRIM,MAYVILLE        ENGR     CO   INC,578605107,,253677.0,-33.413216719338955,9502740.0,0.0028459027819327447,0.0034393624393823747,0.0005934596574496301
TRIM,DAUCH  CORP,024061103,,1752457.0,-55.46298915354222,9498317.0,0.009710544414016021,0.0034377616063521765,-0.006272782807663845
ADD,FASTENAL     CO,311900104,PUT,197700.0,358.70069605568443,9495531.0,0.0008322577069648095,0.0034367532588906948,0.0026044955519258853
NEW,LIFTOFF   MOBILE    INC,53229X101,,395147.0,,9491431.0,0.0,0.0034352693304656855,0.0034352693304656855
NEW,BIO-TECHNE     CORP,09073M104,CALL,134100.0,,9474165.0,0.0,0.003429020182127588,0.003429020182127588
ADD,LITHIUM    AMERS    CORP  NEW,53681J103,,2460382.0,131.3456679727205,9470153.0,0.0017528562335681673,0.0034275681038736525,0.0016747118703054852
NEW,M   EVO  GBL    ACQUISITION      CORP   I,G6071J102,,954475.0,,9468392.0,0.0,0.0034269307385184234,0.0034269307385184234
TRIM,OPUS   GENETICS   INC,67577R102,,2302101.0,-12.482018162796074,9461635.0,0.0049808225003231685,0.0034244851520872565,-0.001556337348235912
TRIM,BYLINE       BANCORP    INC,124411109,,250593.0,-12.886909728016018,9437332.0,0.003779398173454716,0.0034156890758645763,-0.0003637090975901398
NEW,QUANTUM    LEAP    ACQUISITION    COR,G73167101,,950000.0,,9433500.0,0.0,0.003414302145687836,0.003414302145687836
ADD,FB     FINL    CORP,30257X104,,170331.0,185.51720669829191,9427821.0,0.0012895137845705428,0.0034122467238523182,0.002122732939281775
TRIM,GUARDANT    HEALTH   INC,40131M109,CALL,62700.0,-34.13865546218487,9406881.0,0.003659573438950474,0.0034046678308719074,-0.0002549056080785664
ADD,OUTFRONT     MEDIA     INC,69007J304,,286815.0,337.58486535967654,9396059.0,0.0007228495109863139,0.0034007509836974084,0.0026779014727110946
TRIM,ENANTA   PHARMACEUTICALS           INC,29251M106,,643967.0,-26.995897276603365,9389039.0,0.004636414614998521,0.0033982102086867845,-0.0012382044063117366
TRIM,INCYTE  CORP,45337C102,,82812.0,-52.10826128444611,9387568.0,0.0067729390546256716,0.0033976778041225914,-0.00337526125050308
TRIM,GENERAL   DYNAMICS        CORP,369550108,CALL,26500.0,-1.8518518518518516,9387360.0,0.003856549641461552,0.003397602521900055,-0.00045894711956149734
ADD,ENTEGRIS     INC,29362U104,,52054.0,373.13215778949285,9362432.0,0.000536796732495363,0.0033885802370760016,0.0028517835045806387
ADD,BANCO   BRADESCO       S  A,059460303,,2696897.0,151.52576675386933,9358233.0,0.0016286859339306515,0.0033870604772085356,0.001758374543277884
ADD,MGIC  INVT    CORP  WIS,552848103,,331836.0,19.164003303767014,9357775.0,0.003042077872311899,0.0033868947115454494,0.00034481683923355023
TRIM,ANDERSONS     INC,034164103,,136739.0,-0.7469078450728761,9352948.0,0.004115422056176899,0.003385147657275323,-0.0007302743989015758
ADD,CYTOKINETICS       INC,23282W605,,109717.0,12.002980838922406,9346791.0,0.0026869417430138106,0.0033829192311014746,0.000695977488087664
TRIM,SHARPLINK    INC,820014405,,1946094.0,-69.50495583211487,9341251.0,0.01712997929445592,0.0033809141180589017,-0.01374906517639702
TRIM,ATAIBECKLEY     INC,04650F101,,1770526.0,-59.42971923624045,9330672.0,0.00642924738435507,0.0033770852207886167,-0.0030521621635664535
ADD,NATIONAL   PRESTO     INDS    INC,637215104,,74636.0,94.96878346960634,9328754.0,0.0021835170530426036,0.0033763910318327225,0.001192873978790119
TRIM,SK   TELECOM  CO    LTD,78440P306,,289624.0,-78.6168239755236,9314308.0,0.016509893950779963,0.0033711625367040207,-0.013138731414075943
NEW,SBA   COMMUNICATIONS       CORP,78410G104,CALL,52700.0,,9299442.0,0.0,0.0033657820293951967,0.0033657820293951967
TRIM,THE  CIGNA   GROUP,125523100,CALL,33700.0,-17.6039119804401,9290416.0,0.004540360229975445,0.003362515215257604,-0.0011778450147178414
ADD,ADLAI   NORTYE     LTD,00704R109,,807832.0,18.48953100363023,9290068.0,0.0019634043159994083,0.0033623892623083594,0.0013989849463089512
ADD,CRITICAL    METALS      CORP,G2662B103,,905862.0,1222.5807393564212,9285086.0,0.00022631979545755882,0.003360586108305093,0.003134266312847534
ADD,ENTERPRISE    FINL     SVCS   CORP,293712105,,140377.0,44.72154065032269,9248037.0,0.0021842528277175345,0.003347176824349446,0.0011629239966319113
ADD,MANHATTAN  ASSOCIATES         INC,562750109,,66372.0,8.792289535798584,9242301.0,0.0033798130137803017,0.003345100772289483,-3.471224149081877e-05
ADD,AGNICO   EAGLE    MINES  LTD,008474108,PUT,59500.0,99.66442953020133,9230235.0,0.002517283256120273,0.0033407336795148105,0.0008234504233945376
ADD,CHENIERE     ENERGY   INC,16411R208,PUT,38600.0,70.04405286343612,9225786.0,0.0026806468743865454,0.0033391234362067953,0.0006584765618202499
ADD,HELIX   ACQUISITION           CORP   III,G4444S107,,865893.0,1.1887051971378522,9213102.0,0.003618165721540435,0.003334532668367085,-0.00028363305317335
TRIM,T1  ENERGY  INC,35834F104,,971263.0,-73.63606998800236,9207573.0,0.006730599966331868,0.0033325315365958963,-0.003398068429735972
NEW,UNIQURE  NV,N90064101,CALL,199800.0,,9202788.0,0.0,0.003330799683543783,0.003330799683543783
KEEP,CAL   REDWOOD  ACQUISITION         CORP,G17564108,,893250.0,0.0003358533529919496,9200475.0,0.003773116205853991,0.00332996253075182,-0.00044315367510217073
TRIM,SOUTHWEST   AIRLS     CO,844741108,CALL,178900.0,-22.352430555555554,9199038.0,0.003602352808461618,0.0033294424319355426,-0.0002729103765260754
ADD,SAFETY   INS   GROUP  INC,78648T100,,122854.0,60.30219600986443,9196850.0,0.0023167983905524395,0.0033286505208638554,0.0010118521303114159
TRIM,FOMENTO       ECONOMICO      MEXICANO    S,344419106,,71902.0,-51.54557890977216,9196266.0,0.0068584786868564375,0.003328439151546732,-0.0035300395353097054
NEW,PROSHARES  TR  II,74347W130,PUT,160000.0,,9161600.0,0.0,0.0033158923557464015,0.0033158923557464015
ADD,ZOETIS   INC,98978V103,CALL,127200.0,11.188811188811188,9140592.0,0.005627853926819885,0.003308288851270162,-0.002319565075549723
NEW,KENSINGTON     CAP  ACQUISITION,G5235S131,,900000.0,,9135000.0,0.0,0.0033062649176719546,0.0033062649176719546
ADD,FIRST   MAJESTIC       SILVER   CORP,32076V103,PUT,537700.0,56.217315514235914,9119392.0,0.0030768598721882417,0.00330061585551158,0.00022375598332333851
TRIM,COMMERCIAL     METALS    CO,201723103,,145290.0,-17.354008578027052,9116948.0,0.004494247799499742,0.0032997312893967698,-0.0011945165101029725
NEW,CELCUITY    INC,15102KAB6,,8000000.0,,9110528.0,0.0,0.003297407674643463,0.003297407674643463
ADD,REPLIMUNE     GROUP  INC,76029N106,,821958.0,173.22733875605402,9099075.0,0.0009577439113094134,0.003293262447265018,0.0023355185359556045
ADD,DENTSPLY     SIRONA    INC,24906P109,,857482.0,46.823075764009694,9097884.0,0.002819364538015512,0.0032928313841542414,0.00047346684613872947
NEW,PORCH   GROUP   INC,733245AD6,,6253000.0,,9070133.0,0.0,0.003282787360319505,0.003282787360319505
NEW,TIMKEN      CO,887389104,CALL,62400.0,,9067968.0,0.0,0.003282003773724348,0.003282003773724348
ADD,ANGLOGOLD       ASHANTI  PLC,G0378L100,PUT,112100.0,84.98349834983499,9067769.0,0.0024553633226736572,0.003281931748905671,0.0008265684262320138
ADD,CASEYS   GEN    STORES   INC,147528103,,11406.0,161.48555708390646,9065375.0,0.0013212836028308503,0.0032810652794789705,0.00195978167664812
ADD,ENPHASE   ENERGY    INC,29355A107,CALL,184100.0,28.74125874125874,9065084.0,0.002250117978312535,0.003280959956754171,0.001030841978441636
TRIM,COCA-COLA     EUROPACIFIC     PARTNE,G25839104,,90225.0,-74.15408149234577,9028816.0,0.013172284772595865,0.003267833343066801,-0.009904451429529063
TRIM,KEYCORP,493267108,PUT,391600.0,-11.482820976491864,9026380.0,0.003691408178505628,0.0032669516724220886,-0.00042445650608353936
TRIM,USA   RARE   EARTH    INC,91733P107,,417669.0,-10.381074991953652,9013297.0,0.002935469199092601,0.0032622164930112617,0.00032674729391866074
ADD,AGNICO   EAGLE    MINES  LTD,008474108,CALL,58100.0,68.40579710144927,9013053.0,0.0029143044408103834,0.0032621281811732856,0.0003478237403629022
NEW,NATIONAL     HEALTHCARE      PPTYS     IN,42226B501,,614913.0,,9008475.0,0.0,0.0032604712484099463,0.0032604712484099463
TRIM,APTIV   PLC,G3265R107,,146677.0,-81.78495675887797,9003034.0,0.023270413478469004,0.0032585019668098314,-0.020011911511659174
TRIM,SIGNET   JEWELERS         LIMITED,G81276100,,104431.0,-45.072452333990796,9001952.0,0.006696956169926078,0.003258110354479134,-0.003438845815446944
TRIM,JBS   N.V.,N4732M103,,759282.0,-53.59093531793378,8997492.0,0.012228387408223275,0.0032564961298997344,-0.00897189127832354
ADD,EMERGENT     BIOSOLUTIONS            INC,29089Q105,,1072185.0,101.53815500346803,8984910.0,0.0018376089031799886,0.0032519422793037688,0.0014143333761237802
ADD,AAR   CORP,000361105,,62818.0,268.6935086277732,8978577.0,0.0007761336637318603,0.0032496501527877726,0.0024735164890559123
TRIM,WW   INTL   INC,98262P200,,561544.0,-13.393431371792994,8973473.0,0.0037075094919519383,0.0032478028428655184,-0.00045970664908641986
NEW,TGE    VALUE   CREATIVE    SOLUTIONS,G8773E100,,900000.0,,8973000.0,0.0,0.003247631648195999,0.003247631648195999
TRIM,ORACLE   CORP,68389X204,,200000.0,-70.37037037037037,8970693.0,0.012849407035918022,0.0032467966670066094,-0.009602610368911413
ADD,PIPER   SANDLER    COMPANIES,724078209,,123963.0,39.525696148391596,8967483.0,0.0028303857601400563,0.003245634859629957,0.0004152490994899006
ADD,ALARM   COM  HLDGS    INC,011642105,,191877.0,94.39046876108077,8964493.0,0.0017741637354666184,0.003244552677680987,0.0014703889422143684
TRIM,DIANTHUS   THERAPEUTICS        INC,252828108,,91838.0,-64.94224353150457,8952368.0,0.009148846619487576,0.003240164230814345,-0.005908682388673231
ADD,PENNYMAC  MTG   INVT     TR,70931T103,,793352.0,220.5320167588511,8949011.0,0.0012010347990993712,0.003238949219174649,0.0020379144200752776
NEW,ALDABRA   4   LQDTY    OPP  VEH    INC,G01900102,,900000.0,,8946000.0,0.0,0.003237859436616673,0.003237859436616673
KEEP,UPSTART   HLDGS    INC,91680MAB3,,9000000.0,0.0,8932500.0,0.003679913780020565,0.00323297333082701,-0.000446940449193555
TRIM,CROCS   INC,227046109,,73946.0,-62.07255586842901,8920845.0,0.006736067088449836,0.0032287549928286014,-0.0035073120956212347
TRIM,DARDEN     RESTAURANTS       INC,237194105,,43284.0,-72.08168320024768,8916937.0,0.012648686622575298,0.0032273405556859343,-0.009421346066889363
ADD,ONTERRIS    INC,615111101,,441155.0,41.7748083016782,8915743.0,0.0028346568322491147,0.0032269084067738703,0.0003922515745247556
NEW,SLIDE  INS   HLDGS  INC,831349105,,460174.0,,8913570.0,0.0,0.003226121924708616,0.003226121924708616
ADD,NCR   VOYIX     CORPORATION,62886E108,,1090323.0,43.72528393811889,8907939.0,0.001998426857596401,0.0032240838756936833,0.0012256570180972821
TRIM,NUTEX   HEALTH    INC,67079U306,,52107.0,-41.82603744515524,8904565.0,0.003542716772874742,0.0032228627111800297,-0.00031985406169471233
ADD,GRIFFON    CORP,398433102,,91246.0,3.5368607382359953,8899222.0,0.0026656084390622795,0.0032209288990886096,0.0005553204600263302
NEW,CARLYLE   GROUP  INC,14316J108,PUT,211300.0,,8897843.0,0.0,0.0032204297924305395,0.0032204297924305395
ADD,RIVIAN  AUTOMOTIVE       INC,76954AAB9,,7500000.0,25.0,8894150.0,0.002676581802539982,0.0032190931710467455,0.0005425113685067636
TRIM,BANCFIRST     CORP,05945F103,,79821.0,-1.6340714998706052,8870508.0,0.0036640788103479856,0.0032105363330408774,-0.00045354247730710825
ADD,CHENIERE     ENERGY   INC,16411R208,CALL,37100.0,89.28571428571429,8867271.0,0.002314567345285299,0.003209364753452645,0.000894797408167346
NEW,SEABRIDGE      GOLD  INC,811927102,,344237.0,,8860660.0,0.0,0.003206972009350759,0.003206972009350759
ADD,ASTRANA  HEALTH   INC,03763A207,,190503.0,1122.1131639722862,8841244.0,0.00015906466329340124,0.003199944703423937,0.0030408800401305358
TRIM,HINGHAM   INSTN   SVGS      MASS,433323102,,28746.0,-15.420601994880395,8829334.0,0.004042950331506939,0.0031956340723161675,-0.0008473162591907716
NEW,STAG   INDUSTRIAL       INC,85254J102,,231717.0,,8819149.0,0.0,0.0031919477769481886,0.0031919477769481886
TRIM,BAIN   CAP   GSS     INVT      CORP,G0R78B106,,857600.0,-10.439032541041815,8807552.0,0.0040295544881747275,0.003187750431107987,-0.0008418040570667405
ADD,ISHARES  TR,464287440,,93056.0,0.9733178528412852,8800306.0,0.003660418664269922,0.003185127859067106,-0.00047529080520281606
NEW,QUANTINUUM     INC,74768A104,,107656.0,,8799801.0,0.0,0.003184945082517196,0.003184945082517196
ADD,VERISK   ANALYTICS     INC,92345Y106,CALL,49000.0,21.287128712871286,8796970.0,0.003190257398502647,0.003183920448036416,-6.336950466230909e-06
ADD,GLOBANT      S     A,L44385109,,303784.0,89.17922530825757,8791509.0,0.0030814076921246926,0.0031819439277610564,0.00010053623563636375
TRIM,ORCHID   IS  CAP   INC,68571X301,,1259851.0,-49.18843117666489,8781161.0,0.007253948835226713,0.0031781986371898392,-0.004075750198036874
ADD,FISERV    INC,337738108,PUT,179000.0,58.267020335985855,8779950.0,0.002626390983029029,0.0031777603354038184,0.0005513693523747894
NEW,DIGITALOCEAN         HLDGS    INC,25402D102,PUT,55900.0,,8777977.0,0.0,0.0031770462400910033,0.0031770462400910033
ADD,INTERNATIONAL  MONEY  EXPRESS,46005L101,,605976.0,38.32668304129877,8756353.0,0.0028805083290589905,0.0031692197844172495,0.000288711455358259
ADD,DEVON   ENERGY   CORP    NEW,25179M103,PUT,211600.0,1.7307692307692308,8743312.0,0.004355786075590846,0.003164499806224435,-0.0011912862693664104
ADD,FLAGSTAR   BANK    NATIONAL    ASSOC,649445400,CALL,2737400.0,0.9551908537709755,8742141.0,0.0026328822801894203,0.003164075981788902,0.0005311937015994818
TRIM,FERROVIAL         NV,N3168P101,,127416.0,-4.4069322529822195,8742012.0,0.003608339717100507,0.0031640292923335784,-0.0004443104247669285
ADD,CHORD    ENERGY  CORPORATION,674215207,,76400.0,245.29512790382358,8732520.0,0.001309194092476358,0.0031605938170628026,0.0018513997245864445
TRIM,CRA  INTL   INC,12618T105,,61340.0,-27.110688610302418,8728682.0,0.005669381498928102,0.003159204715283489,-0.002510176783644613
TRIM,BITDEER     TECHNOLOGIES       GROUP,G11448100,PUT,550000.0,-38.88888888888889,8728500.0,0.0032398223101453324,0.003159138843338769,-8.068346680656325e-05
ADD,STONECO     LTD,G85158106,,803653.0,102.09652515478125,8711599.0,0.0023367217371517844,0.003153021800823873,0.0008163000636720887
NEW,HALEON   PLC,405552100,,932186.0,,8697295.0,0.0,0.0031478447002894036,0.0031478447002894036
ADD,MAPLEBEAR  INC,565394103,PUT,183600.0,32.65895953757225,8693460.0,0.002157577666454118,0.0031464566843113773,0.0009888790178572593
ADD,SPRUCE  BIOSCIENCES       INC,85209E208,,160981.0,43.87691262691263,8692974.0,0.0030429280915771047,0.0031462807845029496,0.00010335269292584487
TRIM,GH   RESEARCH   PLC,G3855L106,,323399.0,-65.51874510874318,8692965.0,0.00548786613631994,0.0031462775270990895,-0.0023415886092208503
KEEP,HIGHVIEW    MERGER        CORP,G4569C101,,852000.0,0.00023474233507590392,8656320.0,0.003563421671985128,0.0031330144643833715,-0.00043040720760175637
TRIM,LIGHTPATH   TECHNOLOGIES        INC,532257805,,529309.0,-19.11648525616243,8654202.0,0.0027315726362481365,0.0031322478886750375,0.00040067525242690107
ADD,SONY   GROUP     CORP,835699307,,429825.0,38.459382670712614,8622290.0,0.0026742512945198385,0.003120697858455798,0.00044644656393595964
NEW,NUVATION    BIO   INC,67080NAA9,,8250000.0,,8619484.0,0.0,0.0031196822723190735,0.0031196822723190735
NEW,LKQ  CORP,501889208,,327353.0,,8619204.0,0.0,0.003119580930865658,0.003119580930865658
ADD,ROCKWELL     AUTOMATION  INC,773903109,CALL,17400.0,241.17647058823528,8614392.0,0.0007616965827092203,0.003117839305601964,0.002356142722892744
ADD,HERTZ   CORP,428040DE6,,18948798.0,8.971292897875978,8606696.0,0.007127851704851113,0.0031150538633680945,-0.004012797841483019
TRIM,VITAL   FARMS    INC,92847W103,,739490.0,-57.74832976517581,8600269.0,0.01028455935959307,0.003112727715078453,-0.007171831644514616
ADD,1ST  SOURCE      CORP,336901103,,105381.0,146.06206365143484,8596982.0,0.0012335283233323626,0.00311153803880211,0.0018780097154697474
ADD,EQV   VENTURES     AC   CORP.  II,G3106Q102,,844215.0,3.401204733687225,8594109.0,0.003428318792760262,0.0031104982031033178,-0.0003178205896569443
NEW,VENTAS  INC,92276F100,,96750.0,,8591400.0,0.0,0.003109517724541525,0.003109517724541525
TRIM,LUMEN     TECHNOLOGIES      INC,550241103,,1118576.0,-75.53000679250484,8590664.0,0.013221448087767226,0.003109251341292548,-0.010112196746474678
ADD,STRATTEC   SEC   CORP,863111100,,105320.0,811.8614718614718,8578314.0,0.00037655474648964297,0.003104781459329412,0.0027282267128397692
ADD,LENZ   THERAPEUTICS    INC,52635N103,,1508478.0,73.53648000533789,8568155.0,0.0033100296965764353,0.00310110457423925,-0.00020892512233718552
ADD,ALIGN   TECHNOLOGY        INC,016255101,CALL,50800.0,605.5555555555555,8567928.0,0.0005136672727197358,0.003101022415275231,0.002587355142555495
ADD,STERLING     INFRASTRUCTURE           INC,859241101,PUT,10200.0,218.75,8561472.0,0.0005423691436363836,0.0030986857709064857,0.002556316627270102
KEEP,CANARY  XRP  ETF,13723M100,,772054.0,0.0,8554358.0,0.004594584909171978,0.0030961109741222143,-0.0014984739350497635
TRIM,SAP   SE,803054204,PUT,55500.0,-6.722689075630252,8553105.0,0.0042394417051173985,0.003095657471118181,-0.0011437842339992177
TRIM,MGE   ENERGY   INC,55277P104,,104886.0,-38.17360857314643,8552404.0,0.005456692678415502,0.0030954037555508806,-0.002361288922864621
TRIM,STOKE   THERAPEUTICS        INC,86150R107,,261028.0,-44.713973156324066,8540836.0,0.006397623639008169,0.0030912169057897834,-0.0033064067332183858
ADD,MARATHON    PETE     CORP,56585A102,PUT,33400.0,25.0936329588015,8539378.0,0.002713213226995166,0.0030906892063645,0.00037747597936933384
ADD,FRONTDOOR     INC,35905A109,,109905.0,6.148407846318778,8527529.0,0.0022776853912179493,0.003086400653216224,0.0008087152619982749
TRIM,CYTOKINETICS       INC,23282W605,CALL,100100.0,-17.272727272727273,8527519.0,0.003318938895807725,0.003086397033878602,-0.00023254186192912286
NEW,CH4   NATURAL     SOLUTIONS    CORP,G2104X127,,850000.0,,8517000.0,0.0,0.0030825898526340495,0.0030825898526340495
ADD,KADANT     INC,48282T104,,26969.0,28.945732727707384,8474469.0,0.0025446234444937233,0.0030671964477940374,0.0005225730033003141
TRIM,FAIR  ISAAC    CORP,303250104,,7092.0,-68.58889184161573,8473380.0,0.010030722090687672,0.0030668023019270046,-0.006963919788760667
NEW,TEMPUS   AI   INC,88023B103,,146140.0,,8465890.0,0.0,0.0030640914180481474,0.0030640914180481474
ADD,WINGSTOP     INC,974155103,CALL,48800.0,116.88888888888889,8462408.0,0.0014510845763098905,0.003062831164688176,0.0016117465883782856
TRIM,NORTHWEST   BANCSHARES        INC,667340103,,557456.0,-24.40259777244674,8451033.0,0.0038942868087398657,0.003058714168143183,-0.0008355726405966826
TRIM,BAYTEX   ENERGY  CORP,07317Q105,,2107355.0,-76.81049841986923,8438856.0,0.016892849687244218,0.003054306900720907,-0.01383854278652331
TRIM,EBAY   INC.,278642103,CALL,75500.0,-40.457413249211356,8437125.0,0.00480306716270822,0.003053680393378543,-0.0017493867693296767
TRIM,ICON   PUB  LTD     CO,G4705A100,,48483.0,-4.495223086772382,8421982.0,0.0023378553628387254,0.0030481996304175902,0.0007103442675788648
NEW,XSOLLA    SPAC    1,G9833K102,,850000.0,,8415000.0,0.0,0.0030456726088899286,0.0030456726088899286
TRIM,FERRARI     N     V,N3167Y103,PUT,22600.0,-76.26050420168067,8413754.0,0.011975290491776418,0.003045221639422231,-0.008930068852354187
ADD,LB   PHARMACEUTICALS       INC,50180M108,,259219.0,89.25791802345108,8412953.0,0.0014056217749448031,0.003044931730478711,0.0016393099555339077
ADD,SOUTHERN    MO   BANCORP    INC,843380106,,110323.0,134.50526092039536,8407716.0,0.001251839457776344,0.003043036283366084,0.00179119682558974
TRIM,DUKE   ENERGY     CORP  NEW,26441C204,PUT,66400.0,-6.214689265536723,8404912.0,0.0038580528191345443,0.003042021421096883,-0.0008160313980376615
TRIM,IRIDIUM    COMMUNICATIONS        INC,46269C102,,153205.0,-69.02834662860701,8403294.0,0.005710545345320318,0.0030414358122696477,-0.0026691095330506707
ADD,HELMERICH     &     PAYNE   INC,423452101,,256409.0,87.59254923765766,8394831.0,0.0020494841266962714,0.003038372766840172,0.0009888886401439008
TRIM,EXPEDIA     GROUP  INC,30212P303,CALL,32800.0,-55.313351498637594,8392864.0,0.007052835564817733,0.00303766084312993,-0.004015174721687803
NEW,PROEM   ACQUISITION   CORP       I,G7341A103,,843500.0,,8384390.0,0.0,0.003034593816429071,0.003034593816429071
NEW,REVVITY   INC,714046109,,75229.0,,8369979.0,0.0,0.003029377988982046,0.003029377988982046
TRIM,CATERPILLAR     INC,149123101,,7857.0,-92.0004479830581,8366919.0,0.028958028705681847,0.0030282704716697224,-0.025929758234012123
TRIM,PRECISION  DRILLING       CORP,74022D407,,109048.0,-4.677488439584262,8359705.0,0.004683699374240784,0.0030256594815092313,-0.0016580398927315524
NEW,REVOLUTION     MEDICINES   INC,76155X100,CALL,44600.0,,8352688.0,0.0,0.003023119792299893,0.003023119792299893
TRIM,HUT   8     CORP,44812J104,CALL,72300.0,-40.09942004971003,8346674.0,0.0023563254712226523,0.0030209431226540387,0.0006646176514313864
ADD,CASEYS   GEN    STORES   INC,147528103,CALL,10500.0,3400.0,8345295.0,9.087233397542897e-05,0.003020444015995969,0.00292957168202054
TRIM,XOMA   ROYALTY    CORPORATION,98419J206,,196307.0,-4.203103650204958,8343048.0,0.0026752317725368844,0.003019630750832312,0.0003443989782954274
TRIM,SOUTHWEST   AIRLS     CO,844741108,PUT,162200.0,-28.1346920691183,8340324.0,0.0035288673128028953,0.003018644843264086,-0.0005102224695388092
ADD,LIVE  NATION    ENTERTAINMENT      IN,538034109,PUT,45500.0,108.71559633027523,8331505.0,0.0013836217792346525,0.0030154529494152687,0.0016318311701806162
NEW,BOX   INC,10316TAD6,,8500000.0,,8320182.0,0.0,0.003011354773425909,0.003011354773425909
TRIM,INTERDIGITAL       INC,45867G101,,29359.0,-86.8807113970999,8312414.0,0.028125515475159117,0.003008543271961161,-0.025116972203197956
TRIM,BLEICHROEDER       ACQUISITI     CORP,G1170E104,,805450.0,-40.337037037037035,8312244.0,0.005629425355084896,0.003008481743221587,-0.002620943611863309
ADD,INTELLIA   THERAPEUTICS        INC,45826J105,,491226.0,596.191839453507,8311544.0,0.0003764461281694185,0.0030082283895880493,0.0026317822614186307
ADD,BOSTON     SCIENTIFIC       CORP,101137107,PUT,194500.0,17.310012062726177,8301260.0,0.0043297301636013525,0.0030045062627776127,-0.0013252239008237398
TRIM,TJX   COS   INC  NEW,872540109,CALL,54700.0,-66.64634146341464,8287050.0,0.010899619545350594,0.0029993631840167898,-0.007900256361333804
TRIM,OLLIES   BARGAIN      OUTLET   HLDGS,681116109,,107790.0,-84.73231624317813,8286895.0,0.02704235444242141,0.0029993070842836487,-0.02404304735813776
TRIM,DUOLINGO   INC,26603R106,,72013.0,-78.26901721265963,8282935.0,0.013593737172255713,0.0029978738265853478,-0.010595863345670364
TRIM,RUSH   ENTERPRISES       INC,781846209,,113431.0,-24.70510922740941,8278762.0,0.004144727362205906,0.0029963634769956987,-0.0011483638852102071
KEEP,SAFEGUARD       ACQUISITION     CORP,G77676107,,822000.0,0.0,8269320.0,0.0034071694324774634,0.0029929460984130323,-0.0004142233340644311
TRIM,BCE    INC,05534B760,,383687.0,-14.700586022605,8252884.0,0.004724506985835635,0.002986997355097558,-0.0017375096307380771
ADD,KRAKACQUISITION       CORPORATION,G5315G106,,825000.0,175.0,8250000.0,0.00123100762921129,0.002985953538127381,0.0017549459089160912
TRIM,SUNCOKE   ENERGY     INC,86722A103,,1024201.0,-37.88388142273792,8244818.0,0.00446708739317356,0.002984077997371675,-0.0014830093958018852
TRIM,PATTERSON-UTI    ENERGY      INC,703481101,,895701.0,-83.08820030859233,8222535.0,0.023870651217056272,0.0029760130273486333,-0.02089463818970764
ADD,SIBANYE   STILLWATER      LTD,82575P107,,967328.0,215.06694938164244,8212615.0,0.0015741428906920815,0.002972422644427637,0.0013982797537355554
ADD,ASSEMBLY     BIOSCIENCES       INC,045396207,,298807.0,27.88658249518511,8211216.0,0.0026983071312334725,0.0029719162990943225,0.00027360916786084996
TRIM,UBS   GROUP     AG,H42097107,,165363.0,-67.22525686560537,8195390.0,0.008203610461489841,0.002966188335373789,-0.005237422126116052
ADD,INHIBIKASE     THERAPEUTICS        INC,45719W205,,4028102.0,37.56817187526148,8177047.0,0.0020471719298105723,0.0029595493843738046,0.0009123774545632323
TRIM,HAPPEN   INC,52603A208,,394048.0,-24.652756531848496,8172556.0,0.0031166449733892555,0.0029579239398477768,-0.00015872103354147874
KEEP,PYROPHYTE    ACQUISITION          CORP.,G7309T102,,801000.0,0.0,8170200.0,0.003383460674993972,0.0029570712239040398,-0.00042638945108993244
TRIM,RENAISSANCERE       HLDGS   LTD,G7496G103,,25773.0,-35.606136318209074,8167464.0,0.004950803892375139,0.0029560809731306683,-0.001994722919244471
ADD,IRON  MTN  INC   DEL,46284V101,PUT,64600.0,572.9166666666667,8159626.0,0.00040806529573270963,0.002953244136302566,0.0025451788405698563
ADD,VERISIGN   INC,92343E102,CALL,32400.0,106.36942675159236,8150544.0,0.0016227210818855245,0.002949957053874291,0.0013272359719887663
ADD,MOSAIC  CO,61945C103,PUT,384400.0,24.20032310177706,8145436.0,0.0032844557003525367,0.002948108296216987,-0.00033634740413554954
ADD,NUTANIX     INC,67059NAK4,,8250000.0,120.0,8140767.0,0.0014115479239103098,0.0029464184274812883,0.0015348705035709786
TRIM,UTZ    BRANDS  INC,918090101,,1056928.0,-14.70147922714437,8138346.0,0.004084055915198652,0.0029455421858430083,-0.0011385137293556434
ADD,IDACORP     INC,451107106,,53700.0,114.22587465592213,8124810.0,0.0014914539691645262,0.002940643050437906,0.00144918908127338
ADD,VERTICAL       AEROSPACE  LTD,G9471C206,,4668120.0,97.38985269716912,8122529.0,0.0021750639675238276,0.0029398174795263344,0.0007647535120025068
TRIM,GENUINE     PARTS   CO,372460105,,68831.0,-84.85226607511477,8120681.0,0.01999766816475554,0.002939148625933794,-0.017058519538821745
ADD,MODERNA     INC,60770K107,CALL,115800.0,143.78947368421052,8109474.0,0.001004199259393794,0.0029350924342608493,0.0019308931748670552
NEW,FUTURECORP     SPACE   ACQUISITION,G37307124,,800000.0,,8104000.0,0.0,0.0029331112088465815,0.0029331112088465815
ADD,JEFFERSON      CAPITAL      INC,47248R103,,415568.0,2.7745833426075,8091109.0,0.0032359232869952036,0.0029284455207180967,-0.0003074777662771069
TRIM,WASTE   MGMT     INC   DEL,94106L109,PUT,36300.0,-14.788732394366196,8090544.0,0.0040738337243953,0.002928241028142455,-0.0011455926962528444
ADD,CHECK   POINT  SOFTWARE       TECH  LT,M22465104,CALL,61400.0,21.104536489151872,8069802.0,0.0030140522648832396,0.0029207337980469597,-9.331846683627992e-05
TRIM,NORWEGIAN     CRUISE     LINE  HLDGS,G66721104,,382228.0,-59.60534075080795,8068833.0,0.007363812728755576,0.0029203830842313904,-0.004443429644524185
TRIM,DYNATRACE     INC,268150109,CALL,183700.0,-64.96280755292771,8066267.0,0.008068807219010422,0.0029194543621975924,-0.005149352856812829
TRIM,LINCOLN   ELEC   HLDGS     INC,533900106,,30378.0,-48.92479445836206,8065663.0,0.006165247019671117,0.0029192357542052252,-0.0032460112654658915
TRIM,FERRARI     N     V,N3167Y103,CALL,23300.0,-65.06746626686657,8065519.0,0.00820389802953304,0.002919183635743469,-0.0052847143937895715
NEW,AVIS   BUDGET   GROUP    INC,053774105,PUT,54500.0,,8056735.0,0.0,0.002916004409576328,0.002916004409576328
ADD,DT   MIDSTREAM    INC,23345M107,,54887.0,254.91108955706432,8054118.0,0.0008667292498798972,0.0029150572289206576,0.0020483279790407603
TRIM,JFROG   LTD,M6191J100,,88608.0,-83.34025859751179,8052695.0,0.010387661866728492,0.002914542197177051,-0.007473119669551441
NEW,SILVERBOX       CORP   V,G8148S107,,800000.0,,8048000.0,0.0,0.002912842918163535,0.002912842918163535
ADD,POWER   SOLUTIONS   INTL   INC,73933G202,,206942.0,111.42419288925214,8047974.0,0.002479882764018441,0.002912833507885718,0.0004329507438672769
TRIM,CF     INDUSTRIES      HOLD,125269100,PUT,74300.0,-49.52445652173913,8043718.0,0.007953877383672772,0.0029112931177938065,-0.005042584265878966
NEW,COLLECTIVE    ACQUISITION      CORP,G22741121,,800000.0,,8040000.0,0.0,0.002909947448065957,0.002909947448065957
TRIM,TRAVELERS   COMPANIES    INC,89417E109,,24353.0,-78.26265475351013,8039412.0,0.013599257146966281,0.002909734631013785,-0.010689522515952496
ADD,MELCO   RESORTS       AND   ENTMNT    LTD,585464100,,1523986.0,299.9595837652709,8031406.0,0.0009006909941655787,0.0029068369893136335,0.0020061459951480546
ADD,PROFRAC   HLDG   CORP,74319N100,,1380865.0,73.4415114625777,8022826.0,0.0020542458539759994,0.0029037315976339815,0.0008494857436579821
ADD,OKEANIS   ECO   TANKERS    COR,Y64177101,,159952.0,75.30907496711968,8016794.0,0.0019209345527916183,0.0029015484131804073,0.000980613860388789
ADD,RUBRIK   INC.,781154109,CALL,99800.0,53.77503852080123,8011944.0,0.001322626974239604,0.0028997930344337505,0.0015771660601941464
KEEP,GENERAL   PURP  ACQUISITION       COR,G3810N106,,800000.0,0.0,8000000.0,0.003299333497088272,0.0028954700975780665,-0.00040386339951020526
NEW,PATRIOT    ACQUISITION     CORP,G6951A122,,800000.0,,7992000.0,0.0,0.0028925746274804883,0.0028925746274804883
NEW,ITHAX   ACQUISITION      CORP   III,G4977S102,,800000.0,,7984000.0,0.0,0.0028896791573829106,0.0028896791573829106
TRIM,PALVELLA     THERAPEUTICS          INC  NE,697947109,,52212.0,-44.24534950772057,7979038.0,0.004857849915343148,0.002887883242054888,-0.00196996667328826
NEW,LAFAYETTE    DIGITAL       ACQUISITIO,G5345D107,,800000.0,,7976000.0,0.0,0.0028867836872853323,0.0028867836872853323
TRIM,BORR   DRILLING   LTD,G1466R173,,1925454.0,-1.2506160765068295,7952125.0,0.0046820617761944875,0.0028781425187128728,-0.0018039192574816148
TRIM,ALLIANCE  LAUNDRY    HLDGS  INC,01862Q107,,299843.0,-48.1925275241722,7951836.0,0.004995429375501561,0.002878037919855598,-0.0021173914556459634
NEW,FG   IMPERII   ACQUISITION      CORP,G3R41C102,,800000.0,,7944000.0,0.0,0.00287520180689502,0.00287520180689502
TRIM,VAXCYTE   INC,92243G108,,136625.0,-53.480651696487854,7942011.0,0.007102479547268245,0.0028744819206420096,-0.004227997626626235
TRIM,OSCAR   HEALTH  INC,687793109,CALL,278400.0,-38.18827708703375,7939968.0,0.0021499302708508773,0.0028737424899658408,0.0007238122191149635
TRIM,VERASTEM    INC,92337C203,,2078003.0,-13.846054980068118,7937971.0,0.0053199730092516615,0.002873019708242733,-0.0024469533010089287
ADD,JOHNSON      CONTROLS    INTERNATION,G51502105,CALL,54300.0,10.590631364562118,7933773.0,0.002675774864138007,0.002871500310309029,0.0001957254461710219
ADD,UPSTREAM   BIO    INC,91678A107,,1143775.0,22.025705119793283,7914923.0,0.003510705164407345,0.0028646778588916105,-0.0006460273055157346
TRIM,SEZZLE  INC,78435P105,,46105.0,-23.393260667286984,7913001.0,0.0015851803431403374,0.0028639822222006673,0.00127880187906033
ADD,VOR   BIOPHARMA   INC,929033207,,428067.0,65.54080444879287,7880713.0,0.0019198358847249794,0.002852296104886842,0.0009324602201618627
TRIM,ORTHOFIX  MED   INC,68752M108,,862030.0,-19.20236198331615,7878954.0,0.005092718929775313,0.002851659463399137,-0.0022410594663761756
ADD,TKO  GROUP     HOLDINGS  INC,87256C101,,39133.0,99.93358197516987,7877864.0,0.001642548295029038,0.0028512649555983423,0.0012087166605693042
ADD,HOWMET     AEROSPACE      INC,443201108,CALL,29300.0,280.5194805194805,7877598.0,0.0007384972076929889,0.002851168681217598,0.002112671473524609
KEEP,CANTOR   EQUITY     PARTNERS    IV   IN,G1828E100,,757376.0,0.16796586721967555,7876710.0,0.0032064128130279957,0.0028508472840367664,-0.00035556552899122925
KEEP,TELUS  CORPORATION,87971M103,CALL,525000.0,0.0,7875000.0,0.003906514068764835,0.0028502283773034092,-0.0010562856914614256
KEEP,SYNCHRONY      FINANCIAL,87165B103,PUT,103500.0,0.0,7871175.0,0.002929810642387264,0.002848843980663005,-8.096666172425918e-05
ADD,BACKBLAZE      INC,05637B105,,495435.0,301.64652090376245,7857599.0,0.0001771023792071622,0.0028439303679074148,0.0026668279887002524
KEEP,TRANSALTA   CORP,89346D107,PUT,400000.0,0.0,7848000.0,0.0030446422634583495,0.002840456165724083,-0.0002041860977342663
ADD,COMMUNITY   HEALTHCARE      TR   INC,20369C106,,428486.0,49.41018533047405,7832724.0,0.0018964567276614798,0.0028349272655727583,0.0009384705379112785
ADD,NETAPP   INC,64110D104,CALL,50600.0,1923.9999999999998,7830856.0,0.00010652710543859364,0.0028342511733049735,0.00272772406786638
TRIM,PPL   CORP,69351T866,,160164.0,-5.785882352941177,7814781.0,0.0036107717686843844,0.0028284330880776524,-0.000782338680606732
TRIM,STARBUCKS     CORP,855244109,,76375.0,-85.09956708267569,7804761.0,0.01911060564856204,0.002824806511780436,-0.016285799136781604
TRIM,KURA  ONCOLOGY      INC,50127T109,,711332.0,-54.5516288288035,7803312.0,0.0052955022588780125,0.0028242820697590124,-0.002471220189119
TRIM,DIGITALOCEAN         HLDGS    INC,25402D102,CALL,49600.0,-17.60797342192691,7788688.0,0.002149043013154637,0.0028189891504206395,0.0006699461372660026
ADD,BICARA       THERAPEUTICS      INC,055477103,,262254.0,67.35842554657886,7786321.0,0.0012970954265546439,0.002818132453205519,0.001521037026650875
ADD,FRONTVIEW     REIT  INC,35922N100,,384669.0,7.510704423749846,7781854.0,0.002303500761486791,0.0028165156950897834,0.0005130149336029922
TRIM,MOOG   INC,615394202,,18347.0,-91.40184550784271,7776192.0,0.025986995954201862,0.002814466426128223,-0.023172529528073638
ADD,DISC  MEDICINE  INC,254604101,,106248.0,27.61142939502036,7770979.0,0.0022154724796202294,0.0028125796654258884,0.000597107185805659
KEEP,SIDDHI   ACQUISITION           CORP,G8118C124,,744900.0,0.0,7761858.0,0.003205391551120597,0.0028092784675808873,-0.00039611308353970946
TRIM,HCA   HEALTHCARE    INC,40412C101,CALL,19900.0,-3.864734299516908,7758811.0,0.004076752685690529,0.0028081756554074718,-0.0012685770302830572
TRIM,LIONSGATE    STUDIOS       CORP,53626N102,,506198.0,-20.668319547140005,7749891.0,0.002546566089393371,0.0028049472062486726,0.0002583811168553017
ADD,JANUX   THERAPEUTICS      INC,47103J105,,504544.0,30.437165533466043,7749796.0,0.002237561950191868,0.0028049128225412635,0.0005673508723493957
TRIM,MOODYS   CORP,615369105,PUT,17100.0,-15.346534653465346,7744932.0,0.0036673248750903283,0.0028031523767219364,-0.000864172498368392
KEEP,GIGCAPITAL8    CORP,G3864J100,,768970.0,0.0,7742682.0,0.0031905616130317046,0.0028023380257569926,-0.000388223587274712
TRIM,QIAGEN     NV,N72482156,CALL,228300.0,-53.54090354090354,7739370.0,0.007668439258338528,0.002801139301136595,-0.004867299957201933
TRIM,HYATT    HOTELS     CORP,448579102,,39872.0,-70.965017039993,7728788.0,0.00821746200237242,0.0027973093180650235,-0.0054201526843073965
ADD,VODAFONE     GROUP     PLC,92857W308,,583704.0,0.9253879990040668,7719485.0,0.003615136893438542,0.002793942248275303,-0.0008211946451632392
ADD,ALAMO   GROUP  INC,011311107,,46925.0,617.1786642213052,7718693.0,0.00044920500472043183,0.002793655596735642,0.0023444505920152104
TRIM,NATURAL    GAS  SVCS   GROUP  INC,63886Q109,,178871.0,-15.842045336921643,7716495.0,0.0033381759910275674,0.0027928600663263328,-0.0005453159247012346
ADD,WEST   PHARMACEUTICAL        SVSC   INC,955306105,,21290.0,54.55535390199637,7643110.0,0.0014368272773345187,0.002766299557187487,0.0013294722798529682
NEW,MOUNTAIN   LAKE    ACQUISIT       CORP,G6301L109,,765000.0,,7596450.0,0.0,0.002749411727843363,0.002749411727843363
ADD,ISHARES  TR,464287598,,31331.0,159.3196490647244,7595574.0,0.001074347966962247,0.0027490946738676783,0.0016747467069054313
NEW,HONDA   MOTOR    CO   LTD,438128308,PUT,280000.0,,7590800.0,0.0,0.0027473668020869487,0.0027473668020869487
KEEP,BROADRIDGE   FINL    SOLUTIONS    IN,11133T103,CALL,55400.0,0.0,7587030.0,0.0037460386157949534,0.002746002311803465,-0.0010000363039914884
KEEP,RANGE   CAP   ACQUISITION    CORP      I,G7375J103,,750000.0,0.0,7582500.0,0.0031212160984059076,0.0027443627518607115,-0.0003768533465451961
ADD,ONEOK   INC   NEW,682680103,PUT,87200.0,24.216524216524217,7581168.0,0.0026407061285427576,0.0027438806560894646,0.00010317452754670699
ADD,COSTAMARE     INC,Y1771G102,,540573.0,115.49135759160633,7578833.0,0.0017643052703792668,0.002743035540754734,0.0009787302703754672
ADD,PROTO  LABS  INC,743713109,,92960.0,259.9055325409423,7577170.0,0.0006129111244332359,0.0027424336449081996,0.0021295225204749635
TRIM,GENERAL   MTRS     CO,37045V100,PUT,98200.0,-51.76817288801572,7569256.0,0.006312430669845399,0.0027395693011141708,-0.003572861368731228
TRIM,MANULIFE   FINL    CORP,56501R106,,186700.0,-75.23925221745958,7563125.0,0.010793258072446289,0.0027373502852181394,-0.008055907787228148
NEW,FIVE9     INC,338307AF8,,8500000.0,,7557424.0,0.0,0.0027352869008398528,0.0027352869008398528
TRIM,DTE    ENERGY   CO,233331107,,49599.0,-96.54986999147188,7557400.0,0.08747960536943346,0.00273527821442956,-0.08474432715500389
ADD,ORIC   PHARMACEUTICALS          INC,68622P109,,697694.0,1951.3171821709984,7556026.0,0.0001793375860957673,0.002734780917440301,0.0025554433313445335
TRIM,ASPEN   AEROGELS     INC,04523Y105,,1190616.0,-15.239041059319772,7548505.0,0.0019992379576198403,0.002732058813614815,0.0007328208559949749
KEEP,ALUSSA   ENERGY     ACQUISIT     CORP,G0233J100,,750000.0,0.0,7530000.0,0.003114973666209096,0.002725361229345355,-0.00038961243686374105
NEW,TEXAS   VENTURES      ACQUISITION         I,G8773A116,,752581.0,,7525810.0,0.0,0.002723844726881749,0.002723844726881749
TRIM,GENERAC   HLDGS      INC,368736104,PUT,25700.0,-40.91954022988506,7525217.0,0.0035360694149094304,0.002723630100160766,-0.0008124393147486645
ADD,KINDERCARE     LEARNING   COMPANIE,49456W105,,1769374.0,18.069645699109493,7519840.0,0.0013720395705366878,0.002721683982321431,0.0013496444117847433
TRIM,BIOGEN    INC,09062X103,PUT,34800.0,-66.50625601539943,7518888.0,0.007927051155550195,0.002721339421379819,-0.0052057117341703756
TRIM,CARLYLE   GROUP  INC,14316J108,,178458.0,-97.37679615996049,7514866.0,0.1370005082812939,0.0027198837237882617,-0.13428062455750564
ADD,ERMENEGILDO             ZEGNA  N  V,N30577105,,576833.0,2071.5657117042506,7510366.0,0.00011518785586845035,0.002718255021858374,0.0026030671659899238
TRIM,ACCENTURE     PLC     IRELAND,G1151C101,PUT,60300.0,-66.74020959735245,7503732.0,0.014961019593296283,0.0027158539532799574,-0.012245165640016325
ADD,RADWARE   LTD,M81873107,,243140.0,343.7914103710734,7503300.0,0.0006001033182139639,0.002715697597894688,0.002115594279680724
NEW,HAEMONETICS     CORP     MASS,405024100,CALL,100000.0,,7500000.0,0.0,0.0027145032164794377,0.0027145032164794377
TRIM,NORTHERN     DYNASTY    MINERALS      LT,66510M204,,3901608.0,-28.10405799574441,7491087.0,0.0031617669379563978,0.0027112773008569732,-0.00045048963709942453
ADD,AMERICAN  INTL   GROUP         INC,026874784,PUT,100500.0,1156.25,7490265.0,0.00025052961216538087,0.0027109797913044474,0.0024604501791390667
ADD,ETSY   INC,29786A106,CALL,99400.0,41.39402560455192,7487802.0,0.001462224820808321,0.002710088348448155,0.001247863527639834
KEEP,SOLARIS       ENERGY    INFRAS  INC,83419XAB4,,4600000.0,0.0,7485109.0,0.0023957809720036747,0.0027091136608265584,0.00031333268882288365
TRIM,CARDINAL   HEALTH    INC,14149Y108,CALL,31500.0,-20.85427135678392,7483140.0,0.0034999810820553687,0.002708401013248792,-0.0007915800688065768
NEW,D   BORAL   ACQUISITION       I  CORP,G2616T101,,750000.0,,7477500.0,0.0,0.0027063597068299992,0.0027063597068299992
NEW,MOZAYYX    ACQUISITION   CORP,G63113107,,750000.0,,7477500.0,0.0,0.0027063597068299992,0.0027063597068299992
ADD,APPLIED    DIGITAL  CORP,038169207,CALL,200400.0,32.53968253968254,7474920.0,0.00149380903075131,0.0027054259177235304,0.0012116168869722205
ADD,EOG    RES     INC,26875P101,CALL,57600.0,110.98901098901099,7472448.0,0.0016424925293014132,0.0027045312174633785,0.0010620386881619653
KEEP,GUARDANT    HEALTH   INC,40131MAB5,,6000000.0,0.0,7470000.0,0.0025547153765452355,0.00270364520361352,0.00014892982706828442
TRIM,GAMESTOP     CORP,36467W109,PUT,338300.0,-34.59010054137664,7469664.0,0.004959107991845485,0.0027035235938694217,-0.0022555843979760633
ADD,APA  CORPORATION,03743Q108,CALL,229300.0,104.18521816562777,7468301.0,0.0019834337839460983,0.002703030278151547,0.0007195964942054486
KEEP,EVERSPIN   TECHNOLOGIES         INC,30041T104,,308750.0,0.3304812938488885,7465575.0,0.0011257073697804431,0.0027020436467157967,0.0015763362769353536
ADD,BLACK   SPADE    ACQUISITION        III,G1154S103,,750000.0,400.0,7462500.0,0.0006142553281662826,0.00270093070039704,0.0020866753722307576
TRIM,AVANTOR     INC,05352A100,,753575.0,-69.05591964784337,7460392.0,0.007945615316579219,0.0027001677440263282,-0.005245447572552891
ADD,LENNAR   CORP,526057104,CALL,82300.0,84.9438202247191,7447327.0,0.0016082086755143763,0.0026954390794232215,0.0010872304039088452
TRIM,CORE  SCIENTIFIC    INC   NEW,21874A106,CALL,291000.0,-61.90102120974077,7446690.0,0.004755255126026398,0.0026952085276167018,-0.0020600465984096966
ADD,TERADATA  CORP     DEL,88076W103,,214712.0,2217.202676451543,7439771.0,9.88335158370963e-05,0.0026927043079160587,0.0025938707920789626
ADD,KRATOS  DEFENSE   &  SEC    SOLUTIO,50077B207,PUT,149200.0,47.576656775469836,7439112.0,0.0029666372468891357,0.0026924657935667707,-0.000274171453322365
ADD,PARKER-HANNIFIN       CORP,701094104,CALL,7600.0,43.39622641509434,7433712.0,0.0019745944999554127,0.0026905113512509056,0.0007159168512954929
NEW,SUPER  MICRO     COMPUTER     INC,86800UAF1,,8334000.0,,7430319.0,0.0,0.00268928330999577,0.00268928330999577
TRIM,KINDER   MORGAN  INC   DEL,49456B101,,232238.0,-71.00670906335283,7424649.0,0.011177170981847387,0.0026872311455641115,-0.008489939836283275
TRIM,EOS   ENERGY   ENTERPRISES     INC,29415C101,,1261955.0,-57.75987473448356,7420295.0,0.006166843417664915,0.002685655285963505,-0.00348118813170141
ADD,SANFILIPPO       JOHN  B    &  SON      INC,800422107,,86110.0,386.6346425543939,7404599.0,0.0005841851161120937,0.002679974373632057,0.0020957892575199635
NEW,RRE   VENTURES    ACQUISITION     COR,G770AL103,,750000.0,,7402500.0,0.0,0.002679214674665205,0.002679214674665205
ADD,EXELON  CORP,30161N101,CALL,158600.0,6.3002680965147455,7393932.0,0.003043720048141807,0.0026761136261906986,-0.0003676064219511085
NEW,ARK  ETF   TR,00214Q302,CALL,175000.0,,7360500.0,0.0,0.00266401345665292,0.00266401345665292
ADD,CTS   CORP,126501105,,112859.0,115.93609490098535,7357278.0,0.001038813962087262,0.00266284730607112,0.001624033343983858
ADD,AUTOZONE    INC,053332102,PUT,2300.0,4.545454545454546,7350662.0,0.0030925491851095627,0.002660452752300423,-0.0004320964328091395
TRIM,TOWER   SEMICONDUCTOR         LTD,M87915274,PUT,28200.0,-65.01240694789082,7350048.0,0.005886067556857394,0.0026602305249704343,-0.00322583703188696
TRIM,EASTMAN   CHEM     CO,277432100,,109731.0,-73.27024261911723,7349782.0,0.01303872876806937,0.00266013425058969,-0.01037859451747968
TRIM,ICF   INTL  INC,44925C103,,100824.0,-15.52453645907518,7346037.0,0.003242967247486086,0.002658778808650261,-0.0005841884388358251
TRIM,SIRIUSPOINT      LTD,G8192H106,,305616.0,-32.41664197290615,7334784.0,0.0040536344622928554,0.002654705968024255,-0.0013989284942686002
TRIM,L3HARRIS     TECHNOLOGIES        INC,502431109,CALL,25200.0,-22.46153846153846,7322868.0,0.004668246857580796,0.0026503931653139128,-0.0020178536922668836
TRIM,CATHAY   GEN   BANCORP,149150104,,118100.0,-45.82717906846601,7321019.0,0.00452359056012193,0.0026497239497876098,-0.00187386661033432
NEW,NETAPP   INC,64110D104,PUT,47300.0,,7320148.0,0.0,0.002649408705480736,0.002649408705480736
TRIM,CME  GROUP   INC,12572Q105,PUT,33100.0,-81.84311574328031,7309473.0,0.022407129218837453,0.0026455450625692805,-0.01976158415626817
TRIM,NUSCALE   PWR    CORP,67079K100,,726990.0,-47.382744052974076,7291710.0,0.0062329278857110966,0.0026391160331513705,-0.003593811852559726
TRIM,CHUBB   LIMITED,H1467J104,,21381.0,-83.09414806556444,7285362.0,0.01715449207720636,0.002636818477628942,-0.014517673599577417
ADD,KIMBERLY-CLARK   CORP,494368103,PUT,66300.0,10.869565217391305,7277751.0,0.0024008003036520577,0.002634063799764859,0.00023326349611280106
ADD,CRESCENT     BIOPHARMA    INC.,G2545C104,,403859.0,24.820044938541756,7269462.0,0.002473530048852819,0.0026310637308100057,0.00015753368195718653
ADD,ALLEGIANT      TRAVEL     CO,01748X102,,61784.0,1518.2294394971188,7265798.0,0.00012876514589651604,0.002629737605505315,0.002500972459608799
ADD,WEALTHFRONT    CORP,947002101,,811474.0,422.71886937084923,7254578.0,0.0005976001029030423,0.002625676708693462,0.0020280766057904197
ADD,SAGIMET     BIOSCIENCES    INC,786700104,,937025.0,8.665399517339033,7243203.0,0.0018750322841998754,0.002621559712148468,0.0007465274279485927
KEEP,THAYER   VENTURES     ACQ  CORP       II,G87890102,,700000.0,0.0,7224000.0,0.002974310860707603,0.0026146094981129944,-0.00035970136259460845
TRIM,BANK   OF   N   T  BUTTERFIELD        &  SO,G0772R208,,121404.0,-41.00415970143451,7223538.0,0.004494361411765724,0.002614442284714859,-0.0018799191270508645
NEW,AEVEX   CORP,00835T107,,345111.0,,7209369.0,0.0,0.002609314045238286,0.002609314045238286
NEW,OUTFRONT     MEDIA     INC,69007J304,CALL,220000.0,,7207200.0,0.0,0.0026085290109080805,0.0026085290109080805
ADD,PAYCHEX   INC,704326107,CALL,73200.0,7.647058823529412,7197756.0,0.002606906271332047,0.002605110908457889,-1.7953628741579873e-06
ADD,NEXTPOWER   INC,65290E101,PUT,60400.0,208.16326530612247,7196056.0,0.0009832995963988682,0.002604495621062154,0.0016211960246632858
ADD,PREFERRED  BK    LOS     ANGELES    CA,740367404,,67689.0,2.618174100239532,7192633.0,0.0024895210793303185,0.0026032567217941526,0.0001137356424638341
NEW,ABONY   ACQUISITION       CORP  I,G00582109,,726000.0,,7187400.0,0.0,0.0026013627224165743,0.0026013627224165743
TRIM,MARATHON    PETE     CORP,56585A102,CALL,28100.0,-60.25459688826026,7184327.0,0.007184426035526526,0.0026002504999653423,-0.004584175535561183
TRIM,MOSAIC  CO,61945C103,CALL,338500.0,-9.661062183079796,7172815.0,0.003976366885047158,0.0025960839184949276,-0.0013802829665522307
NEW,COOPER   COS  INC,216648501,CALL,100000.0,,7171000.0,0.0,0.002595427008716539,0.002595427008716539
ADD,HANMI   FINL  CORP,410495204,,220879.0,16.22947110299573,7156480.0,0.0020847122523936124,0.0025901717304894355,0.0005054594780958231
ADD,EYEPOINT       INC,30233G209,,500093.0,5.240640585870915,7151330.0,0.0025490759632986358,0.002588307771614119,3.923180831548337e-05
TRIM,DELCATH     SYS  INC,24661P807,,566371.0,-3.6874101912236097,7130611.0,0.0022710592575221067,0.0025808088659951545,0.0003097496084730478
TRIM,KENVUE   INC,49177J102,CALL,372600.0,-37.87929309769923,7120386.0,0.004303346315840455,0.0025771080932766874,-0.0017262382225637675
ADD,COMPASS     DIVERSIFIED,20451Q104,,665156.0,381.6550565540413,7090563.0,0.0004517232018686257,0.0025663141426866785,0.0021145909408180528
ADD,AMALGAMATED     FINANCIAL       CORP,022671101,,154367.0,69.91601448557496,7085445.0,0.001469593803935584,0.0025644617656917527,0.0010948679617561686
TRIM,LUMEXA      IMAGING   HOLDINGS       INC,550249106,,627989.0,-12.129552412561777,7083716.0,0.002557821610806369,0.0025638359822169137,6.014371410544613e-06
ADD,ALCON   AG,H01301128,CALL,126500.0,199.05437352245863,7078150.0,0.001179792218495767,0.0025618214588965242,0.0013820292404007571
TRIM,PAYCHEX   INC,704326107,PUT,71800.0,-36.62842012356575,7060094.0,0.004343565890322366,0.0025552863828862903,-0.0017882795074360756
NEW,UIPATH   INC,90364P105,,648839.0,,7052880.0,0.0,0.0025526753927257993,0.0025526753927257993
ADD,DRAFTKINGS      INC  NEW,26142V105,PUT,278700.0,2.500919455682236,7039962.0,0.0024464000223633283,0.002547999932385735,0.00010159991002240678
ADD,ESPERION     THERAPEUTICS        INC  NE,29664W105,,2225733.0,268.2884776079888,7033316.0,0.0006891249791241113,0.002545594520602172,0.0018564695414780607
TRIM,MIAMI   INTL    HLDGS     INC,59356Q108,,189105.0,-63.542580407595125,7027142.0,0.008401416075158803,0.002543359941554366,-0.005858056133604437
ADD,ALBEMARLE     CORP,012653101,CALL,52000.0,5.05050505050505,7021560.0,0.0036983227125689635,0.0025413396272937813,-0.0011569830852751822
TRIM,TWILIO     INC,90138F102,CALL,34000.0,-23.25056433408578,7015220.0,0.0023196153921217874,0.0025390449672414504,0.00021942957511966298
NEW,RMG   ML  SPORTS     HOLDINGS,G7610P120,,700000.0,,6993000.0,0.0,0.0025310027990454276,0.0025310027990454276
ADD,JADE  BIOSCIENCES      INC,008064206,,314548.0,96.52985610836546,6989257.0,0.0009358308934878717,0.002529648080973523,0.0015938171874856511
ADD,ICON   PUB  LTD     CO,G4705A100,CALL,40200.0,704.0,6983142.0,0.00023026251563306515,0.0025274348560176867,0.0022971723403846216
TRIM,MAIN   STR   CAP   CORP,56035L104,,134503.0,-62.621235111355666,6978016.0,0.007930810348219113,0.0025255795835526637,-0.0054052307646664495
ADD,EXELON  CORP,30161N101,PUT,149600.0,146.86468646864685,6974352.0,0.0012362562662023694,0.002524253458247973,0.0012879971920456037
NEW,SKYWATER     TECHNOLOGY  INC,83089J108,CALL,200000.0,,6964000.0,0.0,0.002520506719941707,0.002520506719941707
ADD,TELEFONAKTIEBOLAGET          LM      ERICS,294821608,,622693.0,284.411615818651,6943027.0,0.0007597381236480072,0.002512915883147144,0.0017531777594991368
ADD,WOORI  FINL    GROUP  INC,981064108,,120931.0,40.066946188236926,6941439.0,0.0023929785361094524,0.002512341132332775,0.00011936259622332248
NEW,ILLUMINATION        ACQUISITIO      CORP,G470AU100,,700000.0,,6930000.0,0.0,0.002508200972027,0.002508200972027
NEW,TRG   LATIN   AMER     ACQUIS  CORP,G9037S109,,700000.0,,6923000.0,0.0,0.002505667435691619,0.002505667435691619
TRIM,PRIVIA   HEALTH   GROUP    INC,74276R102,,268324.0,-62.34392651898424,6903977.0,0.006099880847489714,0.002498782369733341,-0.003601098477756373
TRIM,CHURCHILL   CAP    CORP  XI,G2131A124,,381839.0,-81.51434259167813,6903649.0,0.008811134366937229,0.0024986636554593404,-0.0063124707114778885
NEW,TOLL     BROTHERS      INC,889478103,PUT,41900.0,,6903025.0,0.0,0.002498437808791729,0.002498437808791729
KEEP,OYSTER     ENTERPRISES   II    ACQUIS,G6861F104,,669000.0,0.0016442721778683954,6884010.0,0.0028314361533977065,0.0024915556383035484,-0.00033988051509415817
ADD,LAKELAND     FINL  CORP,511656100,,111414.0,90.8689097512506,6876472.0,0.0013938872509012363,0.0024888273816041054,0.001094940130702869
TRIM,JOYY      INC,46591M109,,104198.0,-8.566163566163567,6876026.0,0.0027691945266118817,0.0024886659591461654,-0.0002805285674657163
NEW,CHECK   POINT  SOFTWARE       TECH  LT,M22465104,PUT,52300.0,,6873789.0,0.0,0.0024878563133201304,0.0024878563133201304
TRIM,MATADOR  RES   CO,576485205,,137989.0,-2.867058045078909,6869092.0,0.003735253773769595,0.0024861563104390896,-0.0012490974633305053
NEW,HAWKEYE   360  INC,420201105,,338648.0,,6847463.0,0.0,0.0024783280450965247,0.0024783280450965247
TRIM,ALBANY  INTL   CORP,012348108,,91874.0,-51.26228734211462,6844613.0,0.004095847037294136,0.002477296533874263,-0.0016185505034198733
TRIM,NORTHROP   GRUMMAN    CORP,666807102,CALL,13400.0,-5.633802816901409,6824754.0,0.004031698971715405,0.0024701088912907876,-0.0015615900804246178
ADD,VULCAN      MATLS     CO,929160109,,23121.0,2.0479322063821335,6820926.0,0.002567512778710846,0.0024687234088490964,-9.878936986174947e-05
TRIM,DORMAN   PRODS    INC,258278100,,49985.0,-42.973349153470544,6820453.0,0.003806786220475008,0.002468552214179577,-0.001338234006295431
TRIM,REYNOLDS   CONSUMER    PRODS  INC,76171L106,,253611.0,-81.74347965990788,6809455.0,0.012244431291293375,0.0024645716666629315,-0.009779859624630443
TRIM,CONCENTRIX     CORP,20602D101,,303387.0,-12.560272302553269,6797386.0,0.003950634331045461,0.002460203488086973,-0.0014904308429584878
TRIM,ITURAN     LOCATION      AND  CONTROL,M6158M104,,111413.0,-5.624592344116626,6797307.0,0.0024078217913870315,0.002460174895319759,5.235310393272765e-05
ADD,DR  REDDYS    LABS     LTD,256135203,,468375.0,721.2062768475498,6786754.0,0.0003287410451592361,0.0024563554083272916,0.0021276143631680554
NEW,LI   AUTO  INC,50202M102,,577836.0,,6783795.0,0.0,0.0024552844463249504,0.0024552844463249504
ADD,AVISTA   CORP,05379B107,,165625.0,46.1607702286506,6775719.0,0.0018929318342810135,0.002452361469261445,0.0005594296349804315
TRIM,ANNEXON   INC,03589W102,,1184931.0,-4.339061483291057,6765956.0,0.0028558195097206,0.002448827909941113,-0.0004069915997794867
ADD,SYSCO   CORP,871829107,PUT,80900.0,119.24119241192412,6761622.0,0.0010953708139525235,0.0024472592890157504,0.001351888475063227
TRIM,EMERSON   ELEC   CO,291011104,PUT,47200.0,-21.333333333333336,6756680.0,0.0032715338657051366,0.0024454706123629715,-0.0008260632533421651
TRIM,SAMSARA     INC,79589L106,,208231.0,-83.48899628518076,6752931.0,0.01663246910091012,0.0024441137226884936,-0.014188355378221627
TRIM,3M  CO,88579Y101,CALL,41700.0,-72.74509803921568,6751647.0,0.009247201965018397,0.0024436489997378325,-0.006803552965280565
ADD,UNITY   SOFTWARE    INC,91332U101,CALL,235900.0,111.75942549371634,6742022.0,0.0010171485607428606,0.002440165387276684,0.0014230168265338234
TRIM,RECURSION      PHARMACEUTICALS       IN,75629V104,,1834762.0,-29.76388032356446,6733577.0,0.00333749140429665,0.0024371088566549283,-0.0009003825476417218
TRIM,TAKE-TWO      INTERACTIVE       SOFTWAR,874054109,CALL,26900.0,-4.946996466431095,6724462.0,0.002326034277068696,0.0024338098304125004,0.00010777555334380443
ADD,MITSUBISHI    UFJ    FINANCIAL     GRO,606822104,,337163.0,2648.760802217512,6706172.0,8.66258154330111e-05,0.002427190061901912,0.002340564246468901
NEW,ASSURED     GUARANTY       LTD,G0585R106,,83626.0,,6703460.0,0.0,0.002426208497538833,0.002426208497538833
TRIM,HYCROFT       MINING    HOLDING  CORP,44862P208,,286168.0,-50.51214075353777,6696331.0,0.008470862717186188,0.002423628271748129,-0.006047234445438059
TRIM,MAGNOLIA     OIL   &  GAS    CORP,559663109,,261428.0,-56.35716515557989,6687328.0,0.00787002861824305,0.002420369782087067,-0.005449658836155983
TRIM,COCA-COLA     FEMSA   SAB      DE   CV,191241108,,62930.0,-37.53164117174084,6686312.0,0.004089662451635682,0.002420002057384675,-0.0016696603942510072
NEW,BITDEER     TECHNOLOGIES       GROUP,G11448100,CALL,421000.0,,6681270.0,0.0,0.002418177187355676,0.002418177187355676
TRIM,WILLIAMS     SONOMA     INC,969904101,,28659.0,-55.9918307177298,6680413.0,0.004941381981379419,0.0024178670101214733,-0.0025235149712579453
KEEP,SOULPOWER  ACQUISITION      CORP,G82745103,,645000.0,0.0,6675750.0,0.0027513519907448078,0.0024161793129883475,-0.00033517267775646023
TRIM,GRAYSCALE    BITCOIN   MINI     TR   ET,389930207,,256832.0,-69.15305170183558,6664790.0,0.010391445612964052,0.002412212518954665,-0.007979233094009386
TRIM,SIMMONS    FIRST     NATL    CORP,828730200,,293932.0,-36.0704692512642,6657560.0,0.0037215815987721376,0.002409595737853979,-0.0013119858609181587
TRIM,PACIFIC  BIOSCIENCES    CALIF  IN,69404D108,,3962442.0,-19.006859325170606,6656903.0,0.00268751687910021,0.0024093579473722154,-0.0002781589317279948
TRIM,CHARTER     COMMUNICATIONS      INC,16119P108,PUT,46700.0,-33.946251768033946,6641207.0,0.006351764651279657,0.002403677035040767,-0.00394808761623889
NEW,KLARNA    GROUP  PLC,G5279N105,CALL,327800.0,,6634672.0,0.0,0.0024013117979048084,0.0024013117979048084
TRIM,KKR   REAL    ESTATE  FIN    TR  INC,48251K100,,969954.0,-34.380587639557795,6634485.0,0.003764720966873572,0.0024012441162912773,-0.0013634768505822949
NEW,CELANESE     CORP   DEL,150870103,CALL,144200.0,,6633200.0,0.0,0.0024007790314068537,0.0024007790314068537
TRIM,VIRTUS   INVT     PARTNERS     INC,92828Q109,,46179.0,-21.714586017495083,6626686.0,0.0032981008248104743,0.0023984213948799013,-0.0008996794299305729
ADD,SPDR   SERIES  TRUST,78464A888,,57329.0,33.521986212036516,6624939.0,0.0017639623527705886,0.0023977890965973425,0.000633826743826754
ADD,QCR   HLDGS     INC,74727A104,,68006.0,160.8192068727468,6620384.0,0.0009272188340291502,0.0023961404883105337,0.0014689216542813836
ADD,PAR   TECHNOLOGY     CORP,698884103,,379117.0,172.18600577229586,6604218.0,0.0007726807664027304,0.002390289467110853,0.0016176087007081226
NEW,IRENIC   ACQUISITION    CORP,G4939F115,,650000.0,,6604065.0,0.0,0.002390234091245237,0.002390234091245237
TRIM,FULGENT    GENETICS      INC,359664109,,320910.0,-20.135682981640986,6585073.0,0.002658827493047956,0.0023833602452335866,-0.00027546724781436945
ADD,ULTA   BEAUTY    INC,90384S303,PUT,14600.0,2.8169014084507045,6584308.0,0.0030889560411370776,0.0023830833659055054,-0.0007058726752315722
ADD,IVANHOE        ELECTRIC   INC,46578C108,,684982.0,385.609970508167,6582805.0,0.0006938596558643198,0.002382539379460923,0.0016886797235966034
NEW,FATE  THERAPEUTICS        INC,31189P102,,2433978.0,,6571741.0,0.0,0.0023785349443159725,0.0023785349443159725
TRIM,A10  NETWORKS   INC,002121101,,175579.0,-57.68364986021402,6559631.0,0.00399222266282706,0.002374151926455764,-0.001618070736371296
TRIM,GENTEX   CORP,371901109,,259260.0,-86.24186218300457,6551500.0,0.017135227515284856,0.002371209043035338,-0.014764018472249518
TRIM,CONSTELLATION  BRANDS     INC,21036P108,PUT,47100.0,-55.05725190839694,6551139.0,0.006542068942258783,0.002371078384947185,-0.004170990557311598
ADD,GITLAB    INC,37637K108,PUT,213300.0,2145.2631578947367,6512049.0,8.55546140680382e-05,0.002356930394182894,0.002271375780114856
NEW,KPET  ULTRA     PACELINE      CORP,G53157106,,652500.0,,6511950.0,0.0,0.0023568945627404363,0.0023568945627404363
NEW,SPDR  SERIES  TRUST,78464A789,,106710.0,,6508243.0,0.0,0.002355552874283971,0.002355552874283971
NEW,LONG   TABLE  GROWTH      CORP,G5701H122,,650000.0,,6506500.0,0.0,0.0023549220237364613,0.0023549220237364613
TRIM,RANPAK  HOLDINGS        CORP,75321W103,,888984.0,-40.46370832719431,6498473.0,0.0022184159944821,0.0023520167814273037,0.00013360078694520366
NEW,X3   ACQUISITION      CORP  LTD,G9831H101,,650000.0,,6493500.0,0.0,0.0023502168848278967,0.0023502168848278967
ADD,DYNAMIX   CORP,G2949D104,,600000.0,1349.6605378240595,6474000.0,0.00018034095303086817,0.00234315917646505,0.002162818223434182
TRIM,RICHTECH   ROBOTICS    INC,765504105,,3067710.0,-3.8965668909292086,6472868.0,0.0027764141075285677,0.002342749467446243,-0.00043366464008232465
TRIM,BALLARD     PWR   SYS     INC  NEW,058586108,,1663694.0,-15.98519168645805,6472668.0,0.0019858121506130836,0.0023426770806938037,0.00035686493008072005
TRIM,STERLING     INFRASTRUCTURE           INC,859241101,CALL,7700.0,-29.357798165137616,6463072.0,0.0018474448955114317,0.0023392039643117587,0.000491759068800327
ADD,HERITAGE   INSURANCE          HLDGS   INC,42727J102,,247589.0,173.51553783100053,6457121.0,0.0009888745045127675,0.002337050096492923,0.0013481755919801553
TRIM,RAPPORT   THERAPEUTICS       INC,75383L102,,154908.0,-51.52338273583016,6455016.0,0.004161114579046829,0.0023362882259234975,-0.0018248263531233317
ADD,PERPETUA   RESOURCES         CORP,714266103,,311133.0,279.972643894337,6454900.0,0.0009582341503179363,0.002336246241607083,0.0013780120912891467
TRIM,BOOT   BARN   HLDGS  INC,099406100,,39245.0,-13.192063527173792,6446776.0,0.002753657112874017,0.0023333058917229922,-0.0004203512211510248
TRIM,CABALETTA      BIO  INC,12674W109,,2068491.0,-64.9603161360606,6433007.0,0.006608582473477959,0.0023283224257512982,-0.0042802600477266604
NEW,SUMA   ACQUISITION        CORP,G8557R103,,650000.0,,6428500.0,0.0,0.002326691190285075,0.002326691190285075
NEW,REVOLUTION     MEDICINES   INC,76155XAA8,,5100000.0,,6418991.0,0.0,0.0023232495621403415,0.0023232495621403415
ADD,HOVNANIAN       ENTERPRISES    INC,442487401,,45033.0,126.8779283591113,6413150.0,0.0009161614057978641,0.002321135507035347,0.001404974101237483
TRIM,THREDUP  INC,88556E102,,935899.0,-44.406982428690995,6410908.0,0.0022979741281818804,0.002320324051540501,2.2349923358620533e-05
TRIM,HERBALIFE       LTD,G4412G101,,487349.0,-23.695413573742464,6408639.0,0.003912549252212711,0.0023195028238340754,-0.0015930464283786358
TRIM,ALCOA   CORP,013872106,PUT,122900.0,-46.51871192341166,6408006.0,0.006343407283054565,0.0023192737197626043,-0.004024133563291961
TRIM,TRUIST   FINL     CORP,89832Q109,,128599.0,-74.33210049280355,6406802.0,0.009584828488166573,0.002318837951512919,-0.007265990536653654
TRIM,OTTER   TAIL     CORP,689648103,,71147.0,-45.360223022632496,6401807.0,0.00475615861404635,0.0023170300923707437,-0.0024391285216756064
ADD,CELSIUS     HLDGS     INC,15118V207,CALL,218300.0,9.533366783743102,6391824.0,0.0029427507881691086,0.0023134169076227283,-0.0006293338805463803
TRIM,UNIVEST   FINANCIAL     CORPORATIO,915271100,,145915.0,-21.839345210674608,6383781.0,0.0026617156583443476,0.0023105058743733762,-0.00035120978397097137
ADD,CLEARPOINT   NEURO     INC,18507C103,,357676.0,54.18796934139171,6380940.0,0.0008785028931652308,0.0023094776205549736,0.0014309747273897428
NEW,ARROWHEAD     PHARMACEUTICALS          IN,04280A100,CALL,78200.0,,6374082.0,0.0,0.0023069954788138246,0.0023069954788138246
NEW,SINDA   LTD,G81569108,,530527.0,,6366324.0,0.0,0.0023041875966866984,0.0023041875966866984
ADD,BARCLAYS     BANK   PLC,06748M196,CALL,287000.0,511.9402985074627,6339830.0,0.0006967927666725284,0.0022945985235910443,0.001597805756918516
TRIM,VITA   COCO  CO  INC,92846Q107,,95763.0,-39.09445914317696,6333765.0,0.0031349432068066966,0.002292403395323318,-0.0008425398114833785
TRIM,PRICE   T  ROWE  GROUP    INC,74144T108,PUT,55700.0,-24.423337856173678,6332533.0,0.0027646974784572985,0.002291957492928291,-0.0004727399855290076
NEW,APPLIED    AEROSPACE    &  DEFENSE,03815J107,,277913.0,,6330858.0,0.0,0.0022913512538766103,0.0022913512538766103
TRIM,SIMON   PPTY    GROUP     INC   NEW,828806109,PUT,28300.0,-50.0,6329295.0,0.004393672645079735,0.002290785551406296,-0.0021028870936734387
ADD,GINKGO    BIOWORKS   HOLDINGS         INC,37611X209,,638676.0,30.887762651217216,6329279.0,0.001244814224582052,0.002290779760466101,0.0010459655358840488
TRIM,CYTOMX    THERAPEUTICS     INC.,23284F105,,1685830.0,-53.9414620552485,6321862.0,0.007159192876100574,0.002288095297751884,-0.00487109757834869
ADD,GORMAN   RUPP     CO,383082104,,68882.0,121.65658385892651,6319235.0,0.0008035058965905872,0.002287144497758592,0.0014836386011680045
NEW,ETF  SER  SOLUTIONS,26922A842,,189910.0,,6308810.0,0.0,0.0022833713382876854,0.0022833713382876854
KEEP,CULLINAN     THERAPEUTICS   INC,230031106,,346232.0,-0.10098620239943218,6304885.0,0.002049569439936294,0.002281950748271061,0.00023238130833476683
TRIM,LIBERTY    GLOBAL     LTD,G61188101,,554458.0,-42.701036936603636,6304187.0,0.004868674708934565,0.0022816981185050473,-0.0025869765904295173
ADD,CORVEL     CORP,221006109,,100805.0,46.67025564172329,6302329.0,0.0015631216685675366,0.002281025645574885,0.0007179039770073485
ADD,SABLE    OFFSHORE    CORP,78574H104,,2044276.0,6.592458298202721,6296370.0,0.013185167904163648,0.002278868882285951,-0.010906299021877697
TRIM,CORE   &  MAIN     INC,21874C102,,130448.0,-77.927879148844,6294116.0,0.012150184714634495,0.002278053083585959,-0.009872131631048536
TRIM,VANGUARD  INDEX     FDS,922908553,,65045.0,-30.508963483686248,6272289.0,0.003455184972448901,0.002270153155358479,-0.0011850318170904218
NEW,OCEANEERING       INTL  INC,675232102,,154688.0,,6267958.0,0.0,0.002268585620234403,0.002268585620234403
TRIM,SHERWIN     WILLIAMS    CO,824348106,PUT,18200.0,-9.0,6266624.0,0.00266801552091737,0.0022681028005956316,-0.00039991272032173855
NEW,SOREN   ACQUISITION   CORP,G8274J103,,630000.0,,6249600.0,0.0,0.0022619412402279855,0.0022619412402279855
TRIM,CACTUS   INC,127203107,,121943.0,-84.72100928569907,6247140.0,0.01573360214543245,0.0022610508831729806,-0.01347255126225947
ADD,UIPATH   INC,90364P105,PUT,573500.0,17.59278244822637,6233945.0,0.0022528812949649908,0.0022562751671807873,3.393872215796522e-06
ADD,CHAGEE   HLDGS   LTD,15743P104,,518507.0,1204.1904570264355,6232454.0,0.00015403742456423546,0.0022557355239413517,0.0021016980993771163
TRIM,ENPHASE   ENERGY    INC,29355A107,PUT,126200.0,-42.94755877034358,6214088.0,0.0034806020755435863,0.0022490882484648366,-0.0012315138270787497
TRIM,BIOHAVEN     LTD,G1110E107,,417534.0,-71.16250865054293,6212906.0,0.005097618406725517,0.0022486604427579193,-0.0028489579639675976
TRIM,LTC  PPTYS    INC,502175102,,161528.0,-4.014641914858216,6210752.0,0.0026024420999870334,0.0022478808374341466,-0.00035456126255288675
ADD,RIVIAN  AUTOMOTIVE       INC,76954A103,CALL,357300.0,15.258064516129032,6199155.0,0.0019416044942817017,0.002243683491593945,0.0003020789973122433
ADD,APEX   TREAS    CORP,G04104108,,616356.0,2.452622252955032,6194378.0,0.0024886138458510487,0.002241954534011929,-0.00024665931183911983
TRIM,WISDOMTREE   INC,97717P104,,365482.0,-73.40748076040161,6191265.0,0.008327803233883265,0.0022408278342102086,-0.0060869753996730565
NEW,SIMPSON   MFG     INC,829073105,,29542.0,,6184618.0,0.0,0.002238422060492883,0.002238422060492883
NEW,GRID   DYNAMICS    HLDGS  INC,39813G109,,1087719.0,,6178244.0,0.0,0.002236115094692638,0.002236115094692638
ADD,NEW  ERA  ENERGY    &  DIGITAL     INC,64428N109,,964838.0,96.5999812536423,6155666.0,0.0008292005798369574,0.0022279433542097484,0.0013987427743727908
TRIM,VERADERMICS      INC,922967104,,50008.0,-59.41567927284531,6147984.0,0.0032383004051757497,0.002225162979048549,-0.0010131374261272007
ADD,LIGHTBRIDGE    CORP,53224K302,,698893.0,197.2709833562311,6143269.0,0.0010429847391190252,0.0022234564613597893,0.0011804717222407642
TRIM,ONE   STOP     SYS  INC,68247W109,,337710.0,-15.726089202428572,6139568.0,0.0012624357783493588,0.0022221169445058968,0.000959681166156538
ADD,MAGNUM     ICE     CREAM        CO     NV,N5505D105,,352424.0,90.19104155423638,6135702.0,0.001152866943782332,0.0022207177085812424,0.0010678507647989104
TRIM,JD.COM    INC,47215P106,CALL,240700.0,-81.25827298917699,6133036.0,0.015804486211513688,0.002219752793171224,-0.013584733418342463
NEW,ARMADA  ACQUISITION            CORP  III,G0R38M101,,612000.0,,6113880.0,0.0,0.0022128195900225738,0.0022128195900225738
TRIM,KEYSIGHT  TECHNOLOGIES      INC,49338L103,CALL,17400.0,-44.230769230769226,6091218.0,0.0036663652051806047,0.0022046174471036595,-0.0014617477580769452
TRIM,ALNYLAM   PHARMACEUTICALS     INC,02043Q107,PUT,20200.0,-11.403508771929824,6080806.0,0.003139458982257871,0.002200848992771662,-0.0009386099894862091
ADD,IONQ   INC,46222L108,CALL,114100.0,54.18918918918919,6076966.0,0.0008878486464881509,0.002199459167124824,0.001311610520636673
TRIM,UNDER   ARMOUR     INC,904311206,,974589.0,-44.430341854756634,6061944.0,0.004225955554599406,0.002194022198149097,-0.0020319333564503095
NEW,IRON   DOME     ACQUISITION     I   CORP,G4949K120,,600000.0,,6060000.0,0.0,0.0021933185989153857,0.0021933185989153857
TRIM,HILTON    WORLDWIDE    HLDGS      INC,43300A203,PUT,18300.0,-45.37313432835821,6047418.0,0.004239310614041266,0.0021887647483194196,-0.0020505458657218466
TRIM,CRH  PLC,G25508105,CALL,56400.0,-76.54885654885655,6034800.0,0.5696158453452541,0.002184197868108015,-0.5674316474771461
ADD,PERSONALIS     INC,71535D106,,450160.0,7.403943425397492,6032144.0,0.001111088425899803,0.002183236572035619,0.0010721481461358159
TRIM,CONAGRA   BRANDS     INC,205887102,CALL,448100.0,-22.701397274452304,6031426.0,0.0037924373658274166,0.0021829767035943613,-0.0016094606622330553
TRIM,NATIONAL     HEALTH  INVS     INC,63633D104,,79027.0,-89.62890735216727,6026599.0,0.02564172827788264,0.002181229649324235,-0.023460498628558403
TRIM,CRITEO   S    A,226718104,,329029.0,-24.41848712470999,6014650.0,0.0032483399007968085,0.00217690490279974,-0.0010714349979970687
TRIM,FUNKO   INC,361008105,,1022758.0,-5.169266088646456,6013817.0,0.0014138289086350249,0.0021766034119758294,0.0007627745033408045
TRIM,ARES   MANAGEMENT     CORPORATION,03990B101,CALL,54000.0,-54.04255319148936,6010740.0,0.005334886595931992,0.0021754897417895483,-0.0031593968541424435
ADD,WOLVERINE    WORLD    WIDE   INC,978097103,,362773.0,1674.2113757519442,5996638.0,0.00013887122746100792,0.0021703857518750426,0.0020315145244140347
TRIM,ARGAN   INC,04010E109,CALL,7500.0,-1.3157894736842104,5989125.0,0.0017226366193034014,0.0021676665435196546,0.0004450299242162532
NEW,BLUEROCK     ACQUISITION       CORP,G1352R105,,600000.0,,5988000.0,0.0,0.002167259368037183,0.002167259368037183
TRIM,GOGO   INC,38046C109,,1930190.0,-9.680205815273492,5983589.0,0.003575244422403743,0.0021656628782121307,-0.0014095815441916124
TRIM,KINIKSA   PHARMACEUTICALS           INTL,G52694109,,93364.0,-83.45841749052124,5970628.0,0.011309964993483725,0.002160971854720292,-0.009148993138763432
TRIM,SIZZLE   ACQUISITION           CORP.  II,G8193F109,,576020.0,-20.603721571330116,5967567.0,0.0031037955509553385,0.0021598639754742063,-0.0009439315754811322
ADD,BLEND   LABS      INC,09352U108,,3489742.0,1494.0718070528046,5967459.0,0.0001548805690729515,0.002159824886627889,0.0020049443175549375
ADD,PACIRA  BIOSCIENCES  INC,695127100,,235163.0,312.3424102680998,5966085.0,0.000536391806726863,0.00215932758963863,0.001622935782911767
NEW,ART   TECHNOLOGY         ACQUISITION        C,G0579E103,,600000.0,,5958000.0,0.0,0.0021564013551712653,0.0021564013551712653
TRIM,OPPENHEIMER     HLDGS    INC,683797104,,56398.0,-16.240179406828748,5952245.0,0.002499232639179972,0.0021543184263698198,-0.0003449142128101523
TRIM,DIAMEDICA     THERAPEUTICS      INC,25253X207,,845309.0,-9.649825992526658,5950975.0,0.0026359535568302515,0.0021538587704918294,-0.0004820947863384221
NEW,PALOMA     ACQUISITION   CORP    I,G6881J102,,600000.0,,5946000.0,0.0,0.002152058150024898,0.002152058150024898
TRIM,SI  BONE  INC,825704109,,364286.0,-1.3585050757778843,5945148.0,0.0019411038512195174,0.0021517497824595057,0.0002106459312399883
ADD,FIFTH  THIRD     BANCORP,316773100,CALL,105300.0,80.0,5935761.0,0.00113109125946912,0.00214835231023376,0.00101726105076464
TRIM,THE  CAMPBELLS      COMPANY,134429109,CALL,265500.0,-39.82320942883047,5912685.0,0.004089011157876481,0.0021400003267372965,-0.0019490108311391845
ADD,HUNTINGTON        INGALLS    INDS   INC,446413106,PUT,21100.0,99.05660377358491,5905679.0,0.0016758599940419584,0.0021374646187993424,0.00046160462475738407
KEEP,BLUE   WTR   ACQUISITION       CORP.   I,G1368E106,,570300.0,0.0,5891199.0,0.0024398271574222322,0.002132223817922726,-0.00030760333949950624
TRIM,COGNIZANT      TECHNOLOGY       SOLUTIO,192446102,CALL,152000.0,-41.062427297402095,5886960.0,0.0065845861479512675,0.002130689580704772,-0.004453896567246495
ADD,VERISIGN   INC,92343E102,PUT,23400.0,52.94117647058824,5886504.0,0.0015813778696081862,0.0021305245389092098,0.0005491466693010236
ADD,KIMBERLY-CLARK   CORP,494368103,CALL,53600.0,60.0,5883672.0,0.0013449299359923734,0.0021294995424946672,0.0007845696065022939
ADD,ATLANTA   BRAVES     HLDGS     INC,047726104,,104438.0,0.7923410251213604,5880904.0,0.0020331776453117595,0.0021284977098409053,9.532006452914578e-05
ADD,BRISTOW  GROUP    INC,11040G103,,142241.0,19.405829219972464,5877398.0,0.002324566889340299,0.002127228770070642,-0.0001973381192696571
NEW,ELASTIC     N     V,N14506104,PUT,103000.0,,5873060.0,0.0,0.00212565870141023,0.00212565870141023
TRIM,POSTAL   REALTY     TRUST    INC,73757R102,,237914.0,-26.806952776495923,5862201.0,0.002510676265883168,0.00212172846268653,-0.00038894780319663784
NEW,PTC   INC,69370C100,CALL,51500.0,,5850915.0,0.0,0.002117643678246372,0.002117643678246372
TRIM,RIVIAN  AUTOMOTIVE       INC,76954A103,PUT,337100.0,-65.47875064004096,5848685.0,0.00611605415698736,0.0021168365659566717,-0.003999217591030688
TRIM,COASTAL  FINL      CORP    WA,19046P209,,75301.0,-25.58086672925829,5836581.0,0.003204522604558801,0.002112455719699036,-0.001092066884859765
ADD,SPDR   SERIES  TRUST,78464A870,,36882.0,5.62460622028753,5836576.0,0.0018561148015085102,0.002112453910030225,0.0002563391085217148
ADD,PORTILLOS     INC,73642K106,,1229588.0,97.8687384940201,5828247.0,0.001368046078579314,0.0021094393637248843,0.0007413932851455703
ADD,BANCO  SANTANDER          SA,05964H105,,421893.0,3761.720823798627,5822123.0,5.128532595612715e-05,0.002107222881365188,0.002055937555409061
TRIM,CLOVER   HEALTH   INVESTMENTS       CO,18914F103,,1108721.0,-4.828201289649157,5809698.0,0.0008532755600093284,0.0021027258543698875,0.001249450294360559
KEEP,STELLAR     V   CAP   CORP,G8475V103,,550000.0,0.0,5802500.0,0.002391891936745061,0.0021001206551495913,-0.00029177128159546973
KEEP,BITWISE  XRP  ETF,09174F107,,495856.0,0.0,5781681.0,0.003101538287472971,0.0020925855561544065,-0.0010089527313185643
ADD,UP  FINTECH  HLDG      LTD,91531W106,,1313974.0,3574.629453548856,5781486.0,9.375092754245212e-05,0.002092514979070778,0.001998764051528326
TRIM,AXIA  ENERGIA   SA,15234Q207,,546935.0,-50.36495621705161,5775634.0,0.005172720276161067,0.0020903969426944,-0.0030823233334666667
NEW,GLOBAL  X  FDS,37954Y830,CALL,75000.0,,5772750.0,0.0,0.002089353125724223,0.002089353125724223
ADD,HCM   III  ACQUISITION         CORP,G4365E103,,561350.0,27.362450368689732,5770678.0,0.001848908537780511,0.0020886031989689503,0.00023969466118843943
TRIM,C   H  ROBINSON      WORLDWIDE     IN,12541W209,CALL,30600.0,-8.656716417910449,5763204.0,0.002315253596664802,0.002085898106030288,-0.00022935549063451402
TRIM,GALLAGHER    ARTHUR      J  &    CO,363576109,PUT,25100.0,-6.691449814126393,5762207.0,0.0024245614975660023,0.0020855372580693777,-0.0003390242394966246
ADD,REGENXBIO   INC,75901B107,,480762.0,68.58549517136906,5759529.0,0.0009945268187859075,0.0020845679994542132,0.0010900411806683058
TRIM,MANULIFE   FINL    CORP,56501R106,PUT,100000.0,-23.076923076923077,5752000.0,0.0025925237075505926,0.00208184300015863,-0.0005106807073919626
TRIM,CHINA   YUCHAI    INTL   LTD,G21082105,,121313.0,-81.74033718807243,5751449.0,0.010644809289346786,0.002081643574655659,-0.008563165714691127
NEW,NEWHOLD   INVTS     CORP   IV,G6486G107,,575000.0,,5750000.0,0.0,0.0020811191326342354,0.0020811191326342354
TRIM,ASBURY   AUTOMOTIVE       GROUP     INC,043436104,,28584.0,-60.70711791713633,5747671.0,0.00591586809584068,0.002080276188902078,-0.0038355919069386025
NEW,VERSIGENT     PLC,G9600F104,,136671.0,,5741549.0,0.0,0.0020780604304099066,0.0020780604304099066
TRIM,BURFORD  CAPITAL    LIMITED,G17977110,,1398688.0,-7.565156648895921,5734621.0,0.0028463360067272035,0.002075552953305404,-0.0007707830534217997
TRIM,NORWEGIAN     CRUISE     LINE  HLDGS,G66721104,PUT,271600.0,-7.493188010899182,5733476.0,0.00228486335591999,0.0020751385391476877,-0.00020972481677230224
ADD,FORWARD     AIR  CORP,34986A104,,422193.0,309.5223776359439,5703827.0,0.0007169229458586608,0.002064407565032301,0.0013474846191736404
TRIM,KYVERNA    THERAPEUTICS        INC,501976104,,639780.0,-36.372460487634115,5700440.0,0.0036112611753686148,0.0020631816953797393,-0.0015480794799888754
KEEP,INSIGHT   DIGITAL     PARTNERS   II,G4814G105,,567750.0,0.00017613417196683746,5700210.0,0.0023521238981920514,0.002063098450614434,-0.0002890254475776174
TRIM,UNITED  AIRLS   HLDGS     INC,910047109,CALL,41900.0,-40.90267983074753,5697981.0,0.0027166078616237925,0.0020622917002584965,-0.000654316161365296
TRIM,HSBC  HLDGS    PLC,404280406,CALL,59900.0,-36.74762407602957,5695891.0,0.0032509767041567416,0.002061535258695504,-0.0011894414454612376
ADD,MICROVAST  HOLDINGS      INC,59516C106,,4868071.0,47.30937361748175,5695643.0,0.0020629103498651744,0.002061445499122479,-1.4648507426955407e-06
ADD,O-I  GLASS     INC,67098H104,,591337.0,20.174326208272873,5694575.0,0.002152229982872183,0.0020610589538644524,-9.117102900773038e-05
ADD,KB   FINL   GROUP     INC,48241A105,,54227.0,70.6808095432942,5691666.0,0.0013186189166071046,0.0020600060885502206,0.000741387171943116
ADD,NORWEGIAN     CRUISE     LINE  HLDGS,G66721104,CALL,269600.0,80.57602143335566,5691256.0,0.001161887258306725,0.0020598576957077193,0.0008979704374009942
ADD,TECTONIC    THERAPEUTIC      INC,878972108,,165525.0,183.68581613765681,5689922.0,0.0007505638291294261,0.0020593748760689484,0.0013088110469395221
TRIM,PNC   FINL   SVCS  GROUP     INC,693475105,CALL,23100.0,-55.57692307692308,5687682.0,0.004503157414893179,0.0020585641444416268,-0.002444593270451552
TRIM,KRAFT   HEINZ     CO,500754106,PUT,240600.0,-83.27773144286907,5682972.0,0.01346642942619608,0.0020568594364216777,-0.011409569989774403
TRIM,GUIDEWIRE   SOFTWARE      INC,40171V100,,46163.0,-77.57695278156922,5680357.0,0.01281378480466799,0.002055912979633532,-0.010757871825034458
TRIM,TYRA   BIOSCIENCES        INC,90240B106,,177672.0,-19.81622973088848,5674844.0,0.0035317816963145138,0.0020539176388025384,-0.0014778640575119754
ADD,CLEARFIELD   INC,18482P103,,142431.0,197.1460163144389,5667329.0,0.0005280211213130848,0.002051197706579626,0.001523176585266541
TRIM,CITY   HLDG     CO,177835105,,42689.0,-36.10865823542618,5662269.0,0.0033233581216409215,0.002049366321742908,-0.0012739917998980136
TRIM,CHUBB   LIMITED,H1467J104,CALL,16600.0,-8.287292817679557,5656284.0,0.0024550790839276294,0.002047200148176157,-0.0004078789357514724
TRIM,CONSTELLATION  BRANDS     INC,21036P108,CALL,40600.0,-41.833810888252145,5647054.0,0.004357217673374648,0.002043859499551076,-0.0023133581738235716
NEW,MONRO   INC,610236101,,329316.0,,5634597.0,0.0,0.002039350890675385,0.002039350890675385
TRIM,CAPRICOR  THERAPEUTICS         INC,14070B309,,233926.0,-34.355724925214815,5632938.0,0.004508351950805218,0.0020387504425639,-0.0024696015082413185
ADD,ENTRADA     THERAPEUTICS     INC,29384C108,,763959.0,47.097366738807295,5622738.0,0.0027276403201262913,0.002035058718189488,-0.0006925816019368032
KEEP,LIGHTWAVE    ACQUISITION         CORP,G5490M100,,550000.0,0.0,5621000.0,0.002334669641607619,0.002034429677310789,-0.0003002399642968302
TRIM,CVS   HEALTH      CORP,126650100,CALL,54200.0,-94.40082644628099,5606990.0,0.028932324866868257,0.0020293589853024054,-0.026902965881565852
NEW,TRAVERE   THERAPEUTICS        INC,89422GAB3,,4750000.0,,5592417.0,0.0,0.002024084524585905,0.002024084524585905
ADD,VTEX,G9470A102,,1397979.0,244.60565723793678,5591916.0,0.0006753063150511022,0.002023903195771044,0.001348596880719942
TRIM,PAMPA   ENERGIA       SA,697660207,,68067.0,-42.54203808752026,5590343.0,0.004363070577802378,0.0020233338739631076,-0.0023397367038392705
TRIM,JFROG   LTD,M6191J100,PUT,61500.0,-39.10891089108911,5589120.0,0.0019725794428422823,0.0020228912289719406,5.0311786129658264e-05
KEEP,ARRAY   TECHNOLOGIES      INC,04271TAB6,,6000000.0,0.0,5583186.0,0.0022576180525159316,0.002020743514027062,-0.00023687453848886958
ADD,RANGER  ENERGY      SVCS  INC,75282U104,,348599.0,271.2291276196967,5581070.0,0.0006698192171501046,0.0020199776621862525,0.0013501584450361479
TRIM,CENCORA   INC,03073E105,CALL,19700.0,-23.93822393822394,5574706.0,0.0033859892761958273,0.002017674315723629,-0.0013683149604721981
ADD,BWX   TECHNOLOGIES       INC,05605H100,CALL,28600.0,13.043478260869565,5566990.0,0.002153055232408601,0.0020148816348145152,-0.00013817359759408588
TRIM,AEROVIRONMENT     INC,008073108,CALL,33700.0,-5.070422535211268,5562859.0,0.0027043360722491536,0.0020133864864428784,-0.0006909495858062752
TRIM,DUTCH   BROS  INC,26701L100,,77451.0,-97.60497540222443,5561756.0,0.06817808700083418,0.002012987273503175,-0.066165099727331
TRIM,TYLER  TECHNOLOGIES       INC,902252105,,19016.0,-79.26688327264006,5561419.0,0.013068493933270208,0.002012865301825314,-0.011055628631444894
TRIM,FLOTEK     INDUSTRIES    INC,343389409,,236303.0,-17.85907953281424,5557847.0,0.0020316744676387674,0.0020115724744267454,-2.0101993212021975e-05
ADD,RUSH   ENTERPRISES       INC,781846308,,72632.0,71.02357013350915,5556348.0,0.0011373212068015383,0.002011029935717212,0.0008737087289156739
ADD,HIGHPEAK     ENERGY   INC,43114Q105,,794036.0,123.12655254195374,5550312.0,0.0010218815728344833,0.0020088453035285894,0.0009869637306941061
ADD,WSFS       FINL  CORP,929328102,,72300.0,75.7157439362271,5547579.0,0.0011208982000160193,0.002007856138556504,0.0008869579385404848
ADD,ULTA   BEAUTY    INC,90384S303,CALL,12300.0,39.77272727272727,5547054.0,0.001914282617042696,0.0020076661233313503,9.338350628865428e-05
TRIM,WAYFAIR  INC,94419L101,PUT,60000.0,-46.996466431095406,5545200.0,0.0035431096299409948,0.002006995098136237,-0.0015361145318047577
TRIM,FIVE9     INC,338307101,,260085.0,-47.950416961017595,5545012.0,0.0031546139429831444,0.0020069270545889435,-0.0011476868883942008
TRIM,COPART   INC,217204106,CALL,196700.0,-68.23833360245438,5544973.0,0.008556610014328033,0.002006912939172218,-0.006549697075155815
TRIM,ARCHER   DANIELS    MIDLAND    CO,039483102,CALL,72400.0,-28.529121421520237,5531360.0,0.0030644087169284812,0.002001985934867427,-0.0010624227820610543
NEW,CORCEPT  THERAPEUTICS          INC,218352102,CALL,63600.0,,5530020.0,0.0,0.0020015009436260825,0.0020015009436260825
TRIM,GREIF   INC,397624107,,74225.0,-20.860432881970357,5529020.0,0.0026178659014589162,0.002001139009863885,-0.000616726891595031
TRIM,EXPEDIA     GROUP  INC,30212P303,PUT,21600.0,-83.84442782348542,5527008.0,0.012846922547903693,0.0020004107991343444,-0.010846511748769348
ADD,EQUINIX  INC,29444U700,CALL,5300.0,3.9215686274509802,5524667.0,0.0020804877904449567,0.0019995635121970406,-8.092427824791604e-05
TRIM,CME  GROUP   INC,12572Q105,CALL,25000.0,-39.32038834951456,5520750.0,0.005064035786155255,0.001998145817650514,-0.0030658899685047413
ADD,ORION   GROUP       HLDGS  INC,68628V308,,328165.0,288.4253012333404,5519735.0,0.0003832424721831607,0.001997778454881884,0.0016145359826987232
ADD,ROYAL   GOLD   INC,780287108,CALL,27600.0,1.8450184501845017,5509236.0,0.002870136736045061,0.0019939785123125747,-0.0008761582237324862
ADD,NUCOR   CORP,670346105,CALL,24700.0,147.0,5501925.0,0.0007037301896539187,0.0019913324145771506,0.0012876022249232318
NEW,ENERGY  TRANSITION        SPL  OPPORT,G23017125,,550000.0,,5500000.0,0.0,0.0019906356920849208,0.0019906356920849208
ADD,RELIANCE    INC,759509102,,14714.0,1380.281690140845,5497150.0,0.00012572091979520415,0.0019896041808626585,0.0018638832610674543
ADD,FERMI   INC,314911108,CALL,600000.0,488.2352941176471,5496000.0,0.0002478994673997908,0.0019891879570361317,0.001741288489636341
ADD,UNIVERSAL    HEALTH     RLTY    INCOME,91359E105,,125076.0,199.42545245619075,5485833.0,0.0007035275186885956,0.0019855081764758725,0.001281980657787277
TRIM,ARDAGH    METAL             PACKAGING    S  A,L02235106,,1157299.0,-14.847884181838516,5485597.0,0.00229069753305113,0.0019854227601079936,-0.0003052747729431365
TRIM,LYONDELLBASELL              INDUSTRIES       NV,N53745100,CALL,104100.0,-6.970509383378016,5480865.0,0.003751561919802693,0.001983710089545276,-0.0017678518302574166
NEW,WASHINGTON       TR   BANCORP    INC,940610108,,150202.0,,5479369.0,0.0,0.001983168636637029,0.001983168636637029
NEW,MUZERO   ACQUISITION       CORP,G8775A106,,550000.0,,5461500.0,0.0,0.0019767012422403263,0.0019767012422403263
TRIM,BIOAGE   LABS     INC,09077V100,,222621.0,-48.2833600100357,5456441.0,0.0031332007358994933,0.0019748702193373704,-0.0011583305165621229
KEEP,ISHARES  ETHEREUM  TR,46438R105,CALL,458500.0,0.0,5451565.0,0.0030205277478820656,0.0019731054303128966,-0.001047422317569169
ADD,FULCRUM    THERAPEUTICS       INC,359616109,,1485803.0,316.80894097977114,5438039.0,0.0011378426579710455,0.001968209914245416,0.0008303672562743707
TRIM,MCCORMICK       &    CO  INC,579780206,,107838.0,-54.60905141933529,5437192.0,0.004987009582954502,0.0019679033563488354,-0.0030191062266056667
NEW,BOOST  RUN    INC,09940T118,CALL,200000.0,,5436000.0,0.0,0.0019674719313042964,0.0019674719313042964
ADD,AMERICAN   EXCEPTIONALISM         ACQU,G0273J101,,459876.0,5.200598432545946,5435734.0,0.00197021480952613,0.0019673756569235515,-2.8391526025782834e-06
ADD,LIMBACH   HLDGS    INC,53263P105,,70576.0,239.25876075566026,5434352.0,0.0006757116569817486,0.0019668754644641953,0.0012911638074824467
TRIM,HILLTOP   HLDGS   INC,432748101,,140129.0,-26.09229957805907,5434203.0,0.0028263535651030626,0.001966821536333628,-0.0008595320287694348
ADD,LAKEFRONT    BIOTHERAPEUTICS          NV,36315X101,,181090.0,67.81266216917489,5429078.0,0.0013472666864447133,0.001964966625802367,0.0006176999393576535
ADD,NATHANS   FAMOUS     INC,632347100,,53409.0,24.577813024818063,5426354.0,0.0017971949809756824,0.0019639807182341416,0.00016678573725845917
TRIM,DLOCAL   LTD,G29018101,,417051.0,-39.489247233821516,5419578.0,0.0037201387646103815,0.001961528255061493,-0.0017586105095488886
ADD,FMC    CORP,302491303,CALL,470000.0,125.96153846153845,5405000.0,0.0014905929296835125,0.0019562519846761813,0.00046565905499266883
TRIM,OPORTUN   FINL   CORP,68376D104,,945987.0,-58.01550873387059,5401586.0,0.004322746546621706,0.00195501634281204,-0.002367730203809666
ADD,MILLERKNOLL     INC,600544100,,263835.0,137.93355337914613,5398064.0,0.0006672793795702951,0.001953741612101581,0.0012864622325312858
ADD,BAUSCH   HEALTH  COS   INC,071734107,,1095104.0,150.73645407608385,5394096.0,0.000981508850682676,0.0019523054589331824,0.0009707966082505063
TRIM,GENERAL   MILLS    INC,370334104,CALL,154900.0,-64.586191129401,5390520.0,0.006775131396813191,0.0019510111837995649,-0.004824120213013626
NEW,ELEMENTAL    RTY   CORP,28620K106,,307612.0,,5381389.0,0.0,0.0019477063666169417,0.0019477063666169417
TRIM,AUTODESK   INC,052769106,,27621.0,-94.18493020905703,5370075.0,0.04732288219185177,0.001943611448031442,-0.045379270743820324
ADD,CALIFORNIA     WTR  SVC   GROUP,130788102,,110352.0,80.07539041464729,5368625.0,0.0011562986168419927,0.001943086644076256,0.0007867880272342633
NEW,SPDR  SERIES  TRUST,78464A698,,71700.0,,5366745.0,0.0,0.001942406208603325,0.001942406208603325
TRIM,D   R  HORTON   INC,23331A109,CALL,32900.0,-57.76636713735558,5358752.0,0.0044485394624682465,0.0019395132720420826,-0.0025090261904261637
TRIM,OIL   STS   INTL   INC,678026105,,667842.0,-5.191429435372248,5349414.0,0.0034122565985557187,0.0019361335345706844,-0.0014761230639850343
TRIM,AON   PLC,G0403H108,PUT,16100.0,-26.146788990825687,5340209.0,0.002928368224387654,0.0019328019342896587,-0.0009955662900979954
TRIM,VELO3D    INC,92259N302,,303439.0,-54.579147712559184,5325354.0,0.002610623847786322,0.0019274254082522185,-0.0006831984395341034
NEW,KARDIGAN    INC,485925101,,223065.0,,5320100.0,0.0,0.001925523808265634,0.001925523808265634
ADD,COUPANG     INC,22266T109,CALL,305800.0,162.26415094339623,5311746.0,0.0009161426785012737,0.0019225002136162381,0.0010063575351149643
TRIM,SUMMIT   HOTEL       PPTYS,866082100,,757246.0,-38.85075143920533,5308294.0,0.002277879322778197,0.001921250818269133,-0.000356628504509064
TRIM,PC   CONNECTION      INC,69318J100,,72717.0,-16.023420177383592,5307614.0,0.0021066827005913648,0.0019210047033108388,-0.00018567799728052593
TRIM,LOGITECH    INTL       S  A,H50430232,CALL,56600.0,-66.4691943127962,5304364.0,0.0056202930929431065,0.001919828418583698,-0.0037004646743594083
ADD,DEVON   ENERGY   CORP    NEW,25179M103,CALL,128300.0,24.563106796116504,5301356.0,0.002156951758585851,0.0019187397218270088,-0.0002382120367588423
TRIM,PELOTON  INTERACTIVE      INC,70614W100,,893625.0,-7.417096276895534,5281324.0,0.0017232346443078561,0.0019114894647026732,0.00018825482039481708
NEW,KEEL   INFRASTRUCTURE       CORP,486917107,CALL,919600.0,,5278504.0,0.0,0.0019104688114932769,0.0019104688114932769
ADD,TELEKOMUNIKASI      IND,715684106,,392723.0,260.05849347220186,5274270.0,0.0008479158077251459,0.0019089363839441336,0.0010610205762189876
KEEP,K&F   GROWTH   ACQUISITION      CORP,G52258111,,499700.0,0.0,5271835.0,0.002168983422401986,0.0019080550752331833,-0.0002609283471688027
ADD,ANTERO   RESOURCES     CORP,03674X106,CALL,150000.0,1495.744680851064,5271000.0,0.00016602206205782122,0.0019077528605417485,0.0017417307984839273
ADD,INSPERITY     INC,45778Q107,,127504.0,36.67634983760143,5267190.0,0.0010497835801056461,0.001906373892907777,0.0008565903128021309
TRIM,HIMS   &  HERS    HEALTH    INC,433000106,CALL,151900.0,-70.02170909808565,5266373.0,0.004377647905468373,0.0019060781930240619,-0.0024715697124443113
ADD,HERSHEY   CO,427866108,PUT,30000.0,376.1904761904762,5263500.0,0.0005450504763459874,0.0019050383573252692,0.0013599878809792817
TRIM,SLB  LIMITED,806857108,,113187.0,-76.85905299313052,5262064.0,0.010460600525326774,0.001904518620442754,-0.00855608190488402
TRIM,NORDIC   AMERICAN      TANKERS  LIMI,G65773106,,949791.0,-24.88219727586638,5261842.0,0.0030835101432885783,0.0019044382711475463,-0.001179071872141032
NEW,YORKVILLE       INTL  CAP   CORP,G98665121,,522000.0,,5240880.0,0.0,0.0018968514156243671,0.0018968514156243671
ADD,STEPAN   CO,858586100,,93929.0,118.70910657321816,5233724.0,0.0008932883019044527,0.0018942614176220836,0.0010009731157176308
ADD,ADIENT     PLC,G0084W101,,284735.0,52.97805811054758,5233429.0,0.001565455089722705,0.0018941546471622356,0.0003286995574395305
TRIM,FIDELITY  ETHEREUM    FD,31613E103,,332483.0,-91.002088434102,5233282.0,0.03210855718487325,0.0018941014428991924,-0.03021445574197406
NEW,LEGATO     MERGER     CORP  IV,G7318R105,,527000.0,,5227840.0,0.0,0.0018921317993653148,0.0018921317993653148
ADD,SKINHEALTH      SYSTEMS       INC,88331L108,,7536938.0,31.823187219499566,5219330.0,0.0021176573125555064,0.001889051743049016,-0.00022860556950649036
TRIM,AMERICAN   AIRLINES     GROUP    INC,02376R102,CALL,288400.0,-83.28309761187109,5211388.0,0.007710921922572857,0.0018861772651096456,-0.005824744657463211
ADD,AON   PLC,G0403H108,CALL,15700.0,5.369127516778524,5207533.0,0.0020014993827236717,0.0018847820104563751,-0.00011671737226729654
ADD,ENACT   HLDGS     INC,29249E109,,113884.0,222.48966415585886,5205638.0,0.0005997579036324069,0.0018840961459770115,0.0012843382423446048
NEW,OMNICELL     COM,68213N109,PUT,125000.0,,5190000.0,0.0,0.0018784362258037707,0.0018784362258037707
TRIM,CARRIER    GLOBAL   CORPORATION,14448C104,CALL,70700.0,-46.72192916352675,5185845.0,0.0031097038049485476,0.001876932391021841,-0.0012327714139267066
ADD,SEADRILL   LTD,G7997W102,,137073.0,5.322483979530681,5184101.0,0.0024643636614150206,0.001876301178540569,-0.0005880624828744517
NEW,DEFINIUM    THERAPEUTICS        INC,24477V105,PUT,110000.0,,5174400.0,0.0,0.0018727900591134932,0.0018727900591134932
KEEP,VERITONE   INC,92347MAB6,,5250000.0,0.0,5171250.0,0.002083037199754135,0.001871649967762572,-0.00021138723199156284
NEW,VANECK  ETF  TRUST,92189H300,,202211.0,,5168513.0,0.0,0.0018706593550554382,0.0018706593550554382
NEW,POET   TECHNOLOGIES   INC,73044W302,PUT,502500.0,,5165700.0,0.0,0.0018696412353823774,0.0018696412353823774
TRIM,LYELL     IMMUNOPHARMA      INC,55083R203,,367473.0,-19.923949401292205,5162996.0,0.003831036404911036,0.0018686625664893959,-0.00196237383842164
TRIM,DEUTSCHE     BK     AG,D18190898,PUT,171600.0,-73.2126131751483,5148983.0,0.0067143267779190725,0.0018635907886797255,-0.004850735989239347
ADD,CROWN   CASTLE     INC,22822V101,CALL,67900.0,7.777777777777778,5142067.0,0.0021318030800756287,0.0018610876547803694,-0.00027071542529525923
TRIM,CLEANSPARK   INC,18452B209,CALL,353400.0,-16.964285714285715,5141970.0,0.001507279367107737,0.0018610525472054365,0.0003537731800976995
TRIM,ORRSTOWN  FINL     SVCS  INC,687380105,,125713.0,-39.11495767062515,5132862.0,0.0031002639989805283,0.0018577560544993437,-0.0012425079444811846
KEEP,SOLARIUS   CAPITAL    ACQU  CORP,G82617104,,500000.0,0.0,5130000.0,0.0021161845147192053,0.001856720200071935,-0.0002594643146472703
TRIM,INGLES   MKTS   INC,457030104,,57857.0,-35.956386982510516,5124973.0,0.003379512544710562,0.0018549007590493696,-0.0015246117856611925
KEEP,NEW   PROVIDENCE     ACQUISITION         C,G6476A102,,493450.0,0.008106848260067693,5122406.0,0.0021067738401014387,0.0018539716750818093,-0.00025280216501962936
NEW,TRIMBLE     INC,896239100,CALL,100000.0,,5118000.0,0.0,0.0018523769949255681,0.0018523769949255681
ADD,COMPASS     MINERALS       INTL  INC,20451N101,,164323.0,15.96705669804796,5115375.0,0.0013769340535411346,0.0018514269187998003,0.0004744928652586657
ADD,ADEIA   INC,00676P107,,155204.0,391.494078155678,5110868.0,0.00031579174381016965,0.0018497956833335772,0.0015340039395234076
ADD,CORSAIR    GAMING  INC,22041X102,,528438.0,133.97431072423214,5109995.0,0.0005216525919858975,0.0018494797151591793,0.0013278271231732816
ADD,EQUINIX  INC,29444U700,PUT,4900.0,19.51219512195122,5107711.0,0.0016725490080047693,0.0018486530584463205,0.00017610405044155117
NEW,BANC   OF  CALIFORNIA         INC,05990K106,CALL,250000.0,,5107500.0,0.0,0.001848576690422497,0.001848576690422497
TRIM,STRYKER   CORPORATION,863667101,CALL,16200.0,-28.947368421052634,5100408.0,0.0031178252092365997,0.0018460098561809937,-0.001271815353055606
TRIM,CF     INDUSTRIES      HOLD,125269100,CALL,47000.0,-81.78294573643412,5088220.0,0.013940899218665594,0.0018415986074873337,-0.012099300611178261
NEW,METALS  ACQUISITION        CORP  II,G60420109,,500000.0,,5075000.0,0.0,0.0018368138431510861,0.0018368138431510861
KEEP,OTG   ACQUISITION       CORP.   I,G6791A100,,500000.0,0.0,5075000.0,0.0020932955966642287,0.0018368138431510861,-0.00025648175351314253
ADD,RAMBUS  INC   DEL,750917106,PUT,38100.0,662.0,5057394.0,0.00017901214729724017,0.0018304416373338412,0.001651429490036601
TRIM,GENERAL   MILLS    INC,370334104,PUT,145300.0,-73.87160582629024,5056440.0,0.008613741586117548,0.001830096352524705,-0.006783645233592843
ADD,GUARDIAN    PHARMACY      SVCS   INC,40145W101,,120607.0,343.50592042362285,5049815.0,0.00042620247439947314,0.001827698541350148,0.001401496066950675
NEW,BARCLAYS     PLC,06738E204,PUT,187400.0,,5033564.0,0.0,0.0018218167557806802,0.0018218167557806802
ADD,ATLASSIAN     CORPORATION,049468101,PUT,64600.0,850.0,5025234.0,0.00019314085216935758,0.0018188018475415774,0.0016256609953722199
NEW,KEYSTONE      ACQUISITION      CORP,G52539114,,500000.0,,5020000.0,0.0,0.0018169074862302366,0.0018169074862302366
TRIM,SHORE   BANCSHARES      INC,825107105,,218636.0,-4.56660468445818,5017696.0,0.0017809871300198802,0.0018160735908421344,3.50864608222542e-05
ADD,CENTENE     CORP     DEL,15135B101,PUT,78100.0,9.38375350140056,5013239.0,0.0009728356153884256,0.0018144604520640211,0.0008416248366755956
NEW,ENERGY   FUELS    INC,292671708,,345557.0,,5010598.0,0.0,0.0018135045849980583,0.0018135045849980583
KEEP,KOCHAV    DEFENSE    ACQUI     CO,G5304D106,,483000.0,0.0,5008710.0,0.00206031474655774,0.0018128212540550297,-0.00024749349250271016
ADD,BANDWIDTH     INC,05988J103,,78961.0,183.8077780173963,4998231.0,0.00020632819826619579,0.0018090285501609646,0.0016027003518947688
ADD,WEX   INC,96208T104,,35391.0,112.39272639980796,4993316.0,0.0010612575866455328,0.0018072496457197651,0.0007459920590742323
ADD,MCCORMICK       &    CO  INC,579780206,PUT,99000.0,41.833810888252145,4991580.0,0.0014651870629667815,0.0018066213287085905,0.00034143426574180904
TRIM,VIATRIS  INC,92556V106,,314043.0,-88.64080114068359,4987003.0,0.015543876735999043,0.0018049647578790137,-0.013738911978120029
TRIM,AIRBNB     INC,009066101,CALL,34700.0,-86.76582761250954,4965570.0,0.013779385024978165,0.00179720743155384,-0.011982177593424325
NEW,INTERPRIVATE    INVTS   PARTNERS,G49097127,,500000.0,,4960000.0,0.0,0.0017951914604984014,0.0017951914604984014
NEW,CAMBRIDGE     ACQUISITION      CORP,G1871M108,,500000.0,,4955000.0,0.0,0.0017933817916874148,0.0017933817916874148
NEW,VANGUARD  INDEX     FDS,922908363,CALL,7200.0,,4945032.0,0.0,0.001789774035945833,0.001789774035945833
ADD,BLACKBAUD    INC,09227Q100,,166902.0,28.844045762633357,4943637.0,0.0020814191613287214,0.0017892691383475676,-0.0002921500229811538
ADD,CANADIAN  SOLAR   INC,136635109,,306085.0,17.978654106328605,4903482.0,0.001495377962043442,0.0017747356881265366,0.0002793577260830945
ADD,BLUE   ACQUISITION     CORP.,G1331A108,,462093.0,30.612596773783245,4898186.0,0.0015032550791515258,0.0017728188869219402,0.00026956380777041437
TRIM,CASTLE   BIOSCIENCES     INC,14843C105,,205369.0,-41.87434018549809,4898051.0,0.003609782551262263,0.0017727700258640432,-0.0018370125253982198
TRIM,EMERSON   ELEC   CO,291011104,CALL,34200.0,-41.13597246127367,4895730.0,0.0031679352932911403,0.0017719299776019835,-0.0013960053156891567
ADD,STANDARD    LITHIUM        CORP,853606101,,1779889.0,1.8953721159092065,4892895.0,0.00248457166292254,0.0017709038953861542,-0.0007136677675363857
TRIM,PUMA   BIOTECHNOLOGY      INC,74587V107,,602240.0,-59.239779657655845,4884166.0,0.00392913081677603,0.0017677445755759345,-0.0021613862412000954
NEW,SPROTT   INC,852066208,,43417.0,,4881380.0,0.0,0.0017667362281144528,0.0017667362281144528
ADD,WESTROCK   COFFEE       CO,96145W103,,601611.0,1768.4151681729247,4879065.0,5.6950125093660645e-05,0.0017658983514549662,0.0017089482263613054
TRIM,SEABOARD   CORP      DEL,811543107,,1092.0,-6.984667802385008,4875048.0,0.0027624090028139474,0.00176444446353222,-0.0009979645392817274
TRIM,SELECT    SECTOR     SPDR   TR,81369Y100,CALL,95800.0,-87.92538442147718,4869514.0,0.01649924685842508,0.0017624415220922204,-0.01473680533633286
ADD,KARBON    CAP  PARTNERS       CORP,G5225W126,,474400.0,2.3295944779982745,4867344.0,0.00196598493746957,0.001761656125828252,-0.0002043288116413179
ADD,SILVERCORP      METALS     INC,82835PAB9,,2000000.0,300.0,4864494.0,0.0005353451589285309,0.00176062461460599,0.001225279455677459
TRIM,WILLSCOT     HLDGS   CORP,971378104,,168392.0,-36.23181819903131,4859793.0,0.0019077863259365471,0.0017589231639899006,-0.00014886316194664658
TRIM,DENISON   MINES     CORP,248356107,,1585145.0,-72.77087282412366,4850655.0,0.008552095903525446,0.001755615813270942,-0.006796480090254504
ADD,ZOETIS   INC,98978V103,PUT,67500.0,82.92682926829268,4850550.0,0.001815278058563407,0.0017555778102259115,-5.970024833749552e-05
TRIM,ABERCROMBIE       &  FITCH    CO,002896207,,53735.0,-73.31833777738055,4836687.0,0.007657915349978996,0.0017505603224805709,-0.005907355027498425
ADD,HIMAX     TECHNOLOGIES      INC,43289P106,,314715.0,113.8954021816699,4827728.0,0.0004818957898108424,0.0017473177579050458,0.0012654219680942034
ADD,LENNAR   CORP,526057302,,54385.0,520.1961455126012,4824493.0,0.0003069811750075895,0.0017461469021843375,0.0014391657271767481
NEW,TRAVERE     THERAPEUTICS    INC,89422G107,,84713.0,,4812546.0,0.0,0.0017418228795273666,0.0017418228795273666
TRIM,STRUCTURE     THERAPEUTICS   INC,86366E106,,89568.0,-46.9795360235836,4807115.0,0.003388589457286873,0.0017398572172648732,-0.0016487322400219996
ADD,CALEDONIA     MNG   CORP,G1757E113,,251630.0,135.70792937098966,4806133.0,0.001003614551578026,0.0017395017983103957,0.0007358872467323697
KEEP,ARVINAS     INC,04335A105,,574011.0,-0.4061753928155017,4770031.0,0.002542472302358702,0.0017264352656275502,-0.0008160370367311517
ADD,AMETEK     INC,031100100,PUT,19700.0,556.6666666666666,4766218.0,0.00026762555314171615,0.001725055212192292,0.001457429659050576
ADD,HECLA   MINING     COMPANY,422704106,CALL,308200.0,90.71782178217822,4755526.0,0.0012529010874119484,0.0017211854164068793,0.0004682843289949309
ADD,TENAYA   THERAPEUTICS         INC,87990A106,,6429648.0,17.831071207217008,4752153.0,0.0015723421570843744,0.0017199646138269878,0.00014762245674261338
TRIM,COMPASS     INC,20464U100,,384828.0,-92.71575038117439,4744929.0,0.016071699347968267,0.0017173500043288748,-0.014354349343639392
TRIM,NCINO   INC,63947X101,,289882.0,-93.41629453588921,4739571.0,0.027448919057454002,0.001715410763231022,-0.02573350829422298
KEEP,ARMADA  ACQUISITION            CORP  II,G0R38G104,,454850.0,0.0,4739537.0,0.00195159363428304,0.001715398457483107,-0.000236195176799933
TRIM,COLGATE     PALMOLIVE    CO,194162103,CALL,51600.0,-45.56962025316456,4730688.0,0.003362508575568593,0.0017121957056214234,-0.0016503128699471696
TRIM,TABOOLA.COM     LTD,M8744T106,,946073.0,-43.746636801963604,4730365.0,0.0021697037990774984,0.001712078801016234,-0.0004576249980612645
ADD,KINROSS   GOLD     CORP,496902404,PUT,200200.0,27.67857142857143,4728724.0,0.0019915589336934685,0.0017114848677124684,-0.0002800740659810001
TRIM,CAMDEN   PPTY   TR,133131102,,41292.0,-55.04164625183734,4727521.0,0.0037328009140783947,0.0017110494613965447,-0.00202175145268185
TRIM,COPART   INC,217204106,PUT,167500.0,-59.38409311348206,4721825.0,0.00569795893736296,0.0017089878866870694,-0.003988971050675891
TRIM,UWM    HOLDINGS     CORPORATION,91823B109,,2059975.0,-8.876791079371932,4717343.0,0.003405682068966036,0.0017073656995649014,-0.0016983163694011347
NEW,HENNESSY    CAP      INVTS    CORP   VIII,G44055104,,475000.0,,4716750.0,0.0,0.001707151072843918,0.001707151072843918
TRIM,MOLINA   HEALTHCARE     INC,60855R100,PUT,20600.0,-2.3696682464454977,4711220.0,0.0011705101379812545,0.0017051495791389672,0.0005346394411577127
NEW,BLUE   WTR   ACQUISITION       CORP   IV,G1368A104,,475000.0,,4702500.0,0.0,0.0017019935167326072,0.0017019935167326072
ADD,EVERSOURCE      ENERGY,30040W108,,64917.0,22.649209318143175,4691552.0,0.001526033714237692,0.0016980310659040717,0.00017199735166637973
ADD,THE  REAL  BROKERAGE    INC,75585H206,,2577208.0,74.94087652085138,4690519.0,0.0015327127005261344,0.001697657188327722,0.00016494448780158752
ADD,BRIGHT   MINDS   BIOSCIENCES     INC,10919W405,,66740.0,26.32495457298607,4685148.0,0.0016043679150647512,0.0016957132420909605,9.134532702620934e-05
TRIM,EASTMAN   KODAK       CO,277461406,,506311.0,-52.17340377598029,4683377.0,0.003987117601776508,0.0016950722573981093,-0.0022920453443783986
TRIM,SENECA   FOODS   CORP  NEW,817070501,,26838.0,-31.057336621454994,4668202.0,0.002448198258998157,0.0016895799125567657,-0.0007586183464413914
TRIM,KKR   &  CO   INC,48251W104,CALL,50800.0,-95.36538636985676,4662424.0,0.04219436790737349,0.0016874886592787898,-0.0405068792480947
TRIM,MONOPAR   THERAPEUTICS         INC,61023L207,,50311.0,-4.985741534626353,4658295.0,0.0012073633768604991,0.0016859942347746773,0.00047863085791417814
ADD,BANCO  SANTANDER          BRASIL   S    A,05967A107,,886680.0,295.4720616570328,4655070.0,0.000553309630304516,0.0016848269983915911,0.001131517368087075
TRIM,EBAY   INC.,278642103,PUT,41500.0,-67.92890262751159,4637625.0,0.0049015527669908805,0.0016785130639100602,-0.0032230397030808206
TRIM,DRAFTKINGS      INC  NEW,26142V105,CALL,183500.0,-58.17187143834055,4635210.0,0.003947170613500524,0.0016776389938743537,-0.00226953161962617
TRIM,FLAGSTAR   BANK    NATIONAL    ASSOC,649445400,,310173.0,-93.90137775582625,4633985.0,0.02787536789984418,0.0016771956250156619,-0.02619817227482852
NEW,SPORTRADAR        GROUP       AG,H8088L103,,309241.0,,4629338.0,0.0,0.0016755137188227316,0.0016755137188227316
NEW,MAPLIGHT    THERAPEUTICS        INC,56565P103,,128841.0,,4617661.0,0.0,0.001671287418281554,0.001671287418281554
TRIM,SPDR   GOLD   TR,78463V107,,12532.0,-63.37707121774453,4616538.0,0.0061276105636322445,0.0016708809666666066,-0.004456729596965638
TRIM,PENNANT  GROUP  INC,70805E109,,124674.0,-17.77097706077115,4606704.0,0.0019232172021649192,0.0016673217100491586,-0.0002558954921157606
NEW,FOX   CORP,35137L105,CALL,88100.0,,4595296.0,0.0,0.0016631927696900124,0.0016631927696900124
NEW,ELMET   GROUP   CO   (THE),289395105,,232244.0,,4584497.0,0.0,0.0016592842469920442,0.0016592842469920442
KEEP,BCE    INC,05534B760,CALL,150000.0,0.0,4582500.0,0.0021910937010809475,0.0016585614652689362,-0.0005325322358120113
ADD,ONEOK   INC   NEW,682680103,CALL,52700.0,39.787798408488065,4581738.0,0.0014181569949581476,0.001658285671742142,0.00024012867678399434
ADD,ISHARES  TR,464287515,,50522.0,174.57608695652175,4577293.0,0.000612973548755204,0.001656676876169175,0.001043703327413971
KEEP,JENA   ACQUISITION       CORP   II,G5093B105,,441500.0,0.0,4573940.0,0.0018777777058800332,0.0016554633122645279,-0.00022231439361550536
TRIM,AEROVIRONMENT     INC,008073108,PUT,27700.0,-25.135135135135133,4572439.0,0.0028186037936117937,0.0016549200496874697,-0.001163683743924324
TRIM,YUM   BRANDS     INC,988498101,CALL,28600.0,-6.229508196721312,4571996.0,0.0019734991611859458,0.0016547597130308165,-0.0003187394481551293
TRIM,INTERCORP     FINL  SVCS        INC,P5626F128,,80252.0,-87.87871464713213,4571154.0,0.013831633766303331,0.0016544549648030461,-0.012177178801500285
NEW,EDESA   BIOTECH      INC,27966L306,,561751.0,,4567036.0,0.0,0.001652964521570318,0.001652964521570318
ADD,FIFTH  THIRD     BANCORP,316773100,PUT,80800.0,2.4081115335868186,4554696.0,0.0015255230832839927,0.0016484982589448035,0.00012297517566081076
KEEP,GRAYSCALE    BITCOIN   TRUST    ETF,389637109,,100000.0,0.0,4552000.0,0.0021956714846919426,0.00164752248552192,-0.0005481489991700226
KEEP,FORTRESS     VALUE  ACQU   CORP      V,G3645T104,,450000.0,0.0,4549500.0,0.0018783478480206752,0.0016466176511164268,-0.00023173019690424842
ADD,LG   DISPLAY     CO  LTD,50186V102,,1169282.0,3449.086383779518,4548507.0,5.3198007181230296e-05,0.0016462582508905649,0.0015930602437093345
ADD,CHEWY   INC,16679L109,PUT,231100.0,824.4,4541115.0,0.0002809094488565317,0.0016435828365204028,0.001362673387663871
ADD,SOUTHERN     CO,842587107,PUT,47400.0,94.26229508196722,4536654.0,0.000980098477168343,0.0016419682500072408,0.0006618697728388977
NEW,CHARLES     RIV  LABS  INTL     INC,159864107,PUT,20000.0,,4535800.0,0.0,0.0016416591585743242,0.0016416591585743242
NEW,CAPRI   HOLDINGS    LIMITED,G1890L107,,244167.0,,4534181.0,0.0,0.001641073187813327,0.001641073187813327
NEW,ISHARES  TR,464287226,,45763.0,,4529622.0,0.0,0.0016394231317914695,0.0016394231317914695
ADD,D-WAVE  QUANTUM        INC,26740W109,CALL,188800.0,1715.3846153846152,4529312.0,6.245428564266285e-05,0.0016393109323251886,0.0015768566466825256
ADD,ARCHER   AVIATION     INC,03945R102,,955777.0,2609.272067577527,4520825.0,7.590256540532777e-05,0.0016362392004854202,0.0015603366350800925
NEW,COLLIERS   INTL  GROUP        INC,194693107,,48201.0,,4517422.0,0.0,0.0016350075398926633,0.0016350075398926633
NEW,SELECT  SECTOR  SPDR  TR,81369Y860,,102524.0,,4514132.0,0.0,0.0016338167778150343,0.0016338167778150343
NEW,AMERICAN     DRIVE      ACQUISITION        C,G0R91M105,,450000.0,,4509000.0,0.0,0.0016319593337474378,0.0016319593337474378
ADD,PRELUDE   THERAPEUTICS         INC,74065P101,,844993.0,120.77640782051382,4503813.0,0.0005447400193847328,0.0016300819833229207,0.001085341963938188
TRIM,TEEKAY   TANKERS      LTD,G8726X106,,69424.0,-16.150538673365862,4503535.0,0.0025263551747508268,0.0016299813657370298,-0.0008963738090137969
NEW,LAUNCHPAD   CADENZA       ACQU   CORP,G6001S107,,450000.0,,4500000.0,0.0,0.0016287019298876627,0.0016287019298876627
NEW,GLASS   HOUSE      BRANDS  INC,377130406,,362893.0,,4488986.0,0.0,0.001624715591430822,0.001624715591430822
ADD,TEMPUS   AI   INC,88023B103,CALL,77400.0,287.0,4483782.0,0.0003763770452531071,0.0016228320881323474,0.0012464550428792404
TRIM,NORTHROP   GRUMMAN    CORP,666807102,PUT,8800.0,-57.48792270531401,4481928.0,0.005877194979894992,0.0016221610629372336,-0.004255033916957758
NEW,VEECO   INSTRS      INC  DEL,922417100,CALL,59100.0,,4479780.0,0.0,0.0016213836292160338,0.0016213836292160338
TRIM,10X   GENOMICS     INC,88025U109,,116833.0,-94.35156598243873,4479377.0,0.01827469070865419,0.0016212377699098685,-0.01665345293874432
ADD,OKLO   INC,02156V109,CALL,85500.0,181.25,4474215.0,0.0006273794176168599,0.0016193694678294061,0.0009919900502125462
TRIM,RESMED   INC,761152107,CALL,22900.0,-62.02321724709784,4462752.0,0.005633230741752072,0.0016152206211133388,-0.004018010120638732
TRIM,UNISYS   CORP,909214306,,1217555.0,-46.909949825083274,4456251.0,0.0019756423962401844,0.0016128676897252945,-0.00036277470651488995
NEW,ISHARES  TR,464288836,CALL,45000.0,,4455450.0,0.0,0.0016125777807817745,0.0016125777807817745
TRIM,KROGER  CO,501044101,CALL,80200.0,-53.372093023255815,4453506.0,0.005179520781796274,0.0016118741815480632,-0.003567646600248211
ADD,BLACK  HILLS  CORP,092113109,,59809.0,63.81090630221029,4449790.0,0.0010546501802462809,0.001610529235687738,0.0005558790554414572
TRIM,SYSCO   CORP,871829107,CALL,53200.0,-1.4814814814814816,4446456.0,0.0016029816789549125,0.0016093225485245724,6.340869569659846e-06
TRIM,THE   TRADE     DESK  INC,88339J105,CALL,245700.0,-39.61661341853035,4442256.0,0.003842242403028606,0.001607802426723344,-0.0022344399763052623
TRIM,CHEWY   INC,16679L109,,225670.0,-92.56364824444827,4434416.0,0.03409889010488326,0.0016049648660277176,-0.032493925238855546
ADD,XEROX  HOLDINGS     CORP,98421M106,,1415984.0,623.3154375443777,4432030.0,0.00010509509149264501,0.0016041012920711146,0.0014990062005784696
NEW,WILCO   63   CORP,G9640P120,,443200.0,,4409840.0,0.0,0.0015960699818879575,0.0015960699818879575
TRIM,EQUITY   LIFESTYLE    PROPERTIES,29472R108,,68398.0,-93.74599398171472,4408251.0,0.02841001390636667,0.0015954948691398263,-0.026814519037226845
ADD,VIRGIN   GALACTIC     HOLDINGS    INC,92766K403,,1524672.0,64.71259301511577,4406302.0,0.0009360918271536984,0.0015947894602373037,0.0006586976330836053
TRIM,DBV  TECHNOLOGIES  S  A,23306J309,,267783.0,-16.044695399722222,4391641.0,0.002772910854579717,0.0015894831493497297,-0.0011834277052299872
TRIM,HYSTER-YALE        INC,449172105,,125212.0,-8.192249880852,4389933.0,0.0018452113532714124,0.001588864966483897,-0.0002563463867875154
TRIM,SCHOLASTIC    CORP,807066105,,95416.0,-52.281740574223456,4389136.0,0.0032503595356935507,0.0015885765052754256,-0.001661783030418125
ADD,LIFE360   INC,532206109,,79283.0,21.294596413928158,4389107.0,0.0011103863603587347,0.0015885660091963217,0.000478179648837587
NEW,VIASAT   INC,92552V100,,48820.0,,4384524.0,0.0,0.001586907266764172,0.001586907266764172
TRIM,AURA  BIOSCIENCES        INC,05153U107,,617467.0,-43.74527958951447,4384016.0,0.0030559306616809176,0.0015867234044129755,-0.0014692072572679421
NEW,AVIAT   NETWORKS    INC,05366Y201,,197315.0,,4380393.0,0.0,0.001585412118392535,0.001585412118392535
TRIM,MAPLEBEAR  INC,565394103,CALL,92300.0,-63.474475662841314,4370405.0,0.003939449973359506,0.0015817971239757088,-0.0023576528493837972
TRIM,US     BANCORP,902973304,PUT,72300.0,-40.198511166253105,4366920.0,0.0026168313223628313,0.0015805357848144514,-0.00103629553754838
TRIM,EDWARDS    LIFESCIENCES         CORP,28176E108,CALL,48200.0,-60.132340777502066,4360172.0,0.0040291454007847635,0.0015780934557871444,-0.0024510519449976193
TRIM,BUILD-A-BEAR      WORKSHOP      INC,120076104,,142358.0,-61.02087531762026,4357578.0,0.005691990756020661,0.0015771545996080046,-0.0041148361564126565
TRIM,FISERV    INC,337738108,,88561.0,-81.51416792777749,4343917.0,0.011125006721437947,0.0015722102224826277,-0.00955279649895532
TRIM,ONESPAN     INC,68287N100,,301609.0,-70.11926180135055,4328089.0,0.004423274674719164,0.0015664815348945696,-0.0028567931398245944
TRIM,DARDEN     RESTAURANTS       INC,237194105,PUT,21000.0,-44.148936170212764,4326210.0,0.0030675744623765576,0.001565801461355401,-0.0015017730010211566
ADD,LLOYDS   BANKING     GROUP  PLC,539439109,CALL,740600.0,84.87269096355466,4317698.0,0.0008385742160236901,0.0015627206811715778,0.0007241464651478877
NEW,GALAXY   DIGITAL   INC.,36317J209,CALL,157800.0,,4314252.0,0.0,0.001561473457427046,0.001561473457427046
TRIM,MANULIFE   FINL    CORP,56501R106,CALL,75000.0,-28.57142857142857,4314000.0,0.0020939614560985553,0.0015613822501189722,-0.000532579205979583
TRIM,TALOS     ENERGY    INC,87484T108,,333953.0,-69.19585247717728,4311333.0,0.007110414927076833,0.0015604169727751922,-0.00554999795430164
ADD,JOHNSON      CONTROLS    INTERNATION,G51502105,PUT,29500.0,35.944700460829495,4310245.0,0.0011825725977962272,0.0015600231888419215,0.00037745059104569425
TRIM,EVGO   INC,30052F100,,2255090.0,-43.389756389861574,4307222.0,0.0028514115202653576,0.0015589290630787993,-0.0012924824571865583
TRIM,SOUTHERN     CO,842587107,CALL,45000.0,-15.254237288135593,4306950.0,0.0021329192269524187,0.0015588306170954817,-0.000574088609856937
TRIM,PARKER-HANNIFIN       CORP,701094104,PUT,4400.0,-25.423728813559322,4303728.0,0.0021981334999503655,0.0015576644665136823,-0.0006404690334366832
TRIM,PREFORMED  LINE      PRODS     CO,740444104,,10474.0,-53.95436760891547,4300205.0,0.002563038619474318,0.0015563893738694615,-0.0010066492456048564
TRIM,YUM   BRANDS     INC,988498101,,26897.0,-78.56266139573437,4299754.0,0.008118393354922577,0.0015562261417427102,-0.006562167213179867
TRIM,CAVA   GROUP   INC,148929102,CALL,54700.0,-16.232771822358348,4292856.0,0.0021984889024234374,0.0015537295226510737,-0.0006447593797723637
ADD,WIPRO   LTD,97651M109,,1906395.0,73.60866369972106,4289389.0,0.0009688129920808001,0.0015524746982975355,0.0005836617062167354
NEW,EQUINOR  ASA,29446M102,CALL,136600.0,,4289240.0,0.0,0.001552420770166968,0.001552420770166968
NEW,DAEDALUS    SPL    ACQUISITION         COR,G2616C108,,425000.0,,4288250.0,0.0,0.001552062455742393,0.001552062455742393
NEW,BOOST  RUN    INC,09940T100,,110357.0,,4282955.0,0.0,0.0015501460164715586,0.0015501460164715586
ADD,DROPBOX    INC,26210CAD6,,4233000.0,144.25851125216386,4279144.0,0.000685503952287814,0.0015487666869038249,0.0008632627346160109
ADD,INSTEEL   INDS     INC,45774W108,,141487.0,86.27985359559733,4272907.0,0.0010623845537381306,0.0015465093060290005,0.00048412475229086985
ADD,ARHAUS  INC,04035M102,,506694.0,41.19466535882874,4266363.0,0.0010125574599431787,0.0015441408114891817,0.000531583351546003
NEW,CHURCHILL   CAP    CORP  XII,G2131M102,,400000.0,,4260000.0,0.0,0.0015418378269603206,0.0015418378269603206
TRIM,PANGAEA    LOGISTICS     SOLUTION    L,G6891L105,,655360.0,-21.424186617556785,4259840.0,0.002457462444540372,0.001541779917558369,-0.0009156825269820031
ADD,W   &  T   OFFSHORE        INC,92922P106,,1350970.0,44.47841705460679,4255556.0,0.0013269654646163884,0.0015402293933211159,0.00021326392870472748
TRIM,TSAKOS   ENERGY     NAVIGATION         LTD,G9108L173,,119816.0,-17.964026757409982,4237892.0,0.0023984469067138596,0.0015338361953456635,-0.0008646107113681962
TRIM,KAISER     ALUMINIUM    CORPORATION,483007704,,21626.0,-65.84649399873658,4230694.0,0.003175605577812436,0.0015312309961253677,-0.0016443745816870684
NEW,VERACYTE    INC,92337F107,,71982.0,,4227503.0,0.0,0.0015300760654901964,0.0015300760654901964
TRIM,BWX   TECHNOLOGIES       INC,05605H100,,21686.0,-36.495944244340976,4221180.0,0.0029061139536060198,0.001527787558311823,-0.0013783263952941967
TRIM,AMERICAN   AIRLINES     GROUP    INC,02376R102,,233598.0,-52.66418232551353,4221116.0,0.002205698079286462,0.0015277643945510423,-0.0006779336847354195
NEW,IRIS   ACQUISITION     CORP  II,G4940M109,,425000.0,,4220250.0,0.0,0.0015274509599129795,0.0015274509599129795
TRIM,DAILY   JOURNAL     CORP,233912104,,7018.0,-52.6706231454006,4219151.0,0.0029764491018160846,0.0015270531947083246,-0.00144939590710776
ADD,ISHARES  TR,464287614,,33944.0,681.0400368154625,4214826.0,0.0007712042231071112,0.0015254878311868215,0.0007542836080797103
ADD,NOVOCURE     LTD,G6674U108,,278068.0,204.84898317162745,4212730.0,0.0004137667171391311,0.001524729218021256,0.001110962500882125
NEW,QDRO  ACQUISITION          CORP,G7310E102,,425000.0,,4211750.0,0.0,0.0015243745229343028,0.0015243745229343028
ADD,MILESTONE    PHARMACEUTICALS          IN,59935V107,,3142219.0,103.46876467064898,4210573.0,0.0007648007361596217,0.0015239485268961966,0.0007591477907365749
ADD,SHERWIN     WILLIAMS    CO,824348106,CALL,12200.0,177.27272727272728,4200704.0,0.0005869634146018214,0.0015203766025970718,0.0009334131879952504
TRIM,INSPIRE   MED   SYS     INC,457730109,,94149.0,-75.61828945528374,4199987.0,0.008288872513568921,0.0015201170960895763,-0.006768755417479345
NEW,BANCO   BILBAO    VIZCAYA        ARGENTA,05946K101,,167533.0,,4198377.0,0.0,0.001519534382732439,0.001519534382732439
ADD,CBL    &  ASSOC   PPTYS      INC,124830878,,78971.0,236.04680851063827,4192570.0,0.00037583811527344896,0.0015174326333753593,0.0011415945181019104
NEW,VANECK  ETF  TRUST,92189F411,,330887.0,,4189029.0,0.0,0.0015161510259234189,0.0015161510259234189
NEW,PROCORE   TECHNOLOGIES      INC,74275K108,CALL,103000.0,,4183860.0,0.0,0.0015142801903066212,0.0015142801903066212
TRIM,AMERICAN   SUPERCONDUCTOR         CORP,030111207,,100762.0,-0.8013704024572734,4182631.0,0.0014309102839362342,0.0015138353737128808,8.292508977664659e-05
TRIM,THE   REALREAL   INC,88339P101,,354514.0,-15.996521516599808,4179720.0,0.0015947204441856518,0.0015127817845311245,-8.193865965452733e-05
ADD,PRUDENTIAL     PLC,74435K204,,155657.0,144.58603730299652,4173164.0,0.0007529679978494915,0.0015104089467861592,0.0007574409489366677
TRIM,STATE  STR    CORP,857477103,CALL,24600.0,-16.3265306122449,4172160.0,0.0015484827489038666,0.0015100455652889131,-3.8437183614953426e-05
TRIM,AMERICAN   TOWER     CORP,03027X100,CALL,25500.0,-25.65597667638484,4171035.0,0.002463469328962291,0.0015096383898064415,-0.0009538309391558494
ADD,AZENTA  INC,114340102,,163358.0,150.12708620425664,4168896.0,0.0005743037621066871,0.0015088642134891016,0.0009345604513824145
ADD,GE   HEALTHCARE      TECHNOLOGIES            I,36266G107,CALL,65100.0,82.35294117647058,4167051.0,0.0010575204505703748,0.0015081964456978476,0.0004506759951274728
TRIM,KURA  SUSHI    USA    INC,501270102,,72223.0,-69.3531413634782,4157156.0,0.0068445568145711075,0.0015046151111209056,-0.005339941703450202
TRIM,KESTRA    MED  TECHNOLOGIES          LTD,G52441105,,163387.0,-17.26863502640627,4156565.0,0.0016380125437948348,0.0015044012082674472,-0.00013361133552738762
TRIM,VIA   TRANSN  INC,92556W104,,228913.0,-31.8443555206212,4152482.0,0.002096633217078791,0.0015029234327163957,-0.0005937097843623951
ADD,AURINIA   PHARMACEUTICALS          INC,05156V102,,244302.0,108.50395582449283,4145805.0,0.0007226426783995262,0.0015005068009862046,0.0007778641225866784
ADD,PAN   AMERN     SILVER     CORP,697900108,CALL,92500.0,8.440797186400937,4143075.0,0.0019392902165852703,0.001499518721815406,-0.0004397714947698642
ADD,VANECK  ETF  TRUST,92189H607,,11132.0,430.09523809523813,4141438.0,0.0003532554925582626,0.0014989262362466891,0.0011456707436884265
ADD,NATIONAL     BEVERAGE     CORP,635017106,,132666.0,96.87764339244639,4139179.0,0.0009436497478954518,0.0014981086278778855,0.0005544588799824337
KEEP,LXP   INDUSTRIAL   TRUST,529043408,,76731.0,-0.04168675012701432,4134266.0,0.0014778150871387853,0.0014963304473042105,1.8515360165425243e-05
TRIM,CEVA   INC,157210105,,87428.0,-65.82520932196103,4123104.0,0.0019887681503393474,0.0014922905426505645,-0.0004964776076887829
ADD,IBOTTA     INC,451051106,,120472.0,23.59525201850769,4115324.0,0.0012157203289234445,0.00148947469798067,0.0002737543690572255
TRIM,DOLLAR   GEN   CORP,256677105,PUT,35700.0,-66.54170571696345,4109427.0,0.005272146406894714,0.0014873403745849928,-0.0037848060323097217
NEW,ARCUS   BIOSCIENCES       INC,03969F109,,133110.0,,4103781.0,0.0,0.001485296896563627,0.001485296896563627
NEW,ADVANCED   ENERGY    INDS,007973100,CALL,11000.0,,4101570.0,0.0,0.0014844966610154087,0.0014844966610154087
TRIM,ANNALY   CAPITAL    MANAGEMENT       IN,035710839,CALL,183300.0,-39.46499339498018,4098588.0,0.0026651939415644112,0.0014834173745365364,-0.0011817765670278748
NEW,UNITED   ACQUISITION         CORP   I,G92ALM108,,412500.0,,4098188.0,0.0,0.0014832726010316577,0.0014832726010316577
ADD,WILLIS    TOWERS      WATSON  PLC    LTD,G96629103,,15673.0,89.97575757575757,4096452.0,0.000998071271787257,0.0014826442840204833,0.00048457301223322623
ADD,SOUTHERN     COPPER      CORP,84265V105,CALL,23500.0,57.71812080536913,4095110.0,0.0010669123978915512,0.0014821585689116146,0.0004152461710200633
TRIM,SONY   GROUP     CORP,835699307,PUT,204100.0,-63.55357142857143,4094246.0,0.004824151601696171,0.001481845858141076,-0.0033423057435550945
TRIM,MGM   RESORTS     INTERNATIONAL,552953101,CALL,85600.0,-29.31461601981833,4092536.0,0.0018652017019763364,0.0014812269514077189,-0.0003839747505686175
NEW,VARONIS   SYS   INC,922280102,CALL,97500.0,,4091100.0,0.0,0.0014807072145252035,0.0014807072145252035
KEEP,OXLEY   BRIDGE     ACQ  LTD,G6858G107,,400000.0,0.0,4088000.0,0.0016862890174320984,0.001479585219862392,-0.00020670379756970638
ADD,ADVANSIX  INC,00773T101,,205610.0,3.773203993257088,4087527.0,0.0020119234121680546,0.0014794140251928728,-0.0005325093869751817
TRIM,STANLEY     BLACK  &    DECKER    INC,854502101,PUT,43400.0,-8.631578947368421,4084808.0,0.0014046929010339173,0.0014784299272934585,7.373702625954113e-05
TRIM,SAVERS   VALUE  VLG   INC,80517M109,,404657.0,-9.4708842012479,4082989.0,0.0013839942443557287,0.0014777715697800217,9.377732542429295e-05
NEW,EROCK   INC,296013105,,281364.0,,4079778.0,0.0,0.001476609400469606,0.001476609400469606
KEEP,BRIGHTHOUSE     FINL  INC,10922N103,PUT,64400.0,0.0,4076520.0,0.0016048344328309263,0.0014754302202723676,-0.0001294042125585587
NEW,ISHARES  TR,464288786,,28998.0,,4075959.0,0.0,0.001475227175431775,0.001475227175431775
TRIM,ABCELLERA      BIOLOGICS    INC,00288U106,,518571.0,-59.94273019541564,4070782.0,0.0018802467958949453,0.0014733534443448796,-0.0004068933515500657
ADD,DIODES  INC,254543101,,37185.0,296.97875520444114,4069526.0,0.0002660903309834469,0.0014728988555395598,0.001206808524556113
TRIM,LARIMAR   THERAPEUTICS       INC,517125100,,1333037.0,-63.22938544299224,4065763.0,0.006789165632878063,0.0014715368987924114,-0.005317628734085651
ADD,SOUTHERN    FIRST     BANCSHARES,842873101,,66487.0,407.41814851560713,4062356.0,0.0002971872150529382,0.0014703037904646055,0.0011731165754116672
TRIM,ALIGN   TECHNOLOGY        INC,016255101,,24056.0,-78.99626305312053,4057285.0,0.008171019555314579,0.0014684684243565032,-0.006702551130958075
NEW,ANTERO   MIDSTREAM     CORP,03676B102,,178300.0,,4056325.0,0.0,0.0014681209679447938,0.0014681209679447938
TRIM,V2X  INC,92242T101,,54356.0,-68.51792860990287,4052783.0,0.004921951370761475,0.0014668389985590911,-0.003455112372202384
TRIM,ROBERT  HALF  INC.,770323103,,131978.0,-91.27893299782465,4051725.0,0.01599661953512648,0.0014664560726386866,-0.014530163462487795
TRIM,EGH  ACQUISITION      CORP.,G2946P100,,392945.0,-5.011639515854157,4043404.0,0.0017577199205737765,0.001463444421803443,-0.0002942754987703335
KEEP,ARK  ETF   TR,00214Q104,CALL,50000.0,0.0,4041000.0,0.0014064199739417021,0.001462574333039121,5.6154359097418784e-05
NEW,GENERAL   CATALYST     GBL   RESIL    M,G3793T104,,400000.0,,4036000.0,0.0,0.0014607646642281345,0.0014607646642281345
TRIM,KROGER  CO,501044101,PUT,72600.0,-54.76635514018692,4031478.0,0.004833215613245942,0.0014591279997554787,-0.0033740876134904633
TRIM,MGM   RESORTS     INTERNATIONAL,552953101,PUT,84300.0,-73.93320964749536,4030383.0,0.004981058880422355,0.0014587316822858726,-0.0035223271981364825
TRIM,COGNYTE   SOFTWARE       LTD,M25133105,,457865.0,-1.7431779359125126,4020055.0,0.001570805270277519,0.0014549936303898993,-0.00011581163988761984
TRIM,INTERCONTINENTAL        EXCHANGE     IN,45866F104,PUT,32600.0,-31.512605042016805,4013386.0,0.003115609561968878,0.0014525798941298059,-0.0016630296678390724
TRIM,REALTY   INCOME   CORP,756109104,CALL,64700.0,-3.863298662704309,4008812.0,0.0017135118480802484,0.0014509244091015156,-0.0002625874389787328
TRIM,CLIMB  GLOBAL     SOLUTIONS  INC,946760105,,172704.0,-16.9784110410868,4008460.0,0.0017158431884246846,0.001450797008417222,-0.0002650461800074626
ADD,MESHFLOW   ACQUISITION       CORP,G6032N101,,400000.0,100.0,4004000.0,0.0008231687256862515,0.0014491827838378224,0.0006260140581515708
NEW,SPARTACUS  ACQUISITION      CORP  I,G8303R100,,400000.0,,4004000.0,0.0,0.0014491827838378224,0.0014491827838378224
ADD,ACTIVATE     ENERGY    ACQUISIT      COR,G0081J103,,400000.0,100.0,4000000.0,0.0008231687256862515,0.0014477350487890333,0.0006245663231027817
KEEP,ALECTOR  INC,014442107,,1988835.0,0.4854928138575383,3997558.0,0.0017709097636434937,0.0014468512065417475,-0.00032405855710174614
NEW,VINE   HILL   CAP     INVTS   CORP   II,G9709D109,,400000.0,,3992000.0,0.0,0.0014448395786914553,0.0014448395786914553
TRIM,BURLINGTON        STORES     INC,122017106,CALL,12600.0,-8.02919708029197,3991680.0,0.001855128497221414,0.0014447237598875522,-0.0004104047373338618
ADD,CHEWY   INC,16679L109,CALL,203100.0,35.4,3990915.0,0.0016854566931391902,0.0014444468805594713,-0.00024100981257971893
NEW,EPLUS   INC,294268107,,47935.0,,3989630.0,0.0,0.0014439817956750478,0.0014439817956750478
NEW,SOCIAL     COMM  PARTNERS   CORP,G8254P103,,400000.0,,3988000.0,0.0,0.0014433918436426662,0.0014433918436426662
TRIM,INTERACTIVE    BROKERS       GROUP   IN,45841N107,CALL,45800.0,-21.843003412969285,3986432.0,0.0016356429165329247,0.0014428243315035409,-0.00019281858502938386
TRIM,JINKOSOLAR     HLDG     CO   LTD,47759T100,,237270.0,-13.61539609782027,3986136.0,0.0029045154748014897,0.0014427171991099304,-0.0014617982756915593
TRIM,VANECK  ETF  TRUST,92189H607,CALL,10700.0,-15.079365079365079,3980721.0,0.0021195329553495754,0.0014407573277876323,-0.0006787756275619431
NEW,APOGEE     ACQUISITION   CORP,G04126101,,400000.0,,3980000.0,0.0,0.0014404963735450882,0.0014404963735450882
KEEP,BTC   DEV   CORP,G0701G109,,393800.0,0.0,3965566.0,0.0016372076862035923,0.0014352722216215328,-0.00020193546458205955
ADD,NEW  AMER  ACQUISITION       I   CORP,023634108,,390130.0,3.9986138138778555,3959820.0,0.0015627100842046937,0.0014331925502239474,-0.00012951753398074634
TRIM,LINEAGE   CELL   THERAPEUTICS          IN,53566P109,,3018567.0,-45.722639764921404,3954323.0,0.0036568047121901142,0.0014312030003331491,-0.002225601711856965
TRIM,SOUTH   BOW   CORP,83671M105,,111843.0,-49.7047753099522,3941347.0,0.0030835401069631233,0.0014265065478348774,-0.001657033559128246
TRIM,BILL   HOLDINGS      INC,090043100,,108966.0,-92.42163332072197,3940211.0,0.022918001546581603,0.0014260953910810214,-0.021491906155500583
TRIM,TYSON  FOODS     INC,902494103,PUT,68800.0,-59.71896955503513,3938800.0,0.004554127289942293,0.001425584702542561,-0.003128542587399732
ADD,TELECOM     ARGENTINA   SA,879273209,,302200.0,67.28202686919121,3928600.0,0.0008788653703947923,0.001421892978168149,0.0005430276077733568
TRIM,UROGEN    PHARMA    LTD,M96088105,,106692.0,-71.2341398443777,3926266.0,0.002775279649517334,0.0014210482247671806,-0.0013542314247501532
TRIM,SKYWORKS     SOLUTIONS   INC,83088M102,CALL,57900.0,-9.247648902821316,3925620.0,0.00142181381173904,0.001420814415556801,-9.993961822389336e-07
ADD,NIOCORP     DEVS     LTD,654484609,,813682.0,293.4099831744251,3921947.0,0.0003838900204830433,0.0014194850328482509,0.0010355950123652076
TRIM,TYSON  FOODS     INC,902494103,CALL,68400.0,-45.97156398104265,3915900.0,0.003375600204371747,0.001417296419388244,-0.001958303784983503
TRIM,PAYCOM   SOFTWARE     INC,70432V102,CALL,31100.0,-66.12200435729847,3908648.0,0.00464327588030711,0.0014146716757447893,-0.0032286042045623206
KEEP,TRUMP   MEDIA     &  TECHNOLOGY      GRO,25400Q113,CALL,1224883.0,0.0,3907377.0,0.002520713264531348,0.0014142116579330367,-0.0011065016065983115
TRIM,BWX   TECHNOLOGIES       INC,05605H100,PUT,20000.0,-26.199261992619927,3893000.0,0.002306237027599727,0.0014090081362339267,-0.0008972288913658001
TRIM,ASHLAND   INC,044186104,,59037.0,-71.46247734138973,3889948.0,0.004787662088532927,0.0014079035143917005,-0.003379758574141227
TRIM,BLUE   BIRD    CORP,095306106,,49262.0,-82.81044451655902,3889728.0,0.0067730118830012995,0.0014078238889640173,-0.005365187994037282
TRIM,DOLLAR   GEN   CORP,256677105,CALL,33700.0,-40.35398230088496,3879207.0,0.0027917176381401254,0.0014040159838519398,-0.0013877016542881856
TRIM,CAVA   GROUP   INC,148929102,PUT,49300.0,-53.79568884723523,3869064.0,0.0035923241330563663,0.001400344889701973,-0.002191979243354393
NEW,MATCH   GROUP  INC   NEW,57667L107,CALL,101600.0,,3865880.0,0.0,0.001399192492603137,0.001399192492603137
NEW,ELEDON   PHARMACEUTICALS       INC,28617K101,,979712.0,,3860065.0,0.0,0.0013970878477759599,0.0013970878477759599
TRIM,PINTEREST     INC,72352L106,CALL,183500.0,-37.13600548132922,3859005.0,0.0022279015782862284,0.0013967041979880308,-0.0008311973802981975
ADD,BITGO  HOLDINGS    INC,091947101,,744483.0,880.6151211801897,3856422.0,0.0002600272646717568,0.0013957693230802755,0.0011357420584085186
TRIM,IRON  MTN  INC   DEL,46284V101,CALL,30500.0,-54.74777448071217,3852455.0,0.0028649584304567327,0.001394333531845639,-0.0014706248986110938
ADD,CITI   TRENDS   INC,17306X102,,66577.0,519.6667907669397,3850814.0,0.00019369434782414154,0.0013937395985418731,0.0012000452507177316
TRIM,LAS  VEGAS  SANDS     CORP,517834107,PUT,83300.0,-44.79787939032472,3847627.0,0.0033836030024480593,0.0013925861156417504,-0.001991016886806309
NEW,ACM   RESH   INC,00108J109,CALL,30300.0,,3844767.0,0.0,0.0013915509850818664,0.0013915509850818664
TRIM,BRITISH  AMERN    TOB  PLC,110448107,PUT,62100.0,-20.891719745222932,3835296.0,0.0019101405551990378,0.001388123110420096,-0.0005220174447789418
ADD,BANK   HAWAII    CORP,062540109,,47051.0,918.199523912573,3834186.0,0.00014278897790772702,0.0013877213639440571,0.00124493238603633
KEEP,RITHM   CAPITAL    CORP,64828T201,,408272.0,0.0,3833674.0,0.0016107218787168127,0.001387536053857812,-0.00022318582485900064
ADD,DOW  HLDGS   INC,260557103,CALL,140100.0,7.438650306748467,3833136.0,0.0022602432033357643,0.00138734133349375,-0.0008729018698420143
TRIM,SONIC    AUTOMOTIVE     INC,83545G102,,45199.0,-13.245681381957775,3832423.0,0.001486738019720908,0.0013870832747213033,-9.965474499960478e-05
NEW,ISHARES  TR,46429B598,,77097.0,,3807821.0,0.0,0.0013781789803037263,0.0013781789803037263
TRIM,ISHARES  INC,46434G772,,35037.0,-65.27345530953278,3805369.0,0.0029778074550621107,0.0013772915187188187,-0.001600515936343292
ADD,RED  RIVER     BANCSHARES       INC,75686R202,,41556.0,52.84684419596881,3793232.0,0.0010232940271595484,0.0013728987286470307,0.00034960470148748236
NEW,PTC   THERAPEUTICS      INC,69366J200,,46494.0,,3792516.0,0.0,0.0013726395840732973,0.0013726395840732973
TRIM,EDISON     INTL,281020107,,50935.0,-82.81724920807878,3792111.0,0.009027730950005032,0.0013724930008996074,-0.007655237949105425
TRIM,KINDER   MORGAN  INC   DEL,49456B101,PUT,118600.0,-46.672661870503596,3791642.0,0.0031033510897829257,0.0013723232539651368,-0.001731027835817789
KEEP,GALATA   ACQUISITION      CORP     II,G3R25N108,,375000.0,0.0,3791250.0,0.0015590474411537507,0.0013721813759303557,-0.00018686606522339499
ADD,HOWMET     AEROSPACE      INC,443201108,PUT,14100.0,43.87755102040816,3790926.0,0.0009399055370638039,0.0013720641093914036,0.0004321585723275997
TRIM,SHAKE   SHACK  INC,819047101,,67661.0,-93.21260795114273,3790369.0,0.03670236761629068,0.0013718625122858597,-0.03533050510400482
TRIM,VERISK   ANALYTICS     INC,92345Y106,PUT,21100.0,-37.014925373134325,3788083.0,0.0026453867042039274,0.0013710351317054769,-0.0012743515724984505
TRIM,OXFORD    INDS  INC,691497309,,108195.0,-70.89184826472962,3772760.0,0.005957014463422746,0.0013654892206673283,-0.004591525242755418
NEW,TOWNEBANK   PORTSMOUTH        VA,89214P109,,104000.0,,3768960.0,0.0,0.0013641138723709788,0.0013641138723709788
ADD,HALL   CHADWICK     ACQUISITION       CO,G42386105,,375000.0,36.36363636363637,3765000.0,0.0011364347814295911,0.0013626806146726776,0.00022624583324308643
ADD,PLAYTIKA     HLDG   CORP,72815L107,,1011016.0,37.76143258721687,3760980.0,0.0008490585889793087,0.0013612256409486446,0.000512167051969336
TRIM,SMUCKER     J  M    CO,832696405,PUT,33400.0,-29.087048832271762,3757500.0,0.0018903433057300691,0.0013599661114561982,-0.0005303771942738709
NEW,WORKIVA   INC,98139AAD7,,4000000.0,,3754641.0,0.0,0.0013589313428300762,0.0013589313428300762
KEEP,GRUPO  FINANCIERO      GALICIA        S.A,399909100,PUT,75000.0,0.0,3752250.0,0.0014579200395653995,0.0013580659592046626,-9.985408036073686e-05
TRIM,ARROWHEAD     PHARMACEUTICALS          IN,04280AAC4,,3125000.0,-7.4074074074074066,3751189.0,0.0014513371867327883,0.0013576819474829713,-9.3655239249817e-05
ADD,CONMED   CORP,207410101,,114609.0,50.98209698454729,3751153.0,0.0011170382961076574,0.0013576689178675322,0.00024063062175987485
ADD,LEAPFROG     ACQUISITION        CORP,G5414D103,,375000.0,200.0,3748125.0,0.0005163011629446439,0.001356572982435599,0.000840271819490955
KEEP,RICE   ACQUISITION    CORP       3,G7553X106,,356350.0,0.011226179450478517,3741675.0,0.0015287949500794149,0.0013542385096694267,-0.00017455644040998818
TRIM,ARES   MANAGEMENT     CORPORATION,03990B101,PUT,33600.0,-45.718901453958,3740016.0,0.002810463662027151,0.0013536380615579411,-0.0014568256004692099
ADD,LIBERTY  LIVE   HOLDINGS        INC,530909100,,36926.0,12.155266674766128,3739127.0,0.0012556257009847837,0.001353316302443348,9.769060145856426e-05
TRIM,BILL   HOLDINGS      INC,090043100,CALL,103400.0,-87.22826086956522,3738944.0,0.01290422266536252,0.0013532500685648659,-0.011550972596797654
ADD,QUICKLOGIC     CORP,74837P405,,187080.0,13.378382473258386,3735988.0,0.0006441137136879266,0.0013521801923638106,0.000708066478675884
TRIM,CORPORACION              AMER  ARPTS     S  A,L1995B107,,148101.0,-53.21121785859837,3729183.0,0.0033314066975533444,0.0013497172331120584,-0.001981689464441286
TRIM,AXSOME       THERAPEUTICS      INC.,05464T104,CALL,15200.0,-49.501661129568106,3720504.0,0.0021172257524096337,0.0013465760099899485,-0.0007706497424196852
ADD,AGILENT     TECHNOLOGIES      INC,00846U101,PUT,28000.0,38.613861386138616,3719240.0,0.0009581700613473824,0.001346118525714531,0.0003879484643671486
TRIM,GENERAC   HLDGS      INC,368736104,CALL,12700.0,-59.163987138263664,3718687.0,0.0025280864092800757,0.001345918376344036,-0.0011821680329360397
NEW,KODIAK   AI   INC.,500081104,,731548.0,,3716264.0,0.0,0.001345041410838232,0.001345041410838232
TRIM,DIVERSIFIED       ENERGY    CO,25520W107,,267785.0,-60.21858719049946,3711500.0,0.004885568395107723,0.0013433171583951242,-0.003542251236712599
TRIM,ACADIAN   ASSET  MANAGEMENT      INC,10948W103,,51885.0,-25.1665849366833,3710815.0,0.0015702446998662456,0.0013430692337680192,-0.00022717546609822645
NEW,INFLECTION      PT   ACQUISIT       CORP,G4790S107,,358333.0,,3705163.0,0.0,0.0013410235841440801,0.0013410235841440801
ADD,KOPIN   CORP,500600101,,825215.0,495.31160951961846,3696963.0,0.00012979806034401516,0.0013380557272940628,0.0012082576669500476
ADD,ISHARES  TR,464287630,,16706.0,153.42839805825244,3695367.0,0.000520109878908992,0.001337478081009596,0.000817368202100604
ADD,REPLIGEN   CORP,759916109,PUT,27000.0,92.85714285714286,3683880.0,0.0006864511373331436,0.001333320547883236,0.0006468694105500924
ADD,NANO   DIMENSION      LTD,63008G203,,2537950.0,55.46096493054961,3680028.0,0.001154976469702708,0.0013319263790312521,0.00017694990932854413
TRIM,TEEKAY   CORPORATION       LTD,G8726T105,,367942.0,-40.34479012810057,3679420.0,0.0031340738440827545,0.0013317063233038364,-0.001802367520778918
TRIM,ETSY   INC,29786A106,PUT,48800.0,-52.015732546706,3676104.0,0.002115338040913318,0.00133050615094839,-0.0007848318899649279
ADD,TRUBRIDGE    INC,205306103,,140120.0,819.9658591031449,3672545.0,9.279666774063282e-05,0.00132921802868873,0.0012364213609480973
ADD,EVERPURE   INC,74624M102,PUT,46600.0,10.16548463356974,3671614.0,0.0010393200152573503,0.0013288810683561244,0.0002895610530987741
TRIM,RIGEL   PHARMACEUTICALS       INC,766559702,,93689.0,-64.5667713021444,3665114.0,0.0029754120257471208,0.0013265284989018421,-0.0016488835268452786
ADD,ANDERSEN     GROUP   INC,033853102,,97047.0,1017.0234806629834,3660613.0,9.834494147715916e-05,0.0013248994350381924,0.0012265544935610331
TRIM,PAN   AMERN     SILVER     CORP,697900108,PUT,81600.0,-29.836629406706795,3654864.0,0.002644073296469718,0.0013228186778393204,-0.0013212546186303976
ADD,RIVIAN  AUTOMOTIVE       INC,76954A103,,210204.0,22.872424375274004,3647039.0,0.00107148393907035,0.0013199865461501268,0.0002485026070797769
ADD,AKEBIA  THREAPEUTICS       INC,00972D105,,3196605.0,34.04569019416592,3644130.0,0.0013794738911209442,0.001318933680835895,-6.0540210285049125e-05
NEW,HESAI   GROUP,428050108,CALL,200000.0,,3644000.0,0.0,0.0013188866294468094,0.0013188866294468094
TRIM,KEYSIGHT  TECHNOLOGIES      INC,49338L103,PUT,10400.0,-71.96765498652292,3640728.0,0.004359684266416681,0.0013177023821769,-0.0030419818842397812
TRIM,MATERION  CORP,576690101,,12224.0,-15.754651964162647,3635295.0,0.0008734706604903074,0.0013157359960468823,0.0004422653355565749
TRIM,AMERICAN   TOWER     CORP,03027X100,PUT,22200.0,-47.26840855106889,3631254.0,0.003023675182195698,0.001314273421713843,-0.0017094017604818552
ADD,UNIVERSAL    INS   HLDGS    INC,91359V107,,87786.0,174.49423094962634,3630829.0,0.00045464507629888,0.0013141195998649091,0.0008594745235660291
NEW,VANGUARD    INDEX     FDS,922908769,PUT,9800.0,,3626392.0,0.0,0.00131251369976204,0.00131251369976204
TRIM,ADAPTHEALTH       CORP,00653Q102,,347920.0,-47.38211185384592,3625326.0,0.0032745793402928877,0.0013121278783715376,-0.00196245146192135
NEW,AGILON     HEALTH  INC,00857U206,,33817.0,,3624506.0,0.0,0.001311831092686536,0.001311831092686536
ADD,XP   INC,G98239109,,221187.0,364.7566817952597,3596501.0,0.0003771061613336947,0.0013016951376762017,0.0009245889763425069
ADD,ROGERS   CORP,775133101,,21914.0,333.597150771666,3587979.0,0.00022574549169545214,0.0012986107381547567,0.0010728652464593045
ADD,DRDGOLD    LIMITED,26152H301,,168025.0,257.50760654482013,3578932.0,0.000574453996641557,0.0012953363234081581,0.0007208823267666011
ADD,NEW  JERSEY    RES  CORP,646025106,,63839.0,126.57226007950028,3577538.0,0.0006439801256389147,0.0012948317877436552,0.0006508516621047405
NEW,HARROW   INC,415858109,,84182.0,,3575210.0,0.0,0.00129398920594526,0.00129398920594526
TRIM,GLOBAL    PMTS    INC,37940X102,PUT,49200.0,-40.507859733978236,3569952.0,0.002316237820141166,0.0012920861582236267,-0.0010241516619175393
ADD,LINCOLN   NATL   CORP      IND,534187109,PUT,100900.0,92.92543021032505,3566815.0,0.0007726674492140439,0.0012909507720116138,0.00051828332279757
NEW,BEONE   MEDICINES     LTD,07725L102,PUT,12500.0,,3562125.0,0.0,0.0012892533026669087,0.0012892533026669087
NEW,BEONE   MEDICINES     LTD,07725L102,CALL,12500.0,,3562125.0,0.0,0.0012892533026669087,0.0012892533026669087
TRIM,CF     INDUSTRIES      HOLD,125269100,,32860.0,-96.74342639905811,3557424.0,0.054522748675336026,0.0012875518520508195,-0.05323519682328521
TRIM,FISERV    INC,337738108,CALL,72500.0,-33.36397058823529,3556125.0,0.0025265370376088272,0.0012870817000937252,-0.001239455337515102
TRIM,WATSCO   INC,942622200,,8512.0,-81.79991019692532,3547206.0,0.0070806222951743285,0.0012838536128686878,-0.005796768682305641
TRIM,MONSTER   BEVERAGE       CORP  NEW,61174X109,CALL,36900.0,-67.63157894736842,3546828.0,0.0034376824410554795,0.0012837168019065774,-0.002153965639148902
NEW,CRANE   HBR   ACQUISITION     CORP     I,G25014104,,350000.0,,3545500.0,0.0,0.0012832361538703794,0.0012832361538703794
TRIM,AMBARELLA       INC,G037AX101,,41318.0,-97.26830184213432,3545084.0,0.0324015295097069,0.0012830855894253054,-0.031118443920281593
TRIM,COVENANT    LOGISTICS      GROUP  INC,22284P105,,80029.0,-62.694964712901935,3535681.0,0.0024238868987265997,0.0012796823262593644,-0.0011442045724672353
ADD,VIPSHOP   HLDGS   LTD,92763W103,,266633.0,80.99883241012273,3535554.0,0.0009637254098403986,0.0012796363606715655,0.0003159109508311669
TRIM,CAMTEK   LTD,M20791105,,21646.0,-18.0510335428182,3530896.0,0.0016665741680681274,0.0012779504732072506,-0.0003886236948608768
TRIM,NUTRIEN   LTD,67077M108,PUT,56000.0,-20.679886685552407,3525200.0,0.002217093847342815,0.001275888898497775,-0.00094120494884504
ADD,KYIVSTAR      GROUP  LTD,G5331N101,,217862.0,14.723383639982728,3522829.0,0.0007997837423527015,0.0012750307535476053,0.00047524701119490377
KEEP,FUTURECREST     ACQUISITION       CORP,G3730U107,,341500.0,0.0011713167943401973,3517450.0,0.0014297042460358102,0.0012730839118407463,-0.00015662033419506388
TRIM,TWILIO     INC,90138F102,PUT,17000.0,-76.22377622377621,3507610.0,0.003743848770580312,0.0012695224836207252,-0.002474326286959587
TRIM,PPG   INDS   INC,693506107,CALL,28900.0,-86.5518845974872,3505281.0,0.009558625254777237,0.0012686795398885679,-0.008289945714888669
ADD,KOREA   ELEC   PWR    CORP,500631106,,289235.0,77.51557369503176,3499744.0,0.0009662552595286932,0.0012666755126472815,0.0003004202531185883
ADD,DUKE   ENERGY     CORP  NEW,26441C204,CALL,27600.0,352.45901639344265,3493608.0,0.0003324028558858859,0.0012644546870824393,0.0009320518311965534
ADD,QUANTUM   COMPUTING     INC,74766W108,,359801.0,313.3980582524272,3490070.0,0.0002481117100944824,0.0012631741654317852,0.0010150624553373028
TRIM,PROFICIENT     AUTO  LOGISTICS     IN,74317M104,,511999.0,-23.928760333525492,3486713.0,0.0018990698097790654,0.001261959153792089,-0.0006371106559869763
NEW,COLUMBUS     CIRCLE  CAP  CORP       II,G2296M103,,343652.0,,3484631.0,0.0,0.0012612056076991944,0.0012612056076991944
TRIM,CENCORA   INC,03073E105,PUT,12300.0,-55.27272727272727,3480654.0,0.0035951623588951834,0.001259766197126936,-0.0023353961617682472
NEW,AXCELIS   TECHNOLOGIES        INC,054540208,CALL,18300.0,,3466935.0,0.0,0.0012548008278433517,0.0012548008278433517
TRIM,SIMON   PPTY    GROUP     INC   NEW,828806109,CALL,15500.0,-75.62893081761007,3466575.0,0.004937059721326346,0.001254670531688961,-0.0036823891896373847
ADD,MAXIMUS      INC,577933104,,64451.0,50.55830685853111,3464886.0,0.001141946016735083,0.0012540592255646096,0.00011211320882952664
ADD,FORESTAR   GROUP    INC,346232101,,109136.0,40.29206088029618,3454154.0,0.0007912224546758473,0.0012501749524287085,0.0004589524977528613
TRIM,EVERQUOTE      INC,30041R108,,145183.0,-81.2730405978882,3453904.0,0.004975027026271648,0.0012500844689881593,-0.0037249425572834886
ADD,NAVIGATOR     HLDGS   LTD,Y62132108,,184488.0,243.59786191868585,3437011.0,0.0004319288655346819,0.0012439703219433611,0.0008120414564086792
ADD,CENTERRA  GOLD    INC,152006102,,216703.0,904.6034027166103,3436801.0,0.00015946709208902238,0.0012438943158532996,0.0010844272237642773
TRIM,GENERAL   DYNAMICS        CORP,369550108,PUT,9700.0,-14.15929203539823,3436128.0,0.0016140374425376125,0.0012436507344313408,-0.00037038670810627164
TRIM,GRANITE   RIDGE     RESOURCES        INC,387432107,,777965.0,-42.690035647222885,3430826.0,0.0033161227265626706,0.0012417317616241709,-0.0020743909649384995
ADD,SHUTTERSTOCK     INC,825690100,,245741.0,146.102771073478,3428087.0,0.0006902290572986541,0.0012407404250495127,0.0005505113677508586
TRIM,TRIP  COM   GROUP     LTD,89677Q107,,85771.0,-20.721878177280708,3417117.0,0.0022417739272761303,0.0012367700116782088,-0.0010050039155979215
ADD,HA  SUSTAINABLE     INFRA   CAP  INC,41068X100,,87435.0,27.991743884765715,3414337.0,0.0010447763171595103,0.0012357638358193005,0.00019098751865979013
TRIM,PROLOGIS   INC.,74340W103,PUT,25100.0,-14.334470989761092,3400297.0,0.0016117435567863574,0.001230682285798051,-0.0003810612709883065
TRIM,FREEDOM   HOLDING    CORP,356390104,,26000.0,-56.65221740580193,3392220.0,0.0036164082687959597,0.0012277589468007836,-0.002388649321995176
TRIM,VANECK  ETF  TRUST,92189H607,PUT,9100.0,-17.272727272727273,3385473.0,0.001850385913400423,0.0012253169797072387,-0.0006250689336931843
ADD,QXO   INC,82846H405,PUT,195400.0,1177.124183006536,3376512.0,0.0001236525939273272,0.001222073691264189,0.001098421097336862
TRIM,PINTEREST     INC,72352L106,PUT,160300.0,-67.65536723163842,3371109.0,0.003782624262414028,0.0012201181631470372,-0.002562506099266991
TRIM,SCOTTS    MIRACLE-GRO          CO,810186106,,49470.0,-87.6379701981873,3369402.0,0.010127207203532327,0.0012195003422149667,-0.00890770686131736
ADD,RAMACO  RES   INC,75134PAB1,,4500000.0,200.0,3368374.0,0.0004792236126684605,0.0012191282743074278,0.0007399046616389674
KEEP,EVOLUTION       GLOBAL     ACQUISITION,G3226F101,,336000.0,0.0,3366720.0,0.0013927115928375033,0.0012185296358647535,-0.00017418195697274977
NEW,ENTEGRIS     INC,29362U104,CALL,18700.0,,3363382.0,0.0,0.001217321500966539,0.001217321500966539
NEW,LABCORP      HOLDINGS    INC,504922105,PUT,12000.0,,3360000.0,0.0,0.0012160974409827878,0.0012160974409827878
TRIM,FRANCO   NEV   CORP,351858105,PUT,16100.0,-26.81818181818182,3355884.0,0.002261882882192793,0.001214607721617584,-0.001047275160575209
ADD,NOVARTIS   AG,66987V109,PUT,21400.0,35.44303797468354,3353808.0,0.0010043865323596983,0.0012138563471272624,0.00020946981476756407
ADD,HERTZ   GLOBAL     HLDGS      INC,42806J700,CALL,1478400.0,447.75842904779546,3348576.0,0.0005178051729419291,0.0012119627096834466,0.0006941575367415175
TRIM,RIGETTI   COMPUTING      INC,76655K103,CALL,172900.0,-42.46256239600665,3340428.0,0.0017557964191328658,0.0012090136733890634,-0.0005467827457438024
ADD,ST  JOE  CO,790148100,,53303.0,168.0967709485967,3338367.0,0.000519615894441151,0.0012082677279051748,0.0006886518334640238
NEW,ACADEMY   SPORTS      &  OUTDOORS    IN,00402L107,,70826.0,,3338029.0,0.0,0.001208145394293552,0.001208145394293552
TRIM,WARNER   BROS    DISCOVERY     INC,934423104,CALL,125200.0,-87.3942811115586,3337832.0,0.011350103416347079,0.001208074093342399,-0.010142029323004679
TRIM,DEXCOM   INC,252131107,PUT,49400.0,-58.31223628691983,3327090.0,0.0030969954614822777,0.0012041862008688763,-0.0018928092606134014
ADD,AMPRIUS   TECHNOLOGIES      INC,03214Q108,PUT,240000.0,92.0,3326400.0,0.0008770617236520601,0.00120393646657296,0.00032687474292089993
TRIM,WHEATON  PRECIOUS      METALS       CORP,962879102,CALL,29600.0,-24.681933842239186,3324672.0,0.002142691130313308,0.0012033110450318833,-0.0009393800852814246
ADD,BARRICK     MNG  CORP,06849F108,CALL,90500.0,64.54545454545455,3324065.0,0.0009336389674624979,0.0012030913512382294,0.00026945238377573146
TRIM,NOVARTIS   AG,66987V109,CALL,21200.0,-86.75,3322464.0,0.010171002859338718,0.0012025118952849515,-0.008968490964053766
TRIM,ROPER   TECHNOLOGIES     INC,776696106,PUT,9800.0,-46.73913043478261,3316222.0,0.002709641723454297,0.0012002527047413163,-0.0015093890187129807
ADD,CERENCE   INC,156727109,,292947.0,53.47583497053046,3316160.0,0.0005012344285944189,0.0012002302648480602,0.0006989958362536413
NEW,SILVERCORP      METALS     INC,82835P103,,327759.0,,3312726.0,0.0,0.0011989873843086748,0.0011989873843086748
TRIM,TRIPADVISOR       INC,896945201,CALL,241500.0,-11.76470588235294,3310965.0,0.0012142121573046945,0.0011983500189534453,-1.5862138351249245e-05
TRIM,OPPFI   INC,68386H103,,333114.0,-24.598505614696677,3307822.0,0.001417522347684805,0.0011972124611388593,-0.00022030988654594573
TRIM,HEALTHSTREAM       INC,42222N103,,121342.0,-30.91043671354552,3306570.0,0.0015137053268111352,0.0011967593200685885,-0.00031694600674254665
ADD,STEEL  DYNAMICS      INC,858119100,PUT,14400.0,29.72972972972973,3304224.0,0.0008314919686153337,0.0011959102234624737,0.00036441825484713995
ADD,RESTAURANT     BRANDS  INTL     INC,76131D103,PUT,45500.0,266.93548387096774,3299205.0,0.00038135434452469836,0.0011940936779100055,0.0008127393333853071
TRIM,OIL   DRI   CORP   AMER,677864100,,32150.0,-44.78980629207309,3286052.0,0.0015773881231101305,0.0011893331631358253,-0.0003880549599743052
KEEP,PERIMETER     ACQUISITION         CORP  I,G7010A129,,314650.0,0.0,3278653.0,0.001343500002857157,0.0011866552152293276,-0.00015684478762782944
TRIM,SMARTFINANCIAL      INC,83190L208,,69875.0,-24.59966332872928,3278535.0,0.0015071819851654668,0.0011866125070453884,-0.0003205694781200784
ADD,UNITED  MICROELECTRONICS        CORP,910873405,PUT,120400.0,43.5041716328963,3276084.0,0.0003135457167057568,0.0011857254073942428,0.0008721796906884861
NEW,SCHMID     GROUP         N.V.,N68722102,,522993.0,,3273936.0,0.0,0.0011849479736730432,0.0011849479736730432
TRIM,OMEROS   CORP,682143102,,343839.0,-16.26121200460779,3269909.0,0.0018044919680516088,0.001183490466412675,-0.0006210015016389339
NEW,T1  ENERGY  INC,35834FAC8,,1900000.0,,3262543.0,0.0,0.0011808244623203296,0.0011808244623203296
TRIM,3D  SYS  CORP  DEL,88554D205,,1078080.0,-36.06877019199294,3255802.0,0.001319345119552667,0.001178384666829358,-0.00014096045272330902
KEEP,GORES     HLDGS     X  INC,G4002F109,,312000.0,0.0,3254160.0,0.0013295881184633423,0.0011777903715918302,-0.00015179774687151208
NEW,PDF   SOLUTIONS      INC,693282105,,45944.0,,3252376.0,0.0,0.0011771446817600702,0.0011771446817600702
ADD,CBOE      GLOBAL  MKTS      INC,12503M108,CALL,13400.0,45.65217391304348,3251778.0,0.0010761303894355101,0.0011769282453702762,0.00010079785593476612
TRIM,ELME   COMMUNITIES,939653101,,2196199.0,-58.01481201095798,3250375.0,0.004375565846249663,0.0011764204523019137,-0.003199145393947749
TRIM,ALLSTATE    CORP,020002101,PUT,13600.0,-29.533678756476682,3235984.0,0.0016653402473038909,0.0011712118635301327,-0.0004941283837737581
NEW,NEPTUNE   INS     HLDGS  INC,64073B103,,102675.0,,3234262.0,0.0,0.001170588613591629,0.001170588613591629
KEEP,YORKVILLE       ACQUISITION      CORP.,G98659116,,316500.0,0.0,3231465.0,0.0013316418786560934,0.0011695762848587634,-0.00016206559379732997
ADD,CARTESIAN    THERAPEUTICS       INC,816212302,,309887.0,8.993482626786298,3229023.0,0.0007276803211823534,0.0011686924426114777,0.0004410121214291243
KEEP,TEXAS   VENTURES      ACQUISITION         I,G8772L105,,305900.0,0.0,3227245.0,0.0013226885662372793,0.0011680489243822909,-0.00015463964185498847
TRIM,ZENTALIS     PHARMACEUTICALS        INC,98943L107,,664281.0,-48.498242393136415,3221763.0,0.0012560535156713383,0.0011660648034979254,-8.998871217341295e-05
TRIM,PEPGEN   INC,713317105,,1786765.0,-14.062428606401772,3216177.0,0.001531511240409321,0.0011640430415022916,-0.00036746819890702944
TRIM,KIMCO   REALTY   CORP,49446R109,,126817.0,-79.88545126365243,3214811.0,0.005895665504441066,0.0011635486399831302,-0.0047321168644579355
ADD,KAROOOOO   LTD,Y4600W108,,65055.0,144.06302757456388,3211115.0,0.000552865169132103,0.0011622109327980492,0.0006093457636659462
ADD,SHIFT4   PMTS    INC,82452J109,,65898.0,176.48737098262984,3205279.0,0.0004337495749254186,0.001160098687361866,0.0007263491124364474
KEEP,FIGX   CAP   ACQUISITION       CORP.,G3473K100,,313250.0,0.003192440301366364,3204548.0,0.0013166221706284176,0.0011598341137816998,-0.0001567880568467178
ADD,QUAKER     HOUGHTON,747316107,,20163.0,32.468300374482624,3203296.0,0.0007869230835408297,0.0011593809727114288,0.0003724578891705991
TRIM,MONSTER   BEVERAGE       CORP  NEW,61174X109,PUT,33300.0,-65.599173553719,3200796.0,0.002919014563983951,0.0011584761383059358,-0.001760538425678015
KEEP,PLUM   ACQUISITION       CORP     IV,G7134A104,,300098.0,-0.0006664445184938354,3199045.0,0.001318841147193311,0.0011578423922883282,-0.0001609987549049828
TRIM,NRG   ENERGY     INC,629377508,PUT,21900.0,-74.82758620689656,3198714.0,0.005291160439204056,0.001157722592213041,-0.004133437846991016
TRIM,ALX   ONCOLOGY   HLDGS       INC,00166B105,,1543594.0,-22.37625335733061,3195240.0,0.0016592638638035142,0.0011564652343231676,-0.0005027986294803466
TRIM,TIPTREE     INC,88822Q103,,177810.0,-45.01532248338647,3186355.0,0.0022770757136733938,0.001153249452846045,-0.0011238262608273487
NEW,BROOKFIELD   ASSET  MANAGMT      LTD,113004105,CALL,71000.0,,3184350.0,0.0,0.0011525237756528396,0.0011525237756528396
ADD,GOLAR     LNG  LTD,G9456A100,,63883.0,26.30840105186152,3183929.0,0.0011389196856060686,0.0011523714015389546,1.3451715932885936e-05
TRIM,BIOGEN    INC,09062X103,CALL,14700.0,-82.47914183551848,3176082.0,0.006401151029361514,0.0011495313073069926,-0.005251619722054521
TRIM,GE   HEALTHCARE      TECHNOLOGIES            I,36266G107,PUT,49600.0,-67.1523178807947,3174896.0,0.004472985659275255,0.0011491020538650265,-0.003323883605410228
TRIM,BROOKFIELD   INFRASTRUCTURE      CO,11276H106,,82047.0,-60.840866352936686,3158810.0,0.0034439473460081997,0.0011432799873663214,-0.0023006673586418785
NEW,ETORO   GROUP     LTD,G32089107,CALL,80000.0,,3157600.0,0.0,0.0011428420475140628,0.0011428420475140628
NEW,ONDAS    INC,68236H204,CALL,382900.0,,3155096.0,0.0,0.001141935765373521,0.001141935765373521
ADD,WEST   FRASER    TIMBER  CO     LTD,952845105,,46546.0,94.50085662947642,3150699.0,0.0006502346265379737,0.0011403443426211395,0.0004901097160831658
KEEP,PARAMOUNT     SKYDANCE     CORP,69932A204,PUT,319400.0,0.0,3149284.0,0.0011989581499885654,0.0011398322063476305,-5.9125943640934856e-05
KEEP,GLADSTONE      CAP   CORP,376535AG5,,3270000.0,0.0,3147323.0,0.0012795458688386735,0.0011391224542399616,-0.0001404234145987119
TRIM,NEW  ORIENTAL     ED   &  TECHNOLOGY,647581206,,68550.0,-75.5926482421722,3147130.0,0.0066190543615691835,0.0011390526010238576,-0.005480001760545326
NEW,CRISPR     THERAPEUTICS           AG,H17182108,CALL,57700.0,,3146958.0,0.0,0.0011389903484167595,0.0011389903484167595
TRIM,ACUSHNET     HLDGS    CORP,005098108,,26512.0,-18.47729159619938,3142467.0,0.0012651591434357547,0.0011373649038907319,-0.0001277942395450228
TRIM,SLM   CORP,78442P106,,121141.0,-77.23786367633464,3142398.0,0.004741954583825725,0.0011373399304611402,-0.003604614653364585
TRIM,MP   MATERIALS     CORP,553368101,CALL,56000.0,-3.1141868512110724,3136560.0,0.0011608543438592258,0.0011352269611574325,-2.5627382701793287e-05
NEW,ORUKA   THERAPEUTICS     INC,687604108,,32866.0,,3127857.0,0.0,0.0011320770516250298,0.0011320770516250298
NEW,HORIZON  BANCORP     IND,440407104,,156495.0,,3126770.0,0.0,0.0011316836296255215,0.0011316836296255215
TRIM,ANTERIX  INC,03676C100,,30340.0,-90.14685537246446,3123200.0,0.004893875823875241,0.0011303915260944771,-0.003763484297780764
TRIM,DOCUSIGN     INC,256163106,,70185.0,-96.58128276057582,3117618.0,0.040505467888634544,0.0011283712118338922,-0.03937709667680065
ADD,RISKIFIED     LTD,M8216R109,,616134.0,35.85417374086602,3105315.0,0.0007398622195333584,0.0011239183407575793,0.0003840561212242209
TRIM,ADC   THERAPEUTICS           SA,H0036K147,,2899535.0,-7.040979701547279,3102502.0,0.0048677770471846635,0.0011229002210845183,-0.003744876826100145
NEW,KEEL   INFRASTRUCTURE       CORP,486917107,,541957.0,,3102472.0,0.0,0.0011228893630716523,0.0011228893630716523
TRIM,PNC   FINL   SVCS  GROUP     INC,693475105,PUT,12600.0,-8.695652173913043,3102372.0,0.001195068698567805,0.0011228531696954327,-7.221552887237237e-05
TRIM,VULCAN      MATLS     CO,929160109,PUT,10500.0,-34.78260869565217,3097605.0,0.0018244673349192603,0.0011211278314510384,-0.0007033395034682218
ADD,PHILLIPS   66,718546104,CALL,18300.0,51.2396694214876,3093615.0,0.0009173786800762424,0.0011196837157398715,0.00020230503566362901
TRIM,GENCO   SHIPPING      &  TRADING    LTD,Y2685T131,,124805.0,-52.46320616734719,3092668.0,0.0024638326385161453,0.0011193409644670704,-0.001344491674049075
TRIM,MORGAN  STANLEY   DIRECT  LENDIN,61774A103,,204517.0,-25.90661749255505,3092297.0,0.0016036071706610332,0.0011192066870412954,-0.00048440048361973785
TRIM,EDGEWELL     PERSONAL      CARE  CO,28035Q102,,115096.0,-84.7116566047009,3091479.0,0.006685852547696536,0.001118910625223818,-0.005566941922472718
TRIM,WEBTOON  ENTMT     INC,94845U105,,270704.0,-40.20102056595021,3091440.0,0.00173132650108351,0.0011188965098070922,-0.0006124299912764178
TRIM,WPP    PLC     NEW,92937A102,,199372.0,-56.69158951589429,3088272.0,0.0029790988062025577,0.0011177499036484513,-0.0018613489025541064
TRIM,SONIDA   SENIOR    LIVING     INC,140475203,,75661.0,-11.681141149554094,3086969.0,0.0011497698650884203,0.0011172783039563085,-3.2491561132111857e-05
TRIM,XENIA   HOTELS    &    RESORTS   INC,984017103,,151588.0,-82.76899993179802,3086332.0,0.005429477754848134,0.0011170477521497888,-0.004312430002698345
TRIM,REALTY   INCOME   CORP,756109104,PUT,49800.0,-36.80203045685279,3085608.0,0.002006311049460974,0.0011167857121059579,-0.0008895253373550163
TRIM,EMBECTA   CORP,29082K105,,945968.0,-40.65985214644841,3083856.0,0.0058646576790709155,0.0011161516041545882,-0.004748506074916327
ADD,OBSIDIAN  ENERGY      LTD,674482203,,377546.0,18.37301612185135,3081889.0,0.00125838069439431,0.0011154396804443462,-0.00014294101394996374
KEEP,XPO   INC,983793100,PUT,15000.0,0.0,3079350.0,0.0012144651838897388,0.0011145207306221274,-9.994445326761141e-05
ADD,MCEWEN    INC.,58039P305,,169609.0,197.9726287310483,3075685.0,0.00048371649920157914,0.0011131942433836744,0.0006294777441820953
NEW,CARLSMED   INC,14280C105,,295907.0,,3071515.0,0.0,0.001111684979595312,0.001111684979595312
NEW,SUNSHINE  SILVER     MNG      &  REFNG,867866105,,232231.0,,3070094.0,0.0,0.0011111706717192296,0.0011111706717192296
TRIM,QUANTUM   EMOTION    CORP,74767K103,,985947.0,-33.91935583323727,3068156.0,0.0014171032724033259,0.0011104692440880913,-0.00030663402831523456
TRIM,PACS   GROUP  INC,69380Q107,,71909.0,-81.2249512405908,3066200.0,0.005119650030758798,0.0011097613016492335,-0.004009888729109565
KEEP,YUM   CHINA     HLDGS  INC,98850P109,PUT,75000.0,0.0,3065250.0,0.001522529212802402,0.001109417464575146,-0.00041311174822725584
TRIM,YUM   CHINA     HLDGS  INC,98850P109,CALL,75000.0,-12.89198606271777,3065250.0,0.0017478635362971574,0.001109417464575146,-0.0006384460717220113
TRIM,GARMIN     LTD,H2906T109,CALL,12900.0,-24.561403508771928,3064266.0,0.0016510696311398327,0.001109061321753144,-0.0005420083093866887
ADD,PEABODY   ENGR  CORP,704551100,,132456.0,10.97928815604263,3062383.0,0.001636619232928506,0.0011083798004789265,-0.0005282394324495796
NEW,FRESHWORKS   INC,358054104,CALL,302600.0,,3062312.0,0.0,0.0011083541031818105,0.0011083541031818105
NEW,SHOE   STA  GROUP     INC,824889109,,206457.0,,3061757.0,0.0,0.001108153229943791,0.001108153229943791
TRIM,ALKAMI    TECHNOLOGY      INC,01644J108,,168931.0,-63.278264461013414,3061030.0,0.002999975580279429,0.0011078901040986735,-0.0018920854761807554
NEW,FOREFRONT    TECHNOLOGY        HOLDING,G3624C122,,300000.0,,3060000.0,0.0,0.0011075173123236105,0.0011075173123236105
ADD,ARMATA     PHARMACEUTICALS      INC,04216R102,,470500.0,82.36999596886724,3048840.0,0.0010994329726640622,0.001103478131537489,4.045158873426831e-06
KEEP,AA   MISSION     ACQUISITION   CORP,G1000S109,,300000.0,0.0,3048000.0,0.0012572258444378996,0.0011031741071772434,-0.00015405173726065627
TRIM,MADDEN   STEVEN     LTD,556269108,,72222.0,-83.87613859617788,3040546.0,0.006322937099394779,0.0011004762529138248,-0.005222460846480954
ADD,COSTAR   GROUP     INC,22160N109,CALL,107300.0,121.69421487603307,3038736.0,0.0008125382798172272,0.001099821152804248,0.0002872828729870207
TRIM,VOYAGER     TECHNOLOGIES     INC,92892B103,,93725.0,-84.82709607859961,3022631.0,0.006012838453748103,0.0010939922095640612,-0.004918846244184042
TRIM,CROWN   CASTLE     INC,22822V101,PUT,39900.0,-53.4965034965035,3021627.0,0.002903312766198237,0.0010936288280668151,-0.001809683938131422
TRIM,EMERA   INC,290876101,,56901.0,-13.095074455899198,3016891.0,0.0014133648878417284,0.001091914709769049,-0.00032145017807267947
NEW,KRANESHARES  TRUST,500767694,,93250.0,,3016638.0,0.0,0.001091823140527213,0.001091823140527213
NEW,HMH   HLDG   INC,40445M100,,160894.0,,3015154.0,0.0,0.0010912860308241123,0.0010912860308241123
TRIM,BLUE  OWL   CAPITAL     INC,09581B103,PUT,344200.0,-85.62479117941865,3011750.0,0.009097667414878795,0.0010900540082975929,-0.008007613406581201
ADD,KRATOS  DEFENSE   &  SEC    SOLUTIO,50077B207,CALL,60400.0,275.1552795031056,3011544.0,0.00047243184643832925,0.0010899794499425802,0.0006175476035042509
ADD,ERO   COPPER     CORP,296006109,,112564.0,60.315606574187484,3011087.0,0.0007793081485850123,0.001089814046213256,0.00031050589762824374
NEW,CAPRICOR  THERAPEUTICS         INC,14070B309,CALL,125000.0,,3010000.0,0.0,0.0010894206242137475,0.0010894206242137475
ADD,HORACE   MANN   EDUCATORS      CORP  N,440327104,,58273.0,8.193464537690307,3009800.0,0.0009566506533506785,0.0010893482374613082,0.00013269758411062964
NEW,IRON  HORSE     ACQUISIT     II  CORP,46283H103,,300000.0,,3009000.0,0.0,0.0010890586904515503,0.0010890586904515503
KEEP,1RT   ACQUISITION       CORP.,G6757R105,,293200.0,0.01364442625187611,3005300.0,0.0012371010753596714,0.0010877195355314204,-0.00014938153982825097
TRIM,LAUDER   ESTEE   COS   INC,518439104,CALL,38000.0,-73.73876986869385,3000100.0,0.004321893414221475,0.0010858374799679947,-0.0032360559342534804
TRIM,OPERA   LTD,68373M107,,151226.0,-32.84843317747257,2998812.0,0.001336448967609785,0.0010853713092822846,-0.0002510776583275003
NEW,IRENIC   ACQUISITION    CORP,G4939F107,,300000.0,,2997000.0,0.0,0.0010847154853051832,0.0010847154853051832
ADD,WESTERN   COPPER   &   GOLD    CORP,95805V108,,1335881.0,31.481632761527568,2991994.0,0.0010702179738208365,0.0010829036448916237,1.2685671070787174e-05
TRIM,NUTRIEN   LTD,67077M108,CALL,47500.0,-39.72081218274111,2990125.0,0.0024746033310285246,0.001082227190690077,-0.0013923761403384475
ADD,MCGRAW   HILL   INC,580907103,,315499.0,47.31035191177226,2987776.0,0.0012210904852612884,0.0010813770082826757,-0.00013971347697861272
ADD,BAUSCH   PLUS  LOMB   CORP,071705107,CALL,180400.0,20.266666666666666,2987424.0,0.0009925467192930786,0.0010812496075983823,8.870288830530363e-05
TRIM,KARYOPHARM      THERAPEUTICS      INC,48576U205,,305676.0,-27.31881180585442,2986455.0,0.0009748931210404948,0.0010808988937828132,0.00010600577274231843
ADD,FOUR   CORNERS       PPTY  TR    INC,35086T109,,121581.0,4.946008234715281,2984814.0,0.0011402326771781314,0.0010803049604790475,-5.992771669908396e-05
TRIM,COMMUNITY   TR   BANCORP    INC,204149108,,41216.0,-10.50700249701444,2982390.0,0.0011637807960730912,0.0010794276330394813,-8.435316303360995e-05
ADD,BIOXCEL   THERAPEUTICS        INC,09075P204,,2114710.0,9.18802536194469,2981741.0,0.0010800481398822292,0.0010791927380278152,-8.554018544140209e-07
TRIM,CULLEN   FROST    BANKERS   INC,229899109,,19247.0,-39.26666877031334,2974046.0,0.0018078924289502854,0.0010764076577277073,-0.0007314847712225781
TRIM,MINERVA     NEUROSCIENCES     INC,603380205,,533602.0,-24.663450474451885,2961491.0,0.0017759524003720783,0.0010718635793433207,-0.0007040888210287576
TRIM,REVOLVE    GROUP  INC,76156B107,,129223.0,-67.40792865321853,2957914.0,0.003730705537670998,0.0010705689422759411,-0.0026601365953950566
TRIM,CALIFORNIA     RES  CORP,13057Q305,,55886.0,-84.56268869865946,2954693.0,0.010428588500697228,0.0010694031536279038,-0.009359185347069324
TRIM,WHEATON  PRECIOUS      METALS       CORP,962879102,PUT,26300.0,-51.11524163568774,2954016.0,0.0029332514710141465,0.0010691581244708962,-0.0018640933465432503
TRIM,LOGITECH    INTL       S  A,H50430232,PUT,31400.0,-77.61938702779759,2952856.0,0.00453955329157347,0.0010687382813067475,-0.0034708150102667227
ADD,TRIP  COM   GROUP     LTD,89677Q107,PUT,74100.0,5.857142857142858,2952144.0,0.0014504499290365481,0.001068480584468063,-0.0003819693445684851
NEW,DRAFTKINGS      INC  NEW,26142RAB0,,3163000.0,,2950610.0,0.0,0.0010679253780768523,0.0010679253780768523
ADD,ALASKA  AIR    GROUP  INC,011659109,CALL,56500.0,34.523809523809526,2949300.0,0.0006428706373564681,0.0010674512448483739,0.00042458060749190577
TRIM,NEXA   RES      S     A,L67359106,,240869.0,-7.688976438305765,2948237.0,0.001149968374432279,0.0010670665092591583,-8.290186517312067e-05
TRIM,BUILDERS   FIRSTSOURCE          INC,12008R107,PUT,32900.0,-18.765432098765434,2943892.0,0.0013876364954614954,0.0010654939070624111,-0.0003221425883990843
KEEP,PIONEER     ACQUISITION       I   CORP,G7117W107,,287700.0,0.00034758549734270887,2943171.0,0.0012128592141665722,0.001065232952819867,-0.00014762626134670522
TRIM,TREACE   MED     CONCEPTS  INC,89455T109,,738628.0,-35.666026486893735,2939739.0,0.0006402546421038574,0.001063990796148006,0.0004237361540441485
TRIM,VERACYTE    INC,92337F107,CALL,50000.0,-65.82365003417635,2936500.0,0.001961090454465123,0.001062818492692249,-0.000898271961772874
TRIM,AMPLITUDE  INC,03213A104,,383771.0,-81.11198662481918,2935848.0,0.005766772596765588,0.0010625825118792964,-0.004704190084886292
TRIM,GOOSEHEAD     INS     INC,38267D109,,60437.0,-57.8953601783475,2931194.0,0.002548333946191508,0.0010608980721500305,-0.0014874358740414773
TRIM,PROGRESSIVE    CORP,743315103,CALL,13400.0,-57.59493670886076,2927230.0,0.0026069994916528526,0.0010594633667166803,-0.0015475361249361723
TRIM,BAUSCH   PLUS  LOMB   CORP,071705107,,176740.0,-41.70132898803614,2926789.0,0.002006023065255628,0.0010593037539275514,-0.0009467193113280768
TRIM,UPSTART     HLDGS     INC,91680M107,PUT,82500.0,-25.203989120580232,2922975.0,0.001177403863937267,0.0010579233385585311,-0.00011948052537873589
NEW,DEXCOM   INC,252131AM9,,3125000.0,,2919066.0,0.0,0.001056508539482102,0.001056508539482102
NEW,EUPRAXIA    PHARMACEUTICALS           INC,29842P105,,441586.0,,2918796.0,0.0,0.0010564108173663088,0.0010564108173663088
ADD,IQVIA   HLDGS     INC,46266C105,CALL,15100.0,17.96875,2917622.0,0.0009084453434404583,0.001055985907129489,0.00014754056368903082
TRIM,METHODE     ELECTRS  INC,591520200,,152916.0,-12.681300107352506,2900817.0,0.0004022972883828555,0.0010499036102557644,0.0006476063218729089
TRIM,SELLAS  LIFE    SCIENCES      GROUP  I,81642T209,CALL,196200.0,-9.250693802035153,2895912.0,0.0003805911031481015,0.0010481283251521868,0.0006675372220040853
ADD,WINMARK     CORP,974250102,,6839.0,44.92477219749947,2893444.0,0.0008396520759830063,0.001047235072627084,0.0002075829966440776
ADD,IBIO   INC,451033708,,1651473.0,6.556957124883053,2890078.0,0.001225478915095647,0.001046016803583528,-0.000179462111512119
ADD,STANDARD      BIOTOOLS       INC,34385P108,,3512665.0,67.10941644089125,2889869.0,0.0008041842408893073,0.0010459411594272287,0.00024175691853792138
TRIM,VANGUARD  INTL   EQUITY   INDEX  F,922042742,,18400.0,-66.74618665510013,2887880.0,0.0031851061434538374,0.0010452212731742183,-0.002139884870279619
TRIM,DARDEN     RESTAURANTS       INC,237194105,CALL,14000.0,-20.903954802259886,2884140.0,0.0014440443612783263,0.0010438676409036006,-0.0004001767203747257
TRIM,ELBIT   SYS   LTD,M3760D101,PUT,3800.0,-39.682539682539684,2883136.0,0.0022261624366761964,0.0010435042594063547,-0.0011826581772698417
TRIM,ABSCI  CORPORATION,00091E109,,248701.0,-79.22937707590559,2882445.0,0.0014948989594128733,0.0010432541631766764,-0.00045164479623619695
NEW,FLUOR   CORP,343412102,PUT,55000.0,,2881450.0,0.0,0.00104289403908329,0.00104289403908329
NEW,TWIST   BIOSCIENCE        CORP,90184D100,PUT,28000.0,,2880640.0,0.0,0.0010426008727359103,0.0010426008727359103
TRIM,ALLSTATE    CORP,020002101,CALL,12100.0,-62.30529595015576,2879074.0,0.0027698146082100984,0.0010420340844643093,-0.001727780523745789
ADD,PULTE   GROUP    INC,745867101,CALL,20900.0,450.0,2867689.0,0.00018599035416898288,0.0010379134685816935,0.0008519231144127106
KEEP,INVEST   GREEN  ACQUISITION      COR,G4924G102,,286000.0,0.0,2862860.0,0.0011783215014701982,0.001036165690444043,-0.00014215581102615523
ADD,BROADSTONE   NET    LEASE   INC,11135E203,,138503.0,134.45281421921288,2862857.0,0.00044916380466793285,0.0010361646046427562,0.0005870007999748234
NEW,VS   TRUST,92891H101,PUT,120000.0,,2853600.0,0.0,0.0010328141838060964,0.0010328141838060964
TRIM,ENOVIX   CORPORATION,293594107,,469456.0,-77.8486185113254,2849598.0,0.004568634286205538,0.001031365724889783,-0.003537268561315755
NEW,VANGUARD    INDEX     FDS,922908769,CALL,7700.0,,2849308.0,0.0,0.0010312607640987456,0.0010312607640987456
NEW,EVERFORTH    INC,00191U102,,159149.0,,2843993.0,0.0,0.0010293370861526674,0.0010293370861526674
ADD,JACKSON  FINANCIAL    INC,46817M107,,27771.0,434.36598037329225,2843473.0,0.00022865071963984836,0.0010291488805963247,0.0008004981609564764
NEW,RXO  INC,74982T103,,102926.0,,2839728.0,0.0,0.001027793438656896,0.001027793438656896
ADD,FLEX   LTD,Y2573F102,CALL,17500.0,16.666666666666664,2836225.0,0.0004086296116033015,0.001026525584687919,0.0006178959730846176
TRIM,INTERFACE     INC,458665304,,79114.0,-78.52398183412373,2835446.0,0.0038204117853120625,0.0010262436382871673,-0.0027941681470248954
TRIM,WASTE   MGMT     INC   DEL,94106L109,CALL,12700.0,-41.74311926605505,2830576.0,0.0020847318120144963,0.0010244810208652666,-0.0010602507911492297
TRIM,PELAGOS     INS  CAP    LTD,G3398L118,,115994.0,-12.682735881724152,2824454.0,0.0010564738027720427,0.001022265262373095,-3.420854039894758e-05
TRIM,NOVA   LTD,M7516K103,CALL,5200.0,-24.637681159420293,2823288.0,0.0012470431890384602,0.001021843247606373,-0.00022519994143208716
NEW,COLUMBIA  SPORTSWEAR         CO,198516106,,45640.0,,2821465.0,0.0,0.0010211834423578875,0.0010211834423578875
TRIM,DIAGEO   PLC,25243Q205,PUT,35000.0,-57.00245700245701,2813300.0,0.002522038324805658,0.001018228253189547,-0.001503810071616111
TRIM,STEVANATO     GROUP   S  P  A,T9224W109,,155586.0,-50.63754993004241,2811439.0,0.0018035951386260005,0.0010175546944580977,-0.0007860404441679028
TRIM,ARK  ETF   TR,00214Q104,,34769.0,-33.17509129348453,2810031.0,0.001463520749732379,0.001017045091720924,-0.000446475658011455
TRIM,CUSTOMERS     BANCORP    INC,23204G100,,35486.0,-73.53785579525879,2806943.0,0.003873616451087636,0.0010159274402632588,-0.002857689010824377
NEW,AMANAT     ACQUISITION   CORP,G0375M101,,276160.0,,2805786.0,0.0,0.0010155086829003966,0.0010155086829003966
ADD,CENTRAL   PAC  FINL    CORP,154760409,,73226.0,11.860315908465981,2797233.0,0.0008706802932983326,0.0010124130634323236,0.00014173277013399097
TRIM,RAPID7   INC,753422104,,345199.0,-63.21643969908147,2796112.0,0.0021519390855318115,0.0010120073356849003,-0.0011399317498469112
NEW,GLAUKOS   CORP,377322102,PUT,20000.0,,2795200.0,0.0,0.0010116772520937765,0.0010116772520937765
TRIM,LINEAGE   INC,53566V106,,64572.0,-82.2637529252777,2792739.0,0.00496351098735497,0.001010786533105009,-0.003952724454249962
TRIM,NORTHPOINTE     BANCSHARES      INC.,66661N886,,145428.0,-27.90851001601174,2789309.0,0.0014489966908211303,0.0010095451003006724,-0.00043945159052045783
ADD,GENIUS   SPORTS    LIMITED,G3934V109,,459137.0,89.02616757789342,2782370.0,0.00044780253828688145,0.0010070336419247857,0.0005592311036379043
TRIM,BANCO   BBVA     ARGENTINA       S  A,058934100,,141867.0,-80.91615683868989,2782012.0,0.004968481211870071,0.001006904069637919,-0.003961577142232152
TRIM,CARDINAL   HEALTH    INC,14149Y108,PUT,11700.0,-53.75494071146245,2779452.0,0.002224862346130674,0.001005977519206694,-0.0012188848269239798
NEW,AIRO     GROUP   HLDGS  INC,009422106,,375958.0,,2778330.0,0.0,0.0010055714295255087,0.0010055714295255087
TRIM,LIGHTWAVE   LOGIC    INC,532275104,,293376.0,-90.16699379001898,2775337.0,0.008728832892368022,0.0010044881617752523,-0.00772434473059277
NEW,QUANTUM   SI   INC,74765K105,,3131726.0,,2771578.0,0.0,0.001003127652763153,0.001003127652763153
TRIM,ACLARIS     THERAPEUTICS      INC,00461U105,,523895.0,-30.71335899921574,2771405.0,0.0011800177783791452,0.0010030650382222926,-0.00017695274015685266
TRIM,CHUBB   LIMITED,H1467J104,PUT,8100.0,-64.47368421052632,2759994.0,0.00309258580737845,0.0009989350120618598,-0.00209365079531659
TRIM,NERDWALLET     INC,64082B102,,298070.0,-50.95661502415395,2757148.0,0.002625413834309155,0.0009979049485746463,-0.0016275088857345085
ADD,COOPER-STANDARD     HOLDINGS        INC,21676P103,,101843.0,342.5647488266991,2754853.0,0.0002669030956554718,0.0009970743105904036,0.0007301712149349318
ADD,HUNT     J  B   TRANS  SVCS    INC,445658107,CALL,9500.0,11.76470588235294,2749585.0,0.0007495704500858401,0.0009951676435311484,0.00024559719344530834
TRIM,BROWN   &  BROWN      INC,115236101,,42791.0,-74.44016366514352,2745043.0,0.004543297086242971,0.0009935237403832485,-0.003549773345859723
TRIM,VAIL   RESORTS      INC,91879Q109,,20152.0,-49.018417324428256,2743695.0,0.0021108713725954257,0.0009930358536718068,-0.0011178355189236189
NEW,GIGACLOUD     TECHNOLOGY    INC,G38644103,,86820.0,,2743512.0,0.0,0.0009929696197933245,0.0009929696197933245
TRIM,EMCOR   GROUP   INC,29084Q100,CALL,3300.0,-42.10526315789473,2738604.0,0.00175136304378669,0.0009911932488884604,-0.0007601697948982295
TRIM,CARRIER    GLOBAL   CORPORATION,14448C104,PUT,37300.0,-33.51158645276293,2735955.0,0.0013146524751892503,0.0009902344863523998,-0.00032441798883685053
NEW,WHITEHAWK     MINERALS    CORP,96524T101,,98241.0,,2733065.0,0.0,0.0009891884977796498,0.0009891884977796498
TRIM,MUELLER   WTR    PRODS  INC,624758108,,105675.0,-83.14840565658628,2729585.0,0.0071741189476452975,0.0009879289682872034,-0.0061861899793580945
TRIM,LEXICON   PHARMACEUTICALS      INC,528872302,,1134229.0,-77.06186645946968,2722150.0,0.0032101832420748703,0.0009852379907652668,-0.002224945251309603
TRIM,TSS  INC   DEL,87288V101,,220744.0,-40.400508668148035,2715151.0,0.0020053318199303675,0.0009827048163636482,-0.0010226270035667193
TRIM,ZURN   ELKAY   WATER    SOLNS  CORP,98983L108,,53632.0,-90.07948325709329,2710025.0,0.010088297291325305,0.0009808495438986251,-0.00910744774742668
TRIM,FLOWCO     HLDGS  INC,342909108,,126655.0,-24.017181697652514,2702818.0,0.0014290146653591358,0.0009782410872744695,-0.0004507735780846663
TRIM,L3HARRIS     TECHNOLOGIES        INC,502431109,PUT,9300.0,-23.770491803278688,2702487.0,0.0017523880511534065,0.000978121287199182,-0.0007742667639542246
KEEP,PAYCOM   SOFTWARE     INC,70432V102,PUT,21500.0,0.46728971962616817,2702120.0,0.0010824194317927249,0.0009779884575084555,-0.00010443097428426934
TRIM,SELECT  SECTOR  SPDR  TR,81369Y852,PUT,25200.0,-79.9203187250996,2699676.0,0.0057900348122659345,0.0009771038913936455,-0.004812930920872289
ADD,ISHARES  TR,46434V423,,72316.0,38.884941135800574,2698110.0,0.0008613486894883919,0.0009765371031220447,0.00011518841363365284
ADD,ATRIUM   THERAPEUTICS    INC,04965N104,,200559.0,5.082285875960787,2697519.0,0.0010619563228894291,0.0009763232002685861,-8.563312262084306e-05
ADD,CHATHAM     LODGING    TR,16208T102,,203760.0,180.50660792951544,2695745.0,0.00023791032739845256,0.0009756811297744481,0.0007377708023759955
TRIM,JOBY  AVIATION      INC,G65163100,PUT,301700.0,-2.425614489003881,2691164.0,0.0010628747927466536,0.0009740231112098225,-8.885168153683113e-05
TRIM,REZOLUTE   INC,76200L309,,517234.0,-65.91940720007327,2689617.0,0.0019263816991265566,0.0009734631996797034,-0.0009529184994468532
TRIM,GOLD  COM    INC,00181T107,,64614.0,-2.7849243962988037,2688589.0,0.0011086214166956226,0.0009730911317721645,-0.00013553028492345812
KEEP,FLUENCE       ENERGY   INC,34379V103,PUT,135000.0,0.0,2683800.0,0.0007730628032531753,0.0009713578309850018,0.00019829502773182652
TRIM,MILLROSE     PPTYS   INC,601137102,,89169.0,-84.70362403120723,2679528.0,0.006792755031391231,0.0009698116499528953,-0.0058229433814383355
TRIM,ACV   AUCTIONS    INC,00091G104,,372240.0,-81.38361584153067,2676406.0,0.0035282239261244775,0.0009686816927473153,-0.002559542233377162
ADD,ELDORADO   GOLD    CORP     NEW,284902509,,86080.0,5.531581012161632,2675076.0,0.0011653493112030767,0.0009682003208435929,-0.00019714899035948384
TRIM,TRAVELERS   COMPANIES    INC,89417E109,CALL,8100.0,-40.87591240875913,2673972.0,0.001662990595825011,0.0009678007459701272,-0.0006951898498548837
TRIM,FORUM   ENERGY       TECHNOLOGIES      IN,34984V209,,53163.0,-18.67370353373107,2670377.0,0.0015958170314415584,0.0009664995940950281,-0.0006293174373465303
KEEP,BOLD   EAGLE   ACQUISITION         CORP,G2003N105,,250000.0,0.0,2670000.0,0.001098147863955812,0.0009663631450666796,-0.00013178471888913228
TRIM,BAR   HBR   BANKSHARES,066849100,,70463.0,-41.97519681148918,2660683.0,0.0016399277219928165,0.0009629910082042879,-0.0006769367137885286
TRIM,DOUBLEVERIFY      HLDGS  INC,25862V105,,244333.0,-68.00278153552809,2648570.0,0.0030189509095091506,0.0009586069045427925,-0.002060344004966358
NEW,PHREESIA     INC,71944F106,,256111.0,,2635382.0,0.0,0.0009538337220869351,0.0009538337220869351
TRIM,ARES   CAPITAL  CORP,04010L103,,141770.0,-69.38277470628887,2626998.0,0.003472449042932403,0.0009507992694246732,-0.00252164977350773
ADD,GALIANO     GOLD   INC,36352H100,,1406326.0,35.82572750364597,2626401.0,0.0010786061380447657,0.0009505831949686415,-0.00012802294307612423
TRIM,GSI   TECHNOLOGY        INC,36241U106,,339611.0,-20.98743889869922,2625193.0,0.0009194145452966959,0.0009501459789839072,3.073143368721124e-05
NEW,BERTO   ACQUISITION     CORP,G1051H101,,250000.0,,2622500.0,0.0,0.00094917129136231,0.00094917129136231
NEW,ISHARES  TR,464287176,,23934.0,,2619098.0,0.0,0.0009479399927033149,0.0009479399927033149
TRIM,BROOKFIELD   BUSINESS     CORP,113006100,,87715.0,-72.82228129860634,2618293.0,0.0042453045974366445,0.000947648636024746,-0.0032976559614118985
TRIM,GALLAGHER    ARTHUR      J  &    CO,363576109,CALL,11400.0,-60.0,2617098.0,0.002568773333852456,0.0009472161251789205,-0.0016215572086735355
ADD,EMPLOYERS     HLDGS    INC,292218104,,51800.0,62.270534427667435,2614864.0,0.00054653367823595,0.0009464075651541717,0.0003998738869182217
ADD,STONEX     GROUP  INC,861896108,,21984.0,56.79338135653662,2605104.0,0.00047059365823744133,0.0009428750916351264,0.00047228143339768505
TRIM,EQT    CORP,26884L109,CALL,48800.0,-26.726726726726728,2594696.0,0.0017638716294226615,0.0009391080850381774,-0.0008247635443844842
TRIM,THE  CAMPBELLS      COMPANY,134429109,PUT,116500.0,-21.812080536912752,2594455.0,0.001380921719228458,0.0009390208590014877,-0.00044190086022697034
ADD,LINDBLAD   EXPEDITIONS          HLDGS  I,535219109,,91799.0,20.507502264463024,2592404.0,0.000548444278650321,0.0009382785328552213,0.00038983425420490033
ADD,GLOBAL  X  FDS,37954Y848,,33460.0,77.94086364603275,2591812.0,0.0007049220780413633,0.0009380642680680005,0.0002331421900266372
TRIM,TEXAS   PACIFIC  LAND      CORPORATI,88262P102,PUT,5900.0,-6.349206349206349,2582076.0,0.0012442116217939864,0.000934540480959248,-0.00030967114083473837
NEW,MAMAS   CREATIONS       INC,56146T103,,143591.0,,2563099.0,0.0,0.0009276720639540306,0.0009276720639540306
TRIM,TWELVE   SEAS  INVT      CO  III,G9145D127,,250000.0,-37.5,2562500.0,0.001681295071674649,0.0009274552656304744,-0.0007538398060441746
TRIM,PG&E   CORP,69331C108,PUT,152300.0,-18.686599038974908,2561686.0,0.0013695317774421551,0.000927160651548046,-0.00044237112589410915
NEW,MAXLINEAR       INC,57776J100,CALL,20000.0,,2560600.0,0.0,0.0009267675914822998,0.0009267675914822998
TRIM,YUM   BRANDS     INC,988498101,PUT,16000.0,-38.69731800766284,2557760.0,0.0016887976428509237,0.0009257396995976594,-0.0007630579432532643
NEW,FIRST   MAJESTIC       SILVER   CORP,32076V103,CALL,150700.0,,2555872.0,0.0,0.0009250563686546311,0.0009250563686546311
TRIM,ARGAN   INC,04010E109,PUT,3200.0,-43.859649122807014,2555360.0,0.001291977464477551,0.000924871058568386,-0.00036710640590916497
ADD,METTLER    TOLEDO       INTERNATIONAL,592688105,PUT,2000.0,900.0,2555020.0,0.0001049727398215875,0.0009247480010892389,0.0008197752612676514
NEW,EMPIRE   ST   RLTY     TR  INC,292104106,,471971.0,,2553363.0,0.0,0.0009241482768452781,0.0009241482768452781
TRIM,DECKERS     OUTDOOR     CORP,243537107,PUT,25700.0,-9.507042253521126,2551753.0,0.0011829642063760405,0.0009235655634881405,-0.0002593986428879
NEW,PRINCIPAL   FINANCIAL     GROUP      IN,74251V102,,23674.0,,2551584.0,0.0,0.0009235043966823293,0.0009235043966823293
NEW,GIBRALTAR     INDS     INC,374689107,,56573.0,,2551442.0,0.0,0.0009234530020880971,0.0009234530020880971
TRIM,IQVIA   HLDGS     INC,46266C105,PUT,13200.0,-22.35294117647059,2550504.0,0.0012065289717568587,0.0009231135082191562,-0.00028341546353770244
TRIM,PRUDENTIAL   FINL  INC,744320102,PUT,23600.0,-25.78616352201258,2547148.0,0.001292825186769878,0.0009218988585132222,-0.00037092632825665584
TRIM,FLUENCE       ENERGY   INC,34379V103,,127860.0,-92.48861484088977,2541857.0,0.00974755454602448,0.0009199838669774364,-0.008827570679047042
NEW,NEWSMAX   INC,65250K105,,306914.0,,2541248.0,0.0,0.0009197634493162583,0.0009197634493162583
NEW,VANGUARD  INDEX     FDS,922908363,PUT,3700.0,,2541197.0,0.0,0.0009197449906943862,0.0009197449906943862
ADD,FULLER  H    B  CO,359694106,,43505.0,465.44060306732524,2535906.0,0.00019749640519414643,0.0009178299991586005,0.0007203335939644541
ADD,UNITY   SOFTWARE    INC,91332U101,PUT,88700.0,59.245960502692995,2535046.0,0.0005085742803714303,0.000917518736123111,0.0004089444557516807
NEW,ZIFF   DAVIS     INC,48123V102,,48377.0,,2533503.0,0.0,0.0009169602723280405,0.0009169602723280405
ADD,XPERI  INC,98423J101,,307745.0,13.80049921419987,2532741.0,0.0006302276313471918,0.0009166844788012462,0.00028645684745405445
NEW,CANTOR   EQUITY     PARTNERS    VII     I,G1828W100,,250750.0,,2530068.0,0.0,0.000915717029854893,0.000915717029854893
TRIM,FERRARI     N     V,N3167Y103,,6795.0,-94.15800469423023,2529711.0,0.016382695239202702,0.0009155878195017885,-0.015467107419700914
TRIM,GLOBAL    INDUSTRIAL        COMPANY,37892E102,,75592.0,-63.30716993587784,2529308.0,0.0027023613828642285,0.0009154419601956231,-0.0017869194226686055
TRIM,SNAP   ON   INC,833034101,,6278.0,-90.73139043907048,2526267.0,0.01023856387068052,0.0009143413196247812,-0.00932422255105574
TRIM,AUTONATION     INC,05329W102,,13597.0,-29.152771988328468,2526187.0,0.001559538512486567,0.0009143123649238054,-0.0006452261475627615
NEW,GLOBAL  X  FDS,37954Y830,,32722.0,,2518612.0,0.0,0.0009115707166751611,0.0009115707166751611
TRIM,FOSSIL   GROUP       INC,34988V106,,608025.0,-63.65193375119935,2517224.0,0.0030004054757767156,0.0009110683526132314,-0.0020893371231634843
TRIM,MFA    FINL    INC,55272X607,,259309.0,-10.933533923425419,2512704.0,0.0011607307437017291,0.0009094324120080997,-0.00025129833169362944
NEW,FIRSTENERGY         CORP,337932AT4,,2300000.0,,2511742.0,0.0,0.000909084231728866,0.000909084231728866
TRIM,MONARCH   CASINO     &   RESORT     INC,609027107,,19064.0,-70.63055568393646,2509013.0,0.0025824908705238763,0.0009080965144918297,-0.0016743943560320466
NEW,RRE   VENTURES    ACQUISITION     COR,G770AL111,,250000.0,,2507500.0,0.0,0.0009075489087096252,0.0009075489087096252
ADD,U   S  PHYSICAL      THERAPY,90337L108,,36424.0,1227.8891724389355,2501600.0,8.55691797431641e-05,0.0009054134995126614,0.0008198443197694973
ADD,LEMONADE     INC,52567D107,,38350.0,442.04946996466435,2494668.0,0.00018455168162869097,0.0009029045746731099,0.000718352893044419
NEW,THE  CAMPBELLS      COMPANY,134429109,,111712.0,,2487826.0,0.0,0.0009004282238721564,0.0009004282238721564
TRIM,PAGSEGURO   DIGITAL      LTD,G68707101,,274875.0,-87.46301046470897,2487619.0,0.009142653710586191,0.0009003533035833815,-0.00824230040700281
TRIM,KINROSS   GOLD     CORP,496902404,CALL,105100.0,-36.533816425120776,2482462.0,0.0021033300983395306,0.0008984868111717304,-0.0012048432871678
TRIM,PUBLIC   SVC   ENTERPRISE      GROUP,744573106,,30564.0,-96.20234762609451,2480574.0,0.027112802370573164,0.0008978034802287018,-0.02621499889034446
TRIM,SIX   FLAGS     ENTERTAINMENT   CORP,83001C108,,116418.0,-57.58721692751596,2479703.0,0.0020276093957922034,0.0008974882359218281,-0.0011301211598703752
TRIM,LIBERTY    CAP  CORP,36164V800,,114902.0,-63.59563662170854,2477287.0,0.004887608421949642,0.0008966138039523595,-0.003990994617997282
NEW,SWARMER     INC,86989Y109,,55865.0,,2475378.0,0.0,0.0008959228724003249,0.0008959228724003249
TRIM,ROYAL   GOLD   INC,780287108,PUT,12400.0,-68.2051282051282,2475164.0,0.004130455081393262,0.0008958454185752147,-0.0032346096628180472
TRIM,KRISPY  KREME     INC,50101L106,,700035.0,-5.0695737430144865,2471124.0,0.0010403429418133344,0.0008943832061759378,-0.00014595973563739668
ADD,WOODSIDE    ENERGY    GROUP  LTD,980228308,,127789.0,654.5851786241511,2468883.0,0.00016829930132321818,0.0008935721126148538,0.0007252728112916355
TRIM,CARPENTER     TECHNOLOGY     CORP,144285103,PUT,4000.0,-34.42622950819672,2467360.0,0.00100058489115184,0.0008930208874950272,-0.00010756400365681269
ADD,EQT    CORP,26884L109,PUT,46200.0,7.6923076923076925,2456454.0,0.0011361875811145973,0.000889073637884504,-0.0002471139432300933
ADD,GREENLIGHT        CAP  RE   LTD,G4095J109,,151716.0,2.780261767335989,2454765.0,0.0010621336079638189,0.0008884623317601528,-0.00017367127620366608
TRIM,CANTOR   EQUITY     PARTNERS    V   INC,G1828S109,,237892.0,-29.928718703976436,2453261.0,0.0014269991920838583,0.0008879179833818082,-0.0005390812087020502
TRIM,QFIN    HOLDINGS    INC,88557W101,,154981.0,-37.41630929017356,2450250.0,0.0013304732953488502,0.0008868282008238323,-0.0004436450945250179
ADD,MEDICAL   PROPERTIES       TRUST    INC,58463J304,,529314.0,51.752431902431475,2445431.0,0.0006720806422539364,0.0008850840420238036,0.0002130033997698672
TRIM,ROOT   INC,77664L207,,43696.0,-70.62216783875002,2443480.0,0.0027340841748019866,0.0008843779092537568,-0.0018497062655482297
ADD,SANTACRUZ      SILVER      MNG  LTD,80280U205,,376299.0,930.7867199912342,2441677.0,0.00013171365470414348,0.0008837253426805151,0.0007520116879763715
KEEP,COGENT   BIOSCIENCES       INC,19240QAA0,,2000000.0,0.0,2438935.0,0.0010112178339937428,0.0008827329203045702,-0.0001284849136891726
KEEP,CHENGHE     ACQUISITION      III   CO,G2086N105,,240000.0,0.0,2436000.0,0.0010067794647018095,0.0008816706447125213,-0.00012510881998928824
ADD,ALLOT   LTD,M0854Q105,,275253.0,50.8756447431168,2435989.0,0.0005056494928061508,0.000881666663441137,0.00037601717063498626
TRIM,HUNTSMAN        CORP,447011107,,229055.0,-95.65043268752387,2432564.0,0.02916986023217275,0.0008804270403056114,-0.028289433191867136
ADD,ROCKET  COS   INC,77311W101,PUT,154400.0,30.95843935538592,2431800.0,0.0006991836182039075,0.0008801505229112928,0.00018096690470738536
TRIM,GLOBAL    PMTS    INC,37940X102,CALL,33500.0,-25.05592841163311,2430760.0,0.001251944746799397,0.0008797741117986076,-0.00037217063500078927
TRIM,HENRY  JACK      &  ASSOC     INC,426281101,,17643.0,-95.18202249645677,2430147.0,0.024084479489525867,0.0008795522464023807,-0.023204927243123487
TRIM,ROCKWELL     AUTOMATION  INC,773903109,PUT,4900.0,-12.5,2425892.0,0.0008363727182689477,0.0008780122182442315,4.163949997528372e-05
TRIM,QUEST     DIAGNOSTICS  INC,74834L100,,11434.0,-77.2076705338277,2423436.0,0.0040915118762145245,0.000877123308924275,-0.0032143885672902494
TRIM,YORK   WTR   CO,987184108,,78850.0,-45.49664754268335,2416752.0,0.0018332783198839867,0.0008747041436577485,-0.0009585741762262383
NEW,APPLIED    OPTOELECTRONICS      INC,03823U102,CALL,16300.0,,2415008.0,0.0,0.0008740729311764765,0.0008740729311764765
NEW,VIRIDIAN     THERAPEUTICS    INC,92790CAB0,,2250000.0,,2414156.0,0.0,0.0008737645636110844,0.0008737645636110844
TRIM,PRENETICS    GLOBAL        LTD,G72245122,,126086.0,-34.53478712357217,2410764.0,0.0015485526641444709,0.0008725368842897113,-0.0006760157798547596
TRIM,HUBSPOT    INC,443573100,PUT,13200.0,-18.51851851851852,2409132.0,0.0016456799151811053,0.0008719462083898054,-0.0007737337067912999
NEW,TASKUS  INC,87652V109,,514770.0,,2409124.0,0.0,0.0008719433129197079,0.0008719433129197079
TRIM,BLOCK   H   &  R  INC,093671105,,63187.0,-81.61255027033948,2406161.0,0.004539162515317949,0.0008708709031823173,-0.003668291612135632
TRIM,BIOMARIN   PHARMACEUTICAL       INC,09061G101,CALL,42000.0,-27.586206896551722,2403240.0,0.0013635219798852113,0.0008698136946629391,-0.0004937082852222722
TRIM,HAYWARD   HLDGS    INC,421298100,,138823.0,-50.10297643223504,2403026.0,0.0015491927215257174,0.0008697362408378289,-0.0006794564806878885
ADD,SOUTHSIDE   BANCSHARES       INC,84470P109,,68270.0,17.619695742811363,2402421.0,0.0007509883145188093,0.0008695172709116995,0.00011852895639289025
NEW,ISHARES  TR,464288414,,22315.0,,2401540.0,0.0,0.0008691984072672037,0.0008691984072672037
TRIM,T1  ENERGY  INC,35834FAB0,,1400000.0,-68.18181818181817,2400077.0,0.0019387388017412185,0.0008686688981731091,-0.0010700699035681095
ADD,DONNELLEY   FINL     SOLUTIONS    INC,25787G100,,57211.0,48.79323797139142,2400001.0,0.0007543076237989273,0.0008686413912071823,0.00011433376740825499
ADD,ENERGY   FUELS    INC,292671708,CALL,165400.0,22.791388270230144,2398300.0,0.0010230410005745043,0.0008680257418776846,-0.0001550152586968197
NEW,SHIFT4   PMTS    INC,82452JAD1,,2500000.0,,2390734.0,0.0,0.0008652873510329002,0.0008652873510329002
TRIM,FLOOR   &  DECOR    HLDGS  INC,339750101,,40269.0,-71.83355715964412,2390368.0,0.0030224916170511823,0.0008651548832759359,-0.0021573367337752464
TRIM,NEOGENOMICS      INC,64049MAB6,,2531000.0,-76.70072723925252,2384174.0,0.004140857470406029,0.0008629130655528861,-0.003277944404853143
TRIM,COTY   INC,222070203,,1102807.0,-52.04607339495817,2382063.0,0.0019236849684175338,0.0008621490233808877,-0.0010615359450366461
TRIM,TRANSOCEAN        LTD,H8817H100,,485134.0,-89.65933179367433,2372305.0,0.012944617027945941,0.0008586172737293669,-0.012085999754216575
KEEP,WEN   ACQUISITION       CORP,G9R39C103,,230500.0,0.017356591165495098,2371845.0,0.0009763509370395236,0.0008584507841987561,-0.00011790015284076749
NEW,SKYWARD   SPECIALTY      INS  GROUP,830940102,,40647.0,,2371752.0,0.0,0.0008584171243588717,0.0008584171243588717
NEW,TORM   PLC,G89479102,,90915.0,,2369245.0,0.0,0.0008575097564170434,0.0008575097564170434
NEW,ALPHA   &  OMEGA   SEMICONDUCTOR,G6331P104,CALL,50000.0,,2366500.0,0.0,0.0008565162482398118,0.0008565162482398118
TRIM,ABM   INDS   INC,000957100,,53426.0,-82.19489435446245,2363566.0,0.004810131515144278,0.0008554543345815251,-0.003954677180562753
ADD,SOLAREDGE   TECHNOLOGIES         INC,83417M104,PUT,40400.0,1.0,2360976.0,0.0008498031030593152,0.0008545169261374341,4.713823078118947e-06
ADD,VEEVA   SYS    INC,922475108,CALL,13300.0,129.31034482758622,2360351.0,0.00042399764734755925,0.0008542907175360609,0.00043029307018850165
TRIM,PUBLIC   STORAGE,74460D109,PUT,7400.0,-62.244897959183675,2355494.0,0.0022095080437372493,0.0008525328052530687,-0.0013569752384841806
TRIM,ELBIT   SYS   LTD,M3760D101,CALL,3100.0,-13.88888888888889,2352032.0,0.0012720928209578267,0.0008512797905683418,-0.0004208130303894849
NEW,HEICO   CORP  NEW,422806109,PUT,6600.0,,2350854.0,0.0,0.0008508534325964736,0.0008508534325964736
NEW,ONDAS    INC,68236H204,PUT,285100.0,,2349224.0,0.0,0.0008502634805640921,0.0008502634805640921
ADD,BICYCLE    THERAPEUTICS          PLC,088786108,,553967.0,95.06841886571873,2348820.0,0.000548374779571863,0.0008501172593241643,0.0003017424797523013
ADD,ISHARES  INC,464286608,,33773.0,62.27657120891793,2347224.0,0.0005425356084949653,0.0008495396130396974,0.00030700400454473215
ADD,PEARSON   PLC,705015105,,147482.0,136.43271666292603,2343489.0,0.0003408463696752936,0.0008481877904378907,0.0005073414207625972
ADD,FLUOR   CORP,343412102,CALL,44700.0,317.75700934579436,2341833.0,0.00020772941621330677,0.000847588428127692,0.0006398590119143852
ADD,ARQIT     QUANTUM     INC,G0567U127,,78717.0,45.70206937400511,2339469.0,0.0002979071755663038,0.0008467328167138577,0.0005488256411475538
NEW,LIBERTY  LIVE   HOLDINGS        INC,530909308,,22103.0,,2334961.0,0.0,0.0008451012193138725,0.0008451012193138725
NEW,HONEYWELL  INTL   INC,438516205,,10408.0,,2330351.0,0.0,0.0008434327046701432,0.0008434327046701432
TRIM,ULTA   BEAUTY    INC,90384S303,,5163.0,-85.94451855279993,2328410.0,0.00799060702239452,0.0008427301912377182,-0.007147876831156802
ADD,ANHEUSER  BUSCH     INBEV    SA  NV,03524A108,CALL,28200.0,73.00613496932516,2323680.0,0.0004705674400222147,0.0008410182445425252,0.00037045080452031054
NEW,RLI  CORP,749607107,,39297.0,,2321274.0,0.0,0.0008401474319106786,0.0008401474319106786
NEW,PONY   AI   INC,732908108,,333804.0,,2319938.0,0.0,0.0008396638884043831,0.0008396638884043831
TRIM,SPROUTS  FMRS     MKT  INC,85208M102,PUT,27400.0,-1.4388489208633095,2317492.0,0.0008923407006969767,0.0008387785984220486,-5.3562102274928164e-05
TRIM,FRANCO   NEV   CORP,351858105,CALL,11100.0,-37.28813559322034,2313684.0,0.0018197875915823836,0.0008374003546556015,-0.000982387236926782
TRIM,NAVIOS   MARITIME     PARTNERS      LP,Y62267409,,32849.0,-52.57626286687744,2301729.0,0.0019451988867406262,0.0008330734365285331,-0.0011121254502120931
ADD,REZOLVE     AI  PLC,G75398100,,730596.0,106.40462421213516,2301377.0,0.0003771032481986695,0.0008329460358442398,0.00045584278764557027
ADD,PHINIA   INC,71880K101,,27922.0,325.51051508686373,2299935.0,0.0001868996684589851,0.0008324241273591512,0.0006455244589001661
ADD,SC   II  ACQUISITION     CORP,G7866D102,,228800.0,27.96420581655481,2294864.0,0.0007418656241063885,0.000830588761251049,8.872313714466051e-05
NEW,FACTORIAL      ENERGY      INC,30347G103,,206706.0,,2292370.0,0.0,0.000829686098448129,0.000829686098448129
TRIM,CLEVELAND-CLIFFS       INC     NEW,185899101,PUT,244000.0,-20.49527533398501,2291160.0,0.0010792353752102043,0.0008292481585958705,-0.0002499872166143338
TRIM,PAYMENTUS  HOLDINGS       INC,70439P108,,94767.0,-88.9363783675242,2289571.0,0.009054325791974183,0.000828673045847739,-0.008225652746126444
NEW,COURSERA    INC,22266M104,,405276.0,,2285757.0,0.0,0.0008272926304787186,0.0008272926304787186
TRIM,SANA   BIOTECHNOLOGY           INC,799566104,,653503.0,-58.92579021137251,2280725.0,0.0019069240379690942,0.0008254713797873419,-0.0010814526581817523
TRIM,NOVA   LTD,M7516K103,PUT,4200.0,-17.647058823529413,2280348.0,0.0009217275745066879,0.0008253349307589937,-9.63926437476942e-05
TRIM,JETBLUE   AIRWAYS       CORP,477143101,,397716.0,-79.84753247345499,2278913.0,0.0036301928075729594,0.0008248155558102406,-0.0028053772517627187
TRIM,GLOBUS  MED   INC,379577208,,28835.0,-98.24535461666156,2278253.0,0.058924901040311915,0.0008245766795271904,-0.05810032436078472
TRIM,ONE   GAS   INC,68235P108,,29531.0,-23.502745829447726,2275954.0,0.0013837237389605337,0.0008237445938078989,-0.0005599791451526349
ADD,HIMALAYA    SHIPPING      LTD,G4660A103,,170039.0,152.40696483441448,2271721.0,0.00037287337614210983,0.0008222125281925179,0.0004493391520504081
KEEP,REPUBLIC    DIGITAL   ACQUISITION,G7515A103,,220000.0,0.0,2270400.0,0.0009366145268096447,0.0008217344136926553,-0.00011488011311698945
TRIM,REXFORD   INDL  RLTY   INC,76169C100,,67727.0,-90.90622239050865,2268854.0,0.010144393451694442,0.0008211748640962983,-0.009323218587598143
KEEP,QUANTUMSCAPE    CORP,74767V109,PUT,300000.0,0.0,2268000.0,0.0007965343483131876,0.000820865772663382,2.4331424350194355e-05
ADD,UNITY   BANCORP    INC,913290102,,38601.0,42.28685170850382,2265493.0,0.0005851639294805538,0.0008199584047215534,0.00023479447524099963
TRIM,ARCTURUS  THERAPEUTICS         HLDGS,03969T109,,336996.0,-29.58080228687492,2264613.0,0.0015374944035888918,0.0008196399030108198,-0.000717854500578072
TRIM,BRITISH  AMERN    TOB  PLC,110448107,CALL,36500.0,-41.6,2254240.0,0.0015208125439482786,0.0008158855640955476,-0.000704926979852731
ADD,HERTZ   GLOBAL     HLDGS      INC,42806J700,,994597.0,1247.765461542631,2252762.0,0.00014157836222369196,0.0008153506259950201,0.0006737722637713281
TRIM,SERVICE    PPTYS    TR,81761L102,,1332642.0,-18.816930821119605,2252165.0,0.0009256565613313615,0.0008151345515389882,-0.00011052200979237323
NEW,NAVITAS   SEMICONDUCTOR           CORP,63942X106,CALL,125400.0,,2247168.0,0.0,0.0008133259685292885,0.0008133259685292885
TRIM,XPO   INC,983793100,CALL,10900.0,-2.6785714285714284,2237661.0,0.0009068006706376716,0.0008098850642520792,-9.691560638559239e-05
NEW,FIRSTENERGY         CORP,337932AV9,,2000000.0,,2224376.0,0.0,0.0008050767742212887,0.0008050767742212887
TRIM,FEDEX   CORP,31428X106,PUT,7100.0,-79.77207977207978,2223223.0,0.0052028250296734125,0.0008046594645934752,-0.004398165565079938
TRIM,HELIX   ENERGY     SOLUTIONS     GRP  I,42330P107,,253737.0,-45.567754723781086,2217661.0,0.0019186086225550865,0.000802646389008134,-0.0011159622335469525
TRIM,AMCOR   PLC,G0250X149,,51113.0,-96.6153491627603,2215749.0,0.024981425024373356,0.000801954371654813,-0.024179470652718544
TRIM,THOR    INDS  INC,885160101,,29480.0,-76.70743655383838,2215717.0,0.004207897862902616,0.0008019427897744226,-0.0034059550731281936
ADD,AIRJOULE     TECHNOLOGIES      CORP,612160101,,399701.0,2312.1967410983707,2214344.0,1.7308599833173346e-05,0.0008014458547189259,0.0007841372548857525
ADD,MIDLAND   STATES     BANCORP    INC,597742105,,71068.0,235.0999622783855,2213058.0,0.00019690711959476737,0.0008009804079007402,0.0006040732883059727
TRIM,INDEPENDENT     BK   CORP    MICH,453838609,,61331.0,-30.499178423706724,2212209.0,0.001222916604759929,0.0008006731261366347,-0.0004222434786232944
TRIM,AGNC      INVT  CORP,00123Q104,,202880.0,-95.94617006184248,2211392.0,0.020889941031022645,0.0008003774262529195,-0.020089563604769725
ADD,TORONTO    DOMINION     BK  ONT,891160509,CALL,18200.0,2.247191011235955,2210026.0,0.0006912111999642859,0.000799883024733758,0.00010867182476947219
TRIM,VONTIER     CORPORATION,928881101,,76177.0,-95.8750957082628,2209133.0,0.02726049581937685,0.0007995598178841159,-0.026460936001492734
TRIM,PRICE   T  ROWE  GROUP    INC,74144T108,CALL,19400.0,-33.56164383561644,2205586.0,0.0010953753917361346,0.0007982760388296022,-0.00029709935290653244
ADD,EVE   HLDG  INC,29970N104,,878561.0,859.6515565264882,2205188.0,9.448711837952946e-05,0.0007981319891922477,0.0007036448708127183
TRIM,NASDAQ   INC,631103108,PUT,27800.0,-66.34382566585957,2191196.0,0.0029180931809917017,0.0007930678119915836,-0.0021250253690001182
TRIM,PRESTIGE   CONSMR     HEALTHCARE     I,74112D101,,46340.0,-82.05830084288043,2190492.0,0.006370741228995817,0.0007928130106229968,-0.00557792821837282
ADD,NUSCALE   PWR    CORP,67079K100,CALL,217900.0,114.04715127701375,2185537.0,0.00045923992255788,0.0007910196288313093,0.0003317797062734293
TRIM,SELECT  SECTOR  SPDR  TR,81369Y803,,11470.0,-98.39706188570926,2185264.0,0.03957621152473635,0.0007909208209142295,-0.038785290703822126
TRIM,BYRNA      TECHNOLOGIES      INC,12448X201,,325550.0,-69.71165833671368,2184440.0,0.0041062694020899335,0.0007906225874941789,-0.003315646814595755
ADD,PENNANTPARK    INVT   CORP,708062104,,628605.0,433.1227207191926,2181259.0,0.00022032289892715494,0.0007894712761966294,0.0005691483772694745
NEW,ILLUMINA     INC,452327109,PUT,12400.0,,2180292.0,0.0,0.0007891212862485848,0.0007891212862485848
TRIM,HANOVER  INS   GROUP  INC,410867105,,10172.0,-91.43742213542544,2178029.0,0.008570146520465748,0.0007883022301447324,-0.007781844290321015
NEW,MALIBU     BOATS   INC,56117J100,,79396.0,,2177832.0,0.0,0.0007882309291935794,0.0007882309291935794
NEW,NATERA   INC,632307104,PUT,8000.0,,2171600.0,0.0,0.0007859753579875661,0.0007859753579875661
TRIM,ZTO   EXPRESS  CAYMAN   INC,98980A105,,96825.0,-32.692174009759896,2166944.0,0.0015068419806918139,0.0007842901943907757,-0.0007225517863010382
NEW,FIVE9     INC,338307101,CALL,101600.0,,2166112.0,0.0,0.0007839890655006275,0.0007839890655006275
TRIM,LIBERTY    GLOBAL     LTD,G61188127,,196592.0,-44.14079592660155,2162512.0,0.0017180338659636186,0.0007826861039567175,-0.0009353477620069012
KEEP,SILVERBOX       CORP   IV,G81354105,,200000.0,0.0,2162000.0,0.0008905869934118191,0.0007825007938704726,-0.00010808619954134652
TRIM,HSBC  HLDGS    PLC,404280406,PUT,22700.0,-22.789115646258505,2158543.0,0.0010092789345534131,0.0007812495888545566,-0.0002280293456988565
TRIM,APA  CORPORATION,03743Q108,PUT,66200.0,-86.13322161709259,2156134.0,0.008431801321957857,0.0007803776904214233,-0.0076514236315364335
KEEP,JENA   ACQUISITION       CORP   II,G5093B121,,200000.0,0.0,2156000.0,0.0008905869934118191,0.000780329191297289,-0.00011025780211453018
TRIM,TRIPLE   FLAG     PRECIOUS     METAL,89679M104,,71979.0,-7.163401390375711,2153314.0,0.001119963083672937,0.0007793570372120271,-0.0003406060464609098
TRIM,PROKIDNEY   CORP,74291D104,,1054705.0,-53.56948058551394,2151598.0,0.0016921664754264698,0.0007787359588760966,-0.0009134305165503732
KEEP,FIFTH   ERA  ACQUISITION       CORP     I,G3415K127,,200000.0,0.0,2150000.0,0.000877269804725287,0.0007781575887241054,-9.911221600118162e-05
TRIM,HILTON    WORLDWIDE    HLDGS      INC,43300A203,CALL,6500.0,-53.23741007194245,2147990.0,0.0017589975383633908,0.000777430101862089,-0.0009815674365013017
NEW,TOAST    INC,888787108,PUT,77000.0,,2142140.0,0.0,0.000775312789353235,0.000775312789353235
ADD,GETTY   IMAGES     HOLDINGS    INC,374275105,,2485700.0,2.607138537593378,2137702.0,0.0007998819566192647,0.0007737065273166036,-2.6175429302661155e-05
ADD,DESIGN   THERAPEUTICS       INC,25056L103,,147714.0,35.60700646298473,2137422.0,0.00048232943076744763,0.0007736051858631882,0.0002912757550957406
ADD,STEEL  DYNAMICS      INC,858119100,CALL,9300.0,10.714285714285714,2133978.0,0.000629237165438631,0.0007723586859861808,0.0001431215205475498
NEW,WILLOW    LANE   ACQUISITION        CRP,G9675K103,,208372.0,,2131646.0,0.0,0.0007715146564527368,0.0007715146564527368
TRIM,EOG    RES     INC,26875P101,,16424.0,-96.46837470836783,2130686.0,0.027979830008712066,0.0007711672000410275,-0.027208662808671038
ADD,CURTISS   WRIGHT    CORP,231561101,CALL,2800.0,3.7037037037037033,2121728.0,0.0007653321752206435,0.0007679249973992645,2.5928221786210206e-06
ADD,CONAGRA   BRANDS     INC,205887102,PUT,157500.0,3.211009174311927,2119950.0,0.0009983197205886902,0.0007672814791700778,-0.00023103824141861235
TRIM,NUVATION    BIO   INC,67080N101,,372858.0,-66.77377960754959,2117833.0,0.0020034678296763997,0.0007665152653955063,-0.0012369525642808934
TRIM,GRAHAM   HLDGS     CO,384637104,,1853.0,-79.40653478550789,2115051.0,0.003959044135701005,0.0007655083656690735,-0.003193535770031932
TRIM,DOMINION   ENERGY      INC,25746U109,CALL,30900.0,-32.38512035010941,2110161.0,0.001175730475946375,0.0007637385095719288,-0.0004119919663744462
TRIM,AVEPOINT    INC,053604104,,188208.0,-76.40584237716705,2109810.0,0.0031570151985681845,0.0007636114708213976,-0.002393403727746787
ADD,SIGA   TECHNOLOGIES       INC,826917106,,579599.0,24.29105085734382,2109740.0,0.0010382550563245742,0.0007635861354580437,-0.00027466892086653054
NEW,FRESHPET    INC,358039105,,35659.0,,2108160.0,0.0,0.000763014280113772,0.000763014280113772
ADD,TAPESTRY     INC,876030107,PUT,14400.0,50.0,2107872.0,0.0005637565486669538,0.0007629100431902593,0.00019915349452330553
TRIM,HOMEBANCORP      INC,43689E107,,30703.0,-36.51814328543368,2103770.0,0.0012193351133275448,0.0007614253908977261,-0.0004579097224298187
NEW,CAREDX   INC,14167L103,,73809.0,,2103556.0,0.0,0.0007613479370726159,0.0007613479370726159
TRIM,PUBLIC   STORAGE,74460D109,CALL,6600.0,-35.294117647058826,2100846.0,0.0011498460227612217,0.0007603670965770614,-0.00038947892618416025
KEEP,ARTIUS     II   ACQUISITION      INC,G0509J115,,200000.0,0.0,2098000.0,0.0008606233188671223,0.0007593370330898479,-0.00010128628577727437
TRIM,CARPENTER     TECHNOLOGY     CORP,144285103,CALL,3400.0,-47.69230769230769,2097256.0,0.0010661970151617968,0.0007590677543707732,-0.0003071292607910236
KEEP,LIBERTY  MEDIA   CORP     DEL,531229755,PUT,22000.0,0.0,2093080.0,0.0007784063252136461,0.0007575563189798375,-2.08500062338086e-05
KEEP,RITHM   ACQUISITION     CORP,G75751100,,200000.0,0.0,2092000.0,0.0008656172646245717,0.0007571654305166644,-0.00010845183410790728
TRIM,AMTECH   SYS   INC,032332504,,90626.0,-80.0205909651078,2091648.0,0.002204832462021837,0.000757038029832371,-0.001447794432189466
NEW,SABRE   CORP,78573M104,CALL,1000000.0,,2090000.0,0.0,0.0007564415629922699,0.0007564415629922699
TRIM,DIAGEO   PLC,25243Q205,CALL,26000.0,-57.65472312703584,2089880.0,0.0019023728887354715,0.0007563981309408062,-0.0011459747577946653
NEW,BLUE   OWL     CAPITAL    CORPORATION,69121K104,,191956.0,,2086562.0,0.0,0.0007551972347178358,0.0007551972347178358
TRIM,WYNN   RESORTS       LTD,983134107,,21486.0,-59.036052696802734,2086076.0,0.0022166456407110837,0.0007550213349094079,-0.001461624305801676
KEEP,FIFTH   ERA  ACQUISITION       CORP     I,G3415K101,,200000.0,0.0,2084000.0,0.0008572940216954894,0.0007542699604190863,-0.00010302406127640307
ADD,GRAN   TIERRA   ENERGY      INC,38500T200,,333190.0,33.25467925131979,2082580.0,0.0009333930156339435,0.0007537560144767662,-0.0001796370011571773
TRIM,NET  LEASE    OFFICE    PROPERTIES,64110Y108,,185861.0,-38.645156604869804,2068633.0,0.0014522939435074862,0.0007487081242954011,-0.0007035858192120852
ADD,V   F  CORP,918204108,CALL,123600.0,37.028824833702885,2061648.0,0.0006377676571166476,0.0007461800169664532,0.00010841235984980567
NEW,SPRING     VY   ACQUISITION      CORP    I,G8377G105,,202500.0,,2061450.0,0.0,0.0007461083540815382,0.0007461083540815382
TRIM,KENSINGTON     CAP  ACQUISITION,G5235S123,,200000.0,-84.61538461538461,2060000.0,0.005431748335519188,0.0007455835501263522,-0.0046861647853928354
TRIM,CMS  ENERGY      CORP,125896100,,26905.0,-90.42635714082382,2058232.0,0.009073359800066554,0.0007449436512347873,-0.008328416148831766
ADD,INFINITY   NAT   RES     INC,456941103,,161963.0,26.648368834256043,2056930.0,0.0009372125518140994,0.0007444724134764066,-0.0001927401383376928
ADD,TEXAS   PACIFIC  LAND      CORPORATI,88262P102,CALL,4700.0,74.07407407407408,2056908.0,0.0005332335521974228,0.0007444644509336382,0.0002112308987362154
ADD,WEIBO  CORP,948596101,,282839.0,2649.21267496112,2053411.0,3.746291642379997e-05,0.0007431987685672344,0.0007057358521434345
NEW,COLOMBIER     ACQUISITION      CORP      I,G2284A103,,200000.0,,2050000.0,0.0,0.0007419642125043796,0.0007419642125043796
TRIM,CENTRAL   GARDEN    &  PET    CO,153527205,,52855.0,-23.72905813936709,2049188.0,0.000934980674222666,0.0007416703222894753,-0.00019331035193319063
TRIM,LAUNCH     TWO  ACQUISITION     CORP.,G5S87A105,,190478.0,-4.761,2041924.0,0.0008839283990685531,0.0007390412354408745,-0.00014488716362767858
TRIM,CONSOLIDATED  EDISON  INC,209115104,,18443.0,-92.05597815318613,2040349.0,0.010935116095632398,0.0007384711897654139,-0.010196644905866983
TRIM,TENET  HEALTHCARE       CORP,88033G407,PUT,10900.0,-50.9009009009009,2039172.0,0.0017434538821933295,0.0007380451937273076,-0.0010054086884660218
KEEP,PROCAP     ACQUISITION      CORP,G7257A105,,198300.0,0.0,2038524.0,0.000840929277610474,0.0007378106606494038,-0.00010311861696107026
TRIM,TENNANT   CO,880345103,,23281.0,-55.227985153560645,2038019.0,0.0014368971925751233,0.0007376278840994942,-0.0006992693084756291
ADD,TRACTOR   SUPPLY    CO,892356106,PUT,64400.0,19.702602230483272,2035684.0,0.0010142454136091966,0.0007367827687647636,-0.00027746264484443297
TRIM,ITHAX   ACQUISITION      CORP   III,G4977S128,,200000.0,-80.0,2033000.0,0.004144974978683046,0.0007358113385470261,-0.00340916364013602
ADD,PROLOGIS   INC.,74340W103,CALL,15000.0,30.434782608695656,2032050.0,0.0006325955939605158,0.0007354675014729388,0.000102871907512423
NEW,ANGLOGOLD       ASHANTI  PLC,G0378L100,CALL,25100.0,,2030339.0,0.0,0.0007348482328058192,0.0007348482328058192
KEEP,CSLM  DIGITA      ASSET     ACQ  CORP  I,G2584S101,,200000.0,0.0,2028000.0,0.000835653590079875,0.0007340016697360399,-0.00010165192034383513
KEEP,TRAILBLAZER       ACQUISITION  CORP,G9009S103,,200000.0,0.0,2024000.0,0.0008364859143727833,0.0007325539346872508,-0.00010393197968553249
NEW,OFFICE   PPTYS    INCOME      TR,67623C307,,119008.0,,2023136.0,0.0,0.0007322412239167124,0.0007322412239167124
TRIM,KPET  ULTRA     PACELINE      CORP,G53157122,,200000.0,-79.00262467191601,2018000.0,0.003963944444975503,0.0007303823321140673,-0.003233562112861436
TRIM,RUSH   STREET   INTERACTIVE    INC,782011100,,67703.0,-82.27465990847114,2013487.0,0.003457284926639908,0.000728748925045271,-0.002728536001594637
ADD,DOMINOS    PIZZA  INC,25754A201,PUT,6800.0,277.77777777777777,2013072.0,0.00026876666974729336,0.0007285987225339592,0.00045983205278666585
TRIM,BAXTER   INTL  INC,071813109,PUT,94300.0,-58.76694359422825,2010476.0,0.0015989615526201656,0.0007276591424872951,-0.0008713024101328705
TRIM,ILLUMINATION        ACQUISITIO      CORP,G470AU126,,200000.0,-77.77777777777779,2010000.0,0.0037154956435423926,0.0007274868620164893,-0.0029880087815259034
ADD,VANGUARD  INTL   EQUITY   INDEX  F,922042874,,22642.0,241.0967158782766,2004723.0,0.00022771144167530138,0.0007255769375533743,0.0004978654958780729
TRIM,QDRO  ACQUISITION          CORP,G7310E128,,200000.0,-68.0,2004000.0,0.0025776042946002125,0.0007253152594433056,-0.001852289035156907
TRIM,ABONY   ACQUISITION       CORP  I,G00582125,,200000.0,-78.40172786177105,2002000.0,0.00383053950730817,0.0007245913919189112,-0.0031059481153892588
TRIM,TRIMAS   CORP,896215209,,44429.0,-42.979067469230074,2000638.0,0.001165394256714894,0.0007240984381347985,-0.0004412958185800956
TRIM,OREILLY   AUTOMOTIVE       INC,67103H107,CALL,21700.0,-54.315789473684205,1998353.0,0.001824756567611046,0.0007232714194881777,-0.0011014851481228683
KEEP,DYNAMIX   CORP   III,G2949T109,,200000.0,0.0,1998000.0,0.0008256656985649762,0.0007231436568701221,-0.00010252204169485413
TRIM,INFLECTION      PT   ACQUISIT       CORP,G4790S123,,182439.0,-81.7561,1995883.0,0.004211560922115705,0.0007223774430955506,-0.003489183479020154
TRIM,WORKIVA   INC,98139A105,,41126.0,-67.71392683309782,1995022.0,0.003161029914795027,0.0007220658181262987,-0.0024389640966687286
TRIM,MOODYS   CORP,615369105,CALL,4400.0,-39.726027397260275,1992848.0,0.0013253203756514553,0.0007212789741272819,-0.0006040414015241734
ADD,GEN   DIGITAL   INC,668771116,,1543757.0,1.375948579068613,1991447.0,0.00030590289888612687,0.0007207719049264435,0.00041486900604031663
TRIM,DONEGAL    GROUP  INC,257701201,,105245.0,-42.36940094184646,1984921.0,0.0013056721122309167,0.0007184099251943441,-0.0005872621870365726
ADD,DUOLINGO   INC,26603R106,CALL,17200.0,681.8181818181819,1978344.0,9.024642610716197e-05,0.0007160294868403729,0.000625783060733211
ADD,KEROS   THERAPEUTICS      INC,492327101,,184822.0,72.96037732317654,1977595.0,0.000490951478117684,0.0007157583984524871,0.00022480692033480308
TRIM,KFORCE   INC,493732101,,42143.0,-35.075719061484186,1977350.0,0.0007898749216456288,0.0007156697246807487,-7.42051969648801e-05
TRIM,INTERNATIONAL  PAPER  CO,460146103,PUT,51700.0,-30.78982597054886,1969770.0,0.0011098170505423855,0.0007129262667632935,-0.000396890783779092
TRIM,EMPERY  DIGITAL   INC,92864V608,,553034.0,-34.29106437178753,1968801.0,0.0014815980010500533,0.0007125755529477244,-0.0007690224481023289
TRIM,SFL   CORPORATION    LTD,G7738W106,,193013.0,-13.690532086625618,1968733.0,0.0010041813644214965,0.0007125509414518949,-0.0002916304229696016
KEEP,BITCOIN   INFRASTRUCTURE       ACQUI,G1143H101,,196600.0,0.02035002035002035,1965017.0,0.0008114641653172292,0.00071120599559157,-0.00010025816972565919
ADD,AST  SPACEMOBILE       INC,00217D100,,22106.0,50.750136388434264,1964339.0,0.0005057227373439266,0.0007109606045008002,0.00020523786715687358
ADD,LOANDEPOT     INC,53946R106,,1569918.0,23.671096476371282,1962398.0,0.0007501701397388805,0.0007102580910683753,-3.9912048670505147e-05
NEW,THERAVANCE      BIOPHARMA    INC,G8807B106,,115403.0,,1961851.0,0.0,0.0007100601133004534,0.0007100601133004534
NEW,VOYAGER     TECHNOLOGIES     INC,92892B103,CALL,60800.0,,1960800.0,0.0,0.0007096797209163842,0.0007096797209163842
ADD,AUTOLUS   THERAPEUTICS        LTD,05280R100,,1224818.0,498.265991950295,1959709.0,0.00011757621042695055,0.0007092848511818269,0.0005917086407548763
TRIM,NEUROCRINE     BIOSCIENCES        INC,64125C109,,11585.0,-99.07130322971636,1952478.0,0.06839153282029117,0.0007066677081473785,-0.06768486511214379
TRIM,PALISADE     BIO     INC,696389402,,934155.0,-55.58734078397683,1952384.0,0.0015318379276942876,0.0007066336863737321,-0.0008252042413205555
NEW,WINNEBAGO     INDS   INC,974637100,,62482.0,,1951938.0,0.0,0.000706472263915792,0.000706472263915792
ADD,8X8   INC  NEW,282914100,,1140445.0,636.5883431937376,1950161.0,0.00010695949790875946,0.0007058291076203675,0.000598869609711608
NEW,HUNTINGTON        BANCSHARES   INC,446150104,PUT,109700.0,,1944981.0,0.0,0.0007039542907321857,0.0007039542907321857
NEW,SK   TELECOM  CO    LTD,78440P306,CALL,60400.0,,1942464.0,0.0,0.0007030433034527351,0.0007030433034527351
TRIM,CAESARS  ENTERTAINMENT      INC   NE,12769G100,PUT,64300.0,-62.83236994219653,1940574.0,0.0019028556368253587,0.0007023592486421824,-0.0012004963881831763
NEW,VANGUARD  BD  INDEX  FDS,921937835,,26396.0,,1937730.0,0.0,0.0007013299090224934,0.0007013299090224934
ADD,ARCELORMITTAL       SA  LUXEMBOURG,03938L203,CALL,32100.0,35.44303797468354,1933062.0,0.0005126809684326396,0.0006996404022205565,0.00018695943378791693
TRIM,WEC   ENERGY     GROUP  INC,92939U106,CALL,16500.0,-12.23404255319149,1926705.0,0.0009057669238658795,0.0006973395892942686,-0.00020842733457161094
TRIM,AH   RLTY  TR  INC,04208T108,,272081.0,-63.09815410071747,1926333.0,0.0016876228171114841,0.0006972049499347312,-0.0009904178671767529
ADD,BIOVENTUS      INC,09075A108,,203512.0,1123.543557987134,1921153.0,6.319796739837637e-05,0.0006953301330465494,0.0006321321656481731
NEW,ANGEL   STUDIOS   INC.,034948109,,522801.0,,1918680.0,0.0,0.0006944350708526356,0.0006944350708526356
TRIM,ISHARES  ETHEREUM  TR,46438R105,PUT,161300.0,-60.571987289171346,1917857.0,0.00269508811703065,0.0006941371993663473,-0.0020009509176643027
ADD,VEEVA   SYS    INC,922475108,PUT,10800.0,56.52173913043478,1916676.0,0.0005044109942583032,0.0006937097555931923,0.00018929876133488908
TRIM,DAQO   NEW   ENERGY     CORP,23703Q203,,142755.0,-4.304953176428001,1911489.0,0.0013204804098881939,0.0006918324051686751,-0.0006286480047195188
TRIM,CLEAR  CHANNEL    OUTDOOR    HLDGS,18453H106,,788094.0,-88.16805009902822,1907187.0,0.006569504431763771,0.0006902753661237025,-0.005879229065640069
TRIM,FIDELITY  NATL  INFORMATION    SV,31620M106,,49000.0,-95.40505387808764,1905120.0,0.020818223392162057,0.0006895272490372408,-0.020128696143124816
TRIM,ALPHA   METALLURGICAL     RESOUR     I,020764106,,11530.0,-47.39723527533191,1901758.0,0.0018724437556489307,0.0006883104277287336,-0.001184133327920197
ADD,HAFNIA   LTD,Y2990R101,,285582.0,19.32611593246117,1896264.0,0.0007569573281854008,0.0006863219636392218,-7.063536454617893e-05
NEW,ISHARES  TR,46429B309,,167644.0,,1896054.0,0.0,0.0006862459575491604,0.0006862459575491604
TRIM,GLADSTONE      CAP   CORP,376535878,,97486.0,-13.658143427776842,1893178.0,0.00081523501052625,0.0006852050360490811,-0.00013002997447716892
NEW,AVIS   BUDGET   GROUP    INC,053774105,CALL,12800.0,,1892224.0,0.0,0.0006848597512399449,0.0006848597512399449
ADD,BEYOND   MEAT      INC,08862E109,,2522037.0,812.3105861925518,1891528.0,8.07163129533626e-05,0.0006846078453414556,0.0006038915323880931
TRIM,PALLADYNE      AI    CORP,80359A205,,310883.0,-12.236716926056308,1890169.0,0.0008948193624412574,0.0006841159773586296,-0.0002107033850826278
KEEP,TARSUS  PHARMACEUTICALS       INC,87650L103,CALL,30000.0,0.0,1888200.0,0.0008758132372126978,0.0006834033297808632,-0.00019240990743183458
ADD,HUNT     J  B   TRANS  SVCS    INC,445658107,PUT,6500.0,4.838709677419355,1881295.0,0.0005467455047684952,0.0006809041771528911,0.00013415867238439588
NEW,EQUITY   BANCSHARES    INC,29460X109,,38307.0,,1876660.0,0.0,0.0006792266141651068,0.0006792266141651068
KEEP,OAKTREE    ACQUISITION       CORP      III,G6717R104,,175000.0,0.0,1872500.0,0.0007705242141598051,0.0006777209697143662,-9.280324444543885e-05
TRIM,GUIDEWIRE   SOFTWARE      INC,40171V100,CALL,15200.0,-67.38197424892704,1870360.0,0.0029004404150634105,0.0006769464314632641,-0.0022234939836001466
KEEP,ALDEL   FINL   II   INC,G01558108,,175000.0,0.0,1869875.0,0.0007690676466472157,0.0006767708935885984,-9.229675305861727e-05
ADD,REPLIMUNE     GROUP  INC,76029N106,PUT,168500.0,56.74418604651162,1865295.0,0.0003422413451902078,0.000675113236957735,0.00033287189176752716
ADD,VANGUARD     SCOTTSDALE       FDS,92206C870,,22544.0,3.5078053259871442,1863262.0,0.0007500469557435301,0.000674377425619188,-7.56695301243421e-05
KEEP,IONQ   INC,46222L116,CALL,45000.0,0.0,1861875.0,0.00032398223101453324,0.0006738754234910203,0.0003498931924764871
NEW,FUTUREFUEL      CORP,36116M106,,411870.0,,1861652.0,0.0,0.0006737947122620504,0.0006737947122620504
TRIM,METLIFE    INC,59156R108,CALL,22000.0,-24.137931034482758,1861420.0,0.0008534986229198278,0.0006737107436292206,-0.00017978787929060717
TRIM,MATRIX   SVC  CO,576853105,,135823.0,-71.49037280835245,1860775.0,0.002276073179062586,0.0006734772963526034,-0.0016025958827099824
TRIM,PARAMOUNT     SKYDANCE     CORP,69932A204,,188362.0,-73.75766078416895,1857249.0,0.002694386467651728,0.0006722011179070957,-0.0020221853497446323
ADD,BARNES   &   NOBLE    ED  INC,06777U200,,147722.0,8.506621811210437,1855388.0,0.0005002789203061603,0.0006715275591756468,0.00017124863886948643
TRIM,LOVESAC   CO,54738L109,,111125.0,-72.55671406627384,1854676.0,0.0024889646705405096,0.0006712698623369623,-0.0018176948082035474
ADD,NOVA   LTD,M7516K103,,3414.0,2.2461814914645104,1853597.0,0.0006034604982494093,0.0006708793358075515,6.741883755814217e-05
KEEP,M3-BRIGADE    ACQUISITION         VI  CO,G63221108,,182950.0,0.0,1853284.0,0.0007651756982535767,0.0006707660505399837,-9.440964771359299e-05
ADD,GRAB   HOLDINGS     LIMITED,G4124C109,PUT,491400.0,2.9756915339480305,1852578.0,0.000726848829213738,0.0006705105253038725,-5.633830390986555e-05
TRIM,AMARIN   CORP   PLC,023111404,,115808.0,-61.46618042430857,1845980.0,0.0018085370641151431,0.0006681224863408949,-0.0011404145777742483
ADD,EAGLE  NUCLEAR   ENERGY      CORP,269710117,CALL,1271316.0,187.72504758391403,1843408.0,0.0002555955539741669,0.0006671915927045236,0.0004115960387303567
TRIM,NETGEAR   INC,64111Q104,,78904.0,-33.28767702388502,1842408.0,0.001074999260721448,0.0006668296589423262,-0.00040816960177912176
TRIM,COMMVAULT   SYS   INC,204166102,,12999.0,-96.84291057463447,1842348.0,0.013346498570344492,0.0006668079429165945,-0.012679690627427898
TRIM,AC   IMMUNE     SA,H00263105,,773594.0,-2.4049494295767273,1841154.0,0.0009071531599757182,0.0006663757940045309,-0.00024077736597118724
TRIM,MANNKIND   CORP,56400P706,,431126.0,-93.25408759487284,1836597.0,0.006516166594101332,0.0006647264618501981,-0.005851440132251134
TRIM,AXIOM   INTELLIGENCE         AC   CORP   1,G0750N104,,177409.0,-66.40299214089575,1834409.0,0.002226112081056476,0.0006639345507785105,-0.0015621775302779653
NEW,CYBERARK     SOFTWARE    LTD,23248VAD7,,1100000.0,,1834214.0,0.0,0.000663863973694882,0.000663863973694882
TRIM,ARCHIMEDES         TECH  SPAC    PTNRS      I,G0453R121,,179743.0,-48.64485714285715,1831581.0,0.0014565675125894236,0.0006629110020990167,-0.0007936565104904069
TRIM,LAS  VEGAS  SANDS     CORP,517834107,CALL,39400.0,-18.25726141078838,1819886.0,0.0010807797529356956,0.0006586781867501197,-0.0004221015661855759
TRIM,ALCOA   CORP,013872106,CALL,34800.0,-59.250585480093676,1814472.0,0.0023573846038853776,0.0006567186773615836,-0.001700665926523794
TRIM,ATKORE   INC,047649108,,23860.0,-39.172997501657065,1814314.0,0.0009616691526747687,0.0006566614918271566,-0.00030500766084761214
NEW,JATT   II  ACQUISITION     CORP,G50765109,,159683.0,,1813999.0,0.0,0.0006565474826920644,0.0006565474826920644
TRIM,RESMED   INC,761152107,PUT,9300.0,-90.6060606060606,1812384.0,0.009248587784966088,0.0006559629596661158,-0.008592624825299973
TRIM,MOELIS   &   CO,60786M105,,27656.0,-88.85553213866916,1809256.0,0.005886639779808769,0.0006548308308579627,-0.005231808948950806
TRIM,SASOL     LTD,803866300,,183944.0,-13.865345533214082,1806330.0,0.0011517953262552127,0.0006537718126697736,-0.000498023513585439
ADD,BLACK  ROCK   COFFEE    BAR     INC,092244102,,217809.0,1897.8811227297745,1805637.0,5.861810297664876e-05,0.0006535209925725709,0.0005949028895959221
TRIM,DEXCOM   INC,252131107,CALL,26800.0,-17.791411042944784,1804980.0,0.000852000439192593,0.0006532832020908074,-0.00019871723710178564
TRIM,DRAFTKINGS      INC  NEW,26142V105,,71413.0,-86.0943542451232,1803892.0,0.004620663710079524,0.0006528894181575367,-0.003967774291921988
TRIM,MP   MATERIALS     CORP,553368101,PUT,32200.0,-81.14754098360656,1803522.0,0.003430344670089201,0.0006527555026655238,-0.002777589167423677
NEW,LUCKY   STRIKE     ENTERTAINMENT        C,10258P102,,241059.0,,1803121.0,0.0,0.0006526103672268826,0.0006526103672268826
TRIM,SUMITOMO     MITSUI       FIN  GRP    INC,86562M209,,76206.0,-31.542068668139922,1796937.0,0.0009149449638437787,0.0006503721688414548,-0.0002645727950023239
NEW,NEWHOLD   INVTS     CORP   IV,G6486G123,,175000.0,,1793750.0,0.0,0.0006492186859413321,0.0006492186859413321
ADD,OLAPLEX     HLDGS  INC,679369108,,873284.0,48.44346534215885,1790232.0,0.0004969962332949301,0.0006479454029659222,0.00015094916967099204
TRIM,E   L  F  BEAUTY       INC,26856L103,CALL,24100.0,-90.54160125588697,1783400.0,0.0064269701450896735,0.0006454726715025904,-0.005781497473587083
ADD,POWELL   INDS   INC,739128106,CALL,6200.0,342.85714285714283,1775432.0,0.00031524781988475416,0.0006425887832854027,0.00032734096340064856
ADD,KEARNY    FINL   CORP  MD,48716P108,,187338.0,36.715123916279886,1772217.0,0.0004305451263977219,0.0006414251662399385,0.00021088003984221664
TRIM,TAPESTRY     INC,876030107,CALL,12100.0,-14.788732394366196,1771198.0,0.0008338898949032025,0.0006410563557362596,-0.00019283353916694297
NEW,EAGLEROCK     LD   LLC,27005A105,,83238.0,,1768808.0,0.0,0.0006401913340446081,0.0006401913340446081
ADD,BURKE      HERBERT     FINL  SVCS      CORP,12135Y108,,24609.0,194.19007770472206,1768403.0,0.0002168437833827985,0.0006400447508709183,0.00042320096748811977
TRIM,HENNESSY    CAP      INVTS    CORP   VIII,G44055112,,175000.0,-65.0,1764000.0,0.002080810732270605,0.0006384511565159637,-0.0014423595757546413
ADD,INNOVAGE   HLDG   CORP,45784A104,,148840.0,571.5091360252651,1763754.0,7.397823164012391e-05,0.0006383621208104632,0.0005643838891703393
TRIM,BOWHEAD    SPECIALTY        HLDGS  INC,10240L102,,58767.0,-67.80260901485309,1758896.0,0.001703745354827263,0.0006366038465937089,-0.0010671415082335542
TRIM,GARMIN     LTD,H2906T109,PUT,7400.0,-1.3333333333333335,1757796.0,0.0007241533469911546,0.0006362057194552918,-8.79476275358628e-05
ADD,IMMERSION     CORP,452521107,,259329.0,40.035531459921806,1755657.0,0.0004207923664955696,0.000635431543137952,0.00021463917664238245
TRIM,AMERICAN  ASSETS    TR  INC,024013104,,71071.0,-84.21328535412432,1754743.0,0.0034491893244049366,0.0006351007356793037,-0.0028140885887256327
ADD,IMPERIAL   PETE  INC,Y3894J187,,380198.0,221.7844659043782,1752713.0,0.00021045111665111675,0.0006343660101420433,0.0004239148934909265
TRIM,CREDIT   ACCEP       CORP     MICH,225310101,,2739.0,-92.6623446206601,1744031.0,0.006578239675217842,0.0006312237012186466,-0.0059470159739991955
ADD,WHITEHAWK    THERAPEUTICS        INC,00032Q104,,380406.0,22.84079386709895,1742259.0,0.0004446172332179216,0.0006305823545920331,0.0001859651213741115
ADD,ONEMAIN     HLDGS     INC,68268W103,,28574.0,361.9886822958771,1742157.0,0.00013768141988429558,0.0006305454373482889,0.0004928640174639933
TRIM,ISHARES  INC,46434G822,,18677.0,-90.17517096265124,1742004.0,0.006680253086015995,0.0006304900614826728,-0.006049763024533322
TRIM,HERON   THERAPEUTICS          INC,427746102,,4070101.0,-46.66028964971882,1737119.0,0.002540746894099503,0.0006287220150543392,-0.001912024879045164
TRIM,EIKON   THERAPEUTICS        INC,282564103,,133020.0,-24.259937253383594,1735911.0,0.0007732850338393818,0.000628284799069605,-0.0001450002347697768
TRIM,AVINO   SILVER   &  GOLD  MINES    LT,053906103,,273802.0,-51.17775233856502,1735744.0,0.001475021806811785,0.0006282243561313179,-0.0008467974506804672
TRIM,SELECT  SECTOR  SPDR  TR,81369Y852,CALL,16200.0,-86.13013698630137,1735506.0,0.005388653912929571,0.000628138215895915,-0.0047605156970336555
ADD,BITMINE  IMMERSION    TECHS  INC,09175A206,PUT,129900.0,60.17262638717632,1728969.0,0.0006675898365315499,0.0006257722548924315,-4.181758163911836e-05
ADD,FIVERR   INTL     LTD,M4R82T106,,167498.0,150.3557335884252,1728579.0,0.00027898594741562077,0.0006256311007251746,0.0003466451533095538
NEW,INSMED   INC,457669307,PUT,16200.0,,1727244.0,0.0,0.0006251479191526413,0.0006251479191526413
TRIM,AMERICAN   WTR   WKS   CO  INC    NEW,030420103,CALL,13100.0,-23.391812865497073,1723698.0,0.0009684671613370969,0.0006238645020318898,-0.00034460265930520706
ADD,AFLAC  INC,001055102,CALL,14700.0,68.96551724137932,1723575.0,0.0003972171970610901,0.0006238199841791395,0.0002266027871180494
ADD,SIDUS   SPACE   INC,826165201,,613198.0,37.72673776132678,1723086.0,0.00042986594977470884,0.0006236429985694251,0.00019377704879471622
TRIM,NB  BANCORP      INC,63945M107,,81447.0,-48.53042472652819,1720975.0,0.0013875595054644013,0.0006228789563974266,-0.0007646805490669746
ADD,WEBULL     CORP,G9572D103,CALL,616100.0,23.195360927814438,1716972.0,0.0002852708281513709,0.000621430135547351,0.0003361593073959801
NEW,BEAM  THERAPEUTICS     INC,07373V105,CALL,50000.0,,1716000.0,0.0,0.0006210783359304953,0.0006210783359304953
ADD,SHAKE   SHACK  INC,819047101,CALL,30600.0,1076.923076923077,1714212.0,9.572644925166983e-05,0.0006204311983636867,0.0005247047491120169
KEEP,SANOFI   SA,80105N105,PUT,40100.0,0.25,1710666.0,0.0008020276886463821,0.0006191477812429352,-0.00018287990740344692
ADD,EVERCORE   INC,29977A105,CALL,5000.0,13.636363636363635,1707200.0,0.0005466056742872866,0.0006178933188231594,7.128764453587276e-05
TRIM,SPECTRUM    BRANDS    HOLDINGS    INC,84790A105,,19855.0,-94.3816727363277,1702566.0,0.01083909250660816,0.0006162161177691373,-0.010222876388839022
ADD,COMMUNITY   HEALTH     SYS  INC  NEW,203668108,,509455.0,1318.7785451709926,1701580.0,4.393423780116156e-05,0.0006158592510796108,0.0005719250132784492
ADD,TOMPKINS   FINL   CORP,890110109,,17977.0,252.83611383709518,1699186.0,0.00016716817260915587,0.0006149927816529107,0.00044782460904375476
NEW,MOBILEYE     GLOBAL   INC,60741F104,CALL,175100.0,,1694968.0,0.0,0.0006134661450439625,0.0006134661450439625
TRIM,SEPTERNA  INC,81734D104,,50562.0,-59.25737907027341,1693321.0,0.0012410566965617177,0.0006128700401376236,-0.0006281866564240941
ADD,GLOBAL  X  FDS,37954Y871,,38748.0,241.48233013131227,1693288.0,0.0002286956651516654,0.0006128580963234712,0.0003841624311718058
NEW,ISHARES  TR,464287507,,21926.0,,1690714.0,0.0,0.0006119264788195754,0.0006119264788195754
TRIM,VSE    CORP,918284209,,29073.0,-31.983436271757437,1686731.0,0.0008788341582338082,0.0006104848966447437,-0.0002683492615890645
TRIM,BEST  BUY     INC,086516101,CALL,22200.0,-37.110481586402265,1684536.0,0.0009431316260231164,0.0006096904520367207,-0.0003334411739863957
TRIM,MSCI  INC,55354G100,PUT,3000.0,-58.9041095890411,1680120.0,0.0016375035774897214,0.0006080921525428576,-0.0010294114249468638
NEW,AIRSCULPT       TECHNOLOGIES   INC,009496100,,373324.0,,1679958.0,0.0,0.0006080335192733817,0.0006080335192733817
TRIM,AMERISAFE  INC,03071H100,,49500.0,-59.691210240875556,1674585.0,0.0017033479199773992,0.0006060888491690958,-0.0010972590708083034
TRIM,FRANKLIN    RESOURCES      INC,354613101,,50333.0,-89.12952864316182,1674579.0,0.004551419739017463,0.0006060866775665227,-0.00394533306145094
TRIM,DEUTSCHE     BK     AG,D18190898,CALL,49600.0,-92.17665615141955,1674496.0,0.006715040079838096,0.0006060566370642603,-0.006108983442773835
NEW,MODIV   INDUSTRIAL     INC,60784B101,,96216.0,,1674158.0,0.0,0.0006059343034526376,0.0006059343034526376
NEW,HUNTINGTON        BANCSHARES   INC,446150104,CALL,94400.0,,1673712.0,0.0,0.0006057728809946976,0.0006057728809946976
NEW,ENGENE    THERAPEUTICS   INC,29286X101,,966627.0,,1672265.0,0.0,0.0006052491628407981,0.0006052491628407981
ADD,FARMLAND     PARTNERS     INC,31154R109,,172571.0,3.8533291608492606,1670487.0,0.0007765864481472023,0.0006046056446116115,-0.00017198080353559078
ADD,MID  PENN  BANCORP    INC,59540G107,,47909.0,145.28466106901493,1669150.0,0.0002614118361330097,0.0006041217391715537,0.000342709903038544
TRIM,ALPINE  INCOME      PPTY  TR   INC,02083X103,,80146.0,-57.87443168379281,1663831.0,0.0014251847251253184,0.0006021966134904266,-0.0008229881116348918
NEW,LIFEMD   INC,53216B104,,401624.0,,1658707.0,0.0,0.0006003420648929277,0.0006003420648929277
TRIM,COGENT   COMM     HOLDINGS     INC,19239V302,,119138.0,-47.83708996654933,1653635.0,0.0017907378091113005,0.0005985063368510633,-0.0011922314722602372
ADD,AMER   SPORTS     INC,G0260P102,CALL,48800.0,38.243626062322946,1651392.0,0.0004836120425028192,0.0005976945194224548,0.00011408247691963556
ADD,MARCUS   CORP    DEL,566330106,,70303.0,33.16223127190075,1649308.0,0.00037724682413919615,0.0005969402494620358,0.00021969342532283964
TRIM,IMMUNEERING       CORP,45254E107,,330402.0,-70.03732615587751,1648706.0,0.002418439752391662,0.000596722365337193,-0.0018217173870544692
TRIM,CELSIUS     HLDGS     INC,15118V207,PUT,56300.0,-54.523424878836835,1648464.0,0.0018279605999765962,0.0005966347773667413,-0.001231325822609855
KEEP,RENATUS    TACTICAL   ACQUIS,G7490F101,,157200.0,0.025451768897938407,1647456.0,0.0006723536446220102,0.0005962699481344465,-7.60836964875637e-05
ADD,CRESCENT    ENERGY     COMPANY,44952J104,,167758.0,48.27732503668087,1647384.0,0.0006356306644946057,0.0005962438889035681,-3.938677559103755e-05
TRIM,NASDAQ   INC,631103108,CALL,20900.0,-34.276729559748425,1647338.0,0.0011234305466771926,0.0005962272399505071,-0.0005272033067266855
ADD,SANDRIDGE    ENERGY       INC,80007P869,,120136.0,418.63236055948886,1645863.0,0.0001572281397410992,0.0005956933876512661,0.0004384652479101669
ADD,WEAVE  COMMUNICATIONS       INC,94724R108,,274522.0,53.06666369293218,1644387.0,0.00034482696060612726,0.000595159173418263,0.0002503322128121357
TRIM,EVOLENT     HEALTH   INC,30050B101,,303343.0,-19.28051963948813,1644119.0,0.0003565768826491129,0.0005950621751699941,0.0002384852925208812
ADD,RIBBON    COMMUNICATIONS     INC,762544104,,698458.0,42.15948872425303,1634392.0,0.00043347365942231957,0.0005915416454651014,0.00015806798604278184
NEW,GRINDR     INC,39854F101,,113718.0,,1634128.0,0.0,0.0005914460949518813,0.0005914460949518813
NEW,ISHARES  INC,464286400,,47347.0,,1633472.0,0.0,0.00059120866640388,0.00059120866640388
ADD,CABLE    ONE   INC,12685J105,,30741.0,1115.5397390272835,1632655.0,9.599612232257211e-05,0.0005909129665201649,0.0004949168441975928
TRIM,LSB  INDS     INC,502160104,,150634.0,-70.76180715688787,1628354.0,0.003194635424283344,0.0005893562894089545,-0.0026052791348743897
ADD,BEST  BUY     INC,086516101,PUT,21400.0,1.9047619047619049,1623832.0,0.000561069805849446,0.0005877196249362983,2.664981908685239e-05
TRIM,CAMECO   CORP,13321L108,PUT,15900.0,-64.7450110864745,1619574.0,0.0020384916197598323,0.0005861785109768624,-0.0014523131087829698
NEW,EDITAS     MEDICINE    INC,28106W103,,498997.0,,1616750.0,0.0,0.0005851564100324174,0.0005851564100324174
ADD,CAPITAL  BANCORP   INC       MD,139737100,,46032.0,44.93702770780856,1616644.0,0.00039308262613606845,0.0005851180450536245,0.00019203541891755604
NEW,FORMFACTOR    INC,346375108,CALL,10100.0,,1615293.0,0.0,0.000584629072540896,0.000584629072540896
TRIM,OLIN   CORP,680665205,,81119.0,-92.38667388715207,1607779.0,0.013182738765714795,0.0005819095022517459,-0.01260082926346305
ADD,SKYWORKS     SOLUTIONS   INC,83088M102,PUT,23700.0,7.239819004524888,1606860.0,0.0004925091730318619,0.0005815768851242865,8.90677120924246e-05
TRIM,SONOS   INC,83570H108,,118751.0,-81.23982021974896,1606701.0,0.003529942675789333,0.0005815193376560972,-0.0029484233381332358
NEW,CHRONOSCALE   CORP,170924104,,72275.0,,1605950.0,0.0,0.0005812475254006871,0.0005812475254006871
KEEP,PERIMETER     ACQUISITION         CORP  I,G7010A103,,148857.0,0.0,1604678.0,0.0006591334217156021,0.0005807871456551721,-7.834627606043002e-05
KEEP,NEWAMSTERDAM             PHARMA        COMPANY,N62509117,CALL,75000.0,0.0,1602750.0,0.0006254917061205439,0.0005800893373616558,-4.540236875888817e-05
TRIM,FIRST  BUSINESS     FINL   SVCS   INC,319390100,,25364.0,-23.544837980406932,1602244.0,0.0007445673487611687,0.0005799061988779839,-0.00016466114988318483
TRIM,BITMINE  IMMERSION    TECHS  INC,09175A206,CALL,119700.0,-37.78586278586278,1593207.0,0.0015837766282203476,0.0005766354034690074,-0.0010071412247513402
TRIM,STATE  STR   SPDR   S&P  MIDCAP  40,78467Y107,,2251.0,-94.9118444846293,1583218.0,0.011355176432912355,0.0005730200471184189,-0.010782156385793936
TRIM,BILL   HOLDINGS      INC,090043100,PUT,43700.0,-86.99791728652187,1580192.0,0.005357101331309713,0.00057192483555401,-0.0047851764957557025
NEW,INTAPP   INC,45827U109,,62663.0,,1579734.0,0.0,0.0005717590698909237,0.0005717590698909237
NEW,MOVADO    GROUP  INC,624580106,,40168.0,,1579004.0,0.0,0.0005714948582445197,0.0005714948582445197
TRIM,VALENS    SEMICONDUCTOR       LTD,M9607U115,,697804.0,-25.55216759521437,1577037.0,0.00044078063438976104,0.0005707829345342777,0.00013000230014451666
NEW,PRIME   MEDICINE   INC,74168J101,,427097.0,,1575988.0,0.0,0.0005704032660177327,0.0005704032660177327
ADD,ESQUIRE   FINL       HLDGS  INC,29667J101,,13186.0,81.2508591065292,1570584.0,0.0003254646005802028,0.0005684473759668188,0.000242982775386616
TRIM,ALGOMA   STL   GROUP  INC,015658107,,386942.0,-49.51246785341025,1570380.0,0.001317268470441861,0.0005683735414793305,-0.0007488949289625304
NEW,DEERE   &   CO,244199105,,2470.0,,1566795.0,0.0,0.0005670760089418534,0.0005670760089418534
ADD,SOUNDHOUND       AI  INC,836100107,CALL,241700.0,20.368525896414344,1563799.0,0.0005740940163848742,0.0005659916553903104,-8.102360994563735e-06
TRIM,PRUDENTIAL   FINL  INC,744320102,,14479.0,-70.24822257839148,1562718.0,0.001978510585753546,0.0005656004049933752,-0.001412910180760171
ADD,KORRO   BIO  INC,500946108,,118434.0,86.1994151495142,1560960.0,0.00029964506868989624,0.0005649641254394323,0.0002653190567495361
NEW,LAMAR   ADVERTISING      CO,512816109,PUT,10000.0,,1559800.0,0.0,0.0005645442822752835,0.0005645442822752835
TRIM,ULTRAPAR    PARTICIPACOES       SA,90400P101,,310324.0,-78.31485265302814,1557826.0,0.00328146016522236,0.0005638298250287061,-0.002717630340193654
TRIM,HALOZYME  THERAPEUTICS         INC,40637H109,,19858.0,-95.78640480050245,1554286.0,0.01267591819262852,0.0005625485795105278,-0.012113369613117993
TRIM,DANAOS   CORPORATION,Y1968P121,,12701.0,-66.65529010238907,1554221.0,0.0017855262105512554,0.000562525053815985,-0.0012230011567352704
TRIM,SERVISFIRST    BANCSHARES      INC,81768T108,,17868.0,-63.46311140193032,1550049.0,0.001482235561458421,0.000561015066160098,-0.0009212204952983229
TRIM,KEURIG   DR   PEPPER  INC,49271V100,PUT,47300.0,-38.57142857142858,1548129.0,0.0008437312973425495,0.0005603201533366794,-0.00028341114400587007
TRIM,DOVER  CORP,260003108,CALL,6900.0,-28.865979381443296,1547532.0,0.0008414652944551069,0.0005601040788806475,-0.00028136121557445937
TRIM,TREDEGAR     CORP,894650100,,194328.0,-15.79148069506435,1546851.0,0.0007635002294519525,0.0005598576019885912,-0.0002036426274633613
TRIM,SAUL   CTRS    INC,804395101,,41280.0,-41.23508811889645,1543459.0,0.0009524349308070982,0.0005586299226672182,-0.00039380500813988005
TRIM,SPRING     VY   ACQUISITION      CORP    I,G8377R101,,150000.0,-57.14285714285714,1539000.0,0.0014798725927908543,0.0005570160600215805,-0.0009228565327692738
ADD,EAGLE     BANCORPORATION           INC,268948106,,54169.0,141.83668913790794,1537858.0,0.00023182853379017203,0.0005566027316651513,0.0003247741978749793
TRIM,ANGI  INC,00183L201,,258298.0,-3.8225525386872405,1536873.0,0.0007655981028322277,0.0005562462269093869,-0.00020935187592284075
ADD,NLI   HOLDINGS    INC,629156407,,257968.0,1170.1526341703595,1534910.0,4.927651127519311e-05,0.0005555357509341937,0.0005062592396590007
TRIM,WILLIS   LEASE     FIN   CORP,970646105,,6703.0,-69.76817607793613,1533646.0,0.0015710141836750393,0.0005550782666587764,-0.0010159359170162628
NEW,APOGEE     ACQUISITION   CORP,G04126127,,150000.0,,1533000.0,0.0,0.0005548444574483971,0.0005548444574483971
TRIM,CLEARWAY     ENERGY    INC,18539C204,,44779.0,-49.522607117493884,1530546.0,0.0014505144341692485,0.000553956271995965,-0.0008965581621732835
ADD,ARDELYX   INC,039697107,CALL,300000.0,48.80952380952381,1530000.0,0.0005025507494636533,0.0005537586561618052,5.120790669815194e-05
TRIM,ISHARES  TR,464287523,,2385.0,-89.3302912360757,1528213.0,0.003057350606924619,0.0005531118805287586,-0.0025042387263958603
NEW,CEREBRAS  SYSTEMS     INC,15675D103,CALL,6900.0,,1524900.0,0.0,0.0005519127939745992,0.0005519127939745992
KEEP,MCKINLEY   ACQUISITION       CORP,G6005T101,,150000.0,0.0,1522500.0,0.0006261159493402251,0.0005510441529453259,-7.507179639489926e-05
TRIM,SILVERBOX       CORP   V,G8148S123,,150000.0,-84.21052631578947,1522500.0,0.003983191944249006,0.0005510441529453259,-0.00343214779130368
TRIM,MNTN  INC,55318A108,,165462.0,-73.82332142060474,1522250.0,0.0023148827961923116,0.0005509536695047766,-0.001763929126687535
ADD,VEON   LTD,91822M502,,29141.0,4.676892129746039,1521452.0,0.0005364105340234536,0.0005506648463625431,1.425431233908949e-05
ADD,CTO   RLTY   GROWTH  INC   NEW,22948Q101,,70727.0,374.3913072640687,1521338.0,0.00011472217042656818,0.0005506235859136526,0.00043590141548708445
NEW,XANADU   QUANTUM       TECHNOLO  LTD,98390R102,,125774.0,,1520417.0,0.0,0.0005502902449186688,0.0005502902449186688
TRIM,FEDERATED     HERMES      INC,314211103,,27503.0,-47.63128832019498,1518716.0,0.0012394540561357229,0.0005496745955891714,-0.0006897794605465515
TRIM,KINDER   MORGAN  INC   DEL,49456B101,CALL,47500.0,-68.89325474787165,1518575.0,0.00213076309087164,0.0005496235629287015,-0.0015811395279429386
NEW,BEL   FUSE  INC,077347300,,4554.0,,1516664.0,0.0,0.0005489319075091426,0.0005489319075091426
NEW,TIC   SOLUTIONS     INC,00510N102,,187452.0,,1516487.0,0.0,0.0005488678452332336,0.0005488678452332336
TRIM,STELLANTIS         N.V,N82405106,CALL,277500.0,-17.5334323922734,1516400.0,0.0009246523620719676,0.0005488363569959225,-0.000375816005076045
NEW,NXP   SEMICONDUCTORS                N     V,N6596X109,,5390.0,,1514752.0,0.0,0.0005482398901558215,0.0005482398901558215
TRIM,U   S  GOLD   CORP,90291C201,,98726.0,-45.10769846653397,1513470.0,0.0011369474931940224,0.0005477758910726845,-0.0005891716021213379
ADD,TRUPANION    INC,898202106,,61076.0,32.60959246151508,1512853.0,0.0004908715749855648,0.0005475525779414088,5.668100295584395e-05
ADD,STARFIGHTERS       SPACE  INC,85529M104,,284115.0,100.9271438876395,1511492.0,0.00034836933279674476,0.0005470599860910583,0.00019869065329431357
NEW,GAP  INC,364760108,PUT,80900.0,,1511212.0,0.0,0.0005469586446376431,0.0005469586446376431
NEW,TERAWULF  INC,88080T104,PUT,61100.0,,1509170.0,0.0,0.0005462195758952364,0.0005462195758952364
KEEP,ECOLAB   INC,278865100,PUT,5400.0,0.0,1504494.0,0.0005978202526785166,0.0005445271736232019,-5.329307905531464e-05
NEW,RIVERVIEW    BANCORP     INC,769397100,,276763.0,,1502823.0,0.0,0.0005439223823065704,0.0005439223823065704
NEW,MOTORCAR  PTS    AMER   INC,620071100,,98042.0,,1502003.0,0.0,0.0005436255966215686,0.0005436255966215686
NEW,ARCHIMEDES         TECH  SPAC    PTNRS      I,G0453R105,,150000.0,,1501500.0,0.0,0.0005434435439391833,0.0005434435439391833
ADD,TRICO   BANCSHARES,896095106,,27836.0,457.50050070098143,1498969.0,9.878316021737536e-05,0.0005425274895870621,0.00044374432936968673
TRIM,TPG    MTG     INVTS  TR    INC,001228501,,189215.0,-38.77864670120071,1498583.0,0.0009402268142408666,0.000542387783154854,-0.00039783903108601265
NEW,TWELVE   SEAS  INVT      CO  III,G9145D101,,150000.0,,1498500.0,0.0,0.0005423577426525916,0.0005423577426525916
NEW,GLOBAL  X  FDS,37960A529,CALL,25000.0,,1492750.0,0.0,0.0005402766235199574,0.0005402766235199574
ADD,ON   HLDG  AG,H5919C104,PUT,42100.0,28.353658536585364,1491182.0,0.00046437702809370973,0.000539709111380832,7.533208328712232e-05
ADD,HUMACYTE        INC,44486Q103,,1909049.0,1665.1210311222887,1489822.0,2.730731156388006e-05,0.0005392168814642437,0.0005119095699003637
KEEP,APPLIED    DIGITAL  CORP,038169AB4,,375000.0,0.0,1489228.0,0.0004133280822367685,0.0005390018928094986,0.0001256738105727301
NEW,MERITAGE     HOMES   CORP,59001ABF8,,1438000.0,,1487521.0,0.0,0.0005383840718774279,0.0005383840718774279
ADD,OMEGA   FLEX   INC,682095104,,47369.0,15.661091441826395,1486913.0,0.0005290432155447762,0.0005381640161500119,9.120800605235692e-06
TRIM,CHUNGHWA     TELECOM  CO    LTD,17133Q502,,33574.0,-48.33576979302916,1485985.0,0.0011423509425035829,0.000537828141618693,-0.0006045228008848899
KEEP,CAPRI   HOLDINGS    LIMITED,G1890L107,CALL,80000.0,0.0,1485600.0,0.000586622161641729,0.0005376887971202469,-4.8933364521482146e-05
TRIM,QUEST     DIAGNOSTICS  INC,74834L100,PUT,7000.0,-23.91304347826087,1483650.0,0.0007503470086511235,0.0005369830262839623,-0.0002133639823671612
ADD,LIFEWAY  FOODS   INC,531914109,,49707.0,249.36041608096713,1483257.0,0.0001145153378397805,0.0005368407863154187,0.0004223254484756382
ADD,MAXCYTE      INC,57777K106,,1204921.0,2698.302329362038,1482053.0,1.2588488768090709e-05,0.0005364050180657334,0.0005238165292976427
TRIM,GRAB   HOLDINGS     LIMITED,G4124C109,CALL,453784.0,-73.52460699749822,1480596.0,0.002518642025528446,0.0005358776805742118,-0.001982764344954234
TRIM,TELOS  CORP     MD,87969B101,,321852.0,-15.15854458992453,1480519.0,0.0006614922287617042,0.0005358498116745228,-0.00012564241708718144
TRIM,SUPER  MICRO     COMPUTER     INC,86800UAD6,,1500000.0,-90.32258064516128,1478244.0,0.00561896054175016,0.0005350264123655239,-0.005083934129384636
TRIM,CAMECO   CORP,13321L108,CALL,14500.0,-88.5193982581156,1476970.0,0.005708680522742058,0.0005345653087524846,-0.005174115213989573
NEW,VANGUARD    INDEX     FDS,922908769,,3988.0,,1475720.0,0.0,0.0005341128915497381,0.0005341128915497381
TRIM,AMERICAN   WTR   WKS   CO  INC    NEW,030420103,PUT,11200.0,-54.285714285714285,1473696.0,0.0013875699095180626,0.0005333803376150508,-0.0008541895719030118
TRIM,NATURAL    GROCERS    BY  VITAMIN,63888U108,,47352.0,-77.0462400566185,1468859.0,0.0022192570581800837,0.0005316296640073026,-0.001687627394172781
TRIM,CSW   INDUSTRIALS       INC,126402106,,5277.0,-65.09920634920636,1468589.0,0.0016396663721648433,0.0005315319418915095,-0.0011081344302733339
TRIM,REALLOYS   INC,75606V101,,101623.0,-61.60664024572233,1468452.0,0.0010750987234744503,0.0005314823569660884,-0.0005436163665083619
ADD,PROTHENA     CORP     PLC,G72800108,CALL,149900.0,198.01192842942345,1467521.0,0.00020346833199576305,0.0005311453966334827,0.0003276770646377196
TRIM,CLEARWATER   PAPER     CORP,18538R103,,93546.0,-60.948464797845915,1466801.0,0.0014335358509182132,0.0005308848043247007,-0.0009026510465935124
TRIM,WALKER   &  DUNLOP      INC,93148P102,,26804.0,-31.862321419492602,1466179.0,0.0007265441985225337,0.000530659681524614,-0.00019588451699791964
TRIM,CRICUT   INC,22658D100,,333457.0,-51.86682640953838,1463876.0,0.0010782748729761882,0.0005298261480702738,-0.0005484487249059145
TRIM,UNITED  THERAPEUTICS      CORP      DEL,91307C102,PUT,2700.0,-96.57794676806084,1462941.0,0.019470612955784377,0.0005294877400026193,-0.018941125215781757
ADD,MAKO   MNG   CORP,56089A400,,199058.0,815.2091954022989,1458143.0,5.82015246680482e-05,0.0005277511818115968,0.00046954965714354866
ADD,NAVIENT   CORPORATION,63938C108,,171038.0,45.561777671869415,1455533.0,0.0004000009056587217,0.000526806534692262,0.00012680562903354033
ADD,ACNB  CORP,000868109,,24512.0,21.82297102529695,1455523.0,0.0004008440501674378,0.00052680291535464,0.00012595886518720223
TRIM,KARAT   PACKAGING      INC,48563L101,,43477.0,-59.726364933212295,1454740.0,0.0012543443377358513,0.0005265195212188395,-0.0007278248165170118
TRIM,FERROGLOBE       PLC,G33856108,,456817.0,-56.050397773354334,1452678.0,0.0017821615395971738,0.0005257732138011888,-0.001256388325795985
TRIM,PRUDENTIAL   FINL  INC,744320102,CALL,13400.0,-25.555555555555554,1446262.0,0.0007317878415678556,0.0005234510467829312,-0.00020833679478492434
TRIM,TWFG   INC,87318A101,,60048.0,-43.83102912839317,1444154.0,0.0008181751960909485,0.0005226880904122194,-0.0002954871056787291
TRIM,PPG   INDS   INC,693506107,PUT,11900.0,-42.78846153846153,1443351.0,0.0009251717324307423,0.0005223974576011749,-0.00040277427482956736
NEW,FIGMA  INC,316841105,CALL,79500.0,,1438155.0,0.0,0.000520516849772798,0.000520516849772798
TRIM,GLOBAL   SHIP    LEASE     INC,Y27183600,,38225.0,-67.28768014240235,1437260.0,0.0018104718019340083,0.0005201929190556315,-0.001290278882878377
TRIM,EQUITY   RESIDENTIAL,29476L107,,21114.0,-3.1778786628146927,1434274.0,0.0005368008941168275,0.0005191121848417105,-1.7688709275117016e-05
NEW,PROPETRO   HLDG  CORP,74347M108,CALL,100000.0,,1434000.0,0.0,0.0005190130149908685,0.0005190130149908685
ADD,ENCORE   ENERGY      CORP,29259W700,,1094149.0,74.40083777511413,1431860.0,0.0004699623402612704,0.0005182384767397663,4.8276136478495914e-05
TRIM,EXPAND   ENERGY       CORPORATION,165167735,PUT,15700.0,-89.74526453298498,1431683.0,0.0069945695350169855,0.0005181744144638574,-0.0064763951205531285
KEEP,XEROX  HOLDINGS     CORP,98421MAE6,,4000000.0,0.0,1430137.0,0.0004487284990627419,0.0005176148648675004,6.888636580475855e-05
NEW,SPACE   ASSET      ACQUISITION       CORP,G8375S101,,140000.0,,1428000.0,0.0,0.0005168414124176849,0.0005168414124176849
NEW,KAZIA   THERAPEUTICS        LTD,48669G303,,101376.0,,1427374.0,0.0,0.0005166148418825494,0.0005166148418825494
TRIM,PULTE   GROUP    INC,745867101,PUT,10400.0,-29.25170068027211,1426984.0,0.0007194890016536968,0.0005164736877152925,-0.00020301531393840432
NEW,ASCENT   INDUSTRIES    CO,871565107,,94872.0,,1425926.0,0.0,0.0005160907617948878,0.0005160907617948878
ADD,BOWMAN     CONSULTING       GROUP  LTD,103002101,,48819.0,34.69539785895597,1425515.0,0.0004289712011598324,0.0005159420070186246,8.697080585879226e-05
KEEP,KYIVSTAR      GROUP  LTD,G5331N119,CALL,221966.0,0.011264254914594419,1422802.0,0.00033712671241028667,0.0005149600807217836,0.00017783336831149693
KEEP,CG  ONCOLOGY     INC,156944100,CALL,20000.0,0.0,1421000.0,0.0005633170814402982,0.0005143078760823041,-4.9009205357994096e-05
NEW,HUT   8     CORP,44812J104,PUT,12300.0,,1419974.0,0.0,0.0005139365320422897,0.0005139365320422897
TRIM,ATEA   PHARMACEUTICALS         INC,04683R106,,304611.0,-12.951373409691024,1416441.0,0.0007834810064275077,0.0005126578200604468,-0.0002708231863670609
ADD,SEANERGY     MARITIME  HLDGS       CORP,Y73760400,,105185.0,17.072546357099927,1412635.0,0.00048271146761789247,0.000511280300161524,2.8568832543631557e-05
NEW,BIOLIFE   SOLUTIONS      INC,09062W204,CALL,50000.0,,1412000.0,0.0,0.0005110504722225287,0.0005110504722225287
ADD,KAYNE   ANDERSON     BDC    INC,48662X105,,104225.0,358.55514980861454,1410164.0,0.00012977683607454603,0.0005103859618351346,0.00038060912576058854
TRIM,SAP   SE,803054204,,9103.0,-52.20518744093248,1402863.0,0.0013570489938592638,0.0005077434834373323,-0.0008493055104219315
TRIM,GLAUKOS   CORP,377322102,CALL,10000.0,-83.33333333333334,1397600.0,0.0026882410012350403,0.0005058386260468883,-0.002182402375188152
NEW,PEDIATRIX   MEDICAL       GROUP     INC,58502B106,,55124.0,,1396291.0,0.0,0.000505364854752172,0.000505364854752172
TRIM,PRIMEENERGY      RESOURCES     CORP,74158E104,,8358.0,-49.37306923496275,1394867.0,0.0015997776465893623,0.0005048494610748032,-0.0010949281855145592
ADD,VAREX   IMAGING     CORP,92214X106,,133706.0,17.22940686510894,1394554.0,0.0005036078013156467,0.0005047361758072354,1.1283744915886523e-06
TRIM,INTERNATIONAL    SEAWAYS     INC,Y41053102,,18208.0,-81.17744353129684,1394551.0,0.0029339626921224366,0.0005047350900059488,-0.0024292276021164877
TRIM,ARTESIAN     RES  CORP,043113208,,40948.0,-51.12262315432636,1391823.0,0.0011104442068970918,0.0005037477347026747,-0.0006066964721944171
NEW,SELECTQUOTE     INC,816307300,,1649948.0,,1387771.0,0.0,0.0005022811790982514,0.0005022811790982514
NEW,PROSHARES  TR  II,74347Y730,CALL,65000.0,,1383850.0,0.0,0.0005008620368166759,0.0005008620368166759
ADD,TITAN   AMER     SA,B9151N105,,73824.0,96.56522086428629,1377556.0,0.00023413448824367432,0.0004985840257174064,0.0002644495374737321
ADD,JELD-WEN     HLDG  INC,47580P103,,918335.0,1.480769337024206,1377502.0,0.00046698345161695187,0.0004985644812942477,3.158102967729581e-05
TRIM,INVESCO   MORTGAGE      CAPITAL       INC,46131B704,,174277.0,-21.78820340443483,1376788.0,0.0007492758072861507,0.0004983060605880389,-0.00025096974669811174
NEW,CONCRETE   PUMPING    HLDGS     INC,206704108,,114151.0,,1375520.0,0.0,0.0004978471285775728,0.0004978471285775728
ADD,LEXINFINTECH    HLDGS  LTD,528877103,,697025.0,1032.306117807596,1373139.0,5.584729540555723e-05,0.0004969853642897811,0.00044113806888422384
TRIM,FIRST  BANCORP   CORPORATION,318672706,,52657.0,-91.52192253693471,1372768.0,0.0055210613099318535,0.0004968510868640059,-0.0050242102230678475
ADD,CONSOLIDATED  EDISON  INC,209115104,PUT,12400.0,100.0,1371812.0,0.0002920276367612,0.0004965050781873453,0.0002044774414261453
ADD,FREQUENCY   ELECTRS     INC,358010106,,20617.0,83.24593369478268,1367938.0,0.0002072358479076122,0.0004951029467925932,0.00028786709888498096
TRIM,CARRIAGE   SVCS  INC,143905107,,35666.0,-61.09220229523934,1367434.0,0.0017418720498746574,0.0004949205321764457,-0.0012469515176982116
NEW,ATOMERA   INC,04965B100,,156629.0,,1364239.0,0.0,0.0004937641538062255,0.0004937641538062255
KEEP,MOLSON   COORS     BEVERAGE    CO,60871R209,PUT,35000.0,0.0,1363600.0,0.0006271979709210058,0.0004935328781321814,-0.0001336650927888244
TRIM,GEO   GROUP     INC,36162J106,,45980.0,-47.79152946519814,1358709.0,0.0006161101628530286,0.0004917626601012746,-0.00012434750275175399
TRIM,INTERPARFUMS       INC,458334109,,12141.0,-86.27809988810904,1358092.0,0.003344874953099039,0.0004915393469699989,-0.0028533356061290404
ADD,VILLAGE  FARMS      INTL     INC,92707Y108,,678931.0,56.77527363413846,1357862.0,0.0005118336623024589,0.0004914561022046935,-2.0377560097765393e-05
NEW,HEARTLAND     EXPRESS   INC,422347104,,88874.0,,1352662.0,0.0,0.0004895740466412678,0.0004895740466412678
NEW,RAMACO  RES   INC,75134P600,,102219.0,,1352357.0,0.0,0.0004894636568437977,0.0004894636568437977
TRIM,CAMPING    WORLD    HLDGS   INC,13462K109,,177203.0,-93.09729762998246,1352059.0,0.0072968464131210565,0.0004893558005826629,-0.0068074906125383935
ADD,ORIX   CORP,686330101,,35442.0,77.71649200220628,1348214.0,0.0002489028343348917,0.00048796416526701445,0.00023906133093212274
TRIM,SHATTUCK     LABS   INC,82024L103,,194008.0,-74.5978042409443,1346416.0,0.002043722361778614,0.0004873134083625838,-0.0015564089534160302
TRIM,NEUROGENE   INC,64135M105,,42734.0,-79.13470599436549,1343984.0,0.0017183122784395967,0.00048643318545292004,-0.0012318790929866767
TRIM,ENPHASE   ENERGY    INC,29355AAK3,,1438000.0,-63.48400203148806,1343394.0,0.0014652698792339258,0.00048621964453322364,-0.0009790502347007022
NEW,AMERICAN  OUTDOOR      BRANDS       INC,02875D109,,114258.0,,1341389.0,0.0,0.0004854939673400182,0.0004854939673400182
NEW,APOGEE   THERAPEUTICS     INC,03770N101,CALL,10100.0,,1340573.0,0.0,0.00048519862939006513,0.00048519862939006513
ADD,ORION     S.A.,L72967109,,201944.0,663.4356570391652,1338889.0,7.155408713702866e-05,0.00048458913293452494,0.0004130350457974963
TRIM,VULCAN      MATLS     CO,929160109,CALL,4500.0,-52.63157894736842,1327545.0,0.001076549048554843,0.00048048335633615934,-0.0005960656922186837
NEW,FINWARD   BANCORP,31812F109,,36086.0,,1327243.0,0.0,0.0004803740523399757,0.0004803740523399757
TRIM,VERTEX   INC,92538J106,,115583.0,-82.31356118938903,1326893.0,0.003233687247782306,0.00048024737552320666,-0.002753439872259099
TRIM,TORONTO    DOMINION     BK  ONT,891160509,PUT,10900.0,-82.7258320126783,1323587.0,0.003212089680867776,0.00047905082250538256,-0.0027330388583623935
TRIM,EQUIFAX  INC,294429105,PUT,8300.0,-1.1904761904761905,1317376.0,0.000629481868780746,0.00047680285190837535,-0.00015267901687237065
TRIM,CARTER   BANKSHARES      INC,146103106,,38617.0,-68.85826263668913,1313364.0,0.0012034464587380729,0.00047535077365443997,-0.0007280956850836328
NEW,KOSMOS  ENERGY        LTD,500688AH9,,1742000.0,,1312070.0,0.0,0.0004748824313661567,0.0004748824313661567
NEW,ALKERMES     PLC,G01767105,CALL,25000.0,,1309875.0,0.0,0.0004740879867581337,0.0004740879867581337
TRIM,AES    CORP,00130H105,PUT,89100.0,-85.431654676259,1306206.0,0.0035862539919881862,0.000472760051784632,-0.003113493940203554
TRIM,ABEONA    THERAPEUTICS      INC,00289Y206,,211335.0,-50.323910621353654,1306050.0,0.0007931667642240809,0.0004727035901177292,-0.00032046317410635173
ADD,PEABODY   ENGR  CORP,704551100,CALL,56400.0,169.85645933014354,1303968.0,0.0002865921429663627,0.0004719500440248345,0.0001853579010584718
ADD,EL     POLLO   LOCO    HLDGS  INC,268603107,,76869.0,138.3387076770433,1303698.0,0.000186029889572896,0.00047185232190904123,0.0002858224323361452
TRIM,ZEVRA   THERAPEUTICS      INC,488445206,,90461.0,-84.67461445544319,1297211.0,0.0022894357294230812,0.00046950445759366764,-0.0018199312718294135
NEW,ISHARES  TR,46434V407,,30575.0,,1296686.0,0.0,0.00046931444236851413,0.00046931444236851413
ADD,PEABODY   ENGR  CORP,704551100,PUT,56000.0,68.67469879518072,1294720.0,0.00045525641849202117,0.0004686028805920343,1.3346462100013111e-05
TRIM,BELLRING    BRANDS    INC,07831C103,CALL,100000.0,-53.85325334563913,1294000.0,0.0014510338045280232,0.0004683422882832523,-0.0009826915162447708
NEW,PROCURE   ETF   TRUST  II,74280R205,CALL,25500.0,,1292085.0,0.0,0.00046764918512864456,0.00046764918512864456
KEEP,CAESARS  ENTERTAINMENT      INC   NE,12769G100,CALL,42700.0,0.0,1288686.0,0.0004696643681644093,0.00046641897227093604,-3.2453958934732506e-06
NEW,UNITED    STS  OIL   FD    LP,91232N207,,12105.0,,1288456.0,0.0,0.0004663357275056307,0.0004663357275056307
ADD,TKO  GROUP     HOLDINGS  INC,87256C101,CALL,6400.0,23.076923076923077,1288384.0,0.00043637930352886223,0.0004663096682747524,2.9930364745890182e-05
NEW,QUINCE     THERAPEUTICS  INC,22053A305,,70779.0,,1287470.0,0.0,0.0004659788608161042,0.0004659788608161042
NEW,RE/MAX   HLDGS   INC,75524W108,,130490.0,,1286631.0,0.0,0.0004656751983896207,0.0004656751983896207
TRIM,SELECTIVE    INS  GROUP   INC,816300107,,13259.0,-73.81507228059088,1286256.0,0.0015886773536569914,0.0004655394732287967,-0.0011231378804281947
NEW,XOMA   ROYALTY    CORPORATION,98419J206,PUT,30200.0,,1283500.0,0.0,0.000464541983780181,0.000464541983780181
TRIM,UGI   CORP  NEW,902681105,,37039.0,-90.57049534240159,1279327.0,0.0059535074650145774,0.00046303163419053194,-0.005490475830824046
TRIM,EXPRO   GROUP           HOLDINGS     NV,N3144W105,,86434.0,-74.33052485900706,1276630.0,0.002439658195590772,0.0004620554988338859,-0.001977602696756886
TRIM,EMBRAER   S.A.,29082A107,CALL,20000.0,-60.861056751467714,1276000.0,0.0012619176564770236,0.0004618274805637017,-0.0008000901759133219
NEW,MERCHANTS      BANCORP      IND,58844R108,,25501.0,,1275050.0,0.0,0.00046148364348961424,0.00046148364348961424
TRIM,ARKO   PETE    CORP,04124A100,,67638.0,-55.71081528820906,1274976.0,0.0011370144952996017,0.00046145686039121157,-0.0006755576349083901
TRIM,DUCOMMUN   INC     DEL,264147109,,6879.0,-93.66533754477729,1274060.0,0.005513460108326869,0.0004611253290650389,-0.00505233477926183
TRIM,UNICYCIVE    THERAPEUTICS      INC,90466Y202,,271456.0,-80.60125143995633,1273129.0,0.0038319003575270744,0.0004607883687324333,-0.003371111988794641
ADD,QUEST     DIAGNOSTICS  INC,74834L100,CALL,6000.0,122.22222222222223,1271700.0,0.00022021053514761232,0.0004602711653862534,0.0002400606302386411
TRIM,FTAI  AVIATION    LTD,G3730V105,PUT,4700.0,-91.11531190926276,1271491.0,0.0053936694991186356,0.0004601955212299542,-0.004933473977888681
NEW,COEUR   MNG   INC,192108504,CALL,77900.0,,1271328.0,0.0,0.00046013652602671604,0.00046013652602671604
NEW,HOMETRUST     BANCSHARES     INC,437872104,,25475.0,,1270948.0,0.0,0.0004599989911970811,0.0004599989911970811
NEW,INFLARX     NV,N44821101,,567049.0,,1270190.0,0.0,0.0004597246454053355,0.0004597246454053355
TRIM,GROWGENERATION      CORP,39986L109,,856653.0,-16.559393451788416,1267846.0,0.0004699835645307396,0.00045887627266674513,-1.1107291863994453e-05
TRIM,PARSONS   CORP   DEL,70202L102,,24198.0,-91.47627602240304,1267733.0,0.006399875076220485,0.0004588353741516169,-0.005941039702068868
TRIM,AXOGEN   INC,05463X106,,27240.0,-96.53987150271703,1258216.0,0.010854226659226111,0.0004553908505367856,-0.010398835808689326
NEW,SIONNA   THERAPEUTICS         INC,829401108,PUT,28600.0,,1258114.0,0.0,0.00045535393329304146,0.00045535393329304146
NEW,LIGAND   PHARMACEUTICALS        INC,53220K504,,3975.0,,1256458.0,0.0,0.00045475457098284274,0.00045475457098284274
TRIM,STEALTHGAS   INC,Y81669106,,158984.0,-11.010108925632787,1255974.0,0.0006825242313192025,0.0004545793950419393,-0.0002279448362772632
TRIM,BLUE   WTR   ACQUISITION       CORP   IV,G1368A120,,125000.0,-79.16666666666666,1255000.0,0.0024769970956949284,0.00045422687155755915,-0.0020227702241373694
KEEP,TAILWIND     2.0   ACQUISITION    COR,G8662J111,,125000.0,0.0,1255000.0,0.00051604106160311,0.00045422687155755915,-6.18141900455509e-05
ADD,BTCS  INC,05581M404,,1128350.0,142.8496714583033,1252468.0,0.00026877166369305077,0.0004533104552716757,0.0001845387915786249
TRIM,VESTIS   CORPORATION,29430C102,,86169.0,-70.6605787597422,1251174.0,0.0009606928362791873,0.00045284211298339246,-0.0005078507232957948
TRIM,AMERICAN  INTEGRITY         INS     GROUP,026948109,,66430.0,-63.33480516613312,1250877.0,0.001453716801886213,0.0004527346186560199,-0.001000982183230193
ADD,B   &  G     FOODS   INC,05508R106,,314188.0,1341.9569507549681,1250468.0,4.361587375912416e-05,0.00045258658774728123,0.00040897071398815705
TRIM,ALCON   AG,H01301128,,18612.0,-82.48612025971582,1248865.0,0.003332395082651173,0.000452006407926479,-0.002880388674724694
ADD,STANDARD    MTR    PRODS     INC,853666105,,31984.0,92.76759884281581,1246416.0,0.00023987835818903408,0.00045112003214285793,0.00021124167395382385
TRIM,ACADIA   RLTY     TR,004239109,,59308.0,-79.35461412608348,1240130.0,0.002285813037938198,0.00044884491651368596,-0.001836968121424512
NEW,HILTON    GRAND   VACATIONS       INC,43283X105,,23675.0,,1239860.0,0.0,0.00044874719439789274,0.00044874719439789274
ADD,DIGITAL     RLTY     TR  INC,253868103,CALL,6900.0,53.333333333333336,1239102.0,0.0003374846118562372,0.00044847284860614716,0.00011098823674990995
KEEP,DYNEX   CAP   INC,26817Q886,CALL,94300.0,0.0,1236273.0,0.0005007545936395574,0.0004474489379928911,-5.3305655646666264e-05
TRIM,TRINITY    CAP   INC,896442308,,69036.0,-64.88504577822991,1235054.0,0.0012035351012752676,0.0004470077407367727,-0.0007565273605384949
TRIM,KIMBELL   RTY   PARTNERS    LP,49435R102,,84900.0,-91.48030887643436,1233597.0,0.006000880034469743,0.00044648040324525123,-0.005554399631224492
NEW,TELADOC     HEALTH    INC,87918A105,,145414.0,,1233111.0,0.0,0.0004463045034368234,0.0004463045034368234
NEW,DOORDASH   INC,25809KAB1,,1250000.0,,1232360.0,0.0,0.0004460326911814133,0.0004460326911814133
ADD,VENTURE   GLOBAL      INC,92333F101,CALL,110700.0,539.8843930635838,1232091.0,0.00011346577690642319,0.0004459353309993822,0.000332469554092959
NEW,GLOBAL  X  FDS,37954Y848,PUT,15900.0,,1231614.0,0.0,0.0004457626885948141,0.0004457626885948141
ADD,SEMTECH   CORP,816850101,CALL,7600.0,38.18181818181819,1230060.0,0.00017599289092471552,0.00044520024352835957,0.000269207352603644
NEW,TD  SYNNEX     CORPORATION,87162W100,CALL,4600.0,,1229764.0,0.0,0.00044509311113474916,0.00044509311113474916
ADD,AUDIOCODES     LTD,M15342104,,126617.0,283.47870858319703,1225653.0,0.00011556032098952677,0.00044360520143835625,0.0003280448804488295
ADD,TOWER   SEMICONDUCTOR         LTD,M87915274,CALL,4700.0,113.63636363636364,1225008.0,0.00016066189361149216,0.000443371754161739,0.00028270986055024686
ADD,KODIAK   SCIENCES    INC,50015M109,,31154.0,118.36405691455806,1213760.0,0.0002263331126462454,0.00043930072320454426,0.00021296761055829887
TRIM,NEWHOLD   INVT     CORP   III,G6486E102,,111129.0,-36.49771428571428,1210195.0,0.0007552302552776162,0.00043801042934231107,-0.0003172198259353051
TRIM,I-80  GOLD    CORP,44955L106,,836395.0,-91.11874910804694,1204409.0,0.0059572175505502156,0.0004359162805942377,-0.005521301269955978
TRIM,THE   TRADE     DESK  INC,88339J105,PUT,66500.0,-13.185378590078328,1202320.0,0.0007233122832931709,0.00043516020096500763,-0.00028815208232816324
ADD,MARCUS   &  MILLICHAP      INC,566324109,,38557.0,321.38797814207646,1201822.0,0.0001012518340701412,0.0004349799579514334,0.0003337281238812922
NEW,ASE  TECHNOLOGY  HLDG  CO   LTD,00215W100,CALL,26600.0,,1200192.0,0.0,0.00043439000591905186,0.00043439000591905186
KEEP,LIVE  NATION    ENTERTAINMENT      IN,538034BC2,,1000000.0,0.0,1198440.0,0.000450069373498617,0.0004337558979676823,-1.631347553093473e-05
ADD,BOUNDLESS     BIO     INC,10170A100,,478639.0,379.23804755944934,1196598.0,4.572040573374265e-05,0.0004330892159777149,0.00038736881024397225
TRIM,SKYX   PLATFORMS     CORP,78471E105,,1082034.0,-33.23230048223029,1195648.0,0.0007553617625158957,0.00043274537890362755,-0.0003226163836122681
TRIM,BUILDERS   FIRSTSOURCE          INC,12008R107,CALL,13300.0,-96.68824701195219,1190084.0,0.013759872014255223,0.00043073157945076196,-0.013329140434804461
TRIM,SATELLOS       BIOSCIENCE       INC,80401L803,,152768.0,-48.809950642187694,1187771.0,0.0006992264829049922,0.00042989442665879976,-0.00026933205624619244
TRIM,PURECYCLE    TECHNOLOGIES    INC,74623V103,,146128.0,-63.08043688621302,1185098.0,0.0008548831943810806,0.0004289269777124464,-0.0004259562166686342
TRIM,GBANK     FINL  HLDGS     INC,36166F100,,38878.0,-14.873771102012217,1178392.0,0.0005086150642617828,0.0004264998499031516,-8.211521435863117e-05
TRIM,HESAI   GROUP,428050108,,64602.0,-33.83993035997747,1177048.0,0.0007769630748897433,0.00042601341092675854,-0.0003509496639629847
NEW,ATLANTICUS     HOLDINGS  CORP,04914Y102,,11500.0,,1175875.0,0.0,0.0004255888626237011,0.0004255888626237011
ADD,BEAM  THERAPEUTICS     INC,07373V105,,34260.0,54.08833318341279,1175803.0,0.0002204976870286657,0.00042556280339282296,0.00020506511636415726
TRIM,PENNANTPARK    FLOATING     RATE  CA,70806A106,,156573.0,-2.7460650707479783,1171166.0,0.0005386769530730427,0.0004238845165375143,-0.00011479243653552838
TRIM,ALASKA  AIR    GROUP  INC,011659109,PUT,22400.0,-33.134328358208954,1169280.0,0.0005127658655105161,0.0004232019094620102,-8.95639560485059e-05
TRIM,ALERUS   FINL  CORP,01446U103,,37560.0,-64.89260277045594,1168116.0,0.0010556527148570887,0.0004227806185628126,-0.0006328720962942761
ADD,LIBERTY  MEDIA   CORP     DEL,531229771,,13330.0,28.34585018293857,1166908.0,0.0003374821148833585,0.00042234340257807834,8.486128769471987e-05
TRIM,OCEANFIRST     FINL     CORP,675234108,,59737.0,-32.43490849865406,1166664.0,0.0006637740458107121,0.0004222550907401022,-0.00024151895507060992
TRIM,AERSALE     CORPORATION,00810F106,,184146.0,-68.82601099704759,1163803.0,0.001529054219096656,0.0004212195982464558,-0.0011078346208502
ADD,CS   DISCO  INC,126327105,,307539.0,74.67455016357688,1162497.0,0.00027989567786776946,0.00042074691275302626,0.0001408512348852568
TRIM,GATX     CORP,361448103,,6554.0,-41.95376848817642,1161303.0,0.000802287789987916,0.0004203147638409627,-0.0003819730261469533
TRIM,TPG  RE   FIN   TR  INC,87266M107,,138237.0,-79.29929962907445,1157044.0,0.0021704653758055094,0.00041877328794776453,-0.001751692087857745
TRIM,DUTCH   BROS  INC,26701L100,PUT,16100.0,-94.74028095393662,1156141.0,0.006453437225279863,0.00041844646176050044,-0.006034990763519362
TRIM,NU  HLDGS    LTD,G6683N103,PUT,86500.0,-72.94338442289646,1155640.0,0.0019118859392412662,0.00041826513294563965,-0.0014936208062956266
ADD,NEWHOLD   INVT     CORP   III,G6486E110,CALL,550000.0,83.33333333333334,1155000.0,5.118794401385689e-05,0.00041803349533783336,0.00036684555132397646
NEW,DOMINOS    PIZZA  INC,25754A201,CALL,3900.0,,1154556.0,0.0,0.00041787279674741784,0.00041787279674741784
TRIM,REX  AMERICAN   RES    CORP,761624105,,25568.0,-45.432815434522794,1154395.0,0.0008886010676489399,0.000417814525411704,-0.00047078654223723585
NEW,SHAKE   SHACK  INC,819047101,PUT,20600.0,,1154012.0,0.0,0.0004176759047807824,0.0004176759047807824
NEW,POSCO  HOLDINGS     INC,693483109,,22404.0,,1151118.0,0.0,0.0004166284684729836,0.0004166284684729836
TRIM,METTLER    TOLEDO       INTERNATIONAL,592688105,CALL,900.0,-10.0,1149759.0,0.0005248636991079374,0.00041613660049015755,-0.00010872709861777988
NEW,LAKELAND     INDS  INC,511795106,,107391.0,,1148010.0,0.0,0.00041550357834007457,0.00041550357834007457
TRIM,BLEICHROEDER       ACQUISITI     CORP,G1170E112,CALL,523716.0,-18.20452149467026,1141701.0,0.0002534285976775803,0.00041322013823437203,0.0001597915405567917
TRIM,TSCAN   THERAPEUTICS           INC,89854M101,,1163611.0,-20.31617115836977,1140455.0,0.0006137925558594257,0.00041276916876667425,-0.00020102338709275145
ADD,FERGUSON     ENTERPRISES     INC,31488V107,CALL,4800.0,4.3478260869565215,1139184.0,0.00044654031849668605,0.00041230915095492155,-3.42311675417645e-05
TRIM,CENOVUS     ENERGY    INC,15135U109,,45788.0,-98.4527364512219,1134416.0,0.03267216849295109,0.00041058345077676505,-0.03226158504217433
TRIM,STITCH   FIX   INC,860897107,,275976.0,-27.081527827686063,1134261.0,0.0005213437996732284,0.0004105273510436244,-0.00011081644862960402
ADD,BETTERWARE    DE    MEXC     S  A    P   I  D,P1666E105,,62907.0,409.7811993517018,1131697.0,8.658336689407279e-05,0.0004095993528773507,0.0003230159859832779
NEW,INVESCO   MORTGAGE      CAPITAL       INC,46131B704,CALL,143200.0,,1131280.0,0.0,0.00040944842649851443,0.00040944842649851443
NEW,BRIDGEWATER     BANCSHARES       INC,108621103,,53683.0,,1129490.0,0.0,0.00040880056506418133,0.00040880056506418133
TRIM,PUBMATIC    INC,74467Q103,,86059.0,-6.480988448540039,1129094.0,0.0003132652234190467,0.00040865723929435125,9.539201587530457e-05
TRIM,OMNICOM   GROUP     INC,681919106,CALL,15500.0,-77.6657060518732,1128865.0,0.002175077284712514,0.000408574356462808,-0.0017665029282497061
NEW,BLAIZE     HLDGS    INC,092915107,,817912.0,,1128719.0,0.0,0.00040852151413352716,0.00040852151413352716
NEW,KELLY   SVCS    INC,488152208,,91798.0,,1127279.0,0.0,0.0004080003295159632,0.0004080003295159632
NEW,LIFETIME    BRANDS   INC,53222Q103,,131184.0,,1119000.0,0.0,0.0004050038798987321,0.0004050038798987321
TRIM,MAGNACHIP     SEMICONDUCTOR      CORP,55933J203,,236422.0,-19.293370656107054,1118276.0,0.0003413495097103566,0.00040474183985490125,6.339233014454463e-05
ADD,ALTA   EQUIPMENT      GROUP   INC,02128L106,,172585.0,33.13456553937299,1116625.0,0.00028970045803822854,0.0004041442872135136,0.00011444382917528506
ADD,CBOE      GLOBAL  MKTS      INC,12503M108,PUT,4600.0,58.620689655172406,1116282.0,0.0003392150140611934,0.0004040201439330799,6.480512987188649e-05
NEW,SCANSOURCE    INC,806037107,,21428.0,,1116185.0,0.0,0.00040398503635814673,0.00040398503635814673
NEW,NETSKOPE    INC,64119N608,CALL,102000.0,,1115880.0,0.0,0.00040387464656067666,0.00040387464656067666
TRIM,STELLANTIS         N.V,N82405106,,195429.0,-78.09057541261858,1113143.0,0.00263188473952437,0.00040288403385354275,-0.002229000705670827
KEEP,OYSTER     ENTERPRISES   II    ACQUIS,G6861F120,,100986.0,0.0,1109836.0,0.00043329387737505137,0.0004016871189019564,-3.160675847309498e-05
TRIM,H2O   AMERICA,784305104,,18201.0,-94.70576429146948,1106075.0,0.008394032526356413,0.00040032588602233253,-0.00799370664033408
ADD,ATI  INC,01741R102,CALL,5600.0,9.803921568627452,1103760.0,0.0003087282236984039,0.0003994880093628459,9.075978566444197e-05
NEW,HECLA   MINING     COMPANY,422704106,PUT,71400.0,,1101702.0,0.0,0.0003987431496802439,0.0003987431496802439
TRIM,GAMESTOP     CORP,36467W109,,49835.0,-66.87691919124782,1100357.0,0.0014426094341973524,0.0003982563487700886,-0.0010443530854272638
TRIM,NU  HLDGS    LTD,G6683N103,,82290.0,-97.91055902765964,1099394.0,0.02355246113079609,0.0003979078065570927,-0.023154553324238998
TRIM,LPL  FINL     HLDGS     INC,50212V100,PUT,3900.0,-39.0625,1098552.0,0.0008012419745138767,0.0003976030583293225,-0.00040363891618455417
TRIM,MASTERBRAND    INC,57638P104,,106650.0,-77.44608949239426,1097428.0,0.0016353195585451302,0.0003971962447806128,-0.0012381233137645172
TRIM,FIRST   INTERNET       BANCORP,320557101,,39342.0,-56.20832823161434,1093708.0,0.0007619591810236328,0.00039584985118523903,-0.0003661093298383938
TRIM,AMC   ENTMT   HLDGS     INC,00165C302,,575528.0,-3.530559462009987,1093503.0,0.00024331294438371997,0.00039577565476398854,0.00015246271038026857
TRIM,AFFIRM   HLDGS    INC,00827B106,CALL,13400.0,-82.61997405966277,1092770.0,0.0014701851703456954,0.000395510357316298,-0.0010746748130293974
TRIM,APYX   MEDICAL   CORPORATION,03837C106,,242663.0,-7.401033359027391,1089557.0,0.0004024262986482563,0.00039434746413835814,-8.078834509898155e-06
TRIM,KINGSTONE    COS    INC,496719105,,57234.0,-24.136102753071857,1089163.0,0.0004574475121931021,0.00039420486223605246,-6.324264995704964e-05
ADD,DICKS   SPORTING     GOODS    INC,253393102,CALL,4800.0,77.77777777777779,1088688.0,0.00022280613845504667,0.00039403294369900875,0.00017122680524396208
NEW,OKLO   INC,02156V109,PUT,20800.0,,1088464.0,0.0,0.0003939518705362766,0.0003939518705362766
NEW,TRANSPORTADORA      DE  GAS   DEL   SU,893870204,,36517.0,,1085650.0,0.0,0.00039293338892945346,0.00039293338892945346
KEEP,M3BRIGADE     ACQUISITION      V  CORP,G63212107,,100000.0,0.0,1083000.0,0.000446958145291726,0.0003919742644596308,-5.498388083209518e-05
TRIM,REPUBLIC   BANCORP      INC  KY,760281204,,11976.0,-78.4546190519025,1082990.0,0.0016319890128870577,0.00039197064512200877,-0.001240018367765049
TRIM,VITESSE   ENERGY       INC,92852X103,,68431.0,-49.86409360324124,1079157.0,0.0010315315406864613,0.0003905833530115067,-0.0006409481876749547
TRIM,TEXTRON    INC,883203101,,11708.0,-81.5691707071343,1073975.0,0.0023147608606834003,0.00038870781225580056,-0.0019260530484275997
TRIM,RIVIAN  AUTOMOTIVE       INC,76954AAD5,,1000000.0,-94.73684210526315,1072691.0,0.007575120307104094,0.00038824308930513927,-0.007186877217798955
TRIM,SIMPLY   GOOD     FOODS   CO,82900L102,,80590.0,-64.09093339512005,1070235.0,0.0013402676714656479,0.0003873541799851828,-0.000952913491480465
TRIM,DREAM     FINDERS    HOMES   INC,26154D100,,62006.0,-44.7016855435655,1070224.0,0.0006495666862929148,0.00038735019871379857,-0.00026221648757911625
ADD,ON   HLDG  AG,H5919C104,CALL,30200.0,101.33333333333334,1069684.0,0.00021236754333553797,0.00038715475448221207,0.0001747872111466741
NEW,RITHM  PPTY  TR   INC,38983D854,,74242.0,,1069085.0,0.0,0.0003869379561586559,0.0003869379561586559
ADD,NEXXEN   INTL   LTD,M8T80P204,,118368.0,735.8141505437085,1068863.0,3.842674795498772e-05,0.00038685760686344817,0.00034843085890846046
ADD,PARKE  BANCORP      INC,700885106,,32174.0,19.730574575766596,1066890.0,0.0003176003844986593,0.00038614351155063294,6.854312705197366e-05
NEW,USA   RARE   EARTH    INC,91733P107,CALL,49400.0,,1066052.0,0.0,0.0003858402110579116,0.0003858402110579116
NEW,TUHURA   BIOSCIENCES           INC,898920103,,454535.0,,1063612.0,0.0,0.0003849570926781503,0.0003849570926781503
TRIM,CARMAX   INC,143130102,CALL,20100.0,-75.66585956416465,1063089.0,0.0014293122212938503,0.00038476780132052117,-0.0010445444199733292
ADD,PORCH   GROUP   INC,733245104,,70562.0,45.09973267530331,1061252.0,0.00014510616873918356,0.00038410292899936473,0.00023899676026018117
TRIM,IMMATICS       N.V,N44445109,,104710.0,-51.46045123098818,1060712.0,0.0008833853074674304,0.00038390748476777823,-0.0004994778226996522
NEW,POET   TECHNOLOGIES   INC,73044W302,CALL,102900.0,,1057812.0,0.0,0.00038285787685740625,0.00038285787685740625
ADD,BUSINESS        FIRST   BANCSHARES     IN,12326C105,,34317.0,26.46766169154229,1054561.0,0.0003053506517177822,0.0003816812301965029,7.63305784787207e-05
TRIM,INVIVYD     INC,00534A102,,1205599.0,-65.66791425286786,1051765.0,0.0018998030874811174,0.0003806692633973994,-0.0015191338240837181
TRIM,ARM   HOLDINGS      PLC,042068205,,2949.0,-98.90844079892214,1045627.0,0.017008717552059974,0.0003784477139650326,-0.01663026983809494
TRIM,XERIS  BIOPHARMA    HOLDINGS        INC,98422E103,,131664.0,-94.18951850286014,1042779.0,0.005469473017933108,0.00037741692661029483,-0.005092056091322813
NEW,CAPRICOR  THERAPEUTICS         INC,14070B309,PUT,43300.0,,1042664.0,0.0,0.00037737530422764215,0.00037737530422764215
TRIM,CANTOR   EQUITY     PARTNERS    VI   IN,G1828R101,,100500.0,-2.4271844660194173,1042185.0,0.00043293348095622215,0.0003772019379555497,-5.5731543000672474e-05
TRIM,FIRST  COMWLTH   FINL     CORP    PA,319829107,,51184.0,-90.99627776722325,1040571.0,0.0041590445885303666,0.0003766177768633633,-0.0037824268116670033
TRIM,PERDOCEO  ED    CORP,71363P106,,32392.0,-76.51749661086986,1036544.0,0.0021360708228875154,0.0003751602696029949,-0.0017609105532845205
ADD,ISHARES  TR,464287648,,2628.0,6.829268292682928,1035327.0,0.0003212659406846272,0.00037471979621440086,5.345385552977367e-05
ADD,INSTIL  BIO  INC,45783C200,,134575.0,1.2253095241677072,1034882.0,0.0004558952273868282,0.0003745587356902231,-8.133649169660514e-05
TRIM,BRIGHTSTAR     LOTTERY  PLC,G4863A108,,96137.0,-90.85760856334257,1030589.0,0.005575229391076468,0.00037300495404911024,-0.005202224437027358
TRIM,SELECT    SECTOR     SPDR   TR,81369Y308,CALL,12400.0,-42.32558139534884,1030068.0,0.0007335149144756401,0.0003728163865590055,-0.00036069852791663457
NEW,OPENDOOR     TECHNOLOGIES       INC,683712103,CALL,222600.0,,1028412.0,0.0,0.00037221702424880684,0.00037221702424880684
ADD,GOODRX   HLDGS     INC,38246G108,,356654.0,1302.6585912612577,1027164.0,2.074027289283403e-05,0.00037176533091358465,0.0003510250580207506
NEW,HEALTH   CATALYST       INC,42225T107,,516083.0,,1027005.0,0.0,0.0003717077834453953,0.0003717077834453953
ADD,FVCBANKCORP     INC,36120Q101,,58469.0,262.86849128033265,1023208.0,0.00010185818231752485,0.0003703335209503323,0.00026847533863280746
NEW,FORBRIGHT      INC,34520K105,,55912.0,,1022630.0,0.0,0.00037012432323578227,0.00037012432323578227
NEW,ISHARES  TR,46432F396,,2979.0,,1021291.0,0.0,0.0003696396939282001,0.0003696396939282001
ADD,DIGI   PWR   X  INC,25380B102,,187285.0,749.7504537205082,1020703.0,1.861951059450383e-05,0.0003694268768760282,0.00035080736628152433
KEEP,CHENGHE     ACQUISITION      III   CO,G2086N113,,99175.0,-0.38269918437864114,1020511.0,0.00041970035702327396,0.0003693573855936863,-5.034297142958769e-05
NEW,AGORA   INC,00851L103,,255431.0,,1019170.0,0.0,0.00036887203241857977,0.00036887203241857977
NEW,YORK   SPACE     SYSTEMS   INC,987084100,,41307.0,,1016978.0,0.0,0.00036807867361184337,0.00036807867361184337
NEW,WALDENCAST       PLC,G9503X103,,577007.0,,1015532.0,0.0,0.0003675553173917061,0.0003675553173917061
NEW,ANAPTYSBIO     INC,032724106,CALL,15000.0,,1012500.0,0.0,0.00036645793422472405,0.00036645793422472405
TRIM,HERCULES   CAPITAL         INC,427096508,,64189.0,-93.48440862397986,1012261.0,0.006055497570732528,0.0003663714320555589,-0.005689126138676969
TRIM,NOBLE   CORP   PLC,G65431127,,27018.0,-88.24246169378527,1007771.0,0.0046926206421743204,0.00036474634946329326,-0.004327874292711027
KEEP,FRANKLIN    XRP  TRUST,355233107,,88661.0,0.0,1006302.0,0.0005383323708157786,0.00036421466876662543,-0.00017411770204915313
NEW,ISHARES  TR,464287671,,5348.0,,1005905.0,0.0,0.00036407098106303314,0.00036407098106303314
TRIM,C4     THERAPEUTICS     INC,12529R107,,215386.0,-84.54177079281325,1005853.0,0.0015250216078975156,0.0003640521605073989,-0.0011609694473901167
TRIM,ISHARES    GOLD  TR,464285204,,13290.0,-72.77755018435069,1003528.0,0.0017911498096362898,0.00036321066451029026,-0.0014279391451259996
KEEP,BTC   DEV   CORP,G0701G125,,97752.0,0.0,1001958.0,0.00041168840337973923,0.00036264242850364054,-4.9045974876098686e-05
NEW,XOMETRY    INC,98423FAD1,,450000.0,,999803.0,0.0,0.00036186246124610545,0.00036186246124610545
ADD,ARCHER   AVIATION     INC,03945R102,CALL,211300.0,43.35142469470828,999449.0,0.00031713969300253456,0.00036173433669428763,4.459464369175307e-05
NEW,INFLEQTION      INC,45676K103,CALL,75000.0,,999000.0,0.0,0.00036157182843506104,0.00036157182843506104
ADD,FERGUSON     ENTERPRISES     INC,31488V107,PUT,4200.0,90.9090909090909,996786.0,0.00021356276102015421,0.00036077050708555633,0.0001472077460654021
NEW,AYA    GOLD     &   SILVER     INC,05466C109,,52667.0,,996441.0,0.0,0.0003606456399375983,0.0003606456399375983
TRIM,WILLIAMS     COS   INC,969457100,CALL,13400.0,-40.969162995594715,996156.0,0.000687543979129732,0.00036054248881537207,-0.00032700149031435996
NEW,SCHOLAR  ROCK   HLDG      CORP,80706P103,,18078.0,,994290.0,0.0,0.00035986712041511195,0.00035986712041511195
ADD,BKV   CORP,05603J108,,36290.0,189.90254034190767,992894.0,0.00014857529639202512,0.0003593618608830846,0.00021078656449105947
TRIM,ALTO   INGREDIENTS      INC,021513106,,173360.0,-90.95193607482294,988152.0,0.0038592347196304746,0.0003576455709827452,-0.0035015891486477294
TRIM,EXCHANGE  TRADED   CONCEPTS  TRU,301505707,,11530.0,-32.54548645644416,987660.0,0.00048677404249157757,0.00035746749957174415,-0.00012930654291983342
TRIM,BJS   WHSL   CLUB  HLDGS  INC,05550J101,CALL,11300.0,-35.05747126436782,985586.0,0.0007126810050998539,0.00035671684894894703,-0.00035596415615090683
TRIM,CANADA   GOOSE    HLDGS     INC,135086106,,103820.0,-17.085286671511742,985047.0,0.0005715429424271104,0.00035652176665112274,-0.00021502117577598765
NEW,SEAPORT   THERAPEUTICS          INC,81221K108,,45337.0,,984720.0,0.0,0.0003564034143108842,0.0003564034143108842
ADD,ENVELA   CORP,29402E102,,34061.0,58.17312157518343,983682.0,0.00014930066701329464,0.00035602772706572346,0.00020672706005242882
ADD,BANK   OF   NY   MELLON       CORP,064058100,CALL,6800.0,21.428571428571427,983348.0,0.00027646816642957334,0.00035590684118914955,7.943867475957621e-05
ADD,ZETA   GLOBAL     HOLDINGS    CORP,98956A105,CALL,49700.0,165.77540106951872,978096.0,0.00012389313564797766,0.00035400596507008955,0.0002301128294221119
TRIM,ORANGE   CNTY   BANCORP   INC,68417L107,,26580.0,-44.08683579452228,977612.0,0.0006326767455790743,0.0003538307891291861,-0.00027884595644988815
ADD,TRANSMEDICS     GROUP   INC,89377M109,CALL,14700.0,153.44827586206898,976374.0,0.0002399499380782242,0.0003533827151315859,0.00011343277705336171
TRIM,RING   ENERGY  INC,76680V108,,902106.0,-70.89977829010802,974274.0,0.001973854979821164,0.00035262265423097167,-0.0016212323255901924
TRIM,ICU   MED   INC,44930G107,,6620.0,-90.21072088724584,970492.0,0.0036346640536744626,0.0003512538207423416,-0.003283410232932121
TRIM,YETI   HLDGS     INC,98585X104,,19491.0,-54.53251842866473,965974.0,0.0006527669731991471,0.0003496186040047344,-0.00030314836919441266
TRIM,ABRDN   GLOBAL       INFRA   INCOME    FU,00326W106,,41522.0,-48.17782437222306,965386.0,0.000745584865209249,0.0003494057869525624,-0.00039617907825668653
TRIM,IREN   LIMITED,Q4982L109,PUT,21100.0,-93.78680800942286,964903.0,0.004844746633999892,0.00034923097294542113,-0.004495515661054471
NEW,MARTEN     TRANS  LTD,573075108,,55424.0,,961606.0,0.0,0.0003480376773314568,0.0003480376773314568
TRIM,PELOTON  INTERACTIVE      INC,70614W100,CALL,162700.0,-86.00670852326482,961557.0,0.0020758097117566663,0.0003480199425771091,-0.0017277897691795573
TRIM,PURSUIT     ATTRACTIONS    AND   HOSP,92552R406,,17174.0,-75.4024634775136,961229.0,0.0010643376026914398,0.0003479012283031084,-0.0007164363743883313
NEW,ARS   PHARMACEUTICALS          INC,82835W108,CALL,120000.0,,961200.0,0.0,0.0003478907322240047,0.0003478907322240047
NEW,ISHARES  TR,464287523,PUT,1500.0,,961140.0,0.0,0.00034786901619827287,0.00034786901619827287
TRIM,BLACKROCK   SCIENCE     &  TECHNOLO,09260K101,,31966.0,-63.084349593495936,959939.0,0.000798204407006908,0.00034743433374987396,-0.0004507700732570341
TRIM,ENBRIDGE     INC,29250N105,PUT,17700.0,-37.234042553191486,959517.0,0.0006353747247745365,0.0003472815977022267,-0.00028809312707230977
NEW,EOS   ENERGY   ENTERPRISES     INC,29415C101,CALL,162200.0,,953736.0,0.0,0.0003451892586229644,0.0003451892586229644
TRIM,EMERSON   ELEC   CO,291011104,,6657.0,-69.18483543952229,952950.0,0.0011779157433774055,0.0003449047786858773,-0.0008330109646915282
TRIM,FIRST  CMNTY    CORP  S    C,319835104,,29133.0,-39.22521695594126,952066.0,0.0005831134985849743,0.00034458482924009493,-0.00023852866934487939
ADD,LONGEVERON     INC,54303L203,,1353881.0,203.06810677709998,951778.0,0.00019334643626970594,0.0003444805923165821,0.00015113415604687617
TRIM,ENERGY   SERVICES      OF     AMER  CORP,29271Q103,,48763.0,-17.04574451797288,943076.0,0.0003212026840383662,0.0003413310447179416,2.0128360679575407e-05
ADD,VERSABANK     NEW,92512J106,,40555.0,13.558088091171284,941887.0,0.00021091929906587764,0.0003409007054746891,0.00012998140640881143
TRIM,INNODATA   INC,457642205,,12410.0,-69.58780571484586,937948.0,0.0006558415791371501,0.00033947504838539405,-0.0003163665307517561
TRIM,CAPITAL  CITY     BANK,139674105,,18975.0,-58.123675847457626,937745.0,0.0008195314685262423,0.000339401575831668,-0.0004801298926945743
TRIM,LIVE  OAK  BANCSHARES         INC,53803X105,,22911.0,-83.10273618998451,935685.0,0.0018660548343765672,0.00033865599228154165,-0.0015273988420950256
NEW,CLEARPOINT   NEURO     INC,18507C103,CALL,52300.0,,933032.0,0.0,0.0003376957820104323,0.0003376957820104323
TRIM,PEAPACK-GLADSTONE       FINL   CORP,704699107,,19712.0,-30.871471155532177,932969.0,0.00041783220514784146,0.00033767298018341394,-8.015922496442751e-05
KEEP,AFFIRM   HLDGS    INC,00827BAD8,,800000.0,0.0,932859.0,0.0003109767477756955,0.0003376331674695722,2.6656419693876722e-05
TRIM,RILEY   EXPLORATION      PERMIAN    IN,76665T102,,28288.0,-56.93975096660273,932372.0,0.0009965194031431297,0.0003374569057273821,-0.0006590624974157477
TRIM,AMERICAN  INTL   GROUP         INC,026874784,CALL,12500.0,-17.763157894736842,931625.0,0.0004760062631142236,0.0003371865412070208,-0.00013881972190720284
NEW,ENTERGY   CORP    NEW,29364G103,PUT,8100.0,,930366.0,0.0,0.00033673086660041446,0.00033673086660041446
TRIM,S   &  T   BANCORP      INC,783859101,,18943.0,-76.24165955952441,929722.0,0.0013879798292323199,0.0003364977812575594,-0.0010514820479747605
NEW,FIRST  CAROLINA     FINL   SVCS   INC,31943F200,,70188.0,,929289.0,0.0,0.00033634106393852796,0.00033634106393852796
NEW,INVESCO  EXCH  TRADED  FD  TR  II,46138G508,PUT,45600.0,,928872.0,0.0,0.0003361901375596917,0.0003361901375596917
TRIM,RADCOM   LTD,M81865111,,65870.0,-0.5225323184728766,928767.0,0.00033508835021695433,0.000336152134514661,1.0637842977066813e-06
NEW,REPLIGEN   CORP,759916AD1,,906000.0,,928646.0,0.0,0.00033610834052943516,0.00033610834052943516
NEW,VIRCO   MFG   CO,927651109,,151215.0,,928460.0,0.0,0.0003360410208496665,0.0003360410208496665
NEW,FIRST  TR  EXCH  TRD  ALPHDX  FD,33737J141,,33973.0,,926104.0,0.0,0.0003351883049059297,0.0003351883049059297
NEW,JOINT  CORP,47973J102,,105152.0,,923235.0,0.0,0.0003341499169421858,0.0003341499169421858
KEEP,MARTIN     MARIETTA    MATLS   INC,573284106,CALL,1600.0,0.0,922720.0,0.00039197813179937916,0.0003339635210546542,-5.801461074472498e-05
NEW,AMKOR   TECHNOLOGY    INC,031652100,PUT,10700.0,,922661.0,0.0,0.00033394216696268456,0.00033394216696268456
TRIM,FTAI  AVIATION    LTD,G3730V105,CALL,3400.0,-12.82051282051282,919802.0,0.0003976429309369127,0.00033290739833656264,-6.473553260035006e-05
TRIM,KANZHUN     LIMITED,48553T106,,71460.0,-79.90506507091999,919690.0,0.0019816164038525333,0.0003328668617551965,-0.0016487495420973368
TRIM,GOLD  ROYALTY    CORP,38071H106,,332148.0,-4.6702255898054075,916728.0,0.0005190973564066691,0.00033179481395156826,-0.00018730254245510083
TRIM,TENET  HEALTHCARE       CORP,88033G407,CALL,4900.0,-48.421052631578945,916692.0,0.0007460726072448932,0.0003317817843361291,-0.0004142908229087641
ADD,GLOBAL  X  FDS,37954Y855,,11703.0,67.61672873102263,916111.0,0.0002160347641700917,0.0003315715008202925,0.00011553673665020079
ADD,NKARTA    INC,65487U108,,323659.0,122.15899730931854,915955.0,0.00012792907614428973,0.00033151503915338973,0.0002035859630091
ADD,RESTAURANT     BRANDS  INTL     INC,76131D103,CALL,12600.0,48.23529411764706,913626.0,0.00026141225229515616,0.00033067209542123234,6.925984312607618e-05
ADD,FINANCIAL     INSTITUTIONS       INC,317585404,,23393.0,35.69025522041763,911625.0,0.00022750752222353888,0.00032994786596307564,0.00010244034373953675
TRIM,BANK  OF  MARIN  BANCORP,063425102,,32876.0,-29.37486573576799,910665.0,0.0004965130690428969,0.0003296004095513662,-0.00016691265949153068
TRIM,TEMPUS   AI   INC,88023B103,PUT,15700.0,-18.229166666666664,909501.0,0.0003613219634429828,0.00032917911865216863,-3.214284479081416e-05
TRIM,SNAP   INC,83304A106,CALL,204800.0,-11.57167530224525,909312.0,0.0004433625043463624,0.00032911071317111334,-0.00011425179117524907
NEW,EXPENSIFY     INC,30219Q106,,507991.0,,909304.0,0.0,0.00032910781770101576,0.00032910781770101576
TRIM,INTERDIGITAL       INC,45867G101,CALL,3200.0,-3.0303030303030303,906016.0,0.000414747195156177,0.0003279177794909112,-8.682941566526579e-05
TRIM,AGNC      INVT  CORP,00123Q104,CALL,83100.0,-77.2203947368421,905790.0,0.0015227139887954275,0.0003278359824606546,-0.001194878006334773
TRIM,BLUELINX    HLDGS   INC,09624H208,,14573.0,-3.0534858967535925,901777.0,0.0003389366015852156,0.00032638354227295703,-1.2553059312258555e-05
ADD,TEVA   PHARMACEUTICAL    INDS  LTD,881624209,PUT,26500.0,67.72151898734177,897820.0,0.0001980499008489304,0.00032495137037594245,0.00012690146952701206
TRIM,SNAP   INC,83304A106,PUT,202100.0,-22.68553940321347,897324.0,0.0005004100113822933,0.00032477185122989263,-0.00017563816015240066
TRIM,DOVER  CORP,260003108,PUT,4000.0,-50.0,897120.0,0.0006939919954268922,0.0003246980167424044,-0.0003692939786844878
NEW,COEUR   MNG   INC,192108504,PUT,54900.0,,895968.0,0.0,0.00032428106904835313,0.00032428106904835313
TRIM,INNOVATIVE     SOLUTIONS       &  SUPPO,45769N105,,49729.0,-80.00377977578692,895122.0,0.0021247770145570435,0.0003239748730855343,-0.0018008021414715092
ADD,NEW  MTN  FIN   CORP,647551100,,124585.0,53.11678096502225,893274.0,0.000262764779271132,0.00032330601949299374,6.054124022186172e-05
TRIM,NEW  FOUND   GOLD   CORP,64440N103,,579404.0,-56.434544746391246,892700.0,0.0010572095774469734,0.00032309826951349254,-0.0007341113079334809
TRIM,BLACKBERRY   LTD,09228F103,CALL,70500.0,-29.5,891825.0,0.00013483653545113522,0.00032278157747156987,0.00018794504202043465
NEW,BARRETT     BUSINESS      SVCS  INC,068463108,,25077.0,,890735.0,0.0,0.0003223870696707749,0.0003223870696707749
TRIM,SMUCKER     J  M    CO,832696405,CALL,7900.0,-81.75519630484989,888750.0,0.0017378315315947342,0.00032166863115281333,-0.0014161629004419208
TRIM,SPDR  SERIES  TRUST,78464A755,,8307.0,-70.19696480464967,888268.0,0.001252882360115358,0.00032149417907943425,-0.0009313881810359237
TRIM,NORTHEAST    CMNTY      BANCORP       INC,664121100,,32011.0,-16.856705020648814,887985.0,0.000381339362687426,0.00032139175182473243,-5.994761086269357e-05
NEW,INVESCO  EXCH  TRADED  FD  TR  II,46138G706,CALL,15000.0,,887250.0,0.0,0.0003211257305095174,0.0003211257305095174
NEW,TWIST   BIOSCIENCE        CORP,90184D100,CALL,8600.0,,884768.0,0.0,0.00032022741091174384,0.00032022741091174384
ADD,QUANTUMSCAPE    CORP,74767V109,CALL,116800.0,94.01993355481729,883008.0,0.00015983789256151298,0.0003195904074902767,0.0001597525149287637
TRIM,VIRTU   FINL   INC,928254101,,14785.0,-98.12671443323134,880742.0,0.014445585296102705,0.0003187702655851377,-0.014126815030517567
TRIM,NEW  FORTRESS     ENERGY     INC,644393100,,2425473.0,-34.68825851189357,880689.0,0.0009118424750419632,0.00031875108309574126,-0.0005930913919462219
ADD,TITAN    INTL    INC      ILL,88830M102,,114124.0,430.41457519985124,879896.0,6.18733232862129e-05,0.00031846406962231883,0.00025659074633610593
NEW,SIONNA   THERAPEUTICS         INC,829401108,CALL,20000.0,,879800.0,0.0,0.00031842932398114786,0.00031842932398114786
NEW,RIOT   PLATFORMS    INC,767292105,PUT,32100.0,,878898.0,0.0,0.0003181028597276459,0.0003181028597276459
TRIM,NIAGEN   BIOSCIENCE       INC,171077407,,275423.0,-50.04561539061465,878599.0,0.0010118770348337262,0.00031799464153274895,-0.0006938823933009772
TRIM,VICTORY  CAP  HLDGS   INC    DEL,92645B103,,10430.0,-79.13123511874987,876746.0,0.0013619426445394178,0.0003173239782713974,-0.0010446186662680203
KEEP,SYMBOTIC    INC,87151X101,PUT,19500.0,0.0,876525.0,0.00043172661073150514,0.00031724399090995184,-0.0001144826198215533
TRIM,INOVIO   PHARMACEUTICALS          INC,45773H409,,796107.0,-43.57232722233839,875718.0,0.001021623968465828,0.0003169519103638586,-0.0007046720581019695
NEW,RUBRIK   INC.,781154109,PUT,10900.0,,875052.0,0.0,0.00031671086247823526,0.00031671086247823526
TRIM,INDUSTRIAL      LOGISTICS    PPTYS    T,456237106,,98572.0,-73.94370664862122,874334.0,0.0008942354869497823,0.00031645099403697764,-0.0005777844929128047
ADD,MASTEC   INC,576323109,CALL,2100.0,133.33333333333331,873726.0,0.00012050640810013402,0.00031623093830956175,0.00019572453020942773
NEW,SERVE   ROBOTICS     INC,81758H106,,132774.0,,873653.0,0.0,0.00031620451714492134,0.00031620451714492134
KEEP,VALARIS   LTD,G9460G101,PUT,12000.0,0.0,871200.0,0.0004896064420603443,0.0003153166936262515,-0.00017428974843409286
TRIM,QUAD   /   GRAPHICS     INC,747301109,,102937.0,-43.85918027869434,867759.0,0.0005043789497730263,0.0003140712795505307,-0.00019030767022249558
TRIM,NEUMORA   THERAPEUTICS        INC.,640979100,,509210.0,-81.51589884618204,865657.0,0.0022356084850764122,0.00031331049478239205,-0.0019222979902940203
TRIM,OMNIAB   INC,68218J103,,474159.0,-9.497478613065404,864306.0,0.0002620702046487001,0.0003128215222696635,5.0751317620963414e-05
TRIM,LEMAITRE     VASCULAR  INC,525558201,,8994.0,-83.3462948561271,863064.0,0.002453623348739333,0.00031237200053701455,-0.0021412513482023184
KEEP,GRAYSCALE    XRP  TR   ETF,38965L106,,42575.0,0.0,862144.0,0.00046102525816616824,0.00031203902147579305,-0.00014898623669037518
ADD,COASTALSOUTH       BANCSHARES       INC,19058X207,,32027.0,50.26978839206119,859925.0,0.00021810517084870095,0.0003112358904574774,9.313071960877643e-05
ADD,STRIVE   INC,862945300,,78731.0,238.06088711408822,858955.0,9.711393384794788e-05,0.000310884814708146,0.0002137708808601981
TRIM,BLACKLINE   INC,09239B109,CALL,30600.0,-39.165009940357855,858942.0,0.0007745193707657648,0.00031088010956923745,-0.0004636392611965273
NEW,VIKING   HOLDINGS    LTD,G93A5A101,CALL,8200.0,,858294.0,0.0,0.00031064557649133364,0.00031064557649133364
TRIM,AXIA  ENERGIA   SA,15236F100,,81218.0,-3.654847625713235,856850.0,0.0003830959831076089,0.0003101229441387208,-7.297303896888811e-05
NEW,MICROVISION       INC   DEL,594960304,,2613880.0,,854739.0,0.0,0.00030935890196672237,0.00030935890196672237
ADD,SPRING     VY   ACQUISITION      CORP    I,G8377G113,CALL,526458.0,11.960409852451416,854074.0,0.00019706401272398058,0.0003091182160148612,0.00011205420329088062
ADD,SPRING     VY   ACQUISITION      CORP    I,G8377R119,CALL,526458.0,11.960409852451416,854074.0,0.00019706401272398058,0.0003091182160148612,0.00011205420329088062
TRIM,LIQUIDITY     SVCS  INC,53635B107,,21769.0,-92.30227936548349,851603.0,0.0035977779379856474,0.0003082238776884718,-0.0032895540602971758
NEW,KULR  TECHNOLOGY      GROUP     INC,50125G307,,222665.0,,848354.0,0.0,0.00030704795489509286,0.00030704795489509286
NEW,NOVAGOLD   RESOURCES       INC,66987E206,CALL,100000.0,,848000.0,0.0,0.00030691983034327505,0.00030691983034327505
ADD,FRANKLIN    BSP   RLTY     TR   INC,35243J101,,103989.0,150.60005783689994,846470.0,0.0001466143403579333,0.00030636607168711325,0.00015975173132917996
ADD,ROPER   TECHNOLOGIES     INC,776696106,CALL,2500.0,66.66666666666666,845975.0,0.0002208947057163829,0.0003061869144748256,8.529220875844268e-05
KEEP,INTEGER  HLDGS     CORP,45826HAD1,,875000.0,0.0,845911.0,0.00034912799638973056,0.000306163750714045,-4.296424567568557e-05
KEEP,LUMEN     TECHNOLOGIES      INC,550241103,PUT,110000.0,0.0,844800.0,0.00031815596096417556,0.0003057616423042438,-1.2394318659931765e-05
TRIM,HEALTHCARE     SVCS     GROUP     INC,421906108,,34393.0,-80.08223541334878,844692.0,0.0013330177107122706,0.00030572255345792654,-0.0010272951572543442
ADD,FUTU   HLDGS    LTD,36118L106,CALL,9000.0,500.0,843660.0,8.537150272359839e-05,0.000305349037815339,0.00021997753509174058
KEEP,CIPHER  DIGITAL       INC,17253JAA4,,150000.0,0.0,843499.0,0.0001916414199556834,0.0003052907664796252,0.00011364934652394182
KEEP,RIGETTI   COMPUTING      INC,76655K111,CALL,94050.0,0.0,842218.0,0.00021487866572724213,0.00030482712933025053,8.99484636030084e-05
NEW,SOUND   FINL     BANCORP  INC,83607A100,,19532.0,,842025.0,0.0,0.0003047572761141464,0.0003047572761141464
KEEP,BRIDGEBIO   PHARMA    INC,10806XAJ1,,500000.0,0.0,841903.0,0.0003532142925057636,0.00030471312019515837,-4.850117231060524e-05
NEW,MINERALYS     THERAPEUTICS     INC,603170101,CALL,31200.0,,841776.0,0.0,0.0003046671546073593,0.0003046671546073593
TRIM,EDISON     INTL,281020107,CALL,11300.0,-49.55357142857143,841285.0,0.0006821863076562817,0.00030448944513012044,-0.0003776968625261613
ADD,ORASURE   TECHNOLOGIES         INC,68554V108,,188323.0,893.3695537503957,839921.0,2.3668805917431678e-05,0.0003039957674784834,0.00028032696156105177
KEEP,COPLEY    ACQUISITION     CORP,G24243100,,80500.0,0.018637013108032553,839615.0,0.0003456663596555252,0.00030388501574725105,-4.178134390827416e-05
NEW,KENVUE   INC,49177J102,PUT,43900.0,,838929.0,0.0,0.0003036367291863837,0.0003036367291863837
TRIM,NORTHRIM   BANCORP    INC,666762109,,30197.0,-79.02971548413531,837665.0,0.0013711281754359532,0.0003031792449109664,-0.001067948930524987
TRIM,COMMUNITY   HEALTH     SYS  INC  NEW,203668108,PUT,250000.0,-66.66666666666666,835000.0,0.000917637532931337,0.0003022146914347107,-0.0006154228414966263
KEEP,STELLANTIS         N.V,N82405106,PUT,158700.0,0.0,834488.0,0.00042535225513426743,0.0003020293813484657,-0.00012332287378580173
TRIM,CITIZENS     FINL     GROUP   INC,174610105,CALL,11900.0,-45.16129032258064,833833.0,0.000541572193125924,0.0003017923147342265,-0.00023977987839169756
NEW,ADVANTAGE  SOLUTIONS        INC,00791N201,,19266.0,,833062.0,0.0,0.0003015132638035724,0.0003015132638035724
TRIM,FIRST  CTZNS  BANCSHARES        INC   D,31946M103,CALL,400.0,-50.0,832316.0,0.000627459320748979,0.00030124326121697327,-0.0003262160595320058
TRIM,DIEBOLD    NIXDORF   INC,253651202,,9787.0,-89.8756568874912,832091.0,0.003034918218744303,0.00030116182612047887,-0.002733756392623824
ADD,ARCELORMITTAL       SA  LUXEMBOURG,03938L203,PUT,13800.0,32.69230769230769,831036.0,0.00022497392707592617,0.0003007799860013608,7.580605892543461e-05
TRIM,NOMAD   FOODS     LTD,G6564A105,,75746.0,-70.24001760155271,829419.0,0.0010179184607138005,0.0003001947391078878,-0.0007177237216059127
NEW,ROUNDHILL  ETF  TRUST,77926X320,,11189.0,,826308.0,0.0,0.00029906876317369215,0.00029906876317369215
TRIM,TKO  GROUP     HOLDINGS  INC,87256C101,PUT,4100.0,-65.83333333333333,825371.0,0.001007029161989682,0.0002987296312385133,-0.0007082995307511688
NEW,BIOTE   CORP,090683103,,436088.0,,824206.0,0.0,0.0002983079784055535,0.0002983079784055535
NEW,RUNWAY   GROWTH     FINANCE    CORP,78163D100,,145448.0,,815963.0,0.0,0.00029532455840376146,0.00029532455840376146
TRIM,CARS  COM  INC,14575E105,,74556.0,-88.51050845577018,815643.0,0.002192807040637899,0.0002952087395998584,-0.0018975983010380408
KEEP,REVOLUTION     MEDICINES   INC,76155X118,CALL,86828.0,0.0,814438.0,6.46807531261924e-05,0.0002947726094164107,0.0002300918562902183
ADD,RBB   BANCORP,74930B105,,29632.0,62.269317123925305,812361.0,0.00016240228370796329,0.00029402087299232695,0.00013161858928436367
ADD,NIU   TECHNOLOGIES,65481N100,,404149.0,426.44817569591896,812339.0,9.23305661366042e-05,0.00029401291044955864,0.00020168234431295446
TRIM,ZURA   BIO   LTD,G9TY5A101,,137639.0,-90.87312665319685,812070.0,0.003734212536079167,0.00029391555026752757,-0.0034402969858116396
TRIM,STELLUS   CAP    INVT    CORP,858568108,,96424.0,-17.35109328259062,811890.0,0.0004471674748513924,0.0002938504021903321,-0.0001533170726610603
ADD,MERIDIAN     CORP,58958P104,,40428.0,70.54629824931449,809773.0,0.00018704282823736533,0.00029308418841576047,0.00010604136017839514
TRIM,ESSEX  PPTY   TR  INC,297178105,,2771.0,-95.86078123832998,807996.0,0.006742113924437815,0.00029244103212033596,-0.006449672892317479
TRIM,AMERICAS   GOLD   AND     SILVER  COR,03062D803,,171005.0,-59.27608814206753,807328.0,0.0009122049522715248,0.0002921992603671882,-0.0006200056919043366
ADD,TRX  GOLD   CORPORATION,87283P109,,976662.0,282.2626665883873,806903.0,0.00015949081333137025,0.00029204543851825437,0.00013255462518688412
TRIM,CEA   INDUSTRIES   INC,86887P309,,296577.0,-48.82739033960129,806689.0,0.0007042799398493846,0.0002919679846931441,-0.00041231195515624045
TRIM,BRIDGEBIO   ONCOLOGY       THERAPEUT,107924102,,105480.0,-60.33900599351768,803758.0,0.0009905857632589868,0.000290907156836144,-0.0006996786064228428
TRIM,INTEST  CORP,461147100,,44174.0,-42.27582782322348,802642.0,0.00043471465494304576,0.0002905032387575318,-0.00014421141618551394
TRIM,APARTMENT  INVT   &  MGMT   CO,03748R747,,269647.0,-47.154358417572425,800852.0,0.0008642580790542525,0.0002898553773231987,-0.0005744027017310538
ADD,TRANSDIGM   GROUP   INC,893641100,CALL,600.0,20.0,799224.0,0.00024115764062723408,0.0002892661491583416,4.810850853110752e-05
NEW,MACOM     TECH    SOLUTIONS      HLDGS  I,55405Y100,PUT,2100.0,,798777.0,0.0,0.0002891043647666394,0.0002891043647666394
ADD,SOPHIA     GENETICS       SA,H82027105,,138409.0,1264.7111023466773,798620.0,2.089258823843624e-05,0.00028904754116597446,0.0002681549529275382
TRIM,TYRA   BIOSCIENCES        INC,90240B106,CALL,25000.0,-37.5,798500.0,0.0006375604083677135,0.00028900410911451076,-0.0003485562992532027
TRIM,NEWTEKONE   INC,652526203,,53863.0,-14.327750473191136,797711.0,0.00028650141961843574,0.00028871854337613715,2.2171237577014026e-06
ADD,PROSHARES  TR,74350P667,,14000.0,75.0,796180.0,0.00025052961216538087,0.00028816442278621314,3.763481062083227e-05
NEW,CASEYS   GEN    STORES   INC,147528103,PUT,1000.0,,794790.0,0.0,0.00028766133485675895,0.00028766133485675895
TRIM,MSC   INCOME    FUND  INC,55374X208,,68599.0,-45.59046312232806,793690.0,0.0006390760709050993,0.00028726320771834193,-0.0003518128631867574
TRIM,TIGO     ENERGY  INC,88675P103,,340089.0,-56.69829410461501,792407.0,0.0012289605276128823,0.0002867988467014429,-0.0009421616809114394
NEW,STRATUS   PPTYS  INC,863167201,,27463.0,,789561.0,0.0,0.00028576878321422947,0.00028576878321422947
KEEP,CELCUITY    INC,15102KAA8,,350000.0,0.0,788812.0,0.0003561985912579861,0.00028549769482634377,-7.070089643164233e-05
TRIM,KOHLS   CORP,500255104,CALL,44500.0,-30.577223088923557,788540.0,0.00034412031728144814,0.0002853992488430261,-5.872106843842205e-05
TRIM,STARZ  ENTERTAINMENT          CORP.,855919106,,27275.0,-80.35055616390986,787156.0,0.0006643163050875418,0.00028489833251614505,-0.00037941797257139674
NEW,OUTSET   MED     INC,690145206,,181794.0,,785350.0,0.0,0.00028424468014161687,0.00028424468014161687
KEEP,HENNESSY    CAP      INVT     CORP   VII,G4405D107,,75000.0,0.0,783750.0,0.00032304586618501146,0.0002836655861221012,-3.9380280062910247e-05
NEW,PROSHARES  TR,74350P675,,21570.0,,783207.0,0.0,0.0002834690560892281,0.0002834690560892281
TRIM,GLADSTONE      COMMERCIAL       CORP,376536108,,63554.0,-32.03216905867003,781714.0,0.00044478328191435674,0.0002829286889822676,-0.00016185459293208913
ADD,OAK  VY   BANCORP     OAKDALE   CALIF,671807105,,23163.0,142.95154185022025,781635.0,0.0001286723417378568,0.000282900096215054,0.0001542277544771972
TRIM,CARLISLE   COS   INC,142339100,,2153.0,-88.10562952323076,781001.0,0.0025131432750873477,0.00028267063020982096,-0.0022304726448775266
TRIM,WILLIAMS     COS   INC,969457100,PUT,10500.0,-84.46745562130178,780570.0,0.002047487796879731,0.0002825146367583139,-0.001764973160121417
TRIM,STATE  STR    CORP,857477103,PUT,4600.0,-68.91891891891892,780160.0,0.0007795083225774567,0.00028236624391581304,-0.0004971420786616436
NEW,OLD   DOMINION     FREIGHT     LINE  IN,679580100,PUT,3600.0,,779760.0,0.0,0.00028222147041093414,0.00028222147041093414
TRIM,JOURNEY     MED  CORP,48115J109,,110016.0,-71.2802199093109,778913.0,0.0007476702537251306,0.00028191491251435306,-0.00046575534121077756
NEW,DIGI   INTL     INC,253798102,,10349.0,,775658.0,0.0,0.000280736818118401,0.000280736818118401
NEW,QUANTUM   COMPUTING     INC,74766W108,CALL,79500.0,,771150.0,0.0,0.00027910522071841574,0.00027910522071841574
TRIM,AGILENT     TECHNOLOGIES      INC,00846U101,CALL,5800.0,-65.88235294117646,770414.0,0.0008063807446982922,0.0002788388374694386,-0.0005275419072288535
TRIM,SPIRE   GLOBAL    INC,848560306,,41390.0,-81.97731379678213,769854.0,0.001202317410834743,0.0002786361545626081,-0.0009236812562721349
NEW,JOBY  AVIATION      INC,G65163118,CALL,259933.0,,769340.0,0.0,0.0002784501206088387,0.0002784501206088387
NEW,UNION   BANKSHARES      INC,905400107,,31709.0,,769260.0,0.0,0.0002784211659078629,0.0002784211659078629
TRIM,BLUEROCK    HOMES   TRUST    INC,09631H100,,85395.0,-3.0747752655952056,768555.0,0.000416520462062218,0.0002781660026055139,-0.0001383544594567041
ADD,METROCITY      BANKSHARES        INC,59165J105,,21409.0,8.504383964320105,768369.0,0.00023541793230333883,0.0002780986829257452,4.268075062240637e-05
TRIM,ALDEYRA  THERAPEUTICS        INC,01438T106,,360350.0,-63.79276216964098,767546.0,0.0006999685000121198,0.00027780081143945684,-0.000422167688572663
ADD,AMERICAN  EAGLE     OUTFITTERS      IN,02553E106,CALL,44600.0,27.42857142857143,767120.0,0.00024324677460243376,0.0002776466276567608,3.4399853054327054e-05
NEW,FIGMA  INC,316841105,PUT,42400.0,,767016.0,0.0,0.00027760898654549226,0.00027760898654549226
TRIM,SMARTSTOP    SELF   STORAG    REIT   I,83192D402,,23600.0,-96.01084509232527,767000.0,0.007455032558123294,0.0002776031956052971,-0.0071774293625179965
TRIM,CADELER   A    S,12738K109,,35000.0,-52.364101586955925,766850.0,0.000719479013762182,0.00027754890554096753,-0.0004419301082212145
TRIM,SOLAREDGE   TECHNOLOGIES         INC,83417M104,,13068.0,-92.77667842179157,763694.0,0.0038435320895204676,0.000276406642587473,-0.0035671254469329945
NEW,MAGNACHIP     SEMICONDUCTOR      CORP,55933J203,CALL,161000.0,,761530.0,0.0,0.00027562341792607814,0.00027562341792607814
ADD,BANK  MONTREAL   MEDIUM,063671101,CALL,4300.0,86.95652173913044,759810.0,0.0001295437852725317,0.00027500089185509885,0.00014545710658256714
NEW,HOWARD     HUGHES    HOLDINGS  INC,44267T102,,10602.0,,757937.0,0.0,0.0002743229899185034,0.0002743229899185034
NEW,ADECOAGRO      S   A,L00849106,,79249.0,,756828.0,0.0,0.00027392160537622663,0.00027392160537622663
NEW,PLANET   LABS   PBC,72703X106,CALL,22800.0,,755364.0,0.0,0.0002733917343483698,0.0002733917343483698
TRIM,DECKERS     OUTDOOR     CORP,243537107,CALL,7600.0,-44.52554744525548,754604.0,0.0005706552685687238,0.00027311666468909994,-0.00029753860387962385
NEW,BETTER   HOME      &  FINANCE     HOLDIN,08774B508,,27429.0,,754298.0,0.0,0.00027300591295786755,0.00027300591295786755
TRIM,ISHARES  ETHEREUM  TR,46438R105,,63398.0,-99.61521264147677,753802.0,0.1085421080344833,0.00027282639381181773,-0.10826928164067148
TRIM,XEROX  HOLDINGS     CORP,98421M114,CALL,2735436.0,-15.16131203286068,752108.0,0.00012143486584887315,0.00027221327801865556,0.00015077841216978242
ADD,VENTURE   GLOBAL      INC,92333F101,PUT,67500.0,35.0,751275.0,0.00032793577140584736,0.00027191178719474527,-5.602398421110209e-05
TRIM,HELLO  GROUP        INC,423403104,,129234.0,-27.891262742647342,749557.0,0.0004296095938924931,0.0002712899849912903,-0.00015831960890120276
NEW,ASE  TECHNOLOGY  HLDG  CO   LTD,00215W100,PUT,16600.0,,748992.0,0.0,0.0002710854924156489,0.0002710854924156489
TRIM,ARCHIMEDES         TECH  SPAC    PARTNER,G04537109,,69384.0,-77.47163011185609,747960.0,0.0013342674456380723,0.00027071197677306134,-0.001063555468865011
NEW,ARRAY   TECHNOLOGIES      INC,04271TAD2,,600000.0,,746653.0,0.0,0.00027023892934586953,0.00027023892934586953
TRIM,CURIOSITYSTREAM         INC,23130Q107,,280618.0,-11.297608097130158,746444.0,0.00038970380566900734,0.0002701632851895703,-0.00011954052047943707
TRIM,FARMERS     &  MERCHANTS        BANCORP,30779N105,,24326.0,-27.92509851559954,743889.0,0.00036055788974209306,0.0002692385444271563,-9.131934531493677e-05
NEW,ISHARES  INC,464286525,,6173.0,,742180.0,0.0,0.0002686199996275612,0.0002686199996275612
NEW,ARBOR   REALTY   TRUST    INC,038923108,,136759.0,,741234.0,0.0,0.0002682776102885226,0.0002682776102885226
TRIM,ARDMORE     SHIPPING     CORP,Y0207T100,,52868.0,-49.19127752203204,740681.0,0.0006603694232905708,0.00026807746091802746,-0.0003922919623725434
KEEP,BROADRIDGE   FINL    SOLUTIONS    IN,11133T103,PUT,5400.0,0.0,739530.0,0.0003651373380016742,0.00026766087515773846,-9.747646284393574e-05
TRIM,ECOVYST     INC,27923Q109,,59276.0,-54.12819897694647,737986.0,0.0006915707640588221,0.00026710204942890587,-0.0004244687146299163
TRIM,PROMIS   NEUROSCIENCES      INC,74346M505,,56045.0,-28.074588365139054,737552.0,0.00041183281164455885,0.00026694497017611227,-0.00014488784146844658
TRIM,ENTEGRIS     INC,29362U104,PUT,4100.0,-30.508474576271187,737426.0,0.00028786601529665875,0.0002668993665220754,-2.0966648774583348e-05
TRIM,APA  CORPORATION,03743Q108,,22637.0,-93.6664307118096,737287.0,0.006312600464001152,0.00026684905772913,-0.006045751406272022
NEW,SCYNEXIS     INC,811292309,,180788.0,,735807.0,0.0,0.00026631339576107805,0.00026631339576107805
KEEP,IES   HOLDINGS   INC,44951W106,PUT,1000.0,0.0,734660.0,0.00019828877792099506,0.0002658982577358378,6.760947981484275e-05
NEW,SOUNDTHINKING      INC,82536T107,,81135.0,,734272.0,0.0,0.0002657578274361053,0.0002657578274361053
TRIM,PRIMIS     FINANCIAL  CORP,74167B109,,44690.0,-20.10797668847653,731575.0,0.000309148963628469,0.00026478169207945924,-4.436727154900975e-05
TRIM,CERAGON  NETWORKS        LTD,M22013102,,281431.0,-32.21649794913667,728906.0,0.0003732196230479596,0.00026381569086815477,-0.00010940393217980486
NEW,OPTIMUM     COMMUNICATIONS    INC,02156K103,PUT,500000.0,,725000.0,0.0,0.0002624019775930123,0.0002624019775930123
NEW,ENTERGY   CORP    NEW,29364G103,CALL,6300.0,,723618.0,0.0,0.00026190178513365567,0.00026190178513365567
TRIM,EXCELERATE    ENERGY      INC,30069T101,,19036.0,-29.08657428103114,723178.0,0.0003733498817997998,0.0002617425342782889,-0.00011160734752151092
NEW,PATRIOT   NATL   BANCORP     INC,70336F203,,752658.0,,720670.0,0.0,0.00026083480440269814,0.00026083480440269814
NEW,ROBOSTRATEGY  INC,77106T107,,18130.0,,720668.0,0.0,0.0002608340805351738,0.0002608340805351738
NEW,DORIAN   LPG     LTD,Y2106R110,,20705.0,,720120.0,0.0,0.00026063574083348966,0.00026063574083348966
ADD,WEST   BANCORPORATION    INC,95123P106,,27136.0,146.35497049477982,719918.0,0.00010905404199186305,0.0002605626302135258,0.00015150858822166274
NEW,CIPHER  DIGITAL       INC,17253J106,PUT,29300.0,,717850.0,0.0,0.0002598141511933019,0.0002598141511933019
TRIM,CALERES  INC,129500104,,58018.0,-86.81277218630954,717683.0,0.0019298004711596772,0.00025975370825501496,-0.0016700467629046623
ADD,AUNA   S  A,L0415A103,,139676.0,239.5468689225982,716538.0,9.432689595314462e-05,0.00025933929409729906,0.00016501239814415444
TRIM,CITIZENS     FINL     GROUP   INC,174610105,,10182.0,-99.22398261086943,713453.0,0.03274600023551567,0.00025822272844092055,-0.032487777507074746
NEW,HERITAGE   FINL       CORP    WASH,42722X106,,24023.0,,711561.0,0.0,0.0002575379497628433,0.0002575379497628433
ADD,GILAT   SATELLITE        NETWORKS    LTD,M51474118,,53431.0,85.40199174155939,711167.0,0.00018014036287627728,0.0002573953478605376,7.72549849842603e-05
NEW,VALNEVA   SE,92025Y103,,135223.0,,707216.0,0.0,0.0002559653475660962,0.0002559653475660962
NEW,SBA   COMMUNICATIONS       CORP,78410G104,PUT,4000.0,,705840.0,0.0,0.0002554673267093128,0.0002554673267093128
TRIM,PLDT   INC,69344D408,,40163.0,-70.68800677278334,703656.0,0.0011997455287696564,0.00025467686337267404,-0.0009450686653969824
NEW,HF   FOODS   GROUP  INC,40417F109,,497803.0,,701902.0,0.0,0.00025404203155378005,0.00025404203155378005
TRIM,PYXIS     ONCOLOGY      INC,747324101,,233004.0,-41.40106884627476,701342.0,0.00024159585936745024,0.00025383934864694953,1.2243489279499292e-05
KEEP,OCULIS     HOLDING        AG,H5870P110,CALL,140000.0,0.0,700000.0,0.0007574151065465004,0.00025335363353808083,-0.0005040614730084195
TRIM,LIFECORE    BIOMEDICAL       INC,514766104,,133305.0,-15.177179508389699,699851.0,0.00024329837870859408,0.0002532997054075134,1.0001326698919316e-05
TRIM,AMKOR   TECHNOLOGY    INC,031652100,CALL,8100.0,-80.43478260869566,698463.0,0.0007758269522299235,0.00025279734134558366,-0.0005230296108843398
NEW,MADRIGAL     PHARMACEUTICALS     INC,558868105,PUT,1300.0,,698035.0,0.0,0.00025264243369536323,0.00025264243369536323
TRIM,FRANKLIN    FINL    SVCS   CORP,353525108,,11148.0,-73.23666394583952,697865.0,0.0008854623727403831,0.0002525809049557897,-0.0006328814677845935
ADD,PBF   ENERGY    INC,69318G106,CALL,15300.0,121.73913043478262,696456.0,0.0001367417257576022,0.00025207094028485374,0.00011532921452725155
ADD,COLONY  BANKCORP      INC,19623P101,,34640.0,55.440879515369076,695918.0,0.00018520505619862393,0.00025187621992079165,6.667116372216771e-05
NEW,INNOVEX   INTERNATIONAL           INC,457651107,,27978.0,,693854.0,0.0,0.00025112918863561646,0.00025112918863561646
ADD,SCORPIO   TANKERS      INC,Y7542C130,CALL,10000.0,85.18518518518519,692600.0,0.00016778159561302926,0.0002506753236978211,8.289372808479185e-05
TRIM,EDISON     INTL,281020107,PUT,9300.0,-28.46153846153846,692385.0,0.0003959116964076635,0.0002505975079389487,-0.00014531418846871482
TRIM,MARA  HOLDINGS       INC,565788106,CALL,49800.0,-63.939174511223754,691722.0,0.0004689714581905632,0.00025035754585461193,-0.00021861391233595124
TRIM,ACCENDRA     HEALTH    INC,690732102,,202018.0,-57.45090440364963,690902.0,0.00045050259829307576,0.0002500607601696102,-0.00020044183812346558
TRIM,ASANA   INC,04342Y104,,98650.0,-96.39535814208756,690550.0,0.007289160730600343,0.0002499333594853167,-0.007039227371115026
TRIM,UFP   INDUSTRIES     INC,90278Q108,,7596.0,-33.18085855031668,689261.0,0.00043581332300968466,0.00024946682686584446,-0.0001863464961438402
ADD,LENSAR   INC,52634L108,,120680.0,860.4456824512536,689083.0,3.1165134661509764e-05,0.00024940240265617335,0.00021823726799466357
NEW,TRIPADVISOR       INC,896945201,PUT,50000.0,,685500.0,0.0,0.00024810559398622054,0.00024810559398622054
TRIM,ATEGRITY   SPECIALTY       IN  CO   HO,04681Y103,,28469.0,-77.489879182744,684395.0,0.001040551439048708,0.0002477056571789926,-0.0007928457818697154
TRIM,WELLTOWER     INC,95040Q104,PUT,3000.0,-60.0,680910.0,0.000617095634815832,0.00024644431801773515,-0.0003706513167980968
NEW,TERRESTRIAL    ENERGY     INC,881454102,,96035.0,,679928.0,0.0,0.00024608889906325743,0.00024608889906325743
ADD,PATRIA     INVESTMENTS   LIMITED,G69451105,,61761.0,74.43653618030842,678136.0,0.00018565659212752667,0.0002454403137614,5.978372163387331e-05
KEEP,PERCEPTIVE     CAP  SOLUTIONS          COR,G70077105,,62264.0,0.0,677432.0,0.000284253727865437,0.0002451855123928131,-3.9068215472623914e-05
ADD,ISHARES  TR,464287804,,4560.0,77.84711388455538,676294.0,0.00013264377710146846,0.00024477363177143264,0.00011212985466996418
NEW,ROYALTY   PHARMA     PLC,G7709Q104,,12043.0,,675251.0,0.0,0.0002443961348574609,0.0002443961348574609
ADD,BOSTON     OMAHA   CORP,101044105,,49414.0,38.49991591456921,674007.0,0.00017342267350821486,0.00024394588925728746,7.05232157490726e-05
ADD,INFOSYS    LTD,456788108,PUT,64100.0,327.33333333333337,672409.0,8.433525897892763e-05,0.0002433675191052963,0.00015903226012636867
NEW,GEVO   INC,374396406,,447528.0,,671292.0,0.0,0.00024296323909292193,0.00024296323909292193
TRIM,UNITED  FIRE   GROUP   INC,910340108,,12766.0,-72.87465737415805,669449.0,0.0007258512885486875,0.00024229619516919238,-0.0004835550933794951
TRIM,AFFIRM   HLDGS    INC,00827B106,PUT,8200.0,-95.18213866039953,668710.0,0.003245467133499836,0.00024202872611892864,-0.0030034384073809074
TRIM,SMITH  &  WESSON    BRANDS    INC,831754106,,44440.0,-59.088607594936704,668378.0,0.000647796332521899,0.00024190856410987913,-0.00040588776841201984
NEW,NAKAMOTO     INC,49457M205,,169109.0,,667981.0,0.0,0.00024176487640628684,0.00024176487640628684
TRIM,WHEATON  PRECIOUS      METALS       CORP,962879102,,5946.0,-96.0265166196656,667855.0,0.00815888967723188,0.00024171927275224992,-0.007917170404479631
NEW,DUTCH   BROS  INC,26701L100,CALL,9300.0,,667833.0,0.0,0.00024171131020948161,0.00024171131020948161
TRIM,PAYSIGN   INC,70451A104,,81523.0,-75.20944390552445,667673.0,0.0008074365480638463,0.00024165340080753005,-0.0005657831472563162
NEW,INSEEGO   CORP,45782B302,,64355.0,,664787.0,0.0,0.00024060885996982876,0.00024060885996982876
NEW,BORGWARNER       INC,099724106,CALL,10000.0,,664000.0,0.0,0.00024032401809897955,0.00024032401809897955
ADD,B2GOLD     CORP,11777Q209,CALL,177100.0,1.1422044545973729,662354.0,0.0003301010630538482,0.00023972827512640284,-9.037278792744534e-05
NEW,SABLE    OFFSHORE    CORP,78574H104,PUT,215000.0,,662200.0,0.0,0.00023967253732702445,0.00023967253732702445
TRIM,ZILLOW  GROUP     INC,98954M200,CALL,21000.0,-78.35051546391753,661920.0,0.0016704165931663382,0.00023957119587360922,-0.001430845397292729
NEW,RAMACO  RES   INC,75134P600,CALL,50000.0,,661500.0,0.0,0.00023941918369348639,0.00023941918369348639
TRIM,HIGHLANDER     SILVER     CORP,43087N204,,141183.0,-89.63589875725924,657913.0,0.00330757267526377,0.00023812092728848483,-0.0030694517479752854
TRIM,MILLER   INDS   INC     TENN,600551204,,12858.0,-80.02609749277659,657687.0,0.0012202856276700461,0.00023803913025822822,-0.0009822464974118179
TRIM,SIRIUSXM     HOLDINGS      INC,829933100,PUT,22200.0,-88.34033613445378,655788.0,0.001828796253566676,0.00023735181804381564,-0.0015914444355228604
TRIM,ARKO   CORP,041242108,,81558.0,-81.97155078086143,654911.0,0.001046756416652339,0.00023703440213436865,-0.0008097220145179703
NEW,FLUTTER     ENTMT   PLC,G3643J108,CALL,6400.0,,653888.0,0.0,0.00023666414389564083,0.00023666414389564083
TRIM,NEWHOLD   INVT     CORP   III,G6486E128,,50201.0,-47.60796510050304,652613.0,0.000426671489138527,0.00023620267834883937,-0.00019046881078968762
ADD,HASBRO   INC,418056107,CALL,7900.0,71.73913043478261,652461.0,0.00017918277377728636,0.00023614766441698535,5.696489063969899e-05
TRIM,VIKING   THERAPEUTICS        INC,92686J106,CALL,16700.0,-77.93923381770145,651467.0,0.0010251230597932144,0.0002357879022573613,-0.0007893351575358531
TRIM,PULSE   BIOSCIENCES       INC,74587B101,,23488.0,-57.91963022018381,651322.0,0.0005015124249082503,0.0002357354218618427,-0.00026577700304640755
ADD,OCUGEN   INC,67577C105,CALL,425000.0,107.31707317073172,650250.0,0.00015441696444180161,0.0002353474288687672,8.093046442696558e-05
TRIM,AEMETIS   INC,00770K202,,396403.0,-4.898505593528157,650101.0,0.0005533537434920401,0.00023529350073819982,-0.00031806024275384025
NEW,FIGURE   TECHNOLOGY      SOLUTIO,349381103,CALL,21100.0,,647981.0,0.0,0.00023452620116234165,0.00023452620116234165
NEW,GENIE   ENERGY     LTD,372284208,,44626.0,,644846.0,0.0,0.0002333915388178532,0.0002333915388178532
TRIM,EQUINOR  ASA,29446M102,PUT,20500.0,-70.41847041847042,643700.0,0.0012170495508192188,0.00023297676272637517,-0.0009840727880928437
TRIM,M   &  T  BK   CORP,55261F104,PUT,2700.0,-41.30434782608695,642627.0,0.00039573357900898117,0.00023258840779953754,-0.00016314517120944363
TRIM,AMPHASTAR       PHARMACEUTICALS   IN,03209R103,,31814.0,-91.4334106141265,642007.0,0.003027661599396582,0.00023236400886697523,-0.0027952975905296065
TRIM,CANADIAN  PACIFIC      KANSAS     CITY,13646K108,CALL,7400.0,-30.8411214953271,641210.0,0.00035026786450886844,0.00023207554765850404,-0.0001181923168503644
NEW,BUNGE   GLOBAL       SA,H11356104,CALL,6000.0,,640380.0,0.0,0.0002317751426358803,0.0002317751426358803
TRIM,PLIANT   THERAPEUTICS        INC,729139105,,559447.0,-52.61004067705871,637770.0,0.0006190216332296217,0.00023083049551654545,-0.00038819113771307626
NEW,TEXAS   ROADHOUSE     INC,882681109,CALL,3300.0,,637659.0,0.0,0.00023079032086894156,0.00023079032086894156
TRIM,FUTU   HLDGS    LTD,36118L106,PUT,6800.0,-57.7639751552795,637432.0,0.0009163207958999561,0.00023070816190492278,-0.0006856126339950333
ADD,CF     BANKSHARES      INC,12520L109,,19443.0,8.10675562969141,637147.0,0.00020889716719625705,0.00023060501078269656,2.1707843586439514e-05
NEW,ISHARES  TR,464288851,,5801.0,,637124.0,0.0,0.000230596686306166,0.000230596686306166
TRIM,STONERIDGE     INC,86183P102,,87020.0,-78.3695911549475,636986.0,0.0008086563193151033,0.0002305467394469828,-0.0005781095798681205
TRIM,CHEESECAKE       FACTORY   INC,163072AC5,,500000.0,-97.14285714285714,636514.0,0.007416305341098567,0.0002303759067112257,-0.007185929434387341
ADD,SAFE   BULKERS    INC,Y7388L103,,100858.0,489.123831775701,636414.0,4.509949181123309e-05,0.00023033971333500595,0.00018524022152377286
TRIM,SHOALS   TECHNOLOGIES        GROUP    IN,82489W107,,64083.0,-82.06721122929557,634422.0,0.0009785511863078266,0.000229618741280709,-0.0007489324450271176
TRIM,MGM   RESORTS     INTERNATIONAL,552953101,,13253.0,-92.22647795458944,633626.0,0.0026258990793719197,0.000229330642006,-0.00239656843736592
TRIM,INVESTAR   HOLDING      CORP,46134L105,,21149.0,-10.145728002719123,633624.0,0.0002671153383501634,0.00022932991813847563,-3.7785420211687744e-05
NEW,RTB  DIGITAL      INC,39366L406,,41939.0,,632440.0,0.0,0.00022890138856403408,0.00022890138856403408
KEEP,INFLEQTION      INC,45676K111,CALL,91994.0,0.0,631999.0,0.00016940837344351842,0.00022874177577490506,5.933340233138664e-05
NEW,EASTERN   CO,276317104,,22572.0,,628630.0,0.0,0.0002275224209300625,0.0002275224209300625
TRIM,SOLID    POWER     INC,83422N105,,242182.0,-83.40742994051033,627251.0,0.0018222670856509575,0.00022702331427199246,-0.0015952437713789651
NEW,INSTALLED   BLDG     PRODS  INC,45780R101,,2729.0,,627233.0,0.0,0.00022701679946427294,0.00022701679946427294
TRIM,SOMNIGROUP       INTERNATIONAL        INC,88023U101,CALL,8000.0,-98.0,627200.0,0.012305082346355451,0.00022700485565012042,-0.012078077490705332
TRIM,BIONTECH     SE,09075V102,PUT,6700.0,-66.5,623435.0,0.0007397698315368455,0.00022564217503544774,-0.0005141276565013978
KEEP,HORMEL   FOODS  CORP,440452100,CALL,25100.0,0.4,622982.0,0.00023565181542964606,0.0002254782190411724,-1.0173596388473666e-05
NEW,PERPETUA   RESOURCES         CORP,714266103,CALL,29900.0,,620724.0,0.0,0.00022466097260613098,0.00022466097260613098
TRIM,ACUITY   INC,00508Y102,,1643.0,-95.92408831555446,618852.0,0.004700829440513129,0.0002239834326032977,-0.004476846007909831
KEEP,AEROVIRONMENT     INC,008073AA6,,650000.0,0.0,617954.0,0.00026526924306849296,0.0002236584160848446,-4.1610826983648366e-05
NEW,CIMPRESS     PLC,G2143T103,,6072.0,,617522.0,0.0,0.00022350206069957535,0.00022350206069957535
TRIM,COMSTOCK   RES  INC,205768302,,41269.0,-82.82326303478301,615733.0,0.0021077372554704796,0.00022285456119900445,-0.001884882694271475
NEW,CRACKER     BARREL    OLD  CTRY   STOR,22410JAD8,,600000.0,,615341.0,0.0,0.00022271268316422313,0.00022271268316422313
NEW,APPIAN   CORP,03782L101,,26847.0,,614796.0,0.0,0.00022251542926382564,0.00022251542926382564
TRIM,DELTA   AIR  LINES     INC,247361702,,6564.0,-98.5603716188801,614784.0,0.012614549674025958,0.00022251108605867928,-0.012392038587967278
NEW,SUNRISE   RLTY   TR  INC,867981102,,77685.0,,613712.0,0.0,0.00022212309306560377,0.00022212309306560377
NEW,BIOAGE   LABS     INC,09077V100,CALL,25000.0,,612750.0,0.0,0.00022177491278637003,0.00022177491278637003
TRIM,ABERCROMBIE       &  FITCH    CO,002896207,CALL,6800.0,-80.89887640449437,612068.0,0.0013536805774458642,0.0002215280739605515,-0.0011321525034853127
TRIM,KEURIG   DR   PEPPER  INC,49271V100,CALL,18700.0,-61.44329896907217,612051.0,0.0005314411418326448,0.00022152192108659417,-0.00030991922074605064
TRIM,FIVE   BELOW   INC,33829M101,PUT,3400.0,-24.444444444444443,611286.0,0.0004278812724982691,0.00022124504175851325,-0.00020663623073975584
NEW,FASTENAL     CO,311900104,CALL,12700.0,,609981.0,0.0,0.00022077271819884582,0.00022077271819884582
NEW,BLUE   OWL     CAPITAL    CORPORATION,69121K104,PUT,56000.0,,608720.0,0.0,0.00022031631972471507,0.00022031631972471507
NEW,ARXIS   INC,04339D105,,13149.0,,606695.0,0.0,0.00021958340385626562,0.00021958340385626562
NEW,INTERNATIONAL    SEAWAYS     INC,Y41053102,CALL,7900.0,,605061.0,0.0,0.00021899200408883533,0.00021899200408883533
TRIM,GAMESTOP     CORP,36467W109,CALL,27400.0,-69.45373467112597,604992.0,0.0008600773141309745,0.00021896703065924368,-0.0006411102834717308
NEW,CDW    CORP,12514G108,CALL,4300.0,,604752.0,0.0,0.00021888016655631636,0.00021888016655631636
TRIM,JUMIA  TECHNOLOGIES         AG,48138M105,,85331.0,-72.44418179587039,601584.0,0.0008892115775177883,0.00021773356039767543,-0.0006714780171201128
ADD,BAYCOM   CORP,07272M107,,18281.0,17.321268129893465,601445.0,0.0001927559021838875,0.00021768325160473003,2.492734942084252e-05
NEW,JOHN   MARSHALL  BANCORP   INC,47805L101,,27586.0,,601375.0,0.0,0.0002176579162413762,0.0002176579162413762
TRIM,SES    AI    CORPORATION,78397Q109,,623351.0,-80.40180403093073,598542.0,0.0012733687740988549,0.0002166325578930714,-0.0010567362162057835
NEW,FACTSET     RESH     SYS   INC,303075105,CALL,2600.0,,598208.0,0.0,0.00021651167201649753,0.00021651167201649753
ADD,GRUPO  AVAL   ACCIONES        Y     VALORE,40053W101,,118855.0,32.538248806815645,597841.0,0.00016420676277498837,0.0002163788423257711,5.2172079550782724e-05
NEW,TECHNIPFMC     PLC,G87110105,CALL,9000.0,,596700.0,0.0,0.00021596587590310402,0.00021596587590310402
TRIM,PHOENIX   ED     PARTNERS     INC,718968100,,18159.0,-60.66841387077909,596523.0,0.0006044659459952424,0.0002159018136271951,-0.0003885641323680473
NEW,SITIME   CORP,82982T106,CALL,800.0,,596448.0,0.0,0.00021587466859503032,0.00021587466859503032
TRIM,ELECTRONIC   ARTS    INC,285512109,CALL,2900.0,-19.444444444444446,594616.0,0.00030543471647136595,0.00021521160594268495,-9.0223110528681e-05
ADD,DESTINY   TECH100      INC,25063F107,,23046.0,192.94521418583957,593665.0,8.767620869066132e-05,0.00021486740693483534,0.00012719119824417403
ADD,VIEMED   HEALTHCARE       INC,92663R105,,51949.0,47.293657319459015,592219.0,0.00013518070154625278,0.0002143440507146981,7.916334916844534e-05
NEW,RF   INDS  LTD,749552105,,27856.0,,590826.0,0.0,0.00021383987698395733,0.00021383987698395733
TRIM,CRH  PLC,G25508105,PUT,5500.0,-97.24724724724724,588500.0,0.5678353438764592,0.0002129980190530865,-0.5676223458574061
TRIM,SIBANYE   STILLWATER      LTD,82575P107,CALL,69300.0,-76.9076974341886,588357.0,0.0015386480050588627,0.00021294626252509234,-0.0013257017425337705
NEW,RESOURCES     CONNECTION    INC,76122Q105,,138195.0,,587329.0,0.0,0.00021257419461755353,0.00021257419461755353
NEW,VISTA   ENERGY    S.A.B.    DE   C.V.,92837L109,CALL,9200.0,,586960.0,0.0,0.00021244064105930275,0.00021244064105930275
NEW,BAKKT   INC,05759B305,CALL,75000.0,,585750.0,0.0,0.00021200270120704407,0.00021200270120704407
TRIM,SYNCHRONY      FINANCIAL,87165B103,CALL,7700.0,-96.93471337579618,585585.0,0.007110806119494499,0.00021194298213628152,-0.0068988631373582176
TRIM,EUROSEAS    LTD,Y23592135,,8818.0,-61.385531616745496,585251.0,0.0006353077226689572,0.00021182209625970764,-0.0004234856264092496
TRIM,1STDIBS    COM  INC,320551104,,119314.0,-71.35985136714858,584639.0,0.0009535456675759843,0.00021160059279724293,-0.0007419450747787413
TRIM,LIGHTSPEED     COMMERCE   INC,53229C107,,55710.0,-39.970906739938584,584398.0,0.00034605255812743464,0.00021151336676055338,-0.00013453919136688125
KEEP,IREN  LIMITED,46270CAB5,,200000.0,0.0,583973.0,0.00018743277216859286,0.00021135954491161954,2.3926772743026672e-05
TRIM,CAPITAL   SOUTHWEST      CORP,140501107,,24481.0,-88.03166005045271,581913.0,0.001882968080170609,0.0002106139613614932,-0.0016723541188091158
TRIM,EMCOR   GROUP   INC,29084Q100,PUT,700.0,-81.57894736842105,580916.0,0.00116757536252446,0.00021025311340058252,-0.0009573222491238775
KEEP,QMMM  HOLDINGS        LTD,G7309R114,,97213.0,0.0,580362.0,0.0002415246956404066,0.00021005260209632523,-3.147209354408136e-05
ADD,URANIUM     RTY  CORP,91702V101,,208869.0,1448.0951675066706,579845.0,2.0494321064279645e-05,0.00020986548234126927,0.00018937116127698962
NEW,SLR   INVESTMENT    CORP,83413U100,,46875.0,,579844.0,0.0,0.00020986512040750704,0.00020986512040750704
TRIM,SMART  SAND    INC,83191H107,,115470.0,-76.20514638152133,578505.0,0.0010339956367556161,0.00020938049109992495,-0.0008246151456556912
ADD,ENTRAVISION       COMMUNICATIONS       C,29382R107,,44332.0,36.45653779857178,578089.0,4.015506934921169e-05,0.00020922992665485087,0.0001690748573056392
ADD,BLUE   ACQUISITION        CORP.,G1331A116,,741000.0,15.600624024960998,577980.0,8.002798076312748e-05,0.00020919047587477136,0.0001291624951116439
TRIM,SABLE    OFFSHORE    CORP,78574H104,CALL,187500.0,-33.035714285714285,577500.0,0.0019249996246381823,0.00020901674766891668,-0.0017159828769692657
NEW,METHANEX     CORP,59151K108,CALL,12500.0,,576875.0,0.0,0.0002087905390675434,0.0002087905390675434
TRIM,CENOVUS     ENERGY    INC,15135U109,PUT,23200.0,-79.30419268510259,575592.0,0.0012376716336624598,0.0002083261780506443,-0.0010293454556118155
NEW,INTERNATIONAL  PAPER  CO,460146103,CALL,15100.0,,575310.0,0.0,0.00020822411272970468,0.00020822411272970468
NEW,CANADIAN   IMPERIAL      BANK     OF  CO,136069101,CALL,5000.0,,575000.0,0.0,0.00020811191326342352,0.00020811191326342352
ADD,PRECIGEN   INC,74017N105,,100873.0,68.63600648645034,574976.0,9.63382076069574e-05,0.0002081032268531308,0.0001117650192461734
NEW,WEST   PHARMACEUTICAL        SVSC   INC,955306105,PUT,1600.0,,574400.0,0.0,0.0002078947530061052,0.0002078947530061052
NEW,ALLY  FINL  INC,02005N100,CALL,12500.0,,574375.0,0.0,0.00020788570466205025,0.00020788570466205025
ADD,D-WAVE  QUANTUM        INC,26740W109,PUT,23900.0,132.03883495145632,573361.0,6.185376366532956e-05,0.00020751870382718223,0.00014566494016185266
TRIM,USANA  HEALTH        SCIENCES   INC,90328M107,,26732.0,-71.24261755435309,570728.0,0.0006758302631934879,0.00020656573223131684,-0.0004692645309621711
ADD,XPENG  INC,98422D105,PUT,43100.0,115.5,570644.0,0.00014241068651660023,0.00020653532979529227,6.412464327869204e-05
NEW,NEW  PAC   METALS     CORP,64782A107,,141592.0,,569200.0,0.0,0.00020601269744267942,0.00020601269744267942
NEW,SB     FINL  GROUP      INC,78408D105,,22519.0,,569055.0,0.0,0.00020596021704716083,0.00020596021704716083
KEEP,ANTERO   MIDSTREAM     CORP,03676B102,PUT,25000.0,0.0,568750.0,0.000237212423478849,0.00020584982724969068,-3.136259622915833e-05
KEEP,ANTERO   MIDSTREAM     CORP,03676B102,CALL,25000.0,0.0,568750.0,0.000237212423478849,0.00020584982724969068,-3.136259622915833e-05
TRIM,HIGH   TIDE   INC,42981E401,,249467.0,-30.92273953181851,568724.0,0.0003441032546334435,0.00020584041697187353,-0.00013826283766157
TRIM,NIQ   GLOBAL   INTELLIGENCE         PLC,G63755105,,60750.0,-17.99848820258085,568012.0,0.0003505479416334321,0.0002055827201331891,-0.00014496522150024297
ADD,MACYS   INC,55616P104,CALL,24100.0,129.52380952380952,567555.0,7.904791890822802e-05,0.00020541731640386494,0.00012636939749563692
NEW,AMERICAN   VANGUARD       CORP,030371108,,202524.0,,567067.0,0.0,0.0002052406927279127,0.0002052406927279127
TRIM,WESBANCO    INC,950810101,,14506.0,-24.392786406754926,566169.0,0.00027538489636235326,0.00020491567620945956,-7.04692201528937e-05
ADD,USCB   FINANCIAL      HOLDINGS  INC,90355N101,,27612.0,49.56936243973782,564942.0,0.00014243856938041266,0.00020447158348324353,6.203301410283088e-05
TRIM,AMERICAN  RES   CORP,02927U208,,261745.0,-83.06227055975492,562752.0,0.0015563282376888198,0.0002036789485440315,-0.0013526492891447884
TRIM,FARMERS   NATIONAL        BANC  CORP,309627107,,38541.0,-88.21689642205286,562699.0,0.001791355393736638,0.0002036597660546351,-0.001587695627682003
NEW,SUNRUN   INC,86771W105,CALL,42000.0,,561960.0,0.0,0.0002033922970043713,0.0002033922970043713
ADD,COMPUGEN     LTD,M25722105,,262032.0,55.115523273366605,560748.0,0.00014974138272638956,0.0002029536332845882,5.321225055819864e-05
TRIM,ANHEUSER  BUSCH     INBEV    SA  NV,03524A108,PUT,6800.0,-10.526315789473683,560320.0,0.00021940567755637008,0.0002027987256343678,-1.660695192200228e-05
NEW,SHIFT4   PMTS    INC,82452J109,CALL,11500.0,,559360.0,0.0,0.0002024512692226584,0.0002024512692226584
NEW,VESTA   REAL  ESTATE     CORP,92540K109,,16296.0,,559116.0,0.0,0.00020236295738468229,0.00020236295738468229
NEW,FIREFLY    AEROSPACE   INC,31816X106,CALL,19000.0,,558600.0,0.0,0.00020217619956338848,0.00020217619956338848
NEW,BLACKSTONE   SECD   LENDING     FD,09261X102,PUT,23500.0,,557185.0,0.0,0.00020166406328987939,0.00020166406328987939
NEW,AMETEK     INC,031100100,CALL,2300.0,,556462.0,0.0,0.00020140238517981078,0.00020140238517981078
TRIM,DEFI   DEVELOPMENT       CORP,47100L301,,188870.0,-7.407135048215747,555278.0,0.00027928267102604257,0.00020097385560536923,-7.830881542067334e-05
TRIM,CROCS   INC,227046109,PUT,4600.0,-67.6056338028169,554944.0,0.00049060689586042,0.00020085296972879532,-0.0002897539261316247
NEW,CSP   INC,126389105,,69612.0,,552719.0,0.0,0.00020004766710790642,0.00020004766710790642
KEEP,WESCO   INTL   INC,95082P105,CALL,1600.0,0.0,552688.0,0.00018219245842044255,0.00020003644716127828,1.7843988740835732e-05
TRIM,LANDS  END  INC    NEW,51509F105,,52694.0,-63.03498397064911,552233.0,0.0006668053708854839,0.00019987176729947858,-0.00046693360358600534
KEEP,DAVE   INC,23834J110,CALL,229025.0,0.0,551950.0,2.8584097029201303e-05,0.0001997693400447767,0.0001711852430155754
NEW,KINGSOFT     CLOUD  HLDGS     LTD,49639K101,,60890.0,,551054.0,0.0,0.000199445047393848,0.000199445047393848
NEW,DOGWOOD     THERAPEUTICS       INC,92829J203,,341814.0,,550321.0,0.0,0.0001991797499461574,0.0001991797499461574
ADD,SITE   CTRS  CORP,82981J851,,138525.0,93.42744638069705,549944.0,0.0001609407222496164,0.00019904330091780902,3.810257866819261e-05
NEW,ALLIANT   ENERGY     CORP,018802AE8,,500000.0,,547089.0,0.0,0.00019800998002673586,0.00019800998002673586
TRIM,OPENDOOR     TECHNOLOGIES       INC,683712103,,118156.0,-98.90964070448305,545881.0,0.021105448101591033,0.00019757276404200157,-0.02090787533754903
TRIM,WARRIOR     MET  COAL   INC,93627C101,,6719.0,-76.90192168861081,545314.0,0.0011276495985179445,0.00019736754759883574,-0.0009302820509191087
TRIM,KB  HOME,48666K109,CALL,8700.0,-99.02126223422208,544533.0,0.01914369803012378,0.0001970848773305597,-0.01894661315279322
NEW,WHIRLPOOL     CORP,963320106,CALL,13800.0,,543996.0,0.0,0.00019689051890025975,0.00019689051890025975
TRIM,HERSHEY   CO,427866108,CALL,3100.0,-46.55172413793103,543895.0,0.0005017925020328139,0.0001968539635902778,-0.0003049385384425361
ADD,QUOIN     PHARMACEUTICALS   LTD,74907L409,,112323.0,47.31464844518472,543643.0,0.00020942527696010734,0.0001967627562822041,-1.2662520677903227e-05
TRIM,RH,74967X103,CALL,3300.0,-94.5273631840796,543609.0,0.0035087238164280767,0.0001967504505342894,-0.0033119733658937872
NEW,SURO   CAPITAL    CORP,86887Q109,,43317.0,,543195.0,0.0,0.00019660060995673975,0.00019660060995673975
TRIM,COSTAMARE     BULKERS      HLDGS    LTD,Y2001C101,,30811.0,-28.351510359742342,541041.0,0.0002768543649014827,0.00019582100463296686,-8.103336026851586e-05
ADD,INFINITE     EAGLE  ACQUISITION      C,G4802J111,,2770000.0,207.7777777777778,540427.0,6.741826772556761e-05,0.00019559877730297774,0.00012818050957741014
NEW,FRONTLINE     PLC,M46528101,CALL,15500.0,,539245.0,0.0,0.00019517097159606057,0.00019517097159606057
NEW,YUANBAO     INC,987910106,,35321.0,,538292.0,0.0,0.00019482604872068658,0.00019482604872068658
NEW,TRIP  COM   GROUP     LTD,89677Q107,CALL,13500.0,,537840.0,0.0,0.00019466245466017343,0.00019466245466017343
TRIM,TARGA   RES  CORP,87612G101,PUT,2000.0,-35.483870967741936,536280.0,0.00032346743843936947,0.00019409783799114567,-0.0001293696004482238
TRIM,NEXTPOWER   INC,65290E101,CALL,4500.0,-76.92307692307693,536130.0,0.0009782827617233637,0.00019404354792681611,-0.0007842392137965476
ADD,PLATINUM     GROUP   METALS  LTD,72765Q882,,396889.0,329.74749334084066,535800.0,6.802877759441581e-05,0.000193924109785291,0.00012589533219087518
TRIM,AVIDBANK     HLDGS  INC,05368J103,,16176.0,-35.69980522319832,534293.0,0.000298377438791797,0.00019337867560565973,-0.00010499876318613728
NEW,LIFEZONE    METALS     LIMITED,G5568L109,,137689.0,,534233.0,0.0,0.00019335695957992788,0.00019335695957992788
TRIM,METALLA     RTY  &   STREAMING   LTD,59124U605,,70152.0,-63.68060553033088,533857.0,0.0005329389093977333,0.00019322087248534173,-0.0003397180369123916
TRIM,TRANSDIGM   GROUP   INC,893641100,PUT,400.0,-89.47368421052632,532816.0,0.001832798068766979,0.0001928440994388944,-0.0016399539693280846
NEW,RAYMOND   JAMES  FINL  INC,754730109,PUT,3500.0,,532105.0,0.0,0.00019258676453397214,0.00019258676453397214
NEW,URANIUM     ENERGY    CORP,916896103,CALL,49900.0,,531934.0,0.0,0.0001925248738606364,0.0001925248738606364
NEW,STRATASYS   LTD,M85548101,,62119.0,,531739.0,0.0,0.00019245429677700797,0.00019245429677700797
NEW,SOLSTICE      ADVANCED  MATLS      INC,83443Q103,CALL,6000.0,,531600.0,0.0,0.00019240398798406252,0.00019240398798406252
NEW,MEDPACE   HLDGS     INC,58506Q109,CALL,1000.0,,529590.0,0.0,0.00019167650112204604,0.00019167650112204604
TRIM,CHIMERA   INVT    CORP,16934Q802,,39652.0,-73.40648138212255,528958.0,0.0007787454973630063,0.00019144775898433737,-0.0005872977383786689
NEW,INTERNATIONAL  TOWER  HILL  MIN,46050R102,,265468.0,,528281.0,0.0,0.00019120272982732983,0.00019120272982732983
NEW,INVESCO   LTD,G491BT108,PUT,20000.0,,527800.0,0.0,0.00019102863968771292,0.00019102863968771292
NEW,VISHAY   PRECISION      GROUP    INC,92835K103,,3510.0,,526184.0,0.0,0.00019044375472800217,0.00019044375472800217
TRIM,THE   ONCOLOGY      INSTITUTE    INC,68236X100,,96875.0,-26.343121302899895,526031.0,0.0001680350383602198,0.00019038837886238598,2.235334050216617e-05
NEW,GAIA   INC   NEW,36269P104,,250243.0,,525510.0,0.0,0.0001901998113722812,0.0001901998113722812
NEW,DMC  GLOBAL     INC,23291C103,,89628.0,,520739.0,0.0,0.0001884730253928381,0.0001884730253928381
NEW,CENTRUS   ENERGY     CORP,15643U104,CALL,3100.0,,520397.0,0.0,0.00018834924404616664,0.00018834924404616664
NEW,LIBERTY     LATIN   AMERICA    LTD,G9001E128,,66607.0,,518869.0,0.0,0.00018779620925752922,0.00018779620925752922
TRIM,CROCS   INC,227046109,CALL,4300.0,-14.000000000000002,518752.0,0.00017274890699310564,0.00018775386300735216,1.500495601424652e-05
ADD,DIANA   SHIPPING      INC,Y2066G104,,246775.0,545.180266150749,518228.0,3.979425676823596e-05,0.00018756420971596078,0.00014776995294772481
NEW,BASSETT   FURNITURE    INDS  INC,070203104,,29198.0,,517389.0,0.0,0.0001872605472894773,0.0001872605472894773
TRIM,FULL  HSE   RESORTS      INC,359678109,,184165.0,-20.9975419646266,513820.0,0.00021827871046377229,0.00018596880569219526,-3.230990477157703e-05
TRIM,CIRCLE  INTERNET          GROUP  INC,172573107,,8200.0,-94.66090217731013,513566.0,0.0060982107887959935,0.00018587687451659718,-0.005912333914279397
ADD,ISHARES  INC,464286871,,24368.0,172.7252378287633,509779.0,8.585799627280326e-05,0.00018450623135915617,9.864823508635291e-05
NEW,YPF   SOCIEDAD    ANONIMA,984245100,CALL,11200.0,,509264.0,0.0,0.00018431983547162456,0.00018431983547162456
NEW,SUMMIT   MIDSTREAM        CORPORATION,86614G101,,17858.0,,508596.0,0.0,0.0001840780637184768,0.0001840780637184768
NEW,MEDIFAST   INC,58470H101,,47906.0,,508283.0,0.0,0.00018396477845090907,0.00018396477845090907
TRIM,NURIX   THERAPEUTICS        INC,67080M103,,20910.0,-96.17241171011372,507277.0,0.0035238962559635007,0.0001836006730861386,-0.003340295582877362
TRIM,BJS   WHSL   CLUB  HLDGS  INC,05550J101,PUT,5800.0,-76.8,505876.0,0.0010239669613503648,0.00018309360388530025,-0.0008408733574650646
TRIM,ACTINIUM    PHARMACEUTICALS        INC,00507W206,,514580.0,-8.859369465108042,504288.0,0.0002338606535513075,0.000182518853070931,-5.134180048037648e-05
TRIM,TEXAS   PACIFIC  LAND      CORPORATI,88262P102,,1151.0,-90.27132110557011,503724.0,0.002336550278347445,0.00018231472242905174,-0.0021542355559183934
NEW,CARDINAL   INFRASTRUCTURE        GROU,14154A102,,5344.0,,503405.0,0.0,0.00018219926555891082,0.00018219926555891082
NEW,LUMEN     TECHNOLOGIES      INC,550241103,CALL,65500.0,,503040.0,0.0,0.00018206715973570882,0.00018206715973570882
TRIM,HAWKINS   INC,420261109,,3524.0,-88.14465937762826,500760.0,0.0019000964817943676,0.00018124195075789907,-0.0017188545310364686
ADD,MATERIALISE    NV,57667T100,,67304.0,18.32630098452883,500069.0,0.00011693615304570411,0.00018099185452822078,6.405570148251667e-05
TRIM,TG   THERAPEUTICS        INC,88322Q108,CALL,9100.0,-76.2402088772846,499954.0,0.0005294939191493861,0.0001809502321455681,-0.00034854368700381797
NEW,IRIDIUM    COMMUNICATIONS        INC,46269C102,CALL,9100.0,,499135.0,0.0,0.00018065380839432852,0.00018065380839432852
TRIM,TITAN   ACQUISITION        CORP,G8901A111,CALL,697700.0,-1.1027952599648467,498507.0,9.747308178033777e-05,0.00018042651399166864,8.295343221133087e-05
TRIM,SPS   COMM   INC,78463M107,,8676.0,-82.06548701835621,496007.0,0.0011207629473184218,0.0001795216795861755,-0.0009412412677322463
TRIM,TRAVELERS   COMPANIES    INC,89417E109,PUT,1500.0,-83.14606741573034,495180.0,0.0010803369564118684,0.00017922236036483838,-0.00090111459604703
TRIM,THE   ONE  GROUP      HOSPITALITY  IN,88338K103,,246077.0,-5.656536224605204,494615.0,0.00019321534519357284,0.00017901786778919693,-1.4197477404375905e-05
NEW,ISHARES  TR,46429B671,,9687.0,,494279.0,0.0,0.00017889625804509867,0.00017889625804509867
NEW,TOLL     BROTHERS      INC,889478103,CALL,3000.0,,494250.0,0.0,0.00017888576196599493,0.00017888576196599493
TRIM,PEOPLE   INC,44891N208,,10695.0,-95.007911724756,493681.0,0.0035690011578826384,0.0001786798216553047,-0.0033903213362273337
NEW,XP   INC,G98239109,CALL,30300.0,,492678.0,0.0,0.00017831680209182084,0.00017831680209182084
TRIM,EQUIFAX  INC,294429105,CALL,3100.0,-8.823529411764707,492032.0,0.00025479028022077813,0.0001780829928814414,-7.670728733933673e-05
NEW,LUMENT      FINANCE   TRUST     INC,55025L108,,534421.0,,491667.0,0.0,0.0001779508870582394,0.0001779508870582394
ADD,INTEGRA   RES  CORP,45826T509,,217775.0,257.03160863007406,491308.0,6.929890446539379e-05,0.0001778209528376106,0.00010852204837221681
TRIM,VIR  BIOTECHNOLOGY     INC,92764N102,,47993.0,-90.1927006702632,489049.0,0.001824732014044405,0.00017700334446880698,-0.001647728669575598
NEW,VOYA  FINANCIAL       INC,929089100,PUT,5400.0,,488862.0,0.0,0.0001769356628552761,0.0001769356628552761
TRIM,DAKTRONICS   INC,234264109,,24965.0,-73.55822697664566,488315.0,0.0007681575000329206,0.0001767376850873542,-0.0005914198149455664
NEW,CENTURY   ALUM  CO,156431108,CALL,10600.0,,487706.0,0.0,0.00017651726742617607,0.00017651726742617607
TRIM,INSIGHT     MOLECULAR      DIA   INC,68235C206,,82499.0,-20.267710447472698,486744.0,0.0001412379415878925,0.0001761690871469423,3.4931145559049793e-05
TRIM,ROCKY   BRANDS    INC,774515100,,11802.0,-42.73653566229986,486714.0,0.00033210529995117123,0.0001761582291340764,-0.00015594707081709484
TRIM,NEUROPACE   INC,641288105,,30619.0,-24.62273208438985,486536.0,0.000222299669122812,0.00017609380492440528,-4.620586419840672e-05
TRIM,GOPRO   INC,38268T103,,625067.0,-37.82673521902039,486302.0,0.0003221636024345287,0.0001760091124240511,-0.00014615449001047757
TRIM,CANADIAN  PACIFIC      KANSAS     CITY,13646K108,PUT,5600.0,-66.66666666666666,485240.0,0.0005499532825933635,0.00017562473876859763,-0.00037432854382476587
TRIM,JOHNSON  OUTDOORS     INC,479167108,,10514.0,-70.90194558990397,484065.0,0.0006993796305748873,0.00017519946659801585,-0.0005241801639768714
TRIM,SS&C   TECH  HLDGS,78467J100,PUT,7800.0,-90.39408866995073,483990.0,0.0022833501903554826,0.00017517232156585106,-0.0021081778687896315
ADD,GODADDY     INC,380237107,CALL,5700.0,23.91304347826087,483816.0,0.00015825897337786606,0.00017510934509122874,1.6850371713362676e-05
NEW,CANADIAN   IMPERIAL      BANK     OF  CO,136069101,PUT,4200.0,,483000.0,0.0,0.00017481400714127577,0.00017481400714127577
NEW,TARGA   RES  CORP,87612G101,CALL,1800.0,,482652.0,0.0,0.00017468805419203112,0.00017468805419203112
TRIM,BLUE  MOON    METALS    INC,09570Q509,,75449.0,-31.36569967888364,482119.0,0.00029919394892314,0.00017449514349677999,-0.00012469880542636
ADD,PROSHARES  TR,74350P659,,13000.0,160.0,481910.0,0.00011806520094903415,0.00017441949934048076,5.635429839144661e-05
NEW,ALEXANDRIA     REAL   ESTATE  EQ  IN,015271109,CALL,9100.0,,480935.0,0.0,0.00017406661392233843,0.00017406661392233843
TRIM,VISTANCE   NETWORKS    INC,20337X109,,37616.0,-95.67256642258512,480732.0,0.006583792942900127,0.0001739931413686124,-0.006409799801531515
NEW,SEZZLE  INC,78435P105,CALL,2800.0,,480564.0,0.0,0.00017393233649656324,0.00017393233649656324
NEW,MASCO   CORP,574599106,PUT,5900.0,,480083.0,0.0,0.00017375824635694638,0.00017375824635694638
TRIM,LEGACY   ED   INC,52474R207,,40800.0,-56.155904445662344,479808.0,0.0004848596966178886,0.00017365871457234212,-0.00031120098204554653
NEW,LOMA   NEGRA   C   I   A   S  A    MTN   14,54150E104,,41880.0,,479526.0,0.0,0.00017355664925140248,0.00017355664925140248
TRIM,D.   BORAL  ARC    ACQ   I  CORP.,G2616F101,,45956.0,-54.341238537123324,479321.0,0.0004238977684324102,0.00017348245283015207,-0.0002504153156022581
NEW,MECHANICS     BANCORP,43785V102,,30071.0,,478129.0,0.0,0.00017305102778561294,0.00017305102778561294
TRIM,FIRST   MID   BANCSHARES       INC,320866106,,9920.0,-80.58708414872798,477053.0,0.0008759418313159521,0.00017266158705748867,-0.0007032802442584634
TRIM,VENU  HLDG  CORP,92333E104,,209801.0,-57.487046579628334,476248.0,0.0006797933753141706,0.00017237023037891988,-0.0005074231449352508
TRIM,AVIDIA   BANCORP    INC,05369T100,,22689.0,-92.97619416153299,476242.0,0.0026442942785694853,0.0001723680587763467,-0.0024719262197931387
NEW,NEW  YORK  TIMES      CO  MTN  BE,650111107,CALL,6800.0,,475864.0,0.0,0.00017223124781423613,0.00017223124781423613
TRIM,HUNTINGTON        INGALLS    INDS   INC,446413106,CALL,1700.0,-34.61538461538461,475813.0,0.00041105999853859347,0.00017221278919236408,-0.00023884720934622938
NEW,CONSOLIDATED  EDISON  INC,209115104,CALL,4300.0,,475709.0,0.0,0.00017217514808109556,0.00017217514808109556
NEW,MASTERCRAFT    BOAT     HLDGS  INC,57637H103,,18390.0,,474830.0,0.0,0.00017185700830412418,0.00017185700830412418
KEEP,BALL   CORP,058498106,PUT,7600.0,0.0,474240.0,0.00018695501802446353,0.0001716434673844278,-1.531155064003574e-05
NEW,T1  ENERGY  INC,35834F104,CALL,50000.0,,474000.0,0.0,0.00017155660328150045,0.00017155660328150045
TRIM,ATI  INC,01741R102,PUT,2400.0,-4.0,473040.0,0.00015133736455804112,0.00017120914686979106,1.987178231174994e-05
TRIM,ARDENT   HEALTH   INC,03980N107,,48007.0,-27.64036475996684,472389.0,0.00023634389307919924,0.00017097352799060067,-6.537036508859857e-05
TRIM,BHP   BILLITON        LIMITED,088606108,,5669.0,-93.28572105362896,472284.0,0.0025558947800682864,0.00017093552494556997,-0.0023849592551227162
TRIM,SIERRA    BANCORP,82620P102,,11567.0,-67.17091445762615,471471.0,0.0004973707792267388,0.00017064127279690358,-0.00032672950642983524
TRIM,CANOPY  GROWTH    CORPORATION,138035704,,492571.0,-43.223342735191494,470543.0,0.00034248771318090863,0.00017030539826558454,-0.0001721823149153241
KEEP,GOLD  ROYALTY    CORP,38071H122,CALL,475000.0,0.2179476630229531,470250.0,0.00032545794198585957,0.00017019935167326072,-0.00015525859031259885
NEW,CHEMOURS     CO,163851108,CALL,22900.0,,469908.0,0.0,0.00017007557032658926,0.00017007557032658926
ADD,FIRST   NATL     CORP  VA,32106V107,,15617.0,45.91236102027469,468822.0,0.00011990671844709362,0.00016968251026084304,4.977579181374942e-05
NEW,SILICON    MOTION      TECHNOLOGY    CO,82706C108,CALL,1400.0,,466662.0,0.0,0.00016890073333449698,0.00016890073333449698
NEW,HF   SINCLAIR     CORP,403949100,CALL,6700.0,,466655.0,0.0,0.00016889819979816158,0.00016889819979816158
TRIM,MEDIAALPHA     INC,58450V104,,37065.0,-21.2070321634319,465907.0,0.00018206303199289533,0.00016862747334403803,-1.34355586488573e-05
TRIM,JACK   IN  THE  BOX      INC,466367109,,29450.0,-89.78483993936808,465604.0,0.001160190149073485,0.00016851780741409226,-0.000991672341659393
NEW,ABACUS    GLOBAL  MGMT      INC,00258Y104,,43386.0,,464664.0,0.0,0.00016817758967762684,0.00016817758967762684
TRIM,RLX  TECHNOLOGY      INC,74969N103,,244556.0,-30.2223528371172,464656.0,0.00032088348767203583,0.00016817469420752926,-0.00015270879346450657
ADD,COMMERCIAL     BANCGROUP     INC,20112C106,,14387.0,13.372734436564224,464556.0,0.00013741424378627205,0.00016813850083130953,3.0724257045037476e-05
TRIM,UPSTART     HLDGS     INC,91680M107,CALL,13100.0,-71.82795698924731,464133.0,0.0004963669961294915,0.00016798540284990008,-0.00032838159327959146
NEW,AUDIOEYE   INC,050734201,,79817.0,,463737.0,0.0,0.00016784207708007,0.00016784207708007
TRIM,JFROG   LTD,M6191J100,CALL,5100.0,-92.84712482468443,463488.0,0.0013925239037094527,0.00016775195557328288,-0.0012247719481361698
NEW,STEPSTONE     GROUP     INC,85914M107,PUT,11200.0,,463232.0,0.0,0.00016765930053016037,0.00016765930053016037
NEW,VAIL   RESORTS      INC,91879Q109,CALL,3400.0,,462910.0,0.0,0.00016754275785873287,0.00016754275785873287
NEW,BARK   INC,68622E203,,46301.0,,462084.0,0.0,0.00016724380057115792,0.00016724380057115792
ADD,NIOCORP     DEVS     LTD,654484153,CALL,330000.0,1.5384615384615385,462000.0,0.00023128211289187776,0.00016721339813513333,-6.406871475674443e-05
NEW,HIMAX     TECHNOLOGIES      INC,43289P106,CALL,30100.0,,461734.0,0.0,0.00016711712375438886,0.00016711712375438886
TRIM,COSTAR   GROUP     INC,22160N109,PUT,16300.0,-59.25,461616.0,0.0006715192395183697,0.0001670744155704496,-0.0005044448239479201
KEEP,MARTIN     MARIETTA    MATLS   INC,573284106,PUT,800.0,0.0,461360.0,0.00019598906589968958,0.0001669817605273271,-2.900730537236249e-05
TRIM,ADAM   NAT   RES  FD    INC,00548F105,,18648.0,-51.49434256730394,460979.0,0.0004447820334279174,0.00016684386376392994,-0.00027793816966398743
TRIM,NUVEEN   MULTI    ASSET     INCOME      FU,670750108,,32523.0,-44.69724021833393,460851.0,0.0003034787543830316,0.0001667975362423687,-0.0001366812181406629
NEW,MASTEC   INC,576323109,PUT,1100.0,,457666.0,0.0,0.00016564477720977042,0.00016564477720977042
NEW,NERDY   INC,64081V109,,499158.0,,457279.0,0.0,0.00016550470884380008,0.00016550470884380008
TRIM,ILLUMINA     INC,452327109,CALL,2600.0,-92.21556886227546,457158.0,0.0017132912821426277,0.00016546091485857424,-0.0015478303672840535
NEW,FLOOR   &  DECOR    HLDGS  INC,339750101,CALL,7700.0,,457072.0,0.0,0.00016542978855502526,0.00016542978855502526
TRIM,BOLD   EAGLE   ACQUISITION         CORP,G2003N113,,41101.0,-11.234693216422261,456221.0,0.00020811103690160523,0.0001651217829233954,-4.298925397820983e-05
TRIM,AMERICAN  COASTAL     INS   CORP,910710102,,41062.0,-69.39417429414746,455788.0,0.0006281322549397953,0.00016496506560436397,-0.00046316718933543135
NEW,LEMONADE     INC,52567D107,CALL,7000.0,,455350.0,0.0,0.0001648065386165216,0.0001648065386165216
ADD,NORTH   AMERN     CONSTR     GROUP    LTD,656811106,,34237.0,69.02986916810664,455333.0,0.00011362766398139383,0.00016480038574256421,5.117272176117038e-05
KEEP,DIREXION  SHARES   ETF  TRUST,25460G138,,12792.0,0.0,454756.0,0.00019196727491635693,0.0001645915499617764,-2.7375724954580526e-05
TRIM,CURTISS   WRIGHT    CORP,231561101,PUT,600.0,-66.66666666666666,454656.0,0.0005102214501470956,0.00016455535658555667,-0.00034566609356153895
TRIM,KONINKLIJKE    PHILIPS    N  V,500472303,,16711.0,-96.97360986352177,454372.0,0.006296375966559491,0.00016445256739709265,-0.0061319233991623985
NEW,PLANET   FITNESS     MASTER  ISSUER,72703H101,CALL,8700.0,,453879.0,0.0,0.0001642741340523294,0.0001642741340523294
ADD,DARLING     INGREDIENTS       INC,237266101,CALL,8300.0,124.32432432432432,453346.0,9.523662640529333e-05,0.00016408122335707828,6.884459695178495e-05
TRIM,KOHLS   CORP,500255104,PUT,25500.0,-66.22516556291392,451860.0,0.0004053211225389912,0.00016354338978645316,-0.00024177773275253805
ADD,BAOZUN     INC,06684L103,,159664.0,94.63861223196108,451849.0,8.159025346091625e-05,0.00016353940851506898,8.194915505415273e-05
TRIM,FTI    CONSULTING         INC,302941109,,3032.0,-98.70281000787213,451798.0,0.01719478489622605,0.0001635209498931969,-0.017031263946332854
ADD,OPTIMIZERX     CORP,68401U204,,78791.0,211.24234643492002,450685.0,6.616062571898325e-05,0.00016311811761587138,9.695749189688813e-05
TRIM,SENSEONICS   HLDGS     INC,81727U303,,79218.0,-85.86329413906144,449958.0,0.0015531466780791781,0.00016285499177075396,-0.0013902916863084243
TRIM,BAXTER   INTL  INC,071813109,CALL,21100.0,-95.81016679904685,449852.0,0.003520931516832162,0.00016281662679196106,-0.003358114890040201
TRIM,GITLAB    INC,37637K108,CALL,14700.0,-86.78057553956835,448791.0,0.0010014392720385102,0.00016243261507026976,-0.0008390066569682404
TRIM,POET   TECHNOLOGIES   INC,73044W302,,43458.0,-93.95536836951563,446748.0,0.001777251658593308,0.00016169318439410076,-0.0016155584741992073
TRIM,CGI    INC,12532H104,,6905.0,-95.19982759699407,445856.0,0.004370896506966448,0.00016137033947822082,-0.004209526167488227
ADD,VODAFONE     GROUP     PLC,92857W308,PUT,33700.0,9.77198697068404,445682.0,0.00019189819200004555,0.00016130736300359847,-3.059082899644708e-05
ADD,SERVICETITAN       INC,81764X103,CALL,6300.0,28.57142857142857,445473.0,0.00012940728408849476,0.00016123171884729927,3.182443475880452e-05
NEW,BULLISH,G16910120,CALL,19000.0,,445170.0,0.0,0.0001611220529173535,0.0001611220529173535
ADD,ENBRIDGE     INC,29250N105,CALL,8200.0,100.0,444522.0,9.237717629700706e-05,0.00016088751983944966,6.85103435424426e-05
TRIM,BTQ   TECHNOLOGIES  CORP,055869101,,82326.0,-39.44925788087848,443737.0,0.00015107476624362856,0.00016060340183612483,9.528635592496272e-06
TRIM,BROOKFIELD   CORP,11271J107,PUT,10400.0,-65.33333333333333,442936.0,0.0005052624620099483,0.00016031349289260483,-0.00034494896911734354
NEW,WILLIAMS     SONOMA     INC,969904101,CALL,1900.0,,442890.0,0.0,0.00016029684393954375,0.00016029684393954375
TRIM,TURN   THERAPEUTICS         INC,90021W105,,60551.0,-13.197241853864128,442022.0,9.289654665578181e-05,0.00015998268543395653,6.708613877817472e-05
TRIM,FIRST  TR  EXCHANGE-TRADED  FD,33734X770,,17297.0,-33.15169082125604,440107.0,0.0002931641755831662,0.00015928958227934877,-0.00013387459330381745
NEW,LIFEVANTAGE    CORP,53222K205,,70324.0,,438822.0,0.0,0.0001588244973949253,0.0001588244973949253
KEEP,GOLAR     LNG  LTD,G9456A100,CALL,8800.0,0.0,438592.0,0.0001981630969527659,0.00015874125262961995,-3.9421844323145945e-05
TRIM,LUXEXPERIENCE         BV,55406W103,,59019.0,-45.506167823903084,438511.0,0.000360576200876537,0.00015871193599488193,-0.00020186426488165508
NEW,AERCAP    HOLDINGS     NV,N00985106,CALL,3000.0,,437340.0,0.0,0.00015828811155934897,0.00015828811155934897
NEW,ISHARES  INC,464286764,,7363.0,,437289.0,0.0,0.0001582696529374769,0.0001582696529374769
ADD,PEOPLES   FINL  SVCS     CORP,711040105,,6588.0,28.722157092614303,437246.0,0.00011358854473962717,0.0001582540897857024,4.466554504607523e-05
ADD,ATRENEW        INC,00138L108,,112791.0,610.0919163938554,436501.0,3.10024152622462e-05,0.00015798444913286546,0.00012698203387061927
TRIM,NICE  LTD,653656108,PUT,4800.0,-11.11111111111111,436080.0,0.0002477846066473695,0.0001578320750189804,-8.995253162838912e-05
NEW,PUBLIC   POL   HLDG   CO  INC,744430208,,58839.0,,435997.0,0.0,0.00015780203451671803,0.00015780203451671803
NEW,SPDR  SERIES  TRUST,78464A409,,3664.0,,435979.0,0.0,0.00015779551970899848,0.00015779551970899848
NEW,EXTRA   SPACE    STORAGE      INC,30225T102,CALL,3000.0,,435900.0,0.0,0.0001577669269417849,0.0001577669269417849
TRIM,CMB.TECH     NV,B38564108,,31095.0,-93.77684293107797,435019.0,0.002630467291253547,0.00015744806329728912,-0.002473019227956258
KEEP,DLOCAL   LTD,G29018101,PUT,33400.0,0.0,434033.0,0.00018028060951963233,0.0001570911966077626,-2.318941291186972e-05
TRIM,KRONOS     WORLDWIDE     INC,50105F105,,68543.0,-6.212114992542726,433877.0,0.00019982233543067848,0.00015703473494085984,-4.2787600489818645e-05
TRIM,DXP   ENTERPRISES       INC,233377407,,2559.0,-82.37603305785125,431806.0,0.0008443430556978371,0.00015628517011934934,-0.0006880578855784878
KEEP,SOLARIS       ENERGY    INFRAS  INC,83419XAA6,,135000.0,0.0,431734.0,0.00013321183843137833,0.00015625911088847113,2.30472724570928e-05
NEW,REVOLUTION     MEDICINES   INC,76155X100,PUT,2300.0,,430744.0,0.0,0.00015590079646389583,0.00015590079646389583
ADD,CLARUS     CORP     NEW,18270P109,,136629.0,1010.5340160936357,430381.0,1.3926450068940706e-05,0.00015576941450821821,0.0001418429644392775
TRIM,DOUGLAS  DYNAMICS    INC,25960R105,,7967.0,-79.83344302131322,429820.0,0.0006919977464210841,0.00015556636966762555,-0.0005364313767534585
TRIM,NIO   INC,62914V106,CALL,84600.0,-52.33802816901408,428076.0,0.0004454287494035071,0.00015493515718635357,-0.00029049359221715353
TRIM,BLACKROCK   HEALTH     SCIENCES     TE,09260E105,,27883.0,-57.24187637055098,428004.0,0.0003897067188040326,0.00015490909795547536,-0.00023479762084855724
TRIM,GARRETT   MOTION      INC,366505105,,11797.0,-98.4583236409542,427405.0,0.005786232338733783,0.0001546922996319192,-0.005631540039101863
TRIM,CENOVUS     ENERGY    INC,15135U109,CALL,17200.0,-47.878787878787875,426732.0,0.00036434579759911845,0.00015444871820996043,-0.00020989707938915802
NEW,SHARKNINJA     INC,G8068L108,CALL,2800.0,,426356.0,0.0,0.00015431263111537427,0.00015431263111537427
NEW,NEXGEN   ENERGY      LTD,65340P106,CALL,45400.0,,426306.0,0.0,0.0001542945344272644,0.0001542945344272644
NEW,PRIMORIS   SVCS   CORP,74164F103,CALL,4300.0,,426216.0,0.0,0.00015426196038866667,0.00015426196038866667
TRIM,ALPHA   TEKNOVA     INC,02080L102,,74966.0,-83.23425877469596,425807.0,0.0005377767943502624,0.00015411392947992797,-0.0003836628648703345
NEW,BILIBILI     INC,090040106,CALL,25000.0,,425750.0,0.0,0.00015409329925548273,0.00015409329925548273
NEW,FORGENT   POWER     SOLUTIONS      INC,34631F102,CALL,7600.0,,424536.0,0.0,0.00015365391166817524,0.00015365391166817524
TRIM,GAMING   &   LEISURE     P,36467J108,,9502.0,-96.45936580094644,423124.0,0.004955482803387723,0.00015314286119595273,-0.004802339942191771
ADD,UNITED    STS  NAT   GAS   FD       LP,912318409,CALL,36100.0,117.46987951807229,423092.0,8.103426083325354e-05,0.00015313127931556244,7.20970184823089e-05
TRIM,SIRIUSXM     HOLDINGS      INC,829933100,CALL,14300.0,-79.21511627906976,422422.0,0.0006608255370030846,0.00015288878369489026,-0.0005079367533081943
ADD,FORUM    MARKETS    INC,68236V401,,77772.0,7.50155504872486,422302.0,8.700993309418827e-05,0.00015284535164342657,6.58354185492383e-05
TRIM,HCI   GROUP  INC,40416E103,,2405.0,-93.12169312169311,421476.0,0.0022497471778400446,0.00015254639435585167,-0.002097200783484193
ADD,ALAMOS  GOLD   INC,011532108,CALL,13800.0,18.96551724137931,418692.0,0.00021448497633669655,0.0001515387707618945,-6.294620557480206e-05
NEW,EMPIRE   PETE   CORP,292034303,,155999.0,,418077.0,0.0,0.00015131618149814315,0.00015131618149814315
TRIM,CONSOLIDATED       WATER  CO  INC,G23773107,,14160.0,-66.23667707861418,417720.0,0.0005780575446677032,0.00015118697114503875,-0.00042687057352266446
TRIM,TERRESTRIAL     ENERGY   INC,881454110,CALL,128031.0,-18.13665311133277,417381.0,0.00016857313601558499,0.00015106427559965387,-1.7508860415931112e-05
KEEP,PEBBLEBROOK     HOTEL   TR,70509V100,PUT,21500.0,0.0,417315.0,0.0001130067500588843,0.00015104038797134886,3.803363791246456e-05
KEEP,AIRSHIP     AI   HLDGS  INC,008940116,CALL,548250.0,0.0,416670.0,0.00016183463854019988,0.00015080694069473163,-1.1027697845468248e-05
NEW,FIRST  CTZNS  BANCSHARES        INC   D,31946M103,PUT,200.0,,416158.0,0.0,0.00015062163060848663,0.00015062163060848663
TRIM,GARTNER   INC,366651107,CALL,3200.0,-58.97435897435898,414784.0,0.0005139818913024551,0.0001501243336192276,-0.0003638575576832275
TRIM,HALLADOR  ENERGY      COMPANY,40609P105,,23562.0,-51.70533737804378,409743.0,0.0003305446919019683,0.00014829982552399122,-0.00018224486637797706
NEW,ACCURAY     INC   DEL,004397105,,1589145.0,,409682.0,0.0,0.0001482777475644972,0.0001482777475644972
TRIM,RAPID   MICRO   BIOSYSTEMS    INC,75340L104,,236599.0,-16.478748940977127,409316.0,0.0002676114036287367,0.000148145279807533,-0.00011946612382120374
TRIM,CAPITAL     CLEAN  ENERGY      CARRIER,Y00408107,,19166.0,-20.853980839114637,409194.0,0.00020397438516585128,0.00014810112388854491,-5.587326127730636e-05
NEW,FINVOLUTION      GROUP,31810T101,,85289.0,,408534.0,0.0,0.00014786224760549474,0.00014786224760549474
NEW,QNITY     ELECTRONICS        INC,74743L100,PUT,2500.0,,408275.0,0.0,0.00014776850676108565,0.00014776850676108565
NEW,QNITY     ELECTRONICS        INC,74743L100,CALL,2500.0,,408275.0,0.0,0.00014776850676108565,0.00014776850676108565
NEW,IMMATICS       N.V,N44445109,PUT,40300.0,,408239.0,0.0,0.00014775547714564655,0.00014775547714564655
TRIM,SIGHT   SCIENCES     INC,82657M105,,75307.0,-71.03844260529797,408164.0,0.0004079595905475103,0.00014772833211348175,-0.00026023125843402855
ADD,HURON       CONSULTING  GROUP       INC,447462102,,4518.0,15.935334872979215,407343.0,0.0002067614230606545,0.0001474311844947178,-5.9330238565936716e-05
NEW,INFLECTION      PT   ACQUISIT       CORP,G4790S115,CALL,216566.0,,407144.0,0.0,0.00014735915967604055,0.00014735915967604055
NEW,NATIONAL     BANKSHARES       INC   VA,634865109,,11206.0,,407114.0,0.0,0.0001473483016631746,0.0001473483016631746
NEW,SILICON     VY   ACQUISITION         CORP,G81306113,CALL,550000.0,,407000.0,0.0,0.00014730704121428416,0.00014730704121428416
TRIM,TOYOTA   MOTOR   CORP,892331307,CALL,2400.0,-93.53099730458221,404208.0,0.0031819503858972753,0.00014629652215022938,-0.003035653863747046
NEW,MAMMOTH     ENERGY    SVCS    INC,56155L108,,124186.0,,403604.0,0.0,0.00014607791415786225,0.00014607791415786225
TRIM,AARDVARK     THERAPEUTICS         INC,002942100,,69948.0,-28.866922936115685,402900.0,0.0001542792147713253,0.00014582311278927537,-8.456101982049922e-06
ADD,UNITED    STS  NAT   GAS   FD       LP,912318409,PUT,34300.0,77.720207253886,401996.0,9.421453217360201e-05,0.00014549592466824908,5.1281392494647066e-05
NEW,XCEL   ENERGY     INC,98389B100,PUT,5000.0,,401500.0,0.0,0.00014531640552219922,0.00014531640552219922
NEW,MKS   INC.,55306N104,CALL,900.0,,400320.0,0.0,0.00014488932368280646,0.00014488932368280646
NEW,PROTALIX   BIOTHERAPEUTICS     INC,74365A309,,171535.0,,399677.0,0.0,0.0001446566002737136,0.0001446566002737136
ADD,BRASKEM     SA,105532105,,163695.0,1153.503331036067,399416.0,1.989088595192117e-05,0.00014456213556178013,0.00012467124960985896
KEEP,DIGITAL     ASSET     ACQUISITION     CO,G2868C129,,37709.0,0.0,398584.0,0.00016352175988192488,0.00014426100667163202,-1.9260753210292858e-05
NEW,PLAYSTUDIOS     INC,72815G108,,793473.0,,395943.0,0.0,0.00014330513960566905,0.00014330513960566905
ADD,LUFAX   HOLDING       LTD,54975P201,,299746.0,214.1003877187467,395665.0,7.426579968332372e-05,0.0001432045220197782,6.893872233645448e-05
ADD,GOSSAMER     BIO   INC,38341P102,,2402633.0,1181.9649126551346,395473.0,2.562185487074087e-05,0.00014313503073743635,0.00011751317586669547
NEW,VIASAT   INC,92552V100,CALL,4400.0,,395164.0,0.0,0.00014302319320491739,0.00014302319320491739
ADD,NACCO     INDS   INC,629579103,,7871.0,32.285714285714285,393944.0,0.00012868649125083621,0.00014258163401503673,1.3895142764200515e-05
TRIM,ISHARES  TR,464288224,,19223.0,-80.81709227714077,393879.0,0.0007627515537504814,0.0001425581083204939,-0.0006201934454299876
TRIM,BALL   CORP,058498106,CALL,6300.0,-88.82978723404256,393120.0,0.0013874030284973346,0.00014228340059498619,-0.0012451196279023484
TRIM,TTM  TECHNOLOGIES     INC,87305R109,CALL,2100.0,-98.60557768924303,392742.0,0.006105702955918607,0.00014214658963287565,-0.005963556366285731
TRIM,ATYR  PHARMA      INC,002120202,,656051.0,-60.02725977702307,391531.0,0.0005327591273504651,0.00014170828784685474,-0.00039105083950361034
ADD,CARMAX   INC,143130102,PUT,7400.0,48.0,391386.0,8.652011024781177e-05,0.00014165580745133615,5.5135697203524385e-05
TRIM,IDEAYA     BIOSCIENCES      INC,45166A102,,10500.0,-95.41444667656563,391335.0,0.003175156538856412,0.00014163734882946408,-0.003033519190026948
TRIM,WILLDAN     GROUP   INC,96924N100,,4936.0,-70.58928677828756,390438.0,0.0005347292389517789,0.00014131269424477315,-0.00039341654470700574
TRIM,LEGACY   HOUSING     CORP,52472M101,,14850.0,-68.86139651918641,390110.0,0.00040546969242527536,0.00014119397997077243,-0.00026427571245450296
NEW,ISHARES  TR,464287499,,3536.0,,390092.0,0.0,0.0001411874651630529,0.0001411874651630529
TRIM,AMC   GLOBAL     MEDIA  INC,00164V103,,39068.0,-27.436849925705797,389899.0,0.00015213806052781885,0.00014111761194694883,-1.1020448580870027e-05
NEW,NAVITAS   SEMICONDUCTOR           CORP,63942X106,PUT,21700.0,,388864.0,0.0,0.00014074301050307465,0.00014074301050307465
TRIM,TELEFONAKTIEBOLAGET          LM      ERICS,294821608,PUT,34700.0,-93.06,386905.0,0.002345073695268972,0.00014003398226293022,-0.002205039713006042
TRIM,OOMA   INC,683416101,,20108.0,-66.23171612339831,386476.0,0.00036056662914716854,0.0001398787126789476,-0.00022068791646822093
NEW,ZEVIA   PBC,98955K104,,236526.0,,385537.0,0.0,0.0001395388568762444,0.0001395388568762444
NEW,INVESCO  EXCH  TRADED  FD  TR  II,46138G649,,1268.0,,384166.0,0.0,0.00013904264568827195,0.00013904264568827195
NEW,COGNEX     CORP,192422103,PUT,5300.0,,383826.0,0.0,0.00013891958820912487,0.00013891958820912487
TRIM,CLEAN  ENERGY   FUELS   CORP,184499101,,187227.0,-82.9326456327274,383815.0,0.0011321828527792693,0.00013891560693774071,-0.0009932672458415285
TRIM,VAALCO    ENERGY      INC,91851C201,,75470.0,-74.19917267785718,383388.0,0.0007717781107070713,0.00013876106122128246,-0.0006330170494857889
TRIM,SYNTEC     OPTICS  HLDGS   INC,87169M105,,30774.0,-14.90903058120887,383136.0,0.00010580797724952091,0.00013866985391320876,3.286187666368785e-05
NEW,GLOBAL  X  FDS,37960A529,,6398.0,,382025.0,0.0,0.00013826774550340762,0.00013826774550340762
TRIM,INFOSYS    LTD,456788108,CALL,36400.0,-90.90227443139214,381836.0,0.0022495024744979297,0.00013819934002235232,-0.0021113031344755775
NEW,HYCROFT       MINING    HOLDING  CORP,44862P208,CALL,16300.0,,381420.0,0.0,0.00013804877557727828,0.00013804877557727828
NEW,ROYALTY   PHARMA     PLC,G7709Q104,PUT,6800.0,,381276.0,0.0,0.00013799665711552187,0.00013799665711552187
NEW,INTUITIVE     MACHINES     INC,46125A100,CALL,17800.0,,380742.0,0.0,0.00013780338448650853,0.00013780338448650853
NEW,PRAIRIE  OPER  CO,739650109,,525876.0,,379420.0,0.0,0.00013732490805288376,0.00013732490805288376
TRIM,NEXPOINT   RESIDENTIAL         TR   INC,65341D102,,13579.0,-90.90184254606365,379126.0,0.0015528050089569391,0.00013721849952679776,-0.0014155865094301414
NEW,XYLEM   INC,98419M100,CALL,3200.0,,378272.0,0.0,0.0001369094080938813,0.0001369094080938813
TRIM,OWLET   INC,69120X206,,65852.0,-69.07906784555499,377990.0,0.0004555564713996146,0.00013680734277294167,-0.0003187491286266729
KEEP,BOLD   EAGLE   ACQUISITION         CORP,G2003N121,,1300000.0,0.0,377000.0,0.00011361226598197503,0.0001364490283483664,2.2836762366391366e-05
TRIM,PARK   AEROSPACE     CORP,70014A104,,9871.0,-91.92133304961288,376677.0,0.0013922509013413785,0.00013633212374317667,-0.001255918777598202
NEW,NLIGHT    INC,65487K100,CALL,5400.0,,375948.0,0.0,0.00013606827403053485,0.00013606827403053485
TRIM,LINCOLN   NATL   CORP      IND,534187109,CALL,10600.0,-84.38880706921944,374710.0,0.001003138045920336,0.00013562020003293467,-0.0008675178458874014
NEW,NVENT   ELEC     PLC,G6700G107,CALL,2200.0,,373142.0,0.0,0.00013505268789380936,0.00013505268789380936
NEW,RAMBUS  INC   DEL,750917106,CALL,2800.0,,371672.0,0.0,0.0001345206452633794,0.0001345206452633794
TRIM,ARCHIMEDES         TECH  SPAC    PARTNER,G04537125,CALL,169353.0,-32.245249049809956,370866.0,5.304985345709263e-05,0.0001342289266510484,8.117907319395577e-05
TRIM,ISHARES  TR,46429B598,CALL,7500.0,-96.47721935180836,370425.0,0.004150067138707058,0.00013406931386191943,-0.004015997824845139
TRIM,GENERATE   BIOMEDICINES          INC,370920100,,21926.0,-94.18243374114138,369892.0,0.0019606072902130897,0.00013387640316666827,-0.0018267308870464215
NEW,EHEALTH    INC,28238P109,,247914.0,,369392.0,0.0,0.00013369543628556966,0.00013369543628556966
NEW,SIFY   TECHNOLOGIES       LTD,82655M206,,22161.0,,368094.0,0.0,0.0001332256462622376,0.0001332256462622376
NEW,FORRESTER     RESH  INC,346563109,,43759.0,,368013.0,0.0,0.00013319632962749962,0.00013319632962749962
NEW,CITIZENS     CMNTY       BANCORP   INC   M,174903104,,15727.0,,367855.0,0.0,0.00013313914409307246,0.00013313914409307246
NEW,FLUTTER     ENTMT   PLC,G3643J108,PUT,3600.0,,367812.0,0.0,0.000133123580941298,0.000133123580941298
NEW,HUBBELL    INC,443510607,CALL,700.0,,366240.0,0.0,0.0001325546210671239,0.0001325546210671239
KEEP,IQIYI   INC,46267XAK4,,400000.0,0.0,366000.0,0.00014734304027637447,0.00013246775696419656,-1.4875283312177913e-05
NEW,ISHARES  INC,464286301,,13515.0,,365851.0,0.0,0.00013241382883362915,0.00013241382883362915
NEW,ARDELYX   INC,039697107,PUT,71700.0,,365670.0,0.0,0.00013234831882267143,0.00013234831882267143
TRIM,COREWEAVE     INC,21873S108,,3673.0,-99.60544026228071,365610.0,0.030012646425280703,0.0001323266027969396,-0.029880319822483764
ADD,OPEN   LENDING   CORP,68373J104,,117545.0,60.48413521926711,365565.0,3.8101725318607055e-05,0.00013231031577764073,9.420859045903367e-05
KEEP,CULLINAN     THERAPEUTICS   INC,230031106,CALL,20000.0,0.0,364200.0,0.00011827328202226121,0.00013181627619224148,1.3542994169980267e-05
KEEP,ZETA   GLOBAL     HOLDINGS    CORP,98956A105,PUT,18500.0,0.0,364080.0,0.00012256807537366774,0.0001317728441407778,9.204768767110072e-06
NEW,HUB   GROUP     INC,443320106,,8291.0,,363063.0,0.0,0.00013140475750462321,0.00013140475750462321
NEW,VIAVI   SOLUTIONS   INC,925550105,CALL,7600.0,,362900.0,0.0,0.00013134576230138504,0.00013134576230138504
ADD,TRANSOCEAN        LTD,H8817H100,PUT,74200.0,580.7339449541284,362838.0,3.0074789837799965e-05,0.00013132332240812882,0.00010124853257032885
KEEP,CARLISLE   COS   INC,142339100,PUT,1000.0,0.0,362750.0,0.00013884001530002385,0.00013129147223705544,-7.548543062968417e-06
TRIM,CIA  ENERGETICA   DE   MINAS     GERA,204409601,,172230.0,-88.01022503713955,361683.0,0.0014287566448283342,0.00013090528891279097,-0.0012978513559155432
NEW,UNITED  STATES   ANTIMONY       CORP,911549103,,49795.0,,361512.0,0.0,0.00013084339823945525,0.00013084339823945525
NEW,GXO   LOGISTICS      INCORPORATED,36262G101,CALL,7100.0,,359970.0,0.0,0.00013028529637814707,0.00013028529637814707
TRIM,NOVAGOLD   RESOURCES       INC,66987E206,,60294.0,-76.38122845502977,359955.0,0.0009540159308014775,0.00013027986737171413,-0.0008237360634297633
KEEP,INFLECTION      PT   ACQUISITION     CO,G47875110,,799862.0,0.0,359938.0,0.00011650542522412408,0.00013027371449775675,1.376828927363267e-05
NEW,SENTINELONE     INC,81730H109,PUT,21200.0,,359764.0,0.0,0.00013021073802313446,0.00013021073802313446
NEW,ETHOS  TECHNOLOGIES         INC,29765A101,,19829.0,,359698.0,0.0,0.00013018685039482941,0.00013018685039482941
TRIM,CLEANSPARK   INC,18452BAC4,,275000.0,-98.70295255164608,359684.0,0.008587527116350257,0.00013018178332215865,-0.008457345333028098
NEW,NETEASE   COM    INC,64110W102,PUT,2800.0,,358792.0,0.0,0.0001298589384062787,0.0001298589384062787
TRIM,ELECTROMED   INC,285409108,,8479.0,-8.176304959930691,358662.0,8.996093887469443e-05,0.00012981188701719306,3.985094814249863e-05
NEW,PLAINS   ALL   AMERN     PIPELINE  L,726503105,PUT,16100.0,,358386.0,0.0,0.00012971199329882662,0.00012971199329882662
NEW,INCANNEX  HEALTHCARE  INC,45333F208,,95252.0,,358148.0,0.0,0.00012962585306342369,0.00012962585306342369
NEW,NATURES    SUNSHINE    PRODS  INC,639027101,,16428.0,,358130.0,0.0,0.0001296193382557041,0.0001296193382557041
ADD,COHEN   CIRCLE     ACQUISIT    CORP      I,G2254C113,CALL,503807.0,4.291025465866795,357735.0,0.00013067533014874045,0.0001294763744196362,-1.1989557291042533e-06
NEW,CANADIAN   NATL     RY  CO,136375102,CALL,3000.0,,357720.0,0.0,0.00012947094541320323,0.00012947094541320323
KEEP,AIRJOULE    TECHNOLOGIES     CORP,612160119,CALL,275000.0,0.0,357500.0,6.408897055393464e-05,0.00012939131998551985,6.530234943158521e-05
KEEP,PLAYTIKA     HLDG   CORP,72815L107,PUT,96100.0,0.0,357492.0,0.00011118104672239007,0.00012938842451542227,1.8207377793032206e-05
ADD,SABRE   CORP,78573M104,,171043.0,1.782228886984671,357480.0,0.00010140623022647567,0.0001293840813102759,2.7977851083800217e-05
ADD,OSISKO   DEVELOPMENT     CORP,68828E809,,145189.0,99.40530963728008,357165.0,9.847894568831738e-05,0.00012927007217518379,3.07911264868664e-05
NEW,ISHARES  TR,464287168,,2280.0,,356364.0,0.0,0.00012898016323166376,0.00012898016323166376
NEW,VIKING   HOLDINGS    LTD,G93A5A101,PUT,3400.0,,355878.0,0.0,0.0001288042634232359,0.0001288042634232359
NEW,LANZATECH   GLOBAL      INC,51655R200,,52131.0,,355533.0,0.0,0.00012867939627527784,0.00012867939627527784
TRIM,MERCURY    SYS   INC,589378108,,2901.0,-81.88120667041409,354879.0,0.0004858118756089757,0.00012844269159480084,-0.00035736918401417484
TRIM,PRICESMART   INC,741511109,,1813.0,-77.66966375169356,354151.0,0.000508512688373755,0.00012817920381592125,-0.0003803334845578338
TRIM,HONEST   CO   INC,438333106,,96573.0,-76.57138143769666,353457.0,0.0005043348365855021,0.00012792802178495632,-0.00037640681480054575
TRIM,NAUTILUS     BIOTECHNOLOGY        INC,63909J108,,188730.0,-85.17885035374275,352925.0,0.002056143137201684,0.0001277354730234674,-0.0019284076641782166
TRIM,PPL   CORP,69351T106,PUT,9700.0,-78.00453514739229,352595.0,0.0007010750751595414,0.0001276160348819423,-0.0005734590402775991
TRIM,HANCOCK  WHITNEY     CORPORATION,410120109,,4717.0,-95.90218052297801,352454.0,0.0030462424069114657,0.0001275650022214725,-0.002918677404689993
NEW,LI   AUTO  INC,50202M102,CALL,30000.0,,352200.0,0.0,0.0001274730710458744,0.0001274730710458744
NEW,KARYOPHARM      THERAPEUTICS      INC,48576U205,PUT,36000.0,,351720.0,0.0,0.0001272993428400197,0.0001272993428400197
TRIM,STAR   GROUP   LP,85512C105,,27356.0,-5.063335068540691,351251.0,0.0001472581431984978,0.00012712959590554918,-2.0128547292948626e-05
TRIM,ABERCROMBIE       &  FITCH    CO,002896207,PUT,3900.0,-77.58620689655173,351039.0,0.0006616303945943269,0.00012705286594796338,-0.0005345775286463635
TRIM,SOLAREDGE   TECHNOLOGIES         INC,83417M104,CALL,6000.0,-91.94630872483222,350640.0,0.0015827582794479744,0.00012690845437684665,-0.0014558498250711277
TRIM,GENTHERM     INC,37253A103,,10276.0,-94.13580775310587,350514.0,0.0020258660925607072,0.00012686285072280982,-0.0018990032418378974
NEW,TEADS   HLDG     CO,69002R103,,456573.0,,350146.0,0.0,0.0001267296590983212,0.0001267296590983212
ADD,FOSTER   L  B    CO,350060109,,7721.0,2.4276996550809233,348758.0,8.75230610207662e-05,0.00012622729503639142,3.8704234015625224e-05
TRIM,ABRDN   WORLD    HEALTHCARE  FUND,87911L108,,26002.0,-48.173247493571985,348427.0,0.00024366127210030206,0.00012610749496110412,-0.00011755377713919794
TRIM,PACCAR    INC,693718108,PUT,2900.0,-82.94117647058825,348348.0,0.0008171343745626666,0.00012607890219389054,-0.0006910554723687761
NEW,NORTHERN   TR   CORP,665859104,PUT,2000.0,,347680.0,0.0,0.00012583713044074277,0.00012583713044074277
TRIM,EAGLE  BANCORP   MONT      INC,26942G100,,14529.0,-25.266190010801914,347679.0,0.00016650481014770802,0.00012583676850698057,-4.066804164072746e-05
NEW,QUANTUM   COMPUTING     INC,74766W108,PUT,35800.0,,347260.0,0.0,0.0001256851182606199,0.0001256851182606199
NEW,BOK   FINL   CORP,05561Q201,PUT,2500.0,,347200.0,0.0,0.0001256634022348881,0.0001256634022348881
NEW,ASCENDIS    PHARMA        A/S,K08588103,PUT,1300.0,,346736.0,0.0,0.00012549546496922858,0.00012549546496922858
TRIM,INTL   GNRL  INSURANCE      HLDNGS   L,G4809J106,,13080.0,-70.91782283884739,342304.0,0.0004534269696962089,0.00012389137453517032,-0.00032953559516103856
NEW,TITAN    MACHY       INC,88830R101,,16171.0,,341532.0,0.0,0.00012361196167075402,0.00012361196167075402
TRIM,COSAN   S  A,22113B103,,118525.0,-30.865832176479508,341352.0,0.0002939523866885503,0.0001235468135935585,-0.0001704055730949918
NEW,A10   NETWORKS    INC,002121AB7,,200000.0,,340958.0,0.0,0.00012340421169125282,0.00012340421169125282
TRIM,WELLTOWER     INC,95040Q104,CALL,1500.0,-70.0,340455.0,0.00041139708987722137,0.00012322215900886758,-0.0002881749308683538
NEW,FACTORIAL      ENERGY      INC,30347G111,CALL,250000.0,,340000.0,0.0,0.00012305747914706782,0.00012305747914706782
NEW,RARE   EARTHS   AMERICAS     INC,75381A108,,22231.0,,339690.0,0.0,0.00012294527968078668,0.00012294527968078668
TRIM,CLARITEV  CORPORATION,62548M209,,9936.0,-48.67768595041323,338917.0,0.00013164956573358957,0.0001226655048826082,-8.984060850981366e-06
NEW,LATTICE   SEMICONDUCTOR      CORP,518415104,CALL,2200.0,,336512.0,0.0,0.00012179505418452379,0.00012179505418452379
TRIM,NORTHERN   TECHNOLOGIES        INTL   C,665809109,,39287.0,-12.954756945983073,336297.0,0.00015477236691487344,0.00012171723842565139,-3.305512848922206e-05
NEW,APPLIED    DIGITAL  CORP,038169207,PUT,9000.0,,335700.0,0.0,0.00012150116396961962,0.00012150116396961962
KEEP,PYROPHYTE    ACQUISITION          CORP.,G7309T110,CALL,670000.0,0.0,335000.0,9.201345058100617e-05,0.00012124781033608155,2.9234359755075378e-05
KEEP,ALPHATEC     HLDGS  INC,02081GAD4,,350000.0,0.0,334263.0,0.00014960987548811008,0.00012098106515334215,-2.8628810334767926e-05
TRIM,CNB  FINL   CORP   PA,126128107,,9906.0,-92.36878798850618,333931.0,0.001564465456138437,0.00012086090314429266,-0.0014436045529941444
TRIM,PRAXIS   PRECISION      MEDICINES  I,74006W207,,995.0,-74.02766901592274,333116.0,0.0005136730989897862,0.00012056592712810189,-0.0003931071718616843
TRIM,CADIZ    INC,127537207,,79504.0,-48.909809465668474,332327.0,0.0003179770112412003,0.00012028036138972826,-0.00019769664985147203
KEEP,GUIDEWIRE   SOFTWARE      INC,40171VAC4,,345000.0,0.0,332178.0,0.00014328296237556805,0.00012022643325916089,-2.305652911640716e-05
TRIM,TETRA  TECH    INC  NEW,88162G103,,11498.0,-95.68673496565668,332177.0,0.0033414403669043535,0.00012022607132539868,-0.0032212142955789546
TRIM,ANTERIS   TECHNOLOGIES       GLOBAL,03675P102,,33588.0,-82.88256608619872,330842.0,0.00045321181386649207,0.00011974288975286535,-0.0003334689241136267
NEW,CYBIN   INC,23256X407,CALL,50000.0,,330500.0,0.0,0.00011961910840619387,0.00011961910840619387
ADD,ARCHER   AVIATION     INC,03945R102,PUT,69800.0,2.6470588235294117,330154.0,0.0001463059642074108,0.00011949387932447362,-2.6812084882937186e-05
NEW,VENTAS  INC,92276F100,PUT,3700.0,,328560.0,0.0,0.00011891695690753121,0.00011891695690753121
NEW,VERASTEM    INC,92337C203,CALL,85400.0,,326228.0,0.0,0.0001180729273740872,0.0001180729273740872
TRIM,FUBOTV   INC,35953D401,,35410.0,-52.71921274351408,325772.0,0.0002948458868169873,0.00011790788557852525,-0.00017693800123846207
TRIM,BIODESIX     INC,09075X207,,14404.0,-39.998333749895856,324810.0,0.00014486063307277564,0.00011755970529929148,-2.7300927773484164e-05
TRIM,TELEPHONE    &    DATA  SYS    INC,879433829,,8762.0,-95.16816570070421,324282.0,0.003177136638349241,0.00011736860427285133,-0.0030597680340763897
TRIM,FIVE   BELOW   INC,33829M101,CALL,1800.0,-37.93103448275862,323622.0,0.000275745708943329,0.00011712972798980113,-0.00015861598095352785
NEW,AAON  INC,000360206,,2547.0,,323112.0,0.0,0.00011694514177108052,0.00011694514177108052
NEW,CHURCHILL     DOWNS   INC,171484108,CALL,3600.0,,322704.0,0.0,0.00011679747279610404,0.00011679747279610404
ADD,VALHI     INC  NEW,918905209,,21995.0,10.940179562191062,322667.0,0.00011798696246550076,0.00011678408124690275,-1.2028812185980173e-06
TRIM,SAFEGUARD       ACQUISITION     CORP,G77676115,CALL,546600.0,-8.119011598587997,322494.0,9.902994437022264e-05,0.00011672146670604262,1.7691522335819987e-05
TRIM,VANGUARD  SCOTTSDALE  FDS,92206C680,,2523.0,-56.06825700853213,322465.0,0.00026216134415877354,0.00011671097062693892,-0.00014545037353183463
TRIM,RALPH   LAUREN     CORP,751212101,CALL,800.0,-46.666666666666664,321128.0,0.00021473342513812966,0.00011622706518688117,-9.850635995124849e-05
TRIM,SCHEIN   HENRY  INC,806407102,,3841.0,-97.68185741099504,320800.0,0.005081994847423337,0.00011610835091288047,-0.004965886496510456
NEW,CANADIAN  SOLAR   INC,136635109,CALL,20000.0,,320400.0,0.0,0.00011596357740800157,0.00011596357740800157
NEW,ARCH   CAP     GROUP     LTD,G0450A105,PUT,3300.0,,320298.0,0.0,0.00011592666016425744,0.00011592666016425744
TRIM,EVOLV   TECHNOLOGIES        HLDNGS   IN,30049H102,,55166.0,-93.64845805341116,319963.0,0.0021868059824860305,0.00011580541235392136,-0.002071000570132109
TRIM,PG&E   CORP,69331C108,CALL,19000.0,-97.3325845851467,319580.0,0.005208315456871581,0.00011566679172299981,-0.005092648665148581
NEW,AMES   NATL     CORP,031001100,,10767.0,,318811.0,0.0,0.00011538846465987011,0.00011538846465987011
NEW,ALAMOS  GOLD   INC,011532108,PUT,10500.0,,318570.0,0.0,0.00011530123862318058,0.00011530123862318058
TRIM,CERUS   CORP,157085101,,108481.0,-74.78470267468428,316765.0,0.0003258545445114303,0.00011464794818241454,-0.00021120659632901576
NEW,KENSINGTON     CAP  ACQUISITION,G5235S115,CALL,275000.0,,316250.0,0.0,0.00011446155229488294,0.00011446155229488294
TRIM,LAMB    WESTON    HLDGS  INC,513272104,CALL,7300.0,-96.68633681343623,315214.0,0.0038744188117059994,0.00011408658891724658,-0.0037603322227887526
NEW,INDEPENDENT     BK   CORP    MASS,453836108,,3743.0,,313364.0,0.0,0.00011341701145718165,0.00011341701145718165
KEEP,XEROX  HOLDINGS     CORP,98421M106,PUT,100000.0,0.0,313000.0,5.368491689258162e-05,0.00011328526756774186,5.960035067516024e-05
NEW,VISHAY   INTERTECHNOLOGY         INC,928298108,PUT,5800.0,,311924.0,0.0,0.0001128958268396176,0.0001128958268396176
TRIM,MEDLINE    INC,58507V107,CALL,7900.0,-92.63746505125815,311576.0,0.0019871118249964598,0.00011276987389037297,-0.0018743419511060868
NEW,SIGNET   JEWELERS         LIMITED,G81276100,CALL,3600.0,,310320.0,0.0,0.0001123152850850532,0.0001123152850850532
NEW,BROOKFIELD   ASSET  MANAGMT      LTD,113004105,PUT,6900.0,,309465.0,0.0,0.00011200583171837456,0.00011200583171837456
TRIM,ACCO  BRANDS  CORP,00081T108,,73787.0,-51.857216491482184,306954.0,0.00019135177110175133,0.00011109701604149723,-8.02547550602541e-05
TRIM,FIRST   UTD  CORP,33741H107,,6951.0,-26.194521129751543,306609.0,0.00014360756884980227,0.00011097214889353917,-3.26354199562631e-05
TRIM,VIKING     ACQUISITION       CORP  I,G9582G104,,29949.0,-88.25529411764705,306079.0,0.0010537849791438026,0.00011078032399957463,-0.0009430046551442279
NEW,GIGCAPITAL9    CORP,G3865B122,,1175000.0,,305500.0,0.0,0.00011057076435126243,0.00011057076435126243
NEW,ORMAT   TECHNOLOGIES     INC,686688102,CALL,2800.0,,304920.0,0.0,0.00011036084276918801,0.00011036084276918801
TRIM,AFLAC  INC,001055102,PUT,2600.0,-72.3404255319149,304850.0,0.00042917720142232726,0.0001103355074058342,-0.0003188416940164931
TRIM,FIDELITY  D  &  D  BANCORP  INC,31609R100,,5928.0,-8.757888256118209,304818.0,0.0001170206339614343,0.00011032392552544388,-6.696708435990418e-06
NEW,MACOM     TECH    SOLUTIONS      HLDGS  I,55405Y100,CALL,800.0,,304296.0,0.0,0.00011013499610157693,0.00011013499610157693
TRIM,DAKOTA   GOLD  CORP,46655E100,,71394.0,-2.9524508604518394,304138.0,0.0001546075667048776,0.00011007781056714975,-4.452975613772785e-05
KEEP,DYCOM   INDS  INC,267475101,CALL,600.0,0.0,303354.0,8.460243507695117e-05,0.0001097940544975871,2.519161942063594e-05
NEW,HAIN  CELESTIAL     GROUP      INC,405217100,,541410.0,,303298.0,0.0,0.00010977378620690406,0.00010977378620690406
NEW,BRINKER  INTL   INC,109641100,CALL,1800.0,,302400.0,0.0,0.00010944876968845091,0.00010944876968845091
TRIM,SIMULATIONS       PLUS   INC,829214105,,16490.0,-63.164831237295324,301932.0,0.00022021053514761232,0.0001092793846877426,-0.00011093115045986971
TRIM,AEGON   LTD,0076CA104,,35764.0,-81.28137087108306,301848.0,0.0005772597618329507,0.00010924898225171804,-0.0004680107795812326
TRIM,BULLISH,G16910120,,12840.0,-89.17214103201977,300841.0,0.0017632669458238638,0.0001088845149531854,-0.0016543824308706784
ADD,ATN  INTL  INC,00215F107,,11343.0,39.74374769003327,300476.0,9.194894544830577e-05,0.0001087524091299834,1.680346368167763e-05
TRIM,FS     BANCORP     INC,30263Y104,,6911.0,-28.375997512695616,299937.0,0.00015496005604292426,0.00010855732683215907,-4.6402729210765184e-05
TRIM,PROQR   THRAPEUTICS             N      V,N71542109,,161004.0,-17.113351111477197,299467.0,0.00013095748808403634,0.00010838721796392634,-2.257027012010999e-05
TRIM,ARRAY   TECHNOLOGIES      INC,04271T100,,40390.0,-87.8278846617484,299290.0,0.0009984096116123244,0.00010832315568801744,-0.000890086455924307
ADD,SCHWAB  STRATEGIC  TR,808524797,,9437.0,28.220108695652176,299247.0,9.39714934800728e-05,0.00010830759253624296,1.433609905617016e-05
ADD,LEONABIO   INC,04746L203,,32450.0,2.4370225393017235,298216.0,0.00013552320299278452,0.0001079344388274176,-2.7588764165366924e-05
NEW,SOLUNA   HOLDINGS     INC,583543301,,220696.0,,297940.0,0.0,0.00010783454510905116,0.00010783454510905116
ADD,ABRDN   PLATINUM     ETF     TRUST,003260106,,21058.0,1.5087973005543505,297550.0,0.0015387100132186844,0.00010769339094179422,-0.0014310166222768902
KEEP,SPARK   I  ACQUISITION     CORP,G8316B118,CALL,125000.0,0.0,296875.0,9.363648295217724e-06,0.00010744908565231107,9.808543735709335e-05
TRIM,WHITE   MTNS     INS  GROUP   LTD,G9618E107,,143.0,-63.04909560723514,296495.0,0.0003538310448068086,0.0001073115508226761,-0.00024651949398413246
NEW,TREKOR   METALS     LTD,89472Y107,,43035.0,,296081.0,0.0,0.00010716171024512645,0.00010716171024512645
ADD,MCCORMICK       &    CO  INC,579780107,,5853.0,30.61816558803838,295576.0,9.39498530484572e-05,0.00010697893369521684,1.3029080646759643e-05
NEW,SAIA   INC,78709Y105,PUT,700.0,,294812.0,0.0,0.00010670241630089813,0.00010670241630089813
TRIM,APTIV   PLC,G3265R107,CALL,4800.0,-98.76447876447877,294624.0,0.011226989336237263,0.00010663437275360502,-0.011120354963483658
TRIM,VERITONE   INC,92347M100,,214906.0,-83.47802153870757,294421.0,0.0010663880335870192,0.00010656090019987899,-0.0009598271333871402
NEW,WEBULL     CORP,G9572D103,PUT,45100.0,,294052.0,0.0,0.00010642734664162819,0.00010642734664162819
TRIM,CREDICORP     LTD,G2519Y108,,754.0,-95.67809239940388,293743.0,0.0024625704187259496,0.00010631550910910925,-0.0023562549096168405
NEW,CASELLA    WASTE    SYS  INC,147448104,,3029.0,,293722.0,0.0,0.00010630790850010312,0.00010630790850010312
NEW,METALS  ACQUISITION        CORP  II,G60420117,CALL,266666.0,,293333.0,0.0,0.00010616711626660838,0.00010616711626660838
NEW,PROCURE   ETF   TRUST  II,74280R205,,5779.0,,292822.0,0.0,0.00010598216811412558,0.00010598216811412558
NEW,BIOATLA   INC,09077B203,,70616.0,,292350.0,0.0,0.00010581133537836848,0.00010581133537836848
NEW,DIREXION  SHARES   ETF  TRUST,25460G120,,1000.0,,292100.0,0.0,0.00010572085193781916,0.00010572085193781916
NEW,PLANET   LABS   PBC,72703X106,PUT,8800.0,,291544.0,0.0,0.00010551961676603748,0.00010551961676603748
NEW,ISPIRE       TECHNOLOGY     INC,46501C100,,260041.0,,291246.0,0.0,0.00010541176050490269,0.00010541176050490269
NEW,ISHARES  INC,464286814,,4134.0,,290786.0,0.0,0.00010524527097429197,0.00010524527097429197
TRIM,SUPER  HI   INTL   HLDG    LTD,86803S106,,24891.0,-1.0298210735586482,289980.0,0.00015773003128972287,0.00010495355236196098,-5.2776478927761894e-05
TRIM,CLEAR  SECURE   INC,18467V109,,5198.0,-98.41430118515581,289685.0,0.0066040937485663045,0.00010484678190211278,-0.006499246966664192
ADD,COLUMBUS  MCKINNON       CORP     N  Y,199333105,,19139.0,77.31146933481564,289573.0,6.526962256342498e-05,0.00010480624532074668,3.95366227573217e-05
NEW,CLIPPER   RLTY    INC,18885T306,,106295.0,,289122.0,0.0,0.00010464301319399574,0.00010464301319399574
NEW,SUNCRETE  INC,86723E104,,12786.0,,288069.0,0.0,0.00010426189694240201,0.00010426189694240201
NEW,FIRST  TR  EXCHANGE-TRADED    FD,33737A108,CALL,1500.0,,287625.0,0.0,0.00010410119835198642,0.00010410119835198642
TRIM,ODDITY   TECH   LTD,M7518J104,,18990.0,-95.04141294924955,287319.0,0.0021324835051850814,0.00010399044662075408,-0.002028493058564327
TRIM,HORIZON  TECHNOLOGY       FIN  CORP,44045A102,,60674.0,-20.13216090985678,286988.0,0.00013309905848968927,0.00010387064654546678,-2.9228411944222493e-05
TRIM,ISHARES  INC,464286756,,5737.0,-4.0153923372929565,286735.0,0.00012118600088529359,0.00010377907730363086,-1.740692358166273e-05
NEW,DUPONT  DE    NEMOURS       INC,26614N201,,2112.0,,286472.0,0.0,0.00010368388872417299,0.00010368388872417299
TRIM,NABORS     INDUSTRIES    LTD,G6359F137,,3403.0,-93.73042484984708,285886.0,0.0019439620528413643,0.0001034717955395254,-0.0018404902573018389
TRIM,HUTCHMED      CHINA     LTD,44842L103,,26420.0,-5.690012136788749,284279.0,0.00017440897779531114,0.00010289016798367439,-7.151880981163675e-05
TRIM,VANGUARD    INDEX     FDS,922908736,,3296.0,-39.411764705882355,283917.0,0.0009888586903512022,0.000102759147961759,-0.0008860995423894433
ADD,UNIVERSAL    LOGISTICS      HLDGS     IN,91388P105,,19170.0,32.389502762430936,283716.0,0.00012739014616463163,0.00010268639927555735,-2.470374688907428e-05
NEW,FENNEC   PHARMACEUTICALS       INC,31447P100,,26317.0,,282908.0,0.0,0.00010239395679570196,0.00010239395679570196
TRIM,LIVEONE   INC,53814X300,,44193.0,-35.725817007722846,282835.0,0.00014593183443774852,0.00010236753563106156,-4.356429880668696e-05
NEW,MYOMO   INC,62857J201,,271294.0,,282146.0,0.0,0.00010211816326890764,0.00010211816326890764
NEW,KESTREL   GROUP      LTD,G5260K102,,31151.0,,280359.0,0.0,0.00010147138763586115,0.00010147138763586115
KEEP,HORIZON   QUANTUM     HOLDINGS      LTD,Y4000A128,CALL,17500.0,0.0,280000.0,1.4929817004041591e-05,0.00010134145341523233,8.641163641119074e-05
NEW,PRO-DEX   INC  COLO,74265M205,,4777.0,,279693.0,0.0,0.00010123033975023777,0.00010123033975023777
NEW,BOOT   BARN   HLDGS  INC,099406100,CALL,1700.0,,279259.0,0.0,0.00010107326049744416,0.00010107326049744416
NEW,BIONTECH     SE,09075V102,CALL,3000.0,,279150.0,0.0,0.00010103380971736466,0.00010103380971736466
TRIM,VINCI     COMPASS   INVESTMENTS      LT,G9451V109,,28647.0,-33.99156662595912,278735.0,0.0001905435842133374,0.00010088360720605282,-8.965997700728458e-05
NEW,SANMINA     CORP,801056102,CALL,1100.0,,278388.0,0.0,0.00010075801619057036,0.00010075801619057036
TRIM,HOOKER   FURNISHINGS      CORPORATI,439038100,,15596.0,-80.81908744311893,278077.0,0.0004358353796034467,0.00010064545479052701,-0.00033518992481291966
NEW,DIGIMARC     CORP,25382K100,,33673.0,,276792.0,0.0,0.00010018036990610353,0.00010018036990610353
NEW,PLAINS   GP   HLDGS   L   P,72651A207,CALL,11400.0,,276678.0,0.0,0.00010013910945721305,0.00010013910945721305
NEW,ONEIM   ACQUISITION       CORP,G6S74K114,CALL,325332.0,,276500.0,0.0,0.00010007468524754191,0.00010007468524754191
TRIM,BEAZER   HOMES   USA     INC,07556Q881,,9821.0,-85.29262010303103,275479.0,0.0005346726408998611,9.970515087633853e-05,-0.0004349674900235226
TRIM,GOLDMINING   INC,38149E101,,304937.0,-49.86691436979556,275468.0,0.0003012277333328613,9.970116960495436e-05,-0.0002015265637279069
TRIM,INFLECTION      PT   ACQUISITION     CO,G47875102,,26600.0,-38.63473827485178,274778.0,0.00018427243682842028,9.945143530903825e-05,-8.482100151938203e-05
NEW,PULMONX   CORP,745848101,,209556.0,,272423.0,0.0,9.859908129906371e-05,9.859908129906371e-05
KEEP,NOBLE   CORP   PLC,G65431127,PUT,7300.0,0.0,272290.0,0.00014907385864347715,9.855094410869146e-05,-5.0522914534785685e-05
NEW,FRANKLIN  STR  PPTYS  CORP,35471R106,,524705.0,,270223.0,0.0,9.780282702222973e-05,9.780282702222973e-05
NEW,FOX   FACTORY    HLDG     CORP,35138V102,,15935.0,,270019.0,0.0,9.77289925347415e-05,9.77289925347415e-05
NEW,THEMES  ETF  TR,88340W525,,17588.0,,269448.0,0.0,9.752232835652686e-05,9.752232835652686e-05
NEW,DIGITAL     RLTY     TR  INC,253868103,PUT,1500.0,,269370.0,0.0,9.749409752307547e-05,9.749409752307547e-05
TRIM,PLAINS   GP   HLDGS   L   P,72651A207,,11072.0,-33.21269151888045,268717.0,0.00016751109021783406,9.725775477636067e-05,-7.025333544147339e-05
TRIM,HIPPO     HLDGS   INC,433539202,,9508.0,-72.756446991404,268696.0,0.00037849697522714435,9.72501541673545e-05,-0.00028124682105978984
TRIM,MGP   INGREDIENTS     INC  NEW,55303J106,,15309.0,-73.78461222323065,268214.0,0.00044692526848215614,9.707570209397545e-05,-0.00034984956638818066
NEW,MONDAY    COM     LTD,M7S64H106,CALL,3700.0,,267843.0,0.0,9.694142466820026e-05,9.694142466820026e-05
NEW,CRONOS   GROUP     INC,22717L101,,96262.0,,266684.0,0.0,9.652194343781364e-05,9.652194343781364e-05
NEW,SOLARIS       RES  INC,83419D201,,31575.0,,265207.0,0.0,9.598736727104829e-05,9.598736727104829e-05
TRIM,NUTANIX     INC,67059N108,CALL,5200.0,-97.9216626698641,264992.0,0.00395774446131763,9.590955151217589e-05,-0.0038618349098054543
TRIM,DUOLINGO   INC,26603R106,PUT,2300.0,-14.814814814814813,264546.0,0.00011075697749515331,9.57481290542359e-05,-1.5008848440917406e-05
NEW,PROSHARES  TR,74349Y753,,8000.0,,264160.0,0.0,9.560842262202777e-05,9.560842262202777e-05
TRIM,STAR   HLDGS,85512G106,,28885.0,-20.99937094877335,263720.0,0.00011518619121986453,9.544917176666097e-05,-1.9737019453203565e-05
TRIM,ONESPAWORLD     HOLDINGS        LIMITED,P73684113,,9329.0,-21.59186417885359,263451.0,0.00011363681954861583,9.53518115846299e-05,-1.828500796398592e-05
TRIM,WD     40  CO,929236107,,1080.0,-98.36914667109615,263131.0,0.0056204857760169145,9.523599278072679e-05,-0.005525249783236188
TRIM,1   800  FLOWERS    COM    INC,68243Q106,,75324.0,-8.647245737017004,262128.0,0.00010431520363018997,9.487297321724293e-05,-9.442230412947045e-06
NEW,NUSCALE   PWR    CORP,67079K100,PUT,26100.0,,261783.0,0.0,9.474810606928487e-05,9.474810606928487e-05
TRIM,CITIZENS     FINL     SVCS    INC,174615104,,3609.0,-53.44427244582043,261436.0,0.00019727542309437926,9.462251505380243e-05,-0.00010265290804057683
TRIM,RENEW   ENERGY   GLOBAL     PLC,G7500M104,PUT,41800.0,-3.9080459770114944,261250.0,8.291198443805453e-05,9.455519537403374e-05,1.1643210935979211e-05
ADD,FOGHORN       THERAPEUTICS        INC,344174107,,53509.0,81.06727125067678,261124.0,5.878664864596268e-05,9.450959171999688e-05,3.57229430740342e-05
NEW,FLUENCE       ENERGY   INC,34379V103,CALL,13100.0,,260428.0,0.0,9.425768582150759e-05,9.425768582150759e-05
NEW,INMUNE  BIO  INC,45782T105,,159559.0,,260081.0,0.0,9.413209480602514e-05,9.413209480602514e-05
TRIM,PURPLE  INNOVATION      INC,74640Y106,,727895.0,-14.241600237519055,259859.0,0.0002335539420493708,9.405174551081736e-05,-0.00013950219653855345
NEW,TPG  INC,872657101,PUT,6400.0,,259520.0,0.0,9.392904996543248e-05,9.392904996543248e-05
NEW,J   P  MORGAN  EXCHANGE  TRADED  F,46654Q203,,4221.0,,259423.0,0.0,9.389394239049935e-05,9.389394239049935e-05
NEW,NEURONETICS     INC,64131A105,,199450.0,,259285.0,0.0,9.384399553131613e-05,9.384399553131613e-05
NEW,SMITH  DOUGLAS          HOMES  CORP,83207R107,,16650.0,,258741.0,0.0,9.364710356468082e-05,9.364710356468082e-05
NEW,FITLIFE   BRANDS    INC,33817P405,,23453.0,,258218.0,0.0,9.345781220705165e-05,9.345781220705165e-05
TRIM,POWELL   INDS   INC,739128106,PUT,900.0,-25.0,257724.0,0.000270212417044075,9.327901692852621e-05,-0.00017693340011554876
NEW,THE   BALDWIN  INSURANCE       GRP  IN,05589G102,,9662.0,,256816.0,0.0,9.29503810724511e-05,9.29503810724511e-05
TRIM,LADDER   CAP    CORP,505743104,,25801.0,-84.13788439548009,256720.0,0.0006613519821183491,9.291563543128016e-05,-0.000568436346687069
TRIM,AMNEAL     PHARMACEUTICALS   INC,03168L105,,14761.0,-96.00765958137359,255513.0,0.001912590085593067,9.247878138030806e-05,-0.0018201113042127588
NEW,VOX    ROYALTY        CORP,92919F103,,54112.0,,255252.0,0.0,9.238431666837458e-05,9.238431666837458e-05
NEW,RIGETTI   COMPUTING      INC,76655K103,PUT,13200.0,,255024.0,0.0,9.230179577059361e-05,9.230179577059361e-05
TRIM,VIRTRA   INC,92827K301,,81002.0,-21.634224681707366,254346.0,0.00015958985992222633,9.205640467982387e-05,-6.753345524240246e-05
TRIM,ACCEL   ENTERTAINMENT    INC,00436Q106,,20132.0,-57.83521132660327,253865.0,0.00021678260754726973,9.188231454020698e-05,-0.00012490029300706276
NEW,FASTLY   INC,31188V100,CALL,13800.0,,253368.0,0.0,9.170243346039495e-05,9.170243346039495e-05
KEEP,CHURCHILL   CAPITAL      CORP     IX,G21301117,CALL,322639.0,0.0,251658.0,6.0421749719380934e-05,9.108352672703763e-05,3.06617770076567e-05
NEW,QIAGEN     NV,N72482156,PUT,7400.0,,250860.0,0.0,9.079470358480423e-05,9.079470358480423e-05
TRIM,MOTOROLA  SOLUTIONS        INC,620076307,PUT,600.0,-91.54929577464789,249174.0,0.001282273395546534,9.018448326173964e-05,-0.0011920889122847942
NEW,WESTERN    NEW  ENG     BANCORP     INC,958892101,,17395.0,,248748.0,0.0,9.003029947904362e-05,9.003029947904362e-05
KEEP,GORES     HLDGS     X  INC,G4002F125,CALL,335815.0,0.02978717066559433,248503.0,7.823848353337475e-05,8.994162570730529e-05,1.170314217393054e-05
NEW,ROYAL  BK   CDA,780087102,CALL,1200.0,,248364.0,0.0,8.989131691435986e-05,8.989131691435986e-05
NEW,SOL-GEL   TECHNOLOGIES        LTD,M8694L137,,3342.0,,247776.0,0.0,8.967849986218789e-05,8.967849986218789e-05
NEW,VINFAST   AUTO    LTD,Y9390M103,,79019.0,,246539.0,0.0,8.923078779834987e-05,8.923078779834987e-05
ADD,M   EVO  GBL    ACQUISITION      CORP   I,G6071J110,CALL,661150.0,230.57500000000002,245287.0,2.8299025958880232e-05,8.877764672807891e-05,6.047862076919867e-05
NEW,TEAMSHARES       INC,87821B117,CALL,165296.0,,244638.0,0.0,8.854275171641288e-05,8.854275171641288e-05
TRIM,RPC  INC,749660106,,41937.0,-84.8187458822337,244493.0,0.0008139270128999449,8.849027132089427e-05,-0.0007254367415790506
NEW,CHURCHILL   CAP    CORP  XII,G2131M110,CALL,142077.0,,241531.0,0.0,8.7418223517266e-05,8.7418223517266e-05
TRIM,PRINCETON   BANCORP       INC,74179A107,,6363.0,-14.210597276526899,241476.0,0.0001042369651466566,8.739831716034515e-05,-1.683864798631145e-05
NEW,WILEY   JOHN  &  SONS     INC,968223206,,4966.0,,240901.0,0.0,8.719020524708172e-05,8.719020524708172e-05
KEEP,SIDDHI   ACQUISITION           CORP,G8118C116,,995000.0,0.0,240790.0,8.86550220591214e-05,8.715003059947783e-05,-1.5049914596435693e-06
NEW,TERRA   INNOVATUM       GLOBAL       NV,N85083108,,48799.0,,240091.0,0.0,8.689703889970195e-05,8.689703889970195e-05
NEW,ISHARES  TR,46432F396,CALL,700.0,,239981.0,0.0,8.685722618586024e-05,8.685722618586024e-05
NEW,COMMERCIAL     VEH   GROUP   INC,202608105,,51824.0,,239427.0,0.0,8.665671488160296e-05,8.665671488160296e-05
TRIM,ZENAS   BIOPHARMA      INC,98937LAA3,,200000.0,-83.33333333333334,239422.0,0.0005126052269219849,8.665490521279199e-05,-0.00042595032170919284
NEW,QUANTUM   CORP,747906600,,21755.0,,239305.0,0.0,8.66125589626149e-05,8.66125589626149e-05
TRIM,GAP  INC,364760108,CALL,12800.0,-87.04453441295547,239104.0,0.0009950270456859454,8.653981027641326e-05,-0.0009084872354095321
TRIM,LYFT      INC,55087P104,CALL,16300.0,-92.52293577981652,238143.0,0.0012066205274290785,8.619199193094168e-05,-0.0011204285354981369
TRIM,KARBON    CAP  PARTNERS       CORP,G5225W118,CALL,440930.0,-6.37554251352568,238102.0,0.00010078032235820868,8.61771526466916e-05,-1.4603169711517079e-05
ADD,BAIN   CAP   GSS     INVT      CORP,G0R78B114,CALL,350000.0,14.165677230797332,238000.0,7.910201998726705e-05,8.614023540294749e-05,7.038215415680434e-06
NEW,DEFI   TECHNOLOGIES        INC,244916102,,459896.0,,236479.0,0.0,8.558973415064545e-05,8.558973415064545e-05
TRIM,ALIGN   TECHNOLOGY        INC,016255101,PUT,1400.0,-92.51336898395722,236124.0,0.0013341080555359804,8.546124766506543e-05,-0.001248646807870915
NEW,CENTRUS   ENERGY     CORP,15643U104,PUT,1400.0,,235018.0,0.0,8.506094892407525e-05,8.506094892407525e-05
TRIM,COMSCORE    INC,20564W204,,31573.0,-14.50119150779896,233009.0,0.00010665403489326215,8.433382399582096e-05,-2.2320210897441183e-05
TRIM,UMH    PPTYS    INC,903002103,,15356.0,-92.71813353566009,232490.0,0.0012663805793355974,8.414598037324058e-05,-0.0011822345989623568
TRIM,GUARDIAN    METAL    RES  PLC,401382106,,16584.0,-68.53608560370343,232342.0,0.0003834251673654541,8.40924141764354e-05,-0.00029933275318901867
ADD,CHICAGO    ATLANTIC       BDC   INC,828174102,,23755.0,13.894615716546005,232086.0,8.10700507778486e-05,8.39997591333129e-05,2.9297083554643037e-06
TRIM,NUVEEN   VRIABL   RAT      PFD   &  INM,67080R102,,12328.0,-55.924204504826605,232013.0,0.00021126721062031327,8.397333796867249e-05,-0.00012729387265164078
NEW,SOUTHERN     CO,842587842,,4630.0,,231324.0,0.0,8.372396560651858e-05,8.372396560651858e-05
TRIM,FLEXSTEEL      INDS  INC,339382103,,3103.0,-80.83858219093491,231111.0,0.0003028653313791582,8.364687371517057e-05,-0.00021921845766398763
NEW,EVOLUTION     METALS  &   TECH  CORP,30054B107,,34958.0,,231072.0,0.0,8.363275829844487e-05,8.363275829844487e-05
TRIM,WAYFAIR  INC,94419L101,CALL,2500.0,-24.242424242424242,231050.0,0.00010328853161488765,8.362479575567653e-05,-1.966373585921112e-05
TRIM,AMPLIFY  ENERGY   CORP  NEW,03212B103,,57986.0,-87.94795585392721,230784.0,0.0012494232203540314,8.352852137493206e-05,-0.0011658946989790994
ADD,CEMENTOS    PACASMAYO      S     A  A,15126Q208,,19284.0,21.290647210516383,230637.0,6.61656196647407e-05,8.347531711188907e-05,1.7309697447148367e-05
NEW,ASTRONOVA     INC,04638F108,,8067.0,,229667.0,0.0,8.312424136255772e-05,8.312424136255772e-05
TRIM,TAT  TECHNOLOGIES        LTD,M8740S227,,4759.0,-83.09233666110065,229527.0,0.0004759284407928367,8.307357063585012e-05,-0.0003928548701569866
TRIM,DEFINITIVE       HEALTHCARE     CORP,24477E103,,275896.0,-53.26822294717657,229242.0,0.00030220446589058906,8.29704195136239e-05,-0.00021923404637696516
TRIM,SPOK  HLDGS   INC,84863T106,,22380.0,-39.76584578118692,229171.0,0.00016854150769245448,8.294472221650788e-05,-8.55967854759466e-05
TRIM,SNDL   INC,83307B101,,169584.0,-42.213998752849534,228938.0,0.00016121247613125095,8.286039164991592e-05,-7.835208448133503e-05
ADD,PAYSAFE    LIMITED,G6964L206,,30630.0,24.148832684824903,228806.0,6.992189919863559e-05,8.281261639330588e-05,1.289071719467029e-05
KEEP,EVOLENT     HEALTH   INC,30050BAJ0,,290000.0,0.0,228734.0,6.223413586718864e-05,8.278655716242769e-05,2.0552421295239054e-05
TRIM,UR-ENERGY     INC,91688R108,,167661.0,-97.91488617629764,228019.0,0.004982826321058345,8.252777452245665e-05,-0.004900298546535889
NEW,VICOR  CORP,925815102,CALL,600.0,,227868.0,0.0,8.247312252436486e-05,8.247312252436486e-05
TRIM,AGI   INC,G0118C105,,32026.0,-96.80190292068768,226744.0,0.0030297586404525643,8.206630897565514e-05,-0.0029476923314769093
TRIM,XPENG  INC,98422D105,CALL,17100.0,-82.2429906542056,226404.0,0.0006857074555774301,8.194325149650807e-05,-0.000603764204080922
NEW,EVI  INDS   INC,26929N102,,15314.0,,226341.0,0.0,8.192044966948965e-05,8.192044966948965e-05
TRIM,ALGONQUIN      POWER   &  UTILITIES,015857105,,38595.0,-86.33906860021024,226167.0,0.0007214204101753905,8.185747319486732e-05,-0.0006395629369805231
TRIM,ISHARES  TR,46432F388,,1130.0,-90.9090909090909,225785.0,0.0007355341332102355,8.171921449770797e-05,-0.0006538149187125276
TRIM,ISHARES  TR,464288760,,930.0,-59.670424978317435,225451.0,0.0002099280008330239,8.159832862113409e-05,-0.00012832967221188983
TRIM,QT   IMAGING     HLDGS  INC,746962307,,55340.0,-21.10515510948905,225234.0,0.00017135268299175207,8.151978899473728e-05,-8.98328939970148e-05
TRIM,ISHARES  TR,464288752,,2154.0,-98.5512802405117,225050.0,0.005602893353599859,8.145319318249299e-05,-0.005521440160417366
NEW,RANK   ONE   COMPUTING    CORP,753040104,,42569.0,,224339.0,0.0,8.119585827757074e-05,8.119585827757074e-05
TRIM,MURPHY    OIL  CORP,626717102,,6890.0,-93.28505852427223,224338.0,0.001761422515190779,8.119549634380854e-05,-0.0016802270188469705
TRIM,STRIDE   INC,86333M108,CALL,2600.0,-82.89473684210526,224224.0,0.0005577338500834698,8.115423589491805e-05,-0.0004765796141885518
NEW,GLOBAL  X  FDS,37954Y871,CALL,5100.0,,222870.0,0.0,8.066417758090296e-05,8.066417758090296e-05
TRIM,SPRINKLR     INC,85208T107,,43174.0,-69.32270350159163,222778.0,0.00035141397506020306,8.063087967478082e-05,-0.00027078309538542224
ADD,SPACE   ASSET      ACQUISITION       CORP,G8375S119,CALL,247499.0,64.99933333333333,222749.0,4.369702537768271e-05,8.06203835956771e-05,3.692335821799439e-05
TRIM,GENWORTH     FINL   INC,37247D106,,23485.0,-86.08560154518847,222403.0,0.0005703543833368374,8.049515451395684e-05,-0.0004898592288228806
NEW,VENTAS  INC,92276F100,CALL,2500.0,,222000.0,0.0,8.034929520779134e-05,8.034929520779134e-05
TRIM,SAMSARA     INC,79589L106,PUT,6800.0,-77.85016286644951,220524.0,0.00040487707752872464,7.981508097478819e-05,-0.00032506199655393646
NEW,GOLUB   CAP   BDC     INC,38173M102,,17064.0,,219784.0,0.0,7.954724999076222e-05,7.954724999076222e-05
TRIM,PCB   BANCORP,69320M109,,7709.0,-64.0304217991788,218704.0,0.00020059265156376505,7.915636152758918e-05,-0.00012143629003617587
ADD,PERIMETER     ACQUISITION         CORP  I,G7010A111,CALL,241597.0,16.658860340806484,217437.0,5.946832224185454e-05,7.869779145088525e-05,1.9229469209030714e-05
NEW,ISHARES  TR,46429B523,,1969.0,,217279.0,0.0,7.864060591645809e-05,7.864060591645809e-05
TRIM,SOUTH   PLAINS       FINANCIAL  INC,83946P107,,5043.0,-79.86022364217253,217278.0,0.0004366273361681489,7.86402439826959e-05,-0.000357987092185453
TRIM,COMPANHIA   SIDERURGICA     NACION,20440W105,,237081.0,-71.62585736631907,216929.0,0.00043117977367106446,7.851392909968904e-05,-0.0003526658445713754
KEEP,GCT   SEMICONDUCTOR       HLDG      INC,36170N115,CALL,442500.0,0.0,216825.0,3.3331258633803464e-05,7.847628798842053e-05,4.514502935461707e-05
NEW,OLD   DOMINION     FREIGHT     LINE  IN,679580100,CALL,1000.0,,216600.0,0.0,7.839485289192616e-05,7.839485289192616e-05
TRIM,ZUMIEZ   INC,989817101,,12149.0,-18.094788646935886,216252.0,0.00013679208137732312,7.826889994268151e-05,-5.852318143464161e-05
NEW,SERVICE   CORP  INTL,817565104,,2834.0,,215271.0,0.0,7.791384292196599e-05,7.791384292196599e-05
NEW,INNVENTURE   INC,45784M108,,42438.0,,215161.0,0.0,7.78740302081243e-05,7.78740302081243e-05
TRIM,BAXTER   INTL  INC,071813109,,10082.0,-99.42297962743783,214948.0,0.012215954564097957,7.779693831677629e-05,-0.01213815762578118
KEEP,BERTO   ACQUISITION     CORP,G1051H119,CALL,301645.0,0.0,214862.0,3.401959082403858e-05,7.776581201322731e-05,4.3746221189188734e-05
TRIM,KAMADA    LTD,M6240T109,,29206.0,-37.77219073592705,214372.0,0.0001628983489865366,7.758846446975065e-05,-8.530988451678595e-05
ADD,OP   BANCORP,67109R109,,14290.0,2.2247657200085844,214207.0,7.737328243089663e-05,7.752874539898812e-05,1.5546296809149053e-07
KEEP,PLUM   ACQUISITION       CORP     IV,G7134A120,CALL,475000.0,0.0,213750.0,9.883850978285375e-05,7.736334166966397e-05,-2.1475168113189785e-05
TRIM,COMTECH   TELECOMMUNICATIONS         C,205826209,,101704.0,-51.300983518640884,213578.0,0.0002885481050546971,7.730108906256605e-05,-0.00021124701599213106
NEW,ARCH   CAP     GROUP     LTD,G0450A105,CALL,2200.0,,213532.0,0.0,7.728444010950497e-05,7.728444010950497e-05
NEW,DSC   HOLDINGS    LTD,233369107,,38655.0,,213376.0,0.0,7.722797844260219e-05,7.722797844260219e-05
NEW,FIRST  TR  EXCH  TRD  ALPHDX  FD,33737J224,,4050.0,,213093.0,0.0,7.712555118790037e-05,7.712555118790037e-05
NEW,HCM   IV   ACQUISITION    CORP,G4365S110,CALL,394500.0,,213030.0,0.0,7.710274936088195e-05,7.710274936088195e-05
TRIM,UPEXI  INC,39959A205,,271216.0,-7.807358659886329,212688.0,0.00012066538204007949,7.697896801421048e-05,-4.368641402586901e-05
ADD,FIVE   POINT   HOLDINGS   LLC,33833Q106,,40341.0,141.64969450101833,212597.0,3.362548527134653e-05,7.694603204185053e-05,4.3320546770504e-05
KEEP,EQV   VENTURES     AC   CORP.  II,G3106Q128,CALL,533332.0,0.0,211999.0,6.658594343265936e-05,7.672959565205657e-05,1.0143652219397211e-05
KEEP,NOVAVAX     INC,670002401,CALL,22500.0,0.0,211950.0,7.622009712307227e-05,7.67118608977089e-05,4.917637746366412e-07
TRIM,BRANDYWINE      RLTY     TR,105368203,,66758.0,-84.01584097727527,211623.0,0.00047102646686975367,7.659350855747039e-05,-0.00039443295831228327
TRIM,SUPERIOR    GROUP  OF    CO   INC,868358102,,16129.0,-58.15105991022548,211612.0,0.00016295952482206535,7.658952728608623e-05,-8.636999753597911e-05
KEEP,MCEWEN    INC.,58039PAB3,,110000.0,0.0,211475.0,9.63427853905684e-05,7.65399423606652e-05,-1.9802843029903194e-05
NEW,ANIKA   THERAPEUTICS     INC,035255108,,14437.0,,211213.0,0.0,7.644511571496953e-05,7.644511571496953e-05
NEW,STATE  STR   SPDR   S&P  MIDCAP  40,78467Y107,CALL,300.0,,211002.0,0.0,7.636874769114589e-05,7.636874769114589e-05
TRIM,EVA   LIVE  INC,298892209,,80076.0,-25.27365876874551,210600.0,0.00016723309390400274,7.62232503187426e-05,-9.100984358526014e-05
NEW,ELEVRA   LITHIUM     LTD,805700101,,3086.0,,210311.0,0.0,7.61186514614676e-05,7.61186514614676e-05
TRIM,ALPS   GROUP   INC,G0231P108,,362233.0,-6.519309926579697,210095.0,0.00016126075094023964,7.604047376883299e-05,-8.522027717140665e-05
NEW,PERELLA   WEINBERG       PARTNERS,71367G102,,13157.0,,209986.0,0.0,7.600102298875349e-05,7.600102298875349e-05
TRIM,THIRD   COAST  BANCSHARES      INC,88422P109,,5183.0,-91.94110147090836,209393.0,0.00101252208616073,7.578639626777052e-05,-0.0009367356898929596
NEW,GABELLI  EQUITY         TR   INC,362397101,,36868.0,,208673.0,0.0,7.552580395898849e-05,7.552580395898849e-05
ADD,RICE   ACQUISITION    CORP       3,G7553X114,CALL,210416.0,12.367494940109049,208312.0,6.234358651170606e-05,7.539514587083527e-05,1.3051559359129213e-05
TRIM,GENCOR    INDS   INC,368678108,,13911.0,-14.378039022588784,207552.0,0.00010142079590160156,7.512007621156535e-05,-2.6300719690036206e-05
NEW,BROOKFIELD     WEALTH     SOL  LTD,G17434104,,4846.0,,206210.0,0.0,7.463436110269664e-05,7.463436110269664e-05
NEW,ISHARES  TR,464287689,,482.0,,205525.0,0.0,7.438643647559151e-05,7.438643647559151e-05
TRIM,TYSON  FOODS     INC,902494103,,3587.0,-99.84375204185197,205356.0,0.06121168373605135,7.432526966978018e-05,-0.06113735846638157
TRIM,JASPER  THERAPEUTICS      INC,471871202,,486933.0,-69.89652748540833,204999.0,0.0005898187030886432,7.419605931667576e-05,-0.0005156226437719675
TRIM,ACCELERANT      HOLDINGS,G00894108,,17491.0,-86.0148079444782,204995.0,0.0006953686598073625,7.419461158162698e-05,-0.0006211740482257355
TRIM,FIRST  TR  EXCHANGE-TRADED   FD,33733E302,,774.0,-91.15529653753856,204893.0,0.0008522988274516005,7.415769433788286e-05,-0.0007781411331137177
TRIM,AMPLIFY  ETF  TR,032108649,,7882.0,-61.29824216831975,204301.0,0.0002518937916814575,7.394342955066207e-05,-0.00017795036213079542
NEW,WIX  COM  LTD,M98068105,CALL,4500.0,,204165.0,0.0,7.389420655900325e-05,7.389420655900325e-05
NEW,KASPI   KZ  JSC,48581R205,,2355.0,,204037.0,0.0,7.3847879037442e-05,7.3847879037442e-05
NEW,SOLESENCE       INC,630079101,,276497.0,,203225.0,0.0,7.355398882253783e-05,7.355398882253783e-05
TRIM,ZHIHU   INC,98955N207,,64869.0,-42.695229681978795,203040.0,0.00013379113613924245,7.348703107653132e-05,-6.030410506271113e-05
NEW,OHIO   VY   BANC   CORP,677719106,,4670.0,,202818.0,0.0,7.340668178132354e-05,7.340668178132354e-05
TRIM,AI  FINL   CORP,47089W104,,345419.0,-77.10816624892804,202105.0,0.0006970295629338609,7.31486230088769e-05,-0.000623880939924984
ADD,SECURITY   NATL   FINL    CORP,814785309,,20842.0,0.5111882716049383,201959.0,8.180790626351176e-05,7.309578067959609e-05,-8.71212558391567e-06
NEW,XCEL   ENERGY     INC,98389B100,CALL,2500.0,,200750.0,0.0,7.265820276109961e-05,7.265820276109961e-05
NEW,X-ENERGY     INC,98386P102,,10934.0,,200748.0,0.0,7.26574788935752e-05,7.26574788935752e-05
TRIM,RALPH   LAUREN     CORP,751212101,PUT,500.0,-68.75,200705.0,0.00022904898681400497,7.264191574180073e-05,-0.00015640707107220423
TRIM,HARVARD   BIOSCIENCE     INC,416906204,,32620.0,-29.595096261762926,200613.0,9.390157823946851e-05,7.260861783567858e-05,-2.1292960403789928e-05
TRIM,SOMNIGROUP       INTERNATIONAL        INC,88023U101,,2558.0,-95.47344764736069,200547.0,0.0017384312212477746,7.258473020737357e-05,-0.001665846491040401
NEW,SIEBERT   FINL   CORP,826176109,,121232.0,,200033.0,0.0,7.239869625360418e-05,7.239869625360418e-05
KEEP,GIGCAPITAL8    CORP,G3864J118,,764462.0,0.012036055836832947,198760.0,9.543055796554094e-05,7.193795457432707e-05,-2.3492603391213877e-05
TRIM,BARINGS     CORPORATE     INVS,06759X107,,11292.0,-6.103442541160818,198288.0,8.628206550004001e-05,7.176712183856996e-05,-1.4514943661470055e-05
KEEP,COURSERA    INC,22266M104,CALL,35000.0,0.0,197400.0,8.477222923270445e-05,7.14457246577388e-05,-1.3326504574965659e-05
NEW,TEAMSHARES       INC,87821B109,,23798.0,,195620.0,0.0,7.080148256102767e-05,7.080148256102767e-05
NEW,SILVACO    GROUP     INC,82728C102,,14168.0,,195377.0,0.0,7.071353265681374e-05,7.071353265681374e-05
NEW,KIORA  PHARMACEUTICALS        INC,49721T507,,74202.0,,195151.0,0.0,7.063173562655715e-05,7.063173562655715e-05
TRIM,BLACKROCK   CAP   ALLOCATION     TER,09260U109,,12241.0,-36.15833941796182,194999.0,0.00011275039417666855,7.057672169470317e-05,-4.217367248196538e-05
ADD,A2Z  CUST2MATE    SOLUTIONS      CORP,002205102,,33490.0,105.14548238897396,194912.0,4.531506380309633e-05,7.054523345739202e-05,2.5230169654295685e-05
TRIM,VIRTUIX     HOLDINGS    INC.,92835U101,,63424.0,-73.45332021848775,193443.0,0.0006731235445929504,7.001355276072425e-05,-0.000603109991832226
ADD,KOLIBRI  GLOBAL      ENERGY  INC,50043K406,,38843.0,216.59466949221616,193438.0,2.803143369871023e-05,7.001174309191326e-05,4.198030939320303e-05
TRIM,METALLUS        INC,887399103,,10336.0,-92.24670132247151,193180.0,0.0009065268359453048,6.991836418126636e-05,-0.0008366084717640384
KEEP,SWEETGREEN       INC,87043Q108,PUT,21800.0,0.0,192058.0,4.7085417574112164e-05,6.951227450008104e-05,2.2426856925968876e-05
TRIM,CAMP4   THERAPEUTICS        CORP,13463J101,,43903.0,-48.901277962708626,191856.0,0.00015768300496717355,6.94391638801172e-05,-8.824384108705635e-05
ADD,VISIONWAVE     HOLDINGS     INC,927950113,CALL,279964.0,12.879151362183041,191775.0,8.877695756803247e-05,6.940984724537923e-05,-1.936711032265324e-05
TRIM,ICL  GROUP      LTD,M53213100,,38462.0,-75.79392551008848,191541.0,0.0003425309940441399,6.932515474502505e-05,-0.0002732058392991148
KEEP,HIGHVIEW    MERGER        CORP,G4569C119,CALL,545500.0,0.0,190925.0,5.677700164073574e-05,6.910220354751155e-05,1.2325201906775805e-05
NEW,CANAAN   INC,134748102,,662129.0,,190097.0,0.0,6.880252239241222e-05,6.880252239241222e-05
KEEP,ALPHA     TAU      MEDICAL     LTD,M0740A116,CALL,62300.0,0.0,183785.0,2.592690172409174e-05,6.651799648542312e-05,4.059109476133138e-05
TRIM,XPLR  INFRASTRUCTURE         LP,65341B106,,15487.0,-85.45370866089962,182901.0,0.0004705462157527456,6.619804703964074e-05,-0.00040434816871310486
TRIM,XBIOTECH     INC,98400H102,,79330.0,-24.83418609058177,182459.0,0.00010321611940140464,6.603807231674956e-05,-3.717804708465508e-05
NEW,SUMA   ACQUISITION       CORP,G8557R111,,650000.0,,182000.0,0.0,6.587194471990102e-05,6.587194471990102e-05
NEW,WELLS   FARGO    &  CO,949746804,,156000.0,,181716.0,0.0,6.5769155531437e-05,6.5769155531437e-05
TRIM,DAVE   &  BUSTERS  ENTMT      INC,238337109,,15794.0,-98.21980665166078,180052.0,0.003998674008421393,6.516689775114075e-05,-0.003933507110670252
ADD,OTG   ACQUISITION       CORP.   I,G6791A118,CALL,450000.0,80.0,180000.0,2.6020538207043922e-05,6.514807719550649e-05,3.9127538988462565e-05
TRIM,VENHUB  GLOBAL   INC,92267L108,,171372.0,-26.05977451881383,179941.0,5.953157888811556e-05,6.512672310353686e-05,5.595144215421299e-06
TRIM,GREENFIRE    RES    LTD     NEW,39525U107,,31795.0,-39.61866418519855,179642.0,0.0001385495341217989,6.501850490863987e-05,-7.353102921315902e-05
NEW,TUYA   INC,90114C107,,101845.0,,179247.0,0.0,6.487554107257196e-05,6.487554107257196e-05
ADD,KRAKACQUISITION       CORPORATION,G5315G114,CALL,381250.0,52.5,178463.0,6.242432196811815e-05,6.459178500300931e-05,2.1674630348911587e-06
ADD,ARCHIMEDES         TECH  SPAC    PTNRS      I,G0453R113,CALL,237500.0,32.30092192852965,178125.0,3.9968212545453786e-05,6.446945139138664e-05,2.4501238845932854e-05
TRIM,QUANTERIX     CORP,74766Q101,,40662.0,-94.09983356719054,175660.0,0.0010095544338943657,6.35772846675704e-05,-0.0009459771492267953
NEW,TGE    VALUE   CREATIVE    SOLUTIONS,G8773E118,CALL,450000.0,,175455.0,0.0,6.350308824631997e-05,6.350308824631997e-05
KEEP,BLACKROCK   MUNIHLDNGS        CALI,09254L107,,15960.0,0.0,175400.0,6.907625771704084e-05,6.348318188939912e-05,-5.593075827641718e-06
ADD,CARDIFF   ONCOLOGY   INC,14147L108,,134517.0,484.12002258022494,174872.0,1.5525761197763894e-05,6.329208086295895e-05,4.776631966519506e-05
TRIM,AXIOM   INTELLIGENCE         AC   CORP   1,G0750N112,,463650.0,-12.181678709762958,174471.0,4.1724832965636626e-05,6.314694542431786e-05,2.1422112458681235e-05
KEEP,AES    CORP,00130H105,CALL,11900.0,0.0,174454.0,6.977832325810893e-05,6.314079255036051e-05,-6.6375307077484155e-06
KEEP,HANCOCK  JOHN  PREM   DIVID      FD,41013T105,,13281.0,0.0,171989.0,7.240430640223443e-05,6.224862582654426e-05,-1.0155680575690165e-05
TRIM,AMPCO-PITTSBURG       CORP,032037103,,19793.0,-87.66083985836119,171209.0,0.0004485986564730481,6.196631749203041e-05,-0.00038663233898101766
TRIM,READY   CAPITAL   CORP,75574U101,,96731.0,-71.13196848513788,169279.0,0.00022590529795969052,6.12677853309897e-05,-0.0001646375126287008
TRIM,SANUWAVE       HEALTH  INC,80303D305,,16925.0,-31.391625116543032,169250.0,0.00017750439184063688,6.125728925188597e-05,-0.00011624710258875092
TRIM,HAGERTY   INC,405166109,,14182.0,-73.04212287104623,169049.0,0.0002305380149740178,6.118454056568433e-05,-0.00016935347440833346
NEW,SUNPOWER    INC,20460L104,,245367.0,,168641.0,0.0,6.103687159070784e-05,6.103687159070784e-05
TRIM,MICROBOT   MED   INC,59503A204,,86302.0,-81.02193312310608,168289.0,0.0004560879104606365,6.090947090641441e-05,-0.0003951784395542221
NEW,PRAETORIAN      ACQUISITION    CORP,G7S17G129,CALL,439999.0,,167200.0,0.0,6.0515325039381585e-05,6.0515325039381585e-05
NEW,LIFE360  INC,532206AC3,,160000.0,,167005.0,0.0,6.0444747955753125e-05,6.0444747955753125e-05
NEW,HUYA     INC,44852D108,,72484.0,,166713.0,0.0,6.033906329719153e-05,6.033906329719153e-05
TRIM,GALECTIN     THERAPEUTICS        INC,363225202,,35863.0,-95.50833256098812,166404.0,0.0009270556984677401,6.022722576467257e-05,-0.0008668284727030675
TRIM,VOYA       GLBL  EQTY      DIV  &  PREM   OP,92912T100,,26655.0,-73.59793181322927,163662.0,0.00023948508496063494,5.92348033887277e-05,-0.00018025028157190725
NEW,MERLIN   INC,590106100,,28650.0,,163018.0,0.0,5.900171804587266e-05,5.900171804587266e-05
TRIM,PRIORITY     TECHNOLOGY  HLDGS   IN,74275G107,,24417.0,-46.22161531176354,162861.0,8.918438030941104e-05,5.894489444520768e-05,-3.0239485864203362e-05
TRIM,GAMBLING    COM  GROUP    LIMITED,G3R239101,,85649.0,-72.7343630621912,162733.0,0.0005072254988547725,5.889856692364644e-05,-0.0004483269319311261
TRIM,RAYONIER  ADVANCED     MATLS      INC,75508B104,,20630.0,-78.12857809253212,162152.0,0.00043454277997656023,5.8688283407809825e-05,-0.00037585449656875043
TRIM,ACUMEN   PHARMACEUTICALS          INC,00509G209,,60598.0,-90.81396142039641,161797.0,0.0006478949629506087,5.8559796922229805e-05,-0.0005893351660283788
KEEP,CRITICAL    METALS      CORP,G2662B111,CALL,45250.0,0.0,161542.0,6.553305320213044e-05,5.846750381286951e-05,-7.065549389260933e-06
KEEP,PRESIDIO   PRODTN     CO,74102N119,CALL,116666.0,0.0,160999.0,3.932690667776798e-05,5.82709737799964e-05,1.8944067102228417e-05
TRIM,FORWARD     INDUSTRIES     INC,349932103,,38061.0,-90.55464562239428,160617.0,0.0007428964577431554,5.8132715082837045e-05,-0.0006847637426603184
ADD,ADC   THERAPEUTICS           SA,H0036K147,CALL,150000.0,11.11111111111111,160500.0,0.00021068208664239878,5.8090368832659965e-05,-0.00015259171780973883
KEEP,DRUGS   MADE     IN   AMER  ACQ  II   CO,G2851K112,,2000000.0,0.0,160000.0,6.658594343265936e-05,5.7909401951561334e-05,-8.676541481098027e-06
KEEP,OMNICELL     COM,68213NAF6,,150000.0,0.0,159908.0,6.0753847112251316e-05,5.787610404543919e-05,-2.877743066812128e-06
ADD,INDIE   SEMICONDUCTOR       INC,45569U101,,35491.0,26.51409831390582,159355.0,3.759234285134721e-05,5.7675954674944105e-05,2.0083611823596896e-05
TRIM,ADVENT   CONV   &   INCOME     FD,00764C109,,11992.0,-77.57247054423041,157095.0,0.0002483343568428354,5.6857984372378296e-05,-0.00019147637247045711
NEW,ANAVEX   LIFE  SCIENCES     CORP,032797300,,60483.0,,156651.0,0.0,5.669728578196271e-05,5.669728578196271e-05
KEEP,GENERAL   PURP  ACQUISITION       COR,G3810N114,CALL,600000.0,0.0,156000.0,5.993983395378705e-05,5.646166690277229e-05,-3.4781670510147613e-06
NEW,MOBILE   INFRASTRUCTURE        CORP,60739N101,,112528.0,,155289.0,0.0,5.620433199785005e-05,5.620433199785005e-05
NEW,COLUMBUS     CIRCLE  CAP  CORP       II,G2296M129,CALL,116666.0,,153999.0,0.0,5.5737437444615584e-05,5.5737437444615584e-05
NEW,REDWIRE    CORPORATION,75776W103,CALL,12500.0,,152875.0,0.0,5.533062389590587e-05,5.533062389590587e-05
TRIM,INOGEN   INC,45780L104,,23568.0,-72.89476710753307,152014.0,0.00022362514555926842,5.501899892665402e-05,-0.00016860614663261438
KEEP,HARVARD    AVE    ACQUISITION        CORP,G4330A111,,950000.0,0.0,152000.0,4.748202009968294e-05,5.501393185398327e-05,7.531911754300327e-06
NEW,BINGEX     LTD,090337106,,71206.0,,151669.0,0.0,5.489413177869597e-05,5.489413177869597e-05
NEW,PROEM   ACQUISITION   CORP       I,G7341A111,CALL,397600.0,,151088.0,0.0,5.4683848262859366e-05,5.4683848262859366e-05
TRIM,LANTRONIX   INC,516548203,,25617.0,-95.08349630835194,150628.0,0.0011362287811670963,5.451735873224863e-05,-0.0010817114224348477
KEEP,CAL   REDWOOD  ACQUISITION         CORP,G17564116,,646192.0,0.0,148689.0,5.916244306421076e-05,5.381556916734814e-05,-5.346873896862622e-06
KEEP,KODIAK   AI   INC.,500081112,CALL,200000.0,0.0,148020.0,8.989102363409015e-05,5.357343548043818e-05,-3.631758815365197e-05
NEW,ACTUATE     THERAPEUTICS       INC,005083100,,96684.0,,147927.0,0.0,5.353977564055383e-05,5.353977564055383e-05
NEW,LESAKA   TECHNOLOGIES        INC,64107N206,,29646.0,,147341.0,0.0,5.3327682455906246e-05,5.3327682455906246e-05
NEW,ENVIROTECH     VEHICLES   INC,29414V308,,86573.0,,147174.0,0.0,5.32672395176193e-05,5.32672395176193e-05
KEEP,ARTIUS     II   ACQUISITION      INC,G0509J123,,700000.0,0.0,147000.0,8.795004338302812e-05,5.320426304299697e-05,-3.474578034003115e-05
NEW,GENERAL   CATALYST     GBL   RESIL    M,G3793T120,CALL,150000.0,,147000.0,0.0,5.320426304299697e-05,5.320426304299697e-05
KEEP,FALCONS     BEYOND     GLOBAL    INC,306121112,CALL,56250.0,0.0,146812.0,4.424303011383052e-05,5.313621949570389e-05,8.893189381873367e-06
NEW,TWENTY     ONE  CAP  INC,90138L109,,29623.0,,146634.0,0.0,5.307179528603277e-05,5.307179528603277e-05
NEW,THE   ARENA  GROUP  HOLDINGS  INC,040044109,,176255.0,,146292.0,0.0,5.294801393936132e-05,5.294801393936132e-05
TRIM,REPAY   HLDGS  CORP,76029L100,,34825.0,-68.49328701190606,146265.0,0.00011959792613442466,5.2938241727781984e-05,-6.665968440664267e-05
TRIM,ATARA   BIOTHERAPEUTICS        INC,046513206,,12680.0,-73.41105915410262,145566.0,9.387327921350963e-05,5.26852500280061e-05,-4.118802918550353e-05
NEW,BLACKROCK   TCP   CAPITAL      CORP,09259E108,,43200.0,,145152.0,0.0,5.253540945045644e-05,5.253540945045644e-05
NEW,SPARTACUS  ACQUISITION      CORP  I,G8303R118,CALL,266666.0,,144026.0,0.0,5.212787203422233e-05,5.212787203422233e-05
NEW,ALDABRA   4   LQDTY    OPP  VEH    INC,G01900110,CALL,300000.0,,144000.0,0.0,5.2118461756405205e-05,5.2118461756405205e-05
KEEP,RITHM   ACQUISITION     CORP,G75751118,CALL,216452.0,0.0,142858.0,5.765052598614294e-05,5.170513339997593e-05,-5.94539258616701e-06
NEW,D   BORAL   ACQUISITION       I  CORP,G2616T119,CALL,375000.0,,142500.0,0.0,5.157556111310931e-05,5.157556111310931e-05
TRIM,GRANITE   PT   MTG     TR   INC,38741L107,,94885.0,-34.817852702154994,142328.0,8.78414250628036e-05,5.151330850601138e-05,-3.632811655679222e-05
NEW,NEXTCURE   INC,65343E207,,88112.0,,140979.0,0.0,5.1025059860807283e-05,5.1025059860807283e-05
ADD,OPENDOOR     TECHNOLOGIES     INC,683712129,CALL,284658.0,0.9880336179768903,140906.0,7.092235299871131e-05,5.0998638696166886e-05,-1.9923714302544426e-05
NEW,TILRAY      BRANDS    INC,88688T209,,31200.0,,140088.0,0.0,5.070257687868953e-05,5.070257687868953e-05
NEW,Q32   BIO   INC,746964105,,10928.0,,139223.0,0.0,5.03895041743889e-05,5.03895041743889e-05
NEW,EVERCOMMERCE        INC,29977X105,,13759.0,,138416.0,0.0,5.00974236282957e-05,5.00974236282957e-05
TRIM,CALAMOS  CONV  &    HIGH  INCOME     F,12811P108,,10153.0,-82.80231041550215,138284.0,0.00026755605406325833,5.004964837168567e-05,-0.00021750640569157266
TRIM,SKYE   BIOSCIENCE     INC,83086J200,,198524.0,-23.112316034082106,137637.0,6.604077102080448e-05,4.981547722754404e-05,-1.622529379326044e-05
NEW,EQUILLIUM  INC,29446K106,,42838.0,,137082.0,0.0,4.961460398952457e-05,4.961460398952457e-05
TRIM,FS     KKR   CAP   CORP,302635206,,13011.0,-87.08380487223778,136616.0,0.0004267626286486004,4.9445942856340635e-05,-0.0003773166857922598
TRIM,ENERGY   VAULT    HOLDINGS    INC,29280W109,,28970.0,-98.5982443458006,136449.0,0.0028382632934102867,4.93854999180537e-05,-0.002788877793492233
ADD,FG   NEXUS     INC.,30329Y403,,26347.0,79.06075846132936,136214.0,3.055587327910093e-05,4.930044548393735e-05,1.874457220483642e-05
TRIM,COMPANHIA   DE   SANEAMENTO      BASI,20441A102,,23561.0,-79.91321102168872,136183.0,0.0014893198896775094,4.9289225537309235e-05,-0.0014400306641402002
TRIM,METAGENOMI       THERAPEUTICS    INC,59102M104,,114025.0,-32.967478718901376,135690.0,9.48595835006059e-05,4.911079219254598e-05,-4.574879130805992e-05
NEW,RRE   VENTURES    ACQUISITION     COR,G770AL129,CALL,250000.0,,135000.0,0.0,4.886105789662987e-05,4.886105789662987e-05
TRIM,ADVANCED     FLOWER    CAP  INC,00109K105,,43479.0,-66.04237771304055,134785.0,0.00015026366622018948,4.8783242137757467e-05,-0.00010148042408243202
NEW,BUTTERFLY         NETWORK    INC,124155102,CALL,16000.0,,134720.0,0.0,4.875971644321464e-05,4.875971644321464e-05
TRIM,SERA   PROGNOSTICS    INC,81749D107,,73986.0,-19.14451827242525,134655.0,7.730336719029235e-05,4.8736190748671824e-05,-2.8567176441620523e-05
NEW,AEYE   INC,008183204,,92960.0,,133862.0,0.0,4.844917727524939e-05,4.844917727524939e-05
NEW,INNOVIZ       TECHNOLOGIES      LTD,M5R635108,,175600.0,,133667.0,0.0,4.837860019162093e-05,4.837860019162093e-05
KEEP,THAYER   VENTURES     ACQ  CORP       II,G87890110,,700000.0,0.0,133070.0,5.8262700503576944e-05,4.816252573558917e-05,-1.0100174767987776e-05
TRIM,URANIUM     ENERGY    CORP,916896103,,12452.0,-93.90053343391347,132738.0,0.001146947869573315,4.8042363726539676e-05,-0.0010989055058467753
KEEP,FIFTH   ERA  ACQUISITION       CORP     I,G3415K135,,400000.0,0.0,132040.0,4.993945757449452e-05,4.778973396052599e-05,-2.149723613968532e-06
NEW,MOZAYYX    ACQUISITION   CORP,G63113115,CALL,187500.0,,131719.0,0.0,4.7673553222860665e-05,4.7673553222860665e-05
TRIM,EVOLUTION       GLOBAL     ACQUISITION,G3226F119,CALL,327750.0,-0.9151180402506824,129461.0,5.5062829759491215e-05,4.685630678781926e-05,-8.206522971671952e-06
NEW,SOUNDHOUND       AI  INC,836100107,PUT,20000.0,,129400.0,0.0,4.6834228828325225e-05,4.6834228828325225e-05
TRIM,CENTURY   CASINOS    INC,156492100,,100132.0,-20.03641532638035,128169.0,7.243676704965785e-05,4.63886883670604e-05,-2.604807868259745e-05
NEW,SILVERBOX       CORP   V,G8148S115,CALL,266666.0,,128000.0,0.0,4.632752156124906e-05,4.632752156124906e-05
NEW,UNITED   ACQUISITION         CORP   I,G92ALM116,CALL,103125.0,,127875.0,0.0,4.628227984097441e-05,4.628227984097441e-05
KEEP,RANGE   CAP   ACQUISITION    CORP      I,G7375J111,CALL,375000.0,0.0,127500.0,5.597880264383673e-05,4.614655468015043e-05,-9.832247963686297e-06
NEW,KALTURA       INC,483467106,,97669.0,,126970.0,0.0,4.595472978618589e-05,4.595472978618589e-05
TRIM,ADAMAS    TRUST   INC.,649604840,,13524.0,-1.4213863984255413,126855.0,4.202072425176551e-05,4.59131074035332e-05,3.8923831517676945e-06
NEW,ENDEAVOUR     SILVER       CORP,29258Y103,CALL,15300.0,,126684.0,0.0,4.5851216730197474e-05,4.5851216730197474e-05
NEW,RLJ  LODGING     TR,74965L200,,128125.0,,125665.0,0.0,4.548240622651847e-05,4.548240622651847e-05
TRIM,HEWLETT   PACKARD     ENTERPRISE           C,42824C208,,53450.0,-26.98087431693989,125128.0,3.9718515257581314e-05,4.528804779621854e-05,5.569532538637225e-06
KEEP,M3-BRIGADE    ACQUISITION         VI  CO,G63221116,CALL,311916.0,0.0,124766.0,4.4790283336417686e-05,4.5157027774303136e-05,3.667444378854505e-07
KEEP,ALEANNA  INC,01444V111,CALL,401121.0,0.0,124267.0,0.00013521441068011555,4.4976422826966695e-05,-9.023798785314885e-05
NEW,QUANTUM    LEAP    ACQUISITION    COR,G73167127,CALL,950000.0,,123500.0,0.0,4.46988196313614e-05,4.46988196313614e-05
NEW,BLINK   CHARGING       CO,09354A100,,192458.0,,123135.0,0.0,4.4566713808159404e-05,4.4566713808159404e-05
NEW,TRG   LATIN   AMER   ACQUIS  CORP,G9037S117,,700000.0,,122920.0,0.0,4.4488898049287e-05,4.4488898049287e-05
TRIM,OCTAVE   SPECIALTY       GROUP  INC,023139884,,19610.0,-85.48353665758617,122366.0,0.0002614159977544742,4.428838674502971e-05,-0.00021712761100944447
TRIM,SEALSQ   CORP,G79483106,,38809.0,-87.62732451931508,122248.0,0.00034200538125316835,4.4245678561090435e-05,-0.0002977597026920779
NEW,CODERE    ONLINE            LUXEMBOURG      S  A,L18268109,,12752.0,,122037.0,0.0,4.4169310537266817e-05,4.4169310537266817e-05
TRIM,NOMADAR   CORP.,65531Y106,,32515.0,-10.134873694102039,121931.0,6.143510454599671e-05,4.4130945558473906e-05,-1.7304158987522802e-05
NEW,GYRE   THERAPEUTICS       INC,403783103,,18488.0,,121836.0,0.0,4.4096561851065163e-05,4.4096561851065163e-05
NEW,LUCID   GROUP     INC,549498202,CALL,18200.0,,121758.0,0.0,4.406833101761378e-05,4.406833101761378e-05
NEW,NEXTNRG   INC,652941105,,346725.0,,121423.0,0.0,4.3947083207277695e-05,4.3947083207277695e-05
ADD,DAEDALUS    SPL    ACQUISITION         COR,G2616C116,CALL,233149.0,133.149,121237.0,1.7062648004618965e-05,4.387976352750901e-05,2.6817115522890046e-05
TRIM,ABRDN   EMERGING     MARKETS       EX  CH,00301W105,,12587.0,-77.5632798573975,120835.0,0.00017019741687319544,4.3734266155105705e-05,-0.00012646315071808973
TRIM,BLACKROCK   MUNIHOLDINGS          FD   IN,09253N104,,10135.0,-37.31057091606358,120606.0,7.589299367595933e-05,4.3651383323562534e-05,-3.2241610352396796e-05
TRIM,EQUINOX  GOLD   CORP,29446Y502,CALL,12400.0,-82.96703296703298,120528.0,0.00043808889762649575,4.3623152490111154e-05,-0.0003944657451363846
NEW,NEONODE   INC,64051M709,,127163.0,,119660.0,0.0,4.3308993984523934e-05,4.3308993984523934e-05
NEW,XUNLEI   LTD,98419E108,,21309.0,,119224.0,0.0,4.3151190864205924e-05,4.3151190864205924e-05
NEW,AVERIN     CAP     ACQUISITION    CORP,G0679A118,CALL,184800.0,,119104.0,0.0,4.3107758812742254e-05,4.3107758812742254e-05
ADD,NEW  AMER  ACQUISITION       I   CORP,023634116,CALL,193850.0,9.45793337097685,116310.0,3.685115806851242e-05,4.209651588116312e-05,5.245357812650699e-06
NEW,ABONY   ACQUISITION       CORP  I,G00582117,CALL,242000.0,,116160.0,0.0,4.204222581683353e-05,4.204222581683353e-05
ADD,HCM   III  ACQUISITION         CORP,G4365E111,CALL,178399.0,8.780541344764298,115959.0,3.071276640831413e-05,4.1969477130631877e-05,1.1256710722317745e-05
TRIM,LUCID   GROUP     INC,549498202,,17320.0,-92.91380784636219,115871.0,0.000969371897843488,4.193762695955852e-05,-0.0009274342708839295
TRIM,BROADWAY   FINL   CORP    DEL,111444709,,11979.0,-21.361517757500163,115717.0,4.6024204100654155e-05,4.1881889160180144e-05,-4.142314940474011e-06
ADD,ZIPRECRUITER       INC,98980B103,,30801.0,11.106702258134334,115504.0,2.1227598766331806e-05,4.1804797268832125e-05,2.057719850250032e-05
KEEP,SIZZLE   ACQUISITION           CORP.  II,G8193F133,,709400.0,0.008599555360694957,115278.0,5.018416091660955e-05,4.1723000238575544e-05,-8.461160678034008e-06
NEW,IDEA   ACQUISITION        CORP,G4727U118,CALL,333332.0,,113333.0,0.0,4.101903907110188e-05,4.101903907110188e-05
NEW,COINSHARES     PLC,G670AQ104,,30051.0,,113292.0,0.0,4.100419978685179e-05,4.100419978685179e-05
NEW,ILLUMINATION        ACQUISITIO      CORP,G470AU118,CALL,233333.0,,112000.0,0.0,4.0536581366092934e-05,4.0536581366092934e-05
TRIM,SIMILARWEB     LTD,M84137104,,18198.0,-97.79621998079352,111554.0,0.0008969297206859264,4.037515890815296e-05,-0.0008565545617777734
NEW,SKILLSOFT       CORP,83066P309,,21411.0,,110909.0,0.0,4.014171163153572e-05,4.014171163153572e-05
TRIM,GRAY  MEDIA  INC,389375106,,27930.0,-5.810541935048731,110882.0,5.355757127576665e-05,4.0131939419956395e-05,-1.3425631855810255e-05
TRIM,KNOT   OFFSHORE  PARTNERS       LP,Y48125101,,11031.0,-86.6715802955427,110089.0,0.0003471836868414969,3.984492594653397e-05,-0.0003073387608949629
NEW,K2   CAP  ACQUISITION    CORP,G5226B113,,500000.0,,110000.0,0.0,3.9812713841698416e-05,3.9812713841698416e-05
TRIM,ELECTROVAYA  INC,28617B606,,10472.0,-11.53163808397398,109956.0,3.852204908652572e-05,3.979678875616174e-05,1.2747396696360214e-06
NEW,NEWHOLD   INVTS     CORP   IV,G6486G115,CALL,191666.0,,109250.0,0.0,3.954126352005047e-05,3.954126352005047e-05
TRIM,CAESARSTONE    LTD,M20598104,,51791.0,-68.30047557549531,108761.0,7.275263411881654e-05,3.936427791033601e-05,-3.3388356208480524e-05
NEW,OPKO   HEALTH   INC,68375N103,,72301.0,,108452.0,0.0,3.925244037781706e-05,3.925244037781706e-05
KEEP,LIFEZONE    METALS     LIMITED,G5568L117,CALL,264000.0,0.0,108240.0,5.493340333194398e-05,3.9175710420231245e-05,-1.5757692911712733e-05
TRIM,CORBUS   PHARMACEUTICALS        HLDGS,21833P301,,11438.0,-89.38961038961038,107288.0,0.0004212568034510124,3.883114947861945e-05,-0.00038242565397239293
KEEP,TRANSLATIONAL       DEV  ACQUISITIO,G9008W113,CALL,75000.0,0.0,106875.0,3.7454593180870894e-06,3.8681670834831984e-05,3.4936211516744894e-05
ADD,LEGATO     MERGER     CORP  IV,G7318R113,CALL,256882.0,187.4944041543558,106837.0,1.1965910196995341e-05,3.866791735186849e-05,2.6702007154873146e-05
KEEP,JENA   ACQUISITION       CORP   II,G5093B113,,626206.0,0.0,106455.0,4.4302541300773455e-05,3.852965865470914e-05,-5.772882646064315e-06
ADD,ORAMED   PHARMACEUTICALS        INC,68403P203,,21861.0,36.47771257335498,105151.0,2.2664606658037887e-05,3.805769702880391e-05,1.5393090370766022e-05
NEW,PALOMA     ACQUISITION   CORP    I,G6881J110,CALL,300000.0,,105000.0,0.0,3.800304503071212e-05,3.800304503071212e-05
ADD,LIVEWIRE   GROUP     INC,53838J105,,93319.0,11.80748586216812,104517.0,5.765926539121847e-05,3.782823102357085e-05,-1.9831034367647624e-05
TRIM,CONNECT   BIOPHARMA       HLDGS  LTD,G23549101,,43708.0,-90.79057987656999,104025.0,0.0005174789018191091,3.76501596125698e-05,-0.0004798287422065393
KEEP,LIBERTY   ALL   STAR   EQUITY  FD,530158104,,17769.0,0.0,103238.0,4.104107855901251e-05,3.7365317741720554e-05,-3.6757608172919537e-06
NEW,MIDCAP   FINANCIAL   INVSTMNT   CO,03761U502,,10173.0,,102544.0,0.0,3.711413571075566e-05,3.711413571075566e-05
NEW,MICWARE    CO   LTD,59490A100,,26865.0,,102087.0,0.0,3.694873198143151e-05,3.694873198143151e-05
NEW,XSOLLA    SPAC    1,G9833K110,CALL,425000.0,,101660.0,0.0,3.679418626497328e-05,3.679418626497328e-05
TRIM,PIEDMONT     REALTY    TRUST      INC,720190206,,11103.0,-38.07585052983826,101592.0,4.902390085229546e-05,3.6769574769143867e-05,-1.2254326083151591e-05
KEEP,SOLARIUS   CAPITAL    ACQU  CORP,G82617112,CALL,350000.0,0.0,101500.0,3.7870755327325014e-05,3.673627686302172e-05,-1.1344784643032926e-06
NEW,ARMADA  ACQUISITION            CORP  III,G0R38M119,CALL,306000.0,,100980.0,0.0,3.6548071306679145e-05,3.6548071306679145e-05
NEW,HENNESSY    CAP      INVTS    CORP   VIII,G44055120,,625000.0,,100625.0,0.0,3.641958482109912e-05,3.641958482109912e-05
TRIM,CHARGEPOINT      HOLDINGS     INC,15961R303,,17002.0,-87.83633931190397,100482.0,0.00028270560468062774,3.636782829310491e-05,-0.00024633777638752286
ADD,BLACK   SPADE    ACQUISITION        III,G1154S111,CALL,250000.0,400.0,99950.0,7.282837562947118e-06,3.617527953161597e-05,2.8892441968668854e-05
NEW,FG   IMPERII   ACQUISITION      CORP,G3R41C110,CALL,400000.0,,99920.0,0.0,3.6164421518750055e-05,3.6164421518750055e-05
KEEP,ALUSSA   ENERGY     ACQUISIT     CORP,G0233J118,CALL,249999.0,0.0,99875.0,3.7454593180870895e-05,3.6148134499451175e-05,-1.3064586814197205e-06
KEEP,REE   AUTOMOTIVE     LTD,M8287R202,,509395.0,0.40920998425054056,99841.0,0.00012659153100558616,3.613582875153647e-05,-9.04557022540497e-05
NEW,CO-DIAGNOSTICS       INC,189763204,,31995.0,,99184.0,0.0,3.589803826977287e-05,3.589803826977287e-05
NEW,LGL   GROUP    INC,50186A108,,14319.0,,98944.0,0.0,3.5811174166845523e-05,3.5811174166845523e-05
ADD,SOLANA   CO,42328V876,,59071.0,0.6148867313915858,97467.0,4.226875689105217e-05,3.527659800008017e-05,-6.992158890971998e-06
TRIM,REDWOOD    TRUST     INC,758075402,,20524.0,-52.64967124235783,97284.0,0.00010119606834251635,3.5210364121598084e-05,-6.598570422091827e-05
NEW,ITHAX   ACQUISITION      CORP   III,G4977S110,CALL,400000.0,,96000.0,0.0,3.47456411709368e-05,3.47456411709368e-05
NEW,GCT   SEMICONDUCTOR       HLDG      INC,36170N107,,31956.0,,94909.0,0.0,3.435077143637959e-05,3.435077143637959e-05
NEW,AMERICAN     DRIVE      ACQUISITION        C,G0R91M113,CALL,149999.0,,94499.0,0.0,3.4202378593878716e-05,3.4202378593878716e-05
TRIM,MDXHEALTH       SA,B5950S113,,228510.0,-58.05062343040931,93826.0,0.0005213987330765605,3.395879717191996e-05,-0.0004874399359046405
KEEP,BRIDGER  AEROSPACE        GRP  HLDGS,96812F110,CALL,334890.0,0.0,93769.0,5.4353689461933386e-05,3.393816694747472e-05,-2.041552251445867e-05
TRIM,BUMBLE     INC,12047B105,,29291.0,-90.10616342344107,93731.0,0.00040165182089370516,3.392441346451122e-05,-0.00036772740742919394
NEW,ZKH   GROUP     LTD,98877R104,,41431.0,,93634.0,0.0,3.3889305889578085e-05,3.3889305889578085e-05
TRIM,374WATER  INC,88583P203,,48459.0,-23.896348645465253,92072.0,7.52575140783239e-05,3.3323965353025964e-05,-4.193354872529793e-05
NEW,OUTLOOK     THERAPEUTICS         INC,69012T305,,57839.0,,91964.0,0.0,3.3284876506708666e-05,3.3284876506708666e-05
TRIM,IHEARTMEDIA       INC,45174J509,,21378.0,-95.46519027618685,91712.0,0.0005728663380528345,3.3193669198634954e-05,-0.0005396726688541996
TRIM,NAVIENT   CORPORATION,63938C108,PUT,10700.0,-7.758620689655173,91057.0,3.948879375273864e-05,3.295660258439575e-05,-6.532191168342886e-06
KEEP,C3     AI  INC,12468P104,PUT,10000.0,0.0,90900.0,3.504085273143699e-05,3.289977898373078e-05,-2.1410737477062098e-06
TRIM,CARIBOU   BIOSCIENCES     INC,142038108,,51171.0,-95.2373417868787,90061.0,0.0008495534057714428,3.2596116557247284e-05,-0.0008169572892141954
NEW,BLUEROCK     ACQUISITION       CORP,G1352R113,CALL,200000.0,,90000.0,0.0,3.2574038597753246e-05,3.2574038597753246e-05
NEW,EINRIDE    AB,28256A117,CALL,149940.0,,89964.0,0.0,3.256100898231415e-05,3.256100898231415e-05
TRIM,ATOSSA   THERAPEUTICS    INC,04962H704,,46508.0,-30.31360973343922,89760.0,0.00014609247302627983,3.2487174494825906e-05,-0.00011360529853145392
NEW,SOCIAL     COMM  PARTNERS   CORP,G8254P111,CALL,200000.0,,88460.0,0.0,3.2016660603969476e-05,3.2016660603969476e-05
KEEP,NAMIB   MINERALS,G63638111,CALL,401154.0,0.0,88254.0,2.2537677203369378e-05,3.194210224895683e-05,9.404425045587455e-06
NEW,X3   ACQUISITION      CORP  LTD,G9831H119,CALL,325000.0,,87912.0,0.0,3.1818320902285375e-05,3.1818320902285375e-05
TRIM,OVID   THERAPEUTICS         INC,690469101,,32295.0,-97.84199054070851,86874.0,0.0013826030143001327,3.144263365712462e-05,-0.0013511603806430081
TRIM,BRC   GROUP   HOLDINGS    INC,05580M108,,10703.0,-96.41879638366359,86052.0,0.0009104375116355341,3.114512410459847e-05,-0.0008792923875309357
NEW,MOUNTAIN   LAKE    ACQUISIT       CORP,G6301L117,CALL,318100.0,,85919.0,0.0,3.109698691422624e-05,3.109698691422624e-05
KEEP,LIGHTWAVE    ACQUISITION         CORP,G5490M126,CALL,275000.0,0.0,85222.0,2.7478354206072703e-05,3.084471908197475e-05,3.3663648759020463e-06
ADD,CVRX  INC,126638105,,16435.0,20.29717464500073,84476.0,5.378604429416996e-05,3.057471649537559e-05,-2.3211327798794366e-05
NEW,APOGEE     ACQUISITION   CORP,G04126135,,400000.0,,84000.0,0.0,3.04024360245697e-05,3.04024360245697e-05
NEW,AMPLITECH  GROUP  INC,03211Q200,,12027.0,,83708.0,0.0,3.0296751366008104e-05,3.0296751366008104e-05
NEW,MUZERO   ACQUISITION       CORP,G8775A114,CALL,275000.0,,83600.0,0.0,3.0257662519690793e-05,3.0257662519690793e-05
ADD,OUTDOOR    HOLDING     CO,00175J107,,36580.0,83.1655901056532,83402.0,1.6705580882961327e-05,3.018599963477574e-05,1.3480418751814413e-05
TRIM,XPONENTIAL      FITNESS   INC,98422X101,,11996.0,-85.494909433871,83012.0,0.00020719298320652743,3.004484546751881e-05,-0.0001771481377390086
NEW,IRENIC   ACQUISITION    CORP,G4939F123,CALL,150000.0,,82500.0,0.0,2.9859535381273812e-05,2.9859535381273812e-05
NEW,LOGISTIC    PROPERTIES     OF   THE     A,G5557R109,,24542.0,,82461.0,0.0,2.984541996454812e-05,2.984541996454812e-05
NEW,NERVGEN   PHARMA       CORP,64082X203,,39740.0,,81864.0,0.0,2.9629345508516356e-05,2.9629345508516356e-05
TRIM,COMSTOCK   INC,205750409,,19632.0,-97.86735726980015,81669.0,0.0011684463898969885,2.955876842488789e-05,-0.0011388876214721007
TRIM,CONTEXT   THERAPEUTICS    INC,21077P108,,147287.0,-89.65952762406502,81582.0,0.001553058867866276,2.952728018757673e-05,-0.0015235315876786992
TRIM,AMERICAS   CAR-MART       INC,03062T105,,29019.0,-46.51762841187637,80963.0,0.0002874502693123511,2.9303243188776622e-05,-0.00025814702612357446
NEW,NN   INC,629337106,,22528.0,,80876.0,0.0,2.9271754951465463e-05,2.9271754951465463e-05
TRIM,CIBUS   INC,17166A101,,59004.0,-86.11807774290541,80835.0,0.00035023498769929854,2.9256915667215376e-05,-0.0003209780720320832
NEW,BLUE   WTR   ACQUISITION       CORP   IV,G1368A112,CALL,237500.0,,80750.0,0.0,2.9226151297428607e-05,2.9226151297428607e-05
KEEP,RUM   GROUP   INC,78137L113,CALL,45485.0,0.0,80736.0,2.0254195505775617e-05,2.9221084224757848e-05,8.966888718982231e-06
TRIM,TRIPLEPOINT      VENTURE    GROWTH    B,89677Y100,,16434.0,-80.23167695139114,80691.0,0.00017263820786214885,2.9204797205458972e-05,-0.00014343341065668988
TRIM,APEX   TREAS    CORP,G04104124,CALL,268950.0,-2.9061371841155235,80685.0,2.7666459496269968e-05,2.9202625602885786e-05,1.5361661066158178e-06
KEEP,AGRICULTURE     &   NAT   SOL   ACQ  CO,G0131Y118,CALL,400000.0,0.0,80440.0,3.329297171632968e-05,2.911395183114746e-05,-4.179019885182221e-06
ADD,OPENDOOR     TECHNOLOGIES     INC,683712137,CALL,284386.0,1.058968181204381,80424.0,2.8809240750432985e-05,2.9108160890952308e-05,2.989201405193231e-07
TRIM,CATO   CORP   NEW,149205106,,24800.0,-48.02690864890919,80352.0,5.619812009501806e-05,2.90821016600741e-05,-2.7116018434943956e-05
KEEP,HALL   CHADWICK     ACQUISITION       CO,G42386113,,275000.0,0.0,79750.0,2.746670166597199e-05,2.8864217535231355e-05,1.3975158692593653e-06
NEW,REKOR  SYSTEMS    INC,759419104,,114176.0,,79341.0,0.0,2.8716186626492672e-05,2.8716186626492672e-05
NEW,CRANE   HBR   ACQUISITION     CORP     I,G25014112,,350000.0,,78680.0,0.0,2.8476948409680285e-05,2.8476948409680285e-05
KEEP,FUTURECREST     ACQUISITION       CORP,G3730U115,CALL,92125.0,0.0,78306.0,2.2620077308367295e-05,2.834158518261851e-05,5.7215078742512145e-06
KEEP,STELLAR     V   CAP   CORP,G8475V111,CALL,275000.0,0.0,77000.0,2.518946240057504e-05,2.7868899689188894e-05,2.679437288613854e-06
KEEP,VIKING     ACQUISITION       CORP  I,G9582G112,CALL,85000.0,0.0,76500.0,1.0435265822337086e-05,2.7687932808090262e-05,1.7252666985753178e-05
ADD,DYNAMIX   CORP,G2949D112,CALL,474870.0,346.4574480087248,75979.0,3.806760002259782e-05,2.7499365317985493e-05,-1.0568234704612324e-05
KEEP,SOULPOWER  ACQUISITION      CORP,G82745137,,645000.0,0.0,75207.0,4.8316425203323454e-05,2.7219952453569205e-05,-2.109647274975425e-05
TRIM,CHEGG   INC,163092109,,73899.0,-72.5038230993336,74638.0,8.29132329244939e-05,2.7014012142878966e-05,-5.589922078161493e-05
NEW,COINSHARES     PLC,G670AQ112,CALL,100000.0,,74500.0,0.0,2.6964065283695745e-05,2.6964065283695745e-05
KEEP,OYSTER     ENTERPRISES   II    ACQUIS,G6861F138,,670000.0,0.0,73767.0,3.485357976553264e-05,2.6698767836005157e-05,-8.154811929527484e-06
TRIM,BLACKROCK   ENHANCED       INTL    DIV,092524107,,12698.0,-86.02772887323944,72887.0,0.00020461069708777962,2.6380266125271564e-05,-0.00017823043096250806
TRIM,QUEST     RESOURCE   HLDG  CORP,74836W203,,57815.0,-23.428911992583274,72847.0,3.739258502104923e-05,2.6365788774783678e-05,-1.102679624626555e-05
NEW,B2GOLD     CORP,11777Q209,PUT,19400.0,,72556.0,0.0,2.6260466049984276e-05,2.6260466049984276e-05
TRIM,INSIGHT   DIGITAL     PARTNERS   II,G4814G113,CALL,231550.0,-3.3597662771285473,70947.0,2.7919486081314073e-05,2.5678114626608885e-05,-2.2413714547051882e-06
ADD,COINCHECK         GROUP  NV,N20967118,,31954.0,23.32690081049788,70938.0,1.595856983007618e-05,2.5674857222749112e-05,9.716287392672933e-06
ADD,TITAN    MNG     CORP,88831L202,,32176.0,40.28601325427276,70157.0,2.8348965416454723e-05,2.539218695447305e-05,-2.9567784619816713e-06
NEW,WATERDROP     INC,94132V105,,61475.0,,69467.0,0.0,2.5142452658556946e-05,2.5142452658556946e-05
ADD,VISTAGEN     THERAPEUTICS        INC,92840H400,CALL,306600.0,43.27102803738318,69292.0,5.089704667348546e-05,2.5079114250172425e-05,-2.5817932423313036e-05
NEW,KORU  MEDICAL     SYSTEMS    INC,759910102,,16356.0,,68695.0,0.0,2.4863039794140658e-05,2.4863039794140658e-05
NEW,KPET  ULTRA     PACELINE      CORP,G53157114,CALL,108750.0,,68512.0,0.0,2.479680591565856e-05,2.479680591565856e-05
ADD,OPENDOOR     TECHNOLOGIES     INC,683712145,CALL,284273.0,0.9901025273015354,68226.0,2.757573614834297e-05,2.4693292859670145e-05,-2.8824432886728254e-06
NEW,LAFAYETTE    DIGITAL       ACQUISITIO,G5345D115,CALL,200000.0,,68000.0,0.0,2.4611495829413564e-05,2.4611495829413564e-05
TRIM,MONTAUK     RENEWABLES  INC,61218C103,,43455.0,-78.99242944298878,67790.0,9.899748372279922e-05,2.4535489739352145e-05,-7.446199398344707e-05
KEEP,TMC  THE   METALS     COMPANY  INC,87261Y114,CALL,450000.0,0.0,67545.0,6.088244121550564e-05,2.4446815967613812e-05,-3.643562524789183e-05
ADD,LEAPFROG     ACQUISITION        CORP,G5414D111,CALL,187500.0,200.0,67500.0,7.5429389044809435e-06,2.4430528948314936e-05,1.6887590043833992e-05
TRIM,GAMESTOP     CORP  NEW,36467W117,CALL,23837.0,-68.34353709876625,66505.0,0.00012096252181264774,2.4070404854928663e-05,-9.689211695771907e-05
KEEP,VINFAST   AUTO    LTD,Y9390M111,CALL,183850.0,0.0,66002.0,2.6013879612700653e-05,2.3888352172543442e-05,-2.125527440157211e-06
ADD,ACTIVATE     ENERGY    ACQUISIT      COR,G0081J111,CALL,200000.0,100.0,65960.0,1.3733350832985995e-05,2.387315095453116e-05,1.0139800121545165e-05
NEW,TRANSOCEAN        LTD,H8817H100,CALL,13400.0,,65526.0,0.0,2.371607170173755e-05,2.371607170173755e-05
TRIM,EVOTEC   AG,30050E105,,22833.0,-77.06793347260164,63932.0,0.00010359108149535981,2.3139149284795117e-05,-8.045193221056469e-05
KEEP,ARMADA  ACQUISITION            CORP  II,G0R38G112,CALL,75000.0,0.0,63750.0,1.8723967293263815e-05,2.3073277340075216e-05,4.349310046811401e-06
NEW,AVITA   MEDICAL     INC,05380C102,,15429.0,,63722.0,0.0,2.3063143194733695e-05,2.3063143194733695e-05
KEEP,NET  POWER   INC,64107A113,CALL,218671.0,0.0,63415.0,2.457062928879776e-05,2.2952029529739134e-05,-1.618599759058627e-06
TRIM,NET  POWER   INC,64107A105,,37844.0,-94.4567565786101,63199.0,0.000443221009216568,2.287385183710453e-05,-0.00042034715737946347
NEW,ENHANCED     GROUP  INC,29333R107,,21884.0,,62807.0,0.0,2.2731973802323202e-05,2.2731973802323202e-05
NEW,VINE   HILL   CAP     INVTS   CORP   II,G9709D117,CALL,133333.0,,62667.0,0.0,2.2681303075615587e-05,2.2681303075615587e-05
KEEP,K&F   GROWTH   ACQUISITION      CORP,G52258129,,499700.0,0.0,62562.0,3.743212042496237e-05,2.2643300030584876e-05,-1.4788820394377494e-05
NEW,SHIMMICK    CORPORATION,82455M109,,13555.0,,61946.0,0.0,2.2420348833071365e-05,2.2420348833071365e-05
NEW,BIGBEAR    AI   HLDGS     INC,08975B109,PUT,16800.0,,61656.0,0.0,2.231538804203416e-05,2.231538804203416e-05
TRIM,MEDIACO   HLDG   INC,58450D104,,62147.0,-30.387786191137593,61277.0,2.4476576643699127e-05,2.2178215146161398e-05,-2.298361497537729e-06
NEW,SOREN   ACQUISITION   CORP,G8274J111,CALL,209999.0,,60480.0,0.0,2.1889753937690185e-05,2.1889753937690185e-05
KEEP,TRAILBLAZER       ACQUISITION  CORP,G9009S111,CALL,149999.0,0.0,60000.0,2.4763728524752474e-05,2.17160257318355e-05,-3.0477027929169746e-06
NEW,QDRO  ACQUISITION          CORP,G7310E110,CALL,212500.0,,59500.0,0.0,2.153505885073687e-05,2.153505885073687e-05
ADD,ART   TECHNOLOGY         ACQUISITION        C,G0579E111,CALL,150000.0,118.18181818181819,59280.0,8.637861511801736e-06,2.1455433423053473e-05,1.2817571911251738e-05
TRIM,YATSEN  HLDG      LTD,985194208,,17764.0,-71.77001557384864,56312.0,8.06572179285661e-05,2.038121401685201e-05,-6.027600391171409e-05
KEEP,EGH  ACQUISITION      CORP.,G2946P118,,150000.0,0.0,56288.0,1.5606080492029538e-05,2.0372527606559276e-05,4.766447114529738e-06
TRIM,SMARTRENT      INC,83193G107,,47010.0,-98.54650219044996,55942.0,0.0020189690373075228,2.0247298524839025e-05,-0.0019987217387826836
NEW,IRIS   ACQUISITION     CORP  II,G4940M117,CALL,212500.0,,53125.0,0.0,1.922773111672935e-05,1.922773111672935e-05
NEW,ONE   AND  ONE   GREEN     TECHNOLOGI,G6772F102,,26221.0,,52966.0,0.0,1.9170183648539983e-05,1.9170183648539983e-05
NEW,LAUNCHPAD   CADENZA       ACQU   CORP,G6001S115,CALL,149999.0,,52500.0,0.0,1.900152251535606e-05,1.900152251535606e-05
KEEP,WEN   ACQUISITION       CORP,G9R39C111,CALL,147450.0,0.0,52242.0,1.9666990717128853e-05,1.8908143604709168e-05,-7.588471124196854e-07
TRIM,SCRIPPS   E  W    CO   OHIO,811054402,,18738.0,-84.1036343275985,51904.0,0.0001824866850579856,1.8785809993086496e-05,-0.00016370087506489912
KEEP,INVEST   GREEN  ACQUISITION      COR,G4924G110,,286000.0,0.0,51509.0,2.2614251038316935e-05,1.864284615701858e-05,-3.9714048812983555e-06
NEW,NIO   INC,62914VAK2,,51000.0,,51285.0,0.0,1.8561772994286392e-05,1.8561772994286392e-05
KEEP,PIONEER     ACQUISITION       I   CORP,G7117W115,CALL,237500.0,0.0,51229.0,1.7790931760913675e-05,1.8541504703603347e-05,7.505729426896715e-07
NEW,NRX   PHARMACEUTICALS          INC,629444209,,12305.0,,50327.0,0.0,1.821504045010142e-05,1.821504045010142e-05
TRIM,NOUVEAU    MONDE     GRAPHITE    INC,66979W842,,33928.0,-92.96987830728395,50162.0,0.0004499645006377106,1.8155321379338874e-05,-0.0004318091792583717
NEW,CAMBRIDGE     ACQUISITION      CORP,G1871M116,CALL,166666.0,,50000.0,0.0,1.8096688109862914e-05,1.8096688109862914e-05
NEW,SOUTHLAND   HLDGS     INC,84445C100,,74680.0,,49565.0,0.0,1.793924692330711e-05,1.793924692330711e-05
NEW,NOVA  MINERALS       CORP,66982H105,,10383.0,,49008.0,0.0,1.7737649817763234e-05,1.7737649817763234e-05
TRIM,ARQ  INC,00770C101,,19015.0,-58.22623519848854,48488.0,4.849495876415227e-05,1.754944426142066e-05,-3.094551450273161e-05
NEW,IRON  HORSE     ACQUISIT     II  CORP,46283H129,,300000.0,,48240.0,0.0,1.7459684688395743e-05,1.7459684688395743e-05
NEW,CLEANCORE       SOLUTIONS     INC,184492106,,58818.0,,48231.0,0.0,1.7456427284535967e-05,1.7456427284535967e-05
NEW,BRAZIL   POTASH  CORP,10586A108,,22405.0,,48171.0,0.0,1.7434711258804128e-05,1.7434711258804128e-05
KEEP,SYNTEC     OPTICS  HLDGS   INC,87169M113,CALL,18750.0,0.0,47812.0,8.427283465695951e-06,1.7304777038175315e-05,8.877493572479364e-06
KEEP,SATELLOGIC     INC,80401C118,CALL,36833.0,0.0,47515.0,1.839436687327215e-05,1.7197282710802727e-05,-1.1970841624694221e-06
KEEP,RENATUS    TACTICAL   ACQUIS,G7490F127,CALL,62500.0,0.0,47500.0,1.1967158683434703e-05,1.7191853704369768e-05,5.224695020935065e-06
TRIM,GREAT   ELM  GROUP     INC,39037G109,,21690.0,-32.94172205905086,47284.0,2.5171567428277515e-05,1.7113676011735163e-05,-8.057891416542352e-06
NEW,AGEAGLE    AERIAL   SYS   INC  NEW,00848K309,,52280.0,,46597.0,0.0,1.6865027517105645e-05,1.6865027517105645e-05
TRIM,IONEER   LTD,46211L101,,10713.0,-67.34040607280043,46387.0,5.8084999267041036e-05,1.6789021427044222e-05,-4.129597783999682e-05
TRIM,CANGO   INC,G1820C102,,226287.0,-60.53716486053804,46276.0,9.807901386557498e-05,1.6748846779440325e-05,-8.133016708613465e-05
NEW,BIGBEAR    AI   HLDGS     INC,08975B109,CALL,12600.0,,46242.0,0.0,1.6736541031525618e-05,1.6736541031525618e-05
KEEP,AURORA   INNOVATION      INC,051774115,CALL,144268.0,0.0,46180.0,1.194759906255136e-05,1.671410113826939e-05,4.76650207571803e-06
NEW,PROCAP   FINL   INC,74277P105,,29369.0,,45228.0,0.0,1.63695401966576e-05,1.63695401966576e-05
KEEP,REPUBLIC    DIGITAL   ACQUISITION,G7515A129,CALL,110000.0,0.0,44000.0,2.0137670104768465e-05,1.5925085536679367e-05,-4.212584568089098e-06
KEEP,GALATA   ACQUISITION      CORP     II,G3R25N116,CALL,125000.0,0.0,43925.0,1.561107443778699e-05,1.589794050451457e-05,2.868660667275811e-07
TRIM,DATA   STORAGE     CORP,23786R201,,12689.0,-42.254482570310365,43777.0,3.5390012772312e-05,1.5844374307709376e-05,-1.9545638464602625e-05
NEW,CI&T   INC,G21307106,,13100.0,,43754.0,0.0,1.583604983117884e-05,1.583604983117884e-05
NEW,ANNOVIS   BIO  INC,03615A108,,23463.0,,43641.0,0.0,1.579515131605055e-05,1.579515131605055e-05
KEEP,OXLEY   BRIDGE     ACQ  LTD,G6858G115,CALL,200000.0,0.0,43310.0,1.664648585816484e-05,1.567535124076326e-05,-9.711346174015813e-07
KEEP,NEW  ERA  ENERGY    &  DIGITAL     INC,64428N117,CALL,15000.0,0.0,43050.0,1.1361226598197505e-05,1.558124846259197e-05,4.220021864394466e-06
TRIM,OMS   ENERGY     TECHNOLOGIES      INC,G6755S105,,11078.0,-42.302083333333336,42761.0,3.4518153075490614e-05,1.5476649605316962e-05,-1.9041503470173653e-05
NEW,SPERO   THERAPEUTICS      INC,84833T103,,19298.0,,42649.0,0.0,1.543611302395087e-05,1.543611302395087e-05
KEEP,POLESTAR     AUTOMOTIVE      HLDG  UK,731105607,,16350.0,0.0,42020.0,3.4361676108423864e-05,1.5208456687528794e-05,-1.915321942089507e-05
KEEP,SKY   HARBOUR    GROUP     CORPORATIO,83085C115,CALL,90625.0,0.0,41688.0,2.6400494246756533e-05,1.5088294678479306e-05,-1.1312199568277227e-05
TRIM,FREIGHTOS      LTD,G51405101,,26835.0,-44.84069886947585,40789.0,3.3203913016988504e-05,1.476291622626397e-05,-1.8440996790724532e-05
NEW,APOGEE     ACQUISITION   CORP,G04126119,CALL,400000.0,,40000.0,0.0,1.4477350487890333e-05,1.4477350487890333e-05
ADD,MESHFLOW   ACQUISITION       CORP,G6032N119,CALL,133332.0,100.0,39998.0,7.21333848448928e-06,1.4476626620365939e-05,7.263288135876658e-06
ADD,SC   II  ACQUISITION     CORP,G7866D110,,212700.0,30.73140749846343,39605.0,1.4896107870178807e-05,1.4334386651822417e-05,-5.617212183563905e-07
KEEP,SOLID    POWER     INC,83422N113,CALL,385868.0,0.0,39436.0,3.5167782186105495e-05,1.427321984601108e-05,-2.0894562340094415e-05
KEEP,COINCHECK         GROUP  NV,N20967100,CALL,169823.0,0.0,39059.0,1.2014601168130475e-05,1.4136770817662711e-05,2.1221696495322366e-06
KEEP,BLUE   WTR   ACQUISITION       CORP.   I,G1368E114,CALL,100000.0,0.0,38000.0,2.0808107322706052e-05,1.3753482963495817e-05,-7.0546243592102346e-06
KEEP,MCKINLEY   ACQUISITION       CORP,G6005T119,,150000.0,0.0,36660.0,7.490918636174179e-06,1.326849172215149e-05,5.777573085977312e-06
ADD,AMERICAN  BITCOIN   CORP.,02462A104,,52713.0,159.15929203539824,35903.0,7.824680677630385e-06,1.2994507864168164e-05,5.16982718653778e-06
TRIM,XTANT  MED  HLDGS   INC,98420P308,,84490.0,-36.16362180213669,35570.0,3.0735239164222656e-05,1.287398392135648e-05,-1.7861255242866177e-05
NEW,INDAPTUS   THERAPEUTICS       INC,45339J204,,11586.0,,34758.0,0.0,1.2580093706452304e-05,1.2580093706452304e-05
KEEP,LAUNCH     TWO  ACQUISITION     CORP.,G5S87A113,CALL,100000.0,0.0,34510.0,6.49629110614883e-06,1.2490334133427385e-05,5.994043027278555e-06
KEEP,AA   MISSION     ACQUISITION   CORP,G1000S125,CALL,150000.0,0.0,33000.0,1.0050315836867022e-05,1.1943814152509526e-05,1.8934983156425038e-06
TRIM,BTC   DEV   CORP,G0701G117,CALL,93620.0,-1.9593469541632196,32982.0,1.9075208144871093e-05,1.1937299344789974e-05,-7.137908800081118e-06
KEEP,OAKTREE    ACQUISITION       CORP      III,G6717R112,CALL,35000.0,0.0,32949.0,1.0924256344420677e-05,1.1925355530637464e-05,1.001099186216787e-06
NEW,COLOMBIER     ACQUISITION      CORP      I,G2284A111,CALL,40937.0,,32750.0,0.0,1.185333071196021e-05,1.185333071196021e-05
NEW,BRC   INC,05601U105,,29278.0,,32499.0,0.0,1.1762485337648699e-05,1.1762485337648699e-05
KEEP,PROCAP     ACQUISITION      CORP,G7257A121,CALL,99000.0,0.0,31690.0,1.3184016799666555e-05,1.1469680924031117e-05,-1.7143358756354378e-06
KEEP,BITCOIN   INFRASTRUCTURE       ACQUI,G1143H119,CALL,98300.0,0.0,31102.0,1.2149853865728064e-05,1.1256863871859128e-05,-8.929899938689357e-07
KEEP,BRAND  ENGAGEMENT          NETWORK  INC,104932116,CALL,220867.0,0.0,30921.0,2.3898111260127898e-05,1.1191353860901425e-05,-1.2706757399226473e-05
NEW,BITFUFU     INC,G1152A104,,21920.0,,30907.0,0.0,1.1186286788230663e-05,1.1186286788230663e-05
KEEP,BIGBEAR    AI   HLDGS     INC,08975B117,CALL,83986.0,0.0,29815.0,1.5738836216748404e-05,1.0791055119911257e-05,-4.947781096837147e-06
TRIM,COHERUS    ONCOLOGY   INC,19249H103,,20749.0,-93.34938106197073,29049.0,0.00021942398869081406,1.0513813858068157e-05,-0.00020891017483274591
KEEP,MONEYHERO       LIMITED,G6202B119,CALL,635651.0,0.0,28477.0,2.248524077291616e-05,1.0306787746091325e-05,-1.2178453026824836e-05
KEEP,M3BRIGADE     ACQUISITION      V  CORP,G63212115,CALL,75000.0,0.0,27750.0,9.310379540471597e-06,1.0043661900973918e-05,7.332823605023208e-07
KEEP,DYNAMIX   CORP   III,G2949T117,CALL,100000.0,0.0,27520.0,1.2464056286300924e-05,9.960417135668549e-06,-2.5036391506323744e-06
TRIM,BED   BATH  &    BEYOND     INC,075896159,CALL,64478.0,-4.705743253229286,27081.0,1.5810832268084968e-05,9.801528214063953e-06,-6.009304054021015e-06
KEEP,FIGX   CAP   ACQUISITION       CORP.,G3473K118,CALL,96250.0,0.0,26950.0,1.0823128942832326e-05,9.754114891216112e-06,-1.0690140516162136e-06
ADD,CLEAR  CHANNEL    OUTDOOR    HLDGS,18453H106,PUT,11100.0,7.766990291262135,26862.0,1.0158934157091549e-05,9.722264720142753e-06,-4.3666943694879556e-07
TRIM,ECARX   HOLDINGS    INC,G29201103,,20719.0,-71.36915125887849,26728.0,2.944721732094715e-05,9.67376559600832e-06,-1.9773451724938832e-05
TRIM,INSPIREMD     INC,45779A846,,37677.0,-66.48639513266859,26378.0,7.626129717557123e-05,9.54708877923928e-06,-6.671420839633194e-05
KEEP,ALDEL   FINL   II   INC,G01558124,CALL,87500.0,0.0,26215.0,1.2744965735157457e-05,9.488093576001128e-06,-3.2568721591563297e-06
KEEP,BAKKT   INC,05759B115,CALL,400000.0,0.0,25800.0,2.2639220767104187e-05,9.337891064689264e-06,-1.3301329702414923e-05
KEEP,BETTER   HOME      &  FINANCE     HOLDIN,08774B110,CALL,135188.0,0.0,25280.0,1.6309810681683458e-05,9.149685508346692e-06,-7.160125173336766e-06
TRIM,CLARIVATE     PLC,G21810109,,11659.0,-99.5206624142021,25183.0,0.0025609607218770726,9.114577933413556e-06,-0.002551846143943659
KEEP,BLUE   GOLD  LTD,G1331C112,CALL,260000.0,0.0,24986.0,2.1640431615614295e-05,9.043276982260696e-06,-1.2597154633353598e-05
KEEP,CHENGHE     ACQUISITION      III   CO,G2086N121,CALL,120000.0,0.0,24600.0,1.1985469817878687e-05,8.903570550052556e-06,-3.0818992678261316e-06
TRIM,DINGDONG  CAYMAN   LTD,25445D101,,12674.0,-81.47888353061524,24461.0,7.318835588615399e-05,8.853261757107136e-06,-6.433509412904686e-05
KEEP,ARCHER   AVIATION     INC,03945R110,CALL,202466.0,0.0,24296.0,2.360097148755966e-05,8.793542686344588e-06,-1.4807428801215071e-05
KEEP,NEW   PROVIDENCE     ACQUISITION         C,G6476A110,CALL,86666.0,0.0,24266.0,6.852942065660011e-06,8.78268467347867e-06,1.9297426078186595e-06
KEEP,FORAFRIC    GLOBAL    PLC,X3R81D110,CALL,38231.0,0.0,24086.0,1.118810314527259e-05,8.717536596283164e-06,-2.470566548989426e-06
NEW,AIB   DATA     CENTERS     INC,093919108,,11209.0,,23763.0,0.0,8.60063199109345e-06,8.60063199109345e-06
KEEP,SOUNDHOUND       AI  INC,836100115,CALL,12250.0,0.0,23520.0,1.1113610121057302e-05,8.512682086879515e-06,-2.600928034177787e-06
NEW,TTEC   HLDGS  INC,89854H102,,12097.0,,23468.0,0.0,8.493861531245258e-06,8.493861531245258e-06
NEW,BEYOND   MEAT      INC,08862E109,CALL,30000.0,,22500.0,0.0,8.143509649438311e-06,8.143509649438311e-06
TRIM,WEREWOLF    THERAPEUTICS        INC,95075A107,,62055.0,-53.0064369556986,22334.0,4.5754947191898336e-05,8.083428644913567e-06,-3.767151854698477e-05
NEW,WILLOW    LANE   ACQUISITION        CRP,G9675K111,CALL,25000.0,,22250.0,0.0,8.053026208888998e-06,8.053026208888998e-06
NEW,VERAXA     BIOTECH        AG,H9130A111,CALL,200000.0,,22060.0,0.0,7.984258794071519e-06,7.984258794071519e-06
KEEP,SPECTRAL    AI   INC,84757T113,CALL,39330.0,0.0,21828.0,9.164306627066198e-06,7.900290161241755e-06,-1.2640164658244434e-06
KEEP,VIVID   SEATS    INC,92854T118,CALL,533333.0,0.0,21760.0,1.0986680666388795e-05,7.875678665412342e-06,-3.111002000976453e-06
KEEP,GRABAGUN     DIGITAL       HLDGS    INC,38387Q113,CALL,72238.0,0.0,21679.0,1.420153324774688e-05,7.846362030674362e-06,-6.355171217072517e-06
NEW,TWELVE   SEAS  INVT      CO  III,G9145D119,,150000.0,,21465.0,0.0,7.76890820556415e-06,7.76890820556415e-06
KEEP,EVE  HLDG  INC,29970N112,CALL,125000.0,0.0,21250.0,2.0808107322706052e-05,7.691092446691739e-06,-1.3117014876014313e-05
NEW,AVALANCHE     TREAS   CORP,05338N101,,41577.0,,20805.0,0.0,7.5300319225139596e-06,7.5300319225139596e-06
KEEP,CSLM  DIGITA      ASSET     ACQ  CORP  I,G2584S119,CALL,100000.0,0.0,20110.0,1.0820215807807147e-05,7.278487957786865e-06,-3.5417278500202825e-06
NEW,ENGENE    THERAPEUTICS   INC,29286X119,CALL,69000.0,,20003.0,0.0,7.239761045231758e-06,7.239761045231758e-06
KEEP,CXAPP   INC,23248B117,CALL,350000.0,0.0,19950.0,4.661016040286156e-06,7.2205785558353034e-06,2.5595625155491472e-06
NEW,ORGANIGRAM     GLOBAL    INC,68617J100,,17363.0,,17710.0,0.0,6.409846928513445e-06,6.409846928513445e-06
KEEP,SUNPOWER    INC,20460L112,CALL,126447.0,0.0,17399.0,1.3155717773707673e-05,6.297285528470097e-06,-6.858432245237576e-06
KEEP,LOTUS   TECHNOLOGY         INC,54572F119,CALL,299351.0,0.0,17392.0,5.0830044567906345e-06,6.294751992134716e-06,1.2117475353440817e-06
KEEP,ALVOTECH,L01800116,CALL,69711.0,0.0,16034.0,8.993263984873556e-06,5.80324594307084e-06,-3.190018041802716e-06
KEEP,TAILWIND     2.0   ACQUISITION    COR,G8662J129,,125000.0,0.0,15638.0,9.883850978285375e-06,5.659920173240726e-06,-4.223930805044649e-06
NEW,NANO   X  IMAGING      LTD,M70700105,,13306.0,,15435.0,0.0,5.586447619514682e-06,5.586447619514682e-06
KEEP,REZOLVE     AI  PLC,G75398118,CALL,17128.0,0.0,15415.0,6.14796338956673e-06,5.5792089442707364e-06,-5.687544452959933e-07
TRIM,MEGA   MATRIX   INC,G6005C108,,52067.0,-50.74403776476487,15360.0,3.343321835968472e-05,5.559302587349888e-06,-2.787391577233483e-05
KEEP,VEEA   INC,693489114,CALL,228432.0,0.0,14277.0,9.297478513931518e-06,5.167328322890257e-06,-4.130150191041262e-06
KEEP,FOLD   HLDGS   INC,29103K118,CALL,138500.0,0.0,14196.0,6.340230301228534e-06,5.138011688152279e-06,-1.2022186130762547e-06
KEEP,ARQIT     QUANTUM     INC,G0567U119,CALL,195000.0,0.0,13942.0,1.2010439546665933e-05,5.046080512554176e-06,-6.964359034111757e-06
KEEP,CODERE    ONLINE            LUXEMBOURG      S  A,L18268117,CALL,13750.0,0.0,13475.0,3.891116069346032e-06,4.877057445608056e-06,9.85941376262024e-07
KEEP,1RT   ACQUISITION       CORP.,G6757R113,CALL,25000.0,0.0,12725.0,4.474575398674709e-06,4.605607123960112e-06,1.3103172528540255e-07
NEW,STABLECOINX       INC,85238K118,CALL,30000.0,,12299.0,0.0,4.4514233412640804e-06,4.4514233412640804e-06
KEEP,LIVEWIRE   GROUP     INC,53838J113,CALL,600000.0,0.0,12000.0,1.248486439362363e-05,4.3432051463671e-06,-8.14165924725653e-06
NEW,FARADAY     FUTURE     INTLGT    ELEC    I,307359885,,49243.0,,11351.0,0.0,4.108310134701079e-06,4.108310134701079e-06
KEEP,OMNIAB   INC,68218J111,CALL,123181.0,0.0,10926.0,4.1008617911589084e-06,3.954488285767245e-06,-1.463735053916637e-07
KEEP,BAIRD   MED     INVT    HLDGS    LTD,G0705H111,CALL,269164.0,0.0,10847.0,8.961219499596589e-06,3.9258955185536606e-06,-5.035323981042928e-06
KEEP,SILVERBOX       CORP   IV,G81354121,CALL,66666.0,0.0,10667.0,6.212468522267119e-06,3.860747441358155e-06,-2.351721080908964e-06
KEEP,ENVOY   MEDICAL   INC,29415V117,CALL,207720.0,0.0,10344.0,5.740124486041692e-06,3.7438428361684406e-06,-1.9962816498732517e-06
KEEP,RAIN   ENHANCEMENT       TECHNOLOGIE,75080J111,CALL,54904.0,0.0,10157.0,4.775460630561039e-06,3.676161222637553e-06,-1.099299407923486e-06
NEW,DOCGO   INC,256086109,,19565.0,,10097.0,0.0,3.654445196905717e-06,3.654445196905717e-06
NEW,ONCOLYTICS        BIOTECH  INC,68237V103,,10541.0,,10013.0,0.0,3.6240427608811477e-06,3.6240427608811477e-06
KEEP,PAGAYA    TECHNOLOGIES      LTD,M7S64L107,CALL,189516.0,0.0,9950.0,2.9971997787625796e-06,3.60124093386272e-06,6.040411551001404e-07
KEEP,ADS   TEC   ENERGY   PLC,G0085J109,CALL,15625.0,0.0,9406.0,3.0654503707810557e-06,3.404348967227412e-06,3.388985964463561e-07
KEEP,CLEANSPARK   INC,18452B118,CALL,30000.0,0.0,9000.0,3.0587917764377895e-06,3.2574038597753253e-06,1.9861208333753584e-07
KEEP,GORILLA      TECHNOLOGY       GROUP   INC,G4000K118,CALL,24938.0,0.0,8950.0,3.1133090176232794e-06,3.239307171665462e-06,1.2599815404218268e-07
KEEP,ZEO   ENERGY   CORP,98944F117,CALL,219000.0,0.0,8453.0,3.7458754802335435e-06,3.059426091853425e-06,-6.864493883801186e-07
KEEP,HOLLEY   INC,43538H111,CALL,333333.0,0.0,8400.0,9.322032080572312e-06,3.0402436024569697e-06,-6.281788478115343e-06
KEEP,NVNI   GROUP    LIMITED,G50716110,CALL,270000.0,0.0,8046.0,6.7081176386939775e-06,2.9121190506391405e-06,-3.795998588054837e-06
KEEP,AERIES   TECHNOLOGY      INC,G0136H110,CALL,401950.0,0.0,8039.0,3.345527495344679e-06,2.90958551430376e-06,-4.359419810409194e-07
KEEP,STARDUST    PWR    INC,854936119,CALL,72226.0,0.0,8017.0,4.926527489723885e-06,2.90162297153542e-06,-2.024904518188465e-06
KEEP,FLYEXCLUSIVE        INC,343928115,CALL,37500.0,0.0,7875.0,3.7454593180870894e-06,2.8502283773034095e-06,-8.952309407836799e-07
KEEP,CHECHE   GROUP    INC,G20707116,CALL,350000.0,0.0,7525.0,3.990994984495021e-06,2.723551560534369e-06,-1.2674434239606523e-06
KEEP,BLACKSKY   TECHNOLOGY      INC,09263B116,CALL,150479.0,0.0,7524.0,2.7179549784918644e-06,2.7231896267721716e-06,5.234648280307211e-09
KEEP,RESERVOIR     MEDIA  INC,76119X113,CALL,44000.0,0.0,7458.0,3.662226888796265e-06,2.6993019984671526e-06,-9.629248903291125e-07
KEEP,WALDENCAST       PLC,G9503X111,CALL,156565.0,0.0,7343.0,2.3454898574154262e-06,2.6576796158144678e-06,3.121897583990415e-07
NEW,LARGO  INC,517097101,,11000.0,,6815.0,0.0,2.4665785893743153e-06,2.4665785893743153e-06
KEEP,MOBIX   LABS     INC,60743G118,CALL,75000.0,0.0,6682.0,3.9015201230073845e-06,2.41844139900208e-06,-1.4830787240053047e-06
KEEP,TEVOGEN   BIO   HLDGS    INC,88165K119,CALL,115000.0,0.0,6532.0,1.6222000468781638e-06,2.3641513346724912e-06,7.419512877943274e-07
KEEP,ECARX   HOLDINGS    INC,G29201111,CALL,160255.0,0.0,6410.0,3.467879166402191e-06,2.3199954156844257e-06,-1.1478837507177653e-06
KEEP,YORKVILLE       ACQUISITION      CORP.,G98659124,CALL,25000.0,0.0,6402.0,3.5727520273086292e-06,2.317099945586848e-06,-1.2556520817217812e-06
KEEP,BUZZFEED        INC,12430A110,CALL,233333.0,0.0,5717.0,1.446995783220979e-06,2.0691753184817255e-06,6.221795352607465e-07
KEEP,SBC   MED   GROUP     HLDGS  INC,73245B115,CALL,24000.0,0.0,5520.0,2.7466701665971988e-06,1.997874367328866e-06,-7.487957992683329e-07
KEEP,ASPIRE   BIOPHARMA       HLDGS    INC,738920115,CALL,275000.0,0.0,5500.0,1.8997801985630624e-06,1.990635692084921e-06,9.085549352185855e-08
KEEP,ALLIANCE  ENTERTAINMENT     HOLDI,01861F110,CALL,12500.0,0.0,5381.0,3.121632260552362e-06,1.947565574383447e-06,-1.1740666861689149e-06
ADD,DEFI   DEVELOPMENT       CORP,47100L111,CALL,19858.0,1.0996843498625395,5362.0,4.49579966814387e-06,1.9406888329016992e-06,-2.5551108352421705e-06
KEEP,LIMINATUS    PHARMA    INC.,53271X116,CALL,70616.0,0.0,5296.0,1.175658063732892e-06,1.9168012045966802e-06,7.411431408637883e-07
KEEP,ROADZEN   INC,G7606H116,CALL,26100.0,0.0,5155.0,1.2164419540853958e-06,1.8657685441268665e-06,6.493265900414707e-07
KEEP,GREENLAND    MINES  LTD,49876K111,CALL,30000.0,0.0,5103.0,1.8927054420733426e-06,1.8469479884926092e-06,-4.575745358073339e-08
KEEP,LANZATECH   GLOBAL      INC,51655R119,CALL,275000.0,0.0,4152.0,1.6138768039490815e-06,1.5027489806430164e-06,-1.1112782330606509e-07
KEEP,OPPFI   INC,68386H111,CALL,135150.0,0.0,4054.0,7.311968913198908e-06,1.4672794719476851e-06,-5.844689441251223e-06
KEEP,BOREALIS     FOODS     INC,09973D113,CALL,85828.0,0.0,4030.0,2.768310598212813e-06,1.458593061654951e-06,-1.309717536557862e-06
KEEP,GDEV   INC,G6529J118,CALL,500000.0,0.0,3700.0,1.1444459027488329e-06,1.3391549201298558e-06,1.9470901738102296e-07
KEEP,CID  HOLDCO   INC,171756117,CALL,300000.0,0.0,3690.0,3.3084890643102626e-06,1.3355355825078834e-06,-1.972953481802379e-06
KEEP,PRENETICS    GLOBAL        LTD,G72245114,CALL,279110.0,0.0,3628.0,2.0674935435840733e-06,1.3130956892516532e-06,-7.543978543324202e-07
KEEP,SES    AI    CORPORATION,78397Q117,CALL,133333.0,0.0,3600.0,1.8032305805857065e-06,1.3029615439101301e-06,-5.002690366755763e-07
KEEP,GOGORO    INC,G9491K113,CALL,386313.0,0.0,3593.0,1.3184016799666554e-06,1.300428007574749e-06,-1.7973672391906343e-08
KEEP,DRAGONFLY   ENERGY      HOLDINGS    CO,26145B114,CALL,82500.0,0.0,3382.0,1.3354643279712743e-06,1.2240599837511277e-06,-1.114043442201466e-07
KEEP,EVGO   INC,30052F118,CALL,363150.0,0.0,3377.0,3.627269268494119e-06,1.2222503149401412e-06,-2.4050189535539776e-06
KEEP,HELPORT      AI   LTD,G4R52R111,CALL,101834.0,0.0,3340.0,4.661848364579064e-06,1.208858765738843e-06,-3.4529895988402207e-06
KEEP,VERDE   CLEAN   FUELS  INC,923372114,CALL,112500.0,0.0,3262.0,9.783972063136386e-07,1.1806279322874566e-06,2.0223072597381802e-07
KEEP,MURANO     GLOBAL  INVT  PLC,G63369113,CALL,188750.0,0.0,2812.0,3.1420242057286137e-06,1.0177577392986904e-06,-2.1242664664299233e-06
KEEP,PSYENCE   BIOMEDICAL      LTD,74449F118,CALL,108000.0,0.0,2624.0,8.17758617782348e-07,9.497141920056059e-07,1.3195557422325794e-07
KEEP,KIDZ   AI  INC,182744110,CALL,207500.0,0.0,2614.0,1.4249391894589105e-06,9.460948543836332e-07,-4.788443350752773e-07
KEEP,P3  HEALTH    PARTNERS    INC,744413113,CALL,232136.0,0.49046982073825884,2368.0,5.67229005616967e-07,8.570591488831076e-07,2.8983014326614065e-07
KEEP,XBP   GLOBAL   HOLDINGS    INC,98400V119,CALL,51250.0,0.0,2363.0,1.1943853603233275e-06,8.552494800721214e-07,-3.3913588025120614e-07
KEEP,PSQ   HOLDINGS     INC,693691115,CALL,53780.0,0.0,2157.0,9.93795205732441e-07,7.806911250594863e-07,-2.1310408067295476e-07
KEEP,ROYALTY    MGMT   HLDG  CORP,02369M110,CALL,12500.0,0.0,2089.0,1.2851087082503258e-06,7.560796292300727e-07,-5.29029079020253e-07
KEEP,XOS   INC,98423B116,CALL,455387.0,0.0,1913.0,6.442190027109795e-07,6.923792870833552e-07,4.816028437237575e-08
KEEP,PALLADYNE      AI    CORP,80359A114,CALL,50000.0,0.0,1602.0,1.491941295038024e-06,5.798178870400078e-07,-9.121234079980162e-07
KEEP,ALGOMA   STL   GROUP  INC,015658115,CALL,51250.0,0.0,1538.0,2.1199299740372927e-06,5.566541262593832e-07,-1.5632758477779094e-06
KEEP,FUSEMACHINES         INC,36118R111,CALL,24750.0,0.0,1485.0,7.723969438188486e-07,5.374716368629286e-07,-2.3492530695591995e-07
KEEP,SMX   SEC  MATTERS   PLC,G8267K117,CALL,67250.0,0.0,1453.0,1.2426601693120054e-06,5.258897564726163e-07,-7.167704128393891e-07
KEEP,AEYE   INC,008183113,CALL,83333.0,0.0,1442.0,1.3317188686531873e-06,5.219084850884465e-07,-8.098103835647407e-07
KEEP,SWVL   HOLDINGS     CORP,G86302117,CALL,193666.0,0.0,1394.0,7.012332167751939e-07,5.045356645029781e-07,-1.9669755227221582e-07
KEEP,ESS  TECH  INC,26916J114,CALL,250000.0,0.0,1375.0,2.101618839593311e-06,4.976589230212302e-07,-1.603959916572081e-06
KEEP,SURROZEN    INC,86889P117,CALL,73900.0,0.0,1219.0,4.919036571087711e-07,4.4119725611845793e-07,-5.07064009903132e-08
NEW,HUB  CYBER      SECURITY      LTD,M6000J127,CALL,67425.0,,1113.0,0.0,4.028322773255485e-07,4.028322773255485e-07
KEEP,ZOOZ   STRATEGY     LTD,M2573A197,CALL,50000.0,0.0,955.0,6.658594343265936e-07,3.456467428983817e-07,-3.2021269142821195e-07
KEEP,VSEE       HEALTH     INC,92919Y110,CALL,30000.0,0.0,909.0,4.719278740789733e-07,3.289977898373078e-07,-1.429300842416655e-07
KEEP,ONEMEDNET     CORP,68270C111,CALL,25000.0,0.0,868.0,7.540858093748674e-07,3.1415850558722023e-07,-4.399273037876472e-07
KEEP,GENEDX   HOLDINGS    CORP,81663L119,CALL,214106.0,0.0,856.0,7.128857568759093e-07,3.098153004408531e-07,-4.030704564350562e-07
KEEP,LANVIN    GROUP   HOLDINGS       LIMITE,G5380J118,CALL,223500.0,0.0,827.0,1.0229265559842295e-06,2.993192213371326e-07,-7.236073346470968e-07
KEEP,SAB    BIOTHERAPEUTICS            INC,78397T111,CALL,62500.0,0.0,800.0,6.800089473060339e-07,2.8954700975780665e-07,-3.904619375482272e-07
KEEP,SOUTHLAND   HLDGS     INC,84445C118,CALL,30000.0,0.0,765.0,4.369702537768271e-07,2.7687932808090263e-07,-1.6009092569592446e-07
KEEP,BENEFICIENT,08178Q119,CALL,67500.0,0.0,729.0,3.932732283991444e-07,2.6384971264180135e-07,-1.2942351575734306e-07
KEEP,GCL   GLOBAL   HLDGS   LTD,G3777K111,CALL,30000.0,0.0,657.0,2.946427996895177e-07,2.377904817635987e-07,-5.6852317925918975e-08
KEEP,MULTISENSOR     AI   HOLDINGS      INC,456948116,CALL,22500.0,0.0,652.0,3.6622268887962653e-07,2.3598081295261243e-07,-1.302418759270141e-07
KEEP,HUMACYTE        INC,44486Q111,CALL,62500.0,0.0,600.0,2.3771181805459394e-06,2.17160257318355e-07,-2.159957923227584e-06
KEEP,CDT  EQUITY    INC,20678X114,CALL,34500.0,0.0,566.0,1.1902237388587863e-07,2.048545094036482e-07,8.583213551776956e-08
KEEP,EVOLV   TECHNOLOGIES      HLDNGS  IN,30049H110,CALL,93750.0,0.0,544.0,4.951081056364678e-06,1.9689196663530854e-07,-4.75418908972937e-06
KEEP,CYCURION    INC,95758L115,CALL,30000.0,0.0,510.0,2.609336658267339e-07,1.8458621872060174e-07,-7.634744710613217e-08
KEEP,THE   ONCOLOGY      INSTITUTE    INC,68236X118,CALL,12500.0,0.0,510.0,2.276406941104042e-07,1.8458621872060174e-07,-4.305447538980246e-08
KEEP,BANZAI     INTERNATIONAL         INC,06682J118,CALL,51400.0,0.0,504.0,2.8007712456362345e-07,1.824146161474182e-07,-9.766250841620526e-08
KEEP,NAUTICUS     ROBOTICS      INC,63911H116,CALL,18750.0,0.0,431.0,3.861984719094243e-07,1.5599345150701834e-07,-2.3020502040240596e-07
KEEP,SEASTAR   MEDICAL    HOLDING         CORP,81256L112,CALL,22500.0,0.0,389.0,2.696730709022704e-07,1.4079223349473347e-07,-1.2888083740753695e-07
KEEP,SILEXION     THERAPEUTICS      CORP,G1281K114,CALL,12500.0,0.0,380.0,1.0570518519934674e-07,1.3753482963495814e-07,3.1829644435611396e-08
KEEP,RENEW   ENERGY   GLOBAL     PLC,G7500M120,CALL,58333.0,0.0,192.0,1.8685680375790035e-07,6.94912823418736e-08,-1.1736552141602675e-07
KEEP,MOOLEC     SCIENCE    SA,G6223S117,CALL,12500.0,0.0,182.0,1.3400421115822696e-07,6.587194471990101e-08,-6.813226643832595e-08
KEEP,PERFECT     CORP,G7006A117,CALL,276103.0,0.0,0.0,1.7004385304115386e-06,0.0,-1.7004385304115386e-06
EXIT,10X   GENOMICS    INC,88025U109,CALL,0.0,-100.0,0.0,0.0033334916699070795,0.0,-0.0033334916699070795
EXIT,908   DEVICES     INC,65443P102,,0.0,-100.0,0.0,0.00036273649857878037,0.0,-0.00036273649857878037
EXIT,A   PARADISE   ACQUISITION          CORP,G04819101,,0.0,-100.0,0.0,0.0045773071053376415,0.0,-0.0045773071053376415
EXIT,A   PARADISE   ACQUISITION          CORP,G04819119,,0.0,-100.0,0.0,9.587793227297913e-05,0.0,-9.587793227297913e-05
EXIT,A10   NETWORKS    INC,002121101,CALL,0.0,-100.0,0.0,9.621668826019279e-05,0.0,-9.621668826019279e-05
EXIT,AA   MISSION      ACQUISITION      CORP,G1000R127,CALL,0.0,-100.0,0.0,1.0050315836867022e-05,0.0,-1.0050315836867022e-05
EXIT,ABOVE   FOOD   INGREDIENTS       INC,00373V118,CALL,0.0,-100.0,0.0,2.399174774308008e-06,0.0,-2.399174774308008e-06
EXIT,ABRDN   ASIA   PACIFIC      INCOME   FU,003009867,,0.0,-100.0,0.0,8.247251721139899e-05,0.0,-8.247251721139899e-05
EXIT,ABRDN   INCOME    CREDIT    STRATEGI,003057106,,0.0,-100.0,0.0,4.946087110607229e-05,0.0,-4.946087110607229e-05
EXIT,ABRDN   PALLADIUM      ETF  TRUST,003262102,,0.0,-100.0,0.0,0.0011779020100265727,0.0,-0.0011779020100265727
EXIT,ABRDN  HEALTHCARE      INVESTORS,87911J103,,0.0,-100.0,0.0,0.00014816662516420716,0.0,-0.00014816662516420716
EXIT,ACACIA   RESH     CORP,003881307,,0.0,-100.0,0.0,8.015574254208889e-05,0.0,-8.015574254208889e-05
EXIT,ACADIA   HEALTHCARE       COMPANY     IN,00404A109,,0.0,-100.0,0.0,0.0033522838877923615,0.0,-0.0033522838877923615
EXIT,ACHIEVE     LIFE  SCIENCE     INC,004468500,,0.0,-100.0,0.0,0.0013181411624629753,0.0,-0.0013181411624629753
EXIT,ACTIVATE     ENERGY  ACQUISIT       COR,G0081J129,,0.0,-100.0,0.0,0.000838982887251508,0.0,-0.000838982887251508
EXIT,ADAMS   DIVERSIFIED        EQUITY      FD,006212104,,0.0,-100.0,0.0,0.00025489182378451297,0.0,-0.00025489182378451297
EXIT,ADDUS   HOMECARE      CORP,006739106,,0.0,-100.0,0.0,0.00026229201907276015,0.0,-0.00026229201907276015
EXIT,ADVANCE   AUTO     PARTS     INC,00751Y106,,0.0,-100.0,0.0,0.005395169347494456,0.0,-0.005395169347494456
EXIT,ADVISORSHARES    TR,00768Y453,,0.0,-100.0,0.0,0.0005015307360426943,0.0,-0.0005015307360426943
EXIT,AEBI   SCHMIDT     HLDG    AG,H00501108,,0.0,-100.0,0.0,0.00038180379964286885,0.0,-0.00038180379964286885
EXIT,AEHR   TEST   SYS,00760J108,CALL,0.0,-100.0,0.0,0.0015431292390518808,0.0,-0.0015431292390518808
EXIT,AGENUS   INC,00847G804,,0.0,-100.0,0.0,6.033768496579719e-05,0.0,-6.033768496579719e-05
EXIT,AGILYSYS     INC,00847J105,,0.0,-100.0,0.0,0.00010942276165362141,0.0,-0.00010942276165362141
EXIT,AGIOS   PHARMACEUTICALS       INC,00847X104,,0.0,-100.0,0.0,0.00045254803524289773,0.0,-0.00045254803524289773
EXIT,AGOMAB     THERAPEUTICS  NV,00860C102,,0.0,-100.0,0.0,0.00041574348733478824,0.0,-0.00041574348733478824
EXIT,AIR   LEASE     CORP,00912X302,,0.0,-100.0,0.0,0.03372174940209141,0.0,-0.03372174940209141
EXIT,AIRWA  INC,831445507,,0.0,-100.0,0.0,1.5579446114656475e-05,0.0,-1.5579446114656475e-05
EXIT,AKAMAI   TECHNOLOGIES        INC,00971TAL5,,0.0,-100.0,0.0,0.0004827872091285471,0.0,-0.0004827872091285471
EXIT,ALCHEMY   INVTS     ACQUISITN      CORP,G0232F133,CALL,0.0,-100.0,0.0,6.658594343265936e-07,0.0,-6.658594343265936e-07
EXIT,ALDABRA   4   LQDTY    OPP  VEH    INC,G01900201,,0.0,-100.0,0.0,0.003726732021496654,0.0,-0.003726732021496654
EXIT,ALICO   INC,016230104,,0.0,-100.0,0.0,0.0001385857402285404,0.0,-0.0001385857402285404
EXIT,ALIGNMENT     HEALTHCARE        INC,01625V104,CALL,0.0,-100.0,0.0,0.0005132943914365129,0.0,-0.0005132943914365129
EXIT,ALLEGRO   MICROSYSTEMS        INC,01749D105,,0.0,-100.0,0.0,0.00036907090260995855,0.0,-0.00036907090260995855
EXIT,ALMONTY   INDS    INC,020398707,,0.0,-100.0,0.0,0.012699030173593997,0.0,-0.012699030173593997
EXIT,ALPHA  TAU        MEDICAL      LTD,M0740A108,,0.0,-100.0,0.0,0.0001366534993825539,0.0,-0.0001366534993825539
EXIT,AMBITIONS     ENTERPRISE      MGMT  CO,G0262A103,,0.0,-100.0,0.0,6.298197924436668e-06,0.0,-6.298197924436668e-06
EXIT,AMERICA   MOVIL  SAB    DE  CV,02390A101,,0.0,-100.0,0.0,0.0012353756671004724,0.0,-0.0012353756671004724
EXIT,AMERICAN     DRIVE      ACQUISITION        C,G0R91M121,,0.0,-100.0,0.0,0.001870856929384501,0.0,-0.001870856929384501
EXIT,AMERICAN  PUB   ED   INC,02913V103,,0.0,-100.0,0.0,0.0010422472997955086,0.0,-0.0010422472997955086
EXIT,AMERICAN  WOODMARK       CORP,030506109,,0.0,-100.0,0.0,0.003219207302058581,0.0,-0.003219207302058581
EXIT,AMERIPRISE      FINL    INC,03076C106,PUT,0.0,-100.0,0.0,0.00044386189892210736,0.0,-0.00044386189892210736
EXIT,AMERIS     BANCORP,03076K108,,0.0,-100.0,0.0,0.00013832938434632465,0.0,-0.00013832938434632465
EXIT,AMICUS   THERAPEUTIC,03152W109,,0.0,-100.0,0.0,0.04759077034330789,0.0,-0.04759077034330789
EXIT,AMN   HEALTHCARE    SVCS   INC,001744101,,0.0,-100.0,0.0,0.007612020156143742,0.0,-0.007612020156143742
EXIT,AMNEAL   PHARMACEUTICALS     INC,03168L105,CALL,0.0,-100.0,0.0,0.00025864477402123625,0.0,-0.00025864477402123625
EXIT,AMPLIFY  ETF  TR,032108649,CALL,0.0,-100.0,0.0,0.0008967045769646946,0.0,-0.0008967045769646946
EXIT,AMPLITUDE     INC,03213A104,PUT,0.0,-100.0,0.0,0.0008551574452355938,0.0,-0.0008551574452355938
EXIT,AMPLITUDE     INC,03213A104,CALL,0.0,-100.0,0.0,0.0009127734297635811,0.0,-0.0009127734297635811
EXIT,AMREP   CORP,032159105,,0.0,-100.0,0.0,0.00019454082163002925,0.0,-0.00019454082163002925
EXIT,ANGEL   OAK  MORTGAGE    REIT     INC,03464Y108,,0.0,-100.0,0.0,0.00013939975338700465,0.0,-0.00013939975338700465
EXIT,ANTERO   RESOURCES     CORP,03674X106,PUT,0.0,-100.0,0.0,0.0006022715229969897,0.0,-0.0006022715229969897
EXIT,APELLIS   PHARMACEUTICALS            INC,03753U106,,0.0,-100.0,0.0,0.03778383736606519,0.0,-0.03778383736606519
EXIT,APELLIS   PHARMACEUTICALS            INC,03753U106,PUT,0.0,-100.0,0.0,0.0001439829471059039,0.0,-0.0001439829471059039
EXIT,APOGEE   ENTERPRISES        INC,037598109,,0.0,-100.0,0.0,0.0012208012525695027,0.0,-0.0012208012525695027
EXIT,APOLLO   GLOBAL    MGMT  INC,03769M304,,0.0,-100.0,0.0,8.483382123037966e-05,0.0,-8.483382123037966e-05
EXIT,AQUESTIVE   THERAPEUTICS       INC,03843E104,,0.0,-100.0,0.0,4.4646707395891016e-05,0.0,-4.4646707395891016e-05
EXIT,ARBUTUS   BIOPHARMA       CORP,03879J100,,0.0,-100.0,0.0,0.0012031314239932072,0.0,-0.0012031314239932072
EXIT,ARCELLX   INC,03940C100,,0.0,-100.0,0.0,0.024027861461825072,0.0,-0.024027861461825072
EXIT,ARK   ETF  TR,00214Q104,PUT,0.0,-100.0,0.0,0.005096865985564729,0.0,-0.005096865985564729
EXIT,ARLO  TECHNOLOGIES       INC,04206A101,,0.0,-100.0,0.0,0.00038044627872113547,0.0,-0.00038044627872113547
EXIT,ARMADA  ACQUISITION         CORP      III,G0R38M127,,0.0,-100.0,0.0,0.002536724686954024,0.0,-0.002536724686954024
EXIT,ARRAY   DIGITAL     INFRASTRUCTURE,911684108,,0.0,-100.0,0.0,0.0013502842781686522,0.0,-0.0013502842781686522
EXIT,ARROW   FINL   CORP,042744102,,0.0,-100.0,0.0,0.0006956504015805119,0.0,-0.0006956504015805119
EXIT,ART   TECHNOLOGY      ACQUISITION         C,G0579E129,,0.0,-100.0,0.0,0.002472003149937479,0.0,-0.002472003149937479
EXIT,ARTIVA   BIOTHERAPEUTICS         INC,04317A107,,0.0,-100.0,0.0,0.0003303740654219221,0.0,-0.0003303740654219221
EXIT,ASCENDIS     PHARMA    A/S,04351P101,,0.0,-100.0,0.0,0.01799324732376376,0.0,-0.01799324732376376
EXIT,ASSERTIO     HOLDINGS     INC,04546C304,,0.0,-100.0,0.0,0.00013028372156892714,0.0,-0.00013028372156892714
EXIT,ASSURANT   INC,04621X108,PUT,0.0,-100.0,0.0,0.00030819054220518517,0.0,-0.00030819054220518517
EXIT,ASTRONICS     CORP,046433AD0,,0.0,-100.0,0.0,0.012161727387928546,0.0,-0.012161727387928546
EXIT,ATLANTIC   UN   BANKSHARES    CORP,04911A107,,0.0,-100.0,0.0,0.00035617903163710275,0.0,-0.00035617903163710275
EXIT,ATMUS   FILTRATION     TECHNOLOGIE,04956D107,,0.0,-100.0,0.0,0.0028028612119357275,0.0,-0.0028028612119357275
EXIT,ATRICURE  INC,04963C209,,0.0,-100.0,0.0,0.0021358057276002246,0.0,-0.0021358057276002246
EXIT,AUTOHOME   INC,05278C107,,0.0,-100.0,0.0,0.0008275817090872509,0.0,-0.0008275817090872509
EXIT,AVALO   THERAPEUTICS     INC,05338F306,,0.0,-100.0,0.0,0.0051911133945479,0.0,-0.0051911133945479
EXIT,AVANTOR     INC,05352A100,CALL,0.0,-100.0,0.0,0.0003262711228200309,0.0,-0.0003262711228200309
EXIT,AVEANNA     HEALTHCARE      HLDGS  INC,05356F105,,0.0,-100.0,0.0,0.002011762357417377,0.0,-0.002011762357417377
EXIT,AVERIN    CAP  ACQUISITION          CORP,G0679A126,,0.0,-100.0,0.0,0.0047483185353693015,0.0,-0.0047483185353693015
EXIT,AVIS   BUDGET    GROUP     INC,053774105,,0.0,-100.0,0.0,8.449048745955502e-05,0.0,-8.449048745955502e-05
EXIT,AZZ  INC,002474104,,0.0,-100.0,0.0,0.003087489485732973,0.0,-0.003087489485732973
EXIT,BADGER     METER    INC,056525108,,0.0,-100.0,0.0,0.007994903480394513,0.0,-0.007994903480394513
EXIT,BAIN   CAP     SPECIALTY      FIN  INC,05684B107,,0.0,-100.0,0.0,9.34808383094034e-05,0.0,-9.34808383094034e-05
EXIT,BAKKT   INC,05759B305,,0.0,-100.0,0.0,0.00033082643367511773,0.0,-0.00033082643367511773
EXIT,BALLYS     CORPORATION,05875B304,,0.0,-100.0,0.0,5.3545502573519486e-05,0.0,-5.3545502573519486e-05
EXIT,BANCO  BRADESCO       S  A,059460402,,0.0,-100.0,0.0,3.296420362063093e-05,0.0,-3.296420362063093e-05
EXIT,BANCO  DE  CHILE,059520106,,0.0,-100.0,0.0,0.00033180025309782036,0.0,-0.00033180025309782036
EXIT,BANCO  MACRO    S  A,05961W105,,0.0,-100.0,0.0,0.0012012924034680264,0.0,-0.0012012924034680264
EXIT,BANK  NEW   YORK  MELLON     CORP,064058100,PUT,0.0,-100.0,0.0,0.000913332335526269,0.0,-0.000913332335526269
EXIT,BANK  NOVA  SCOTIA     B  C,064149107,CALL,0.0,-100.0,0.0,0.0020073581134214527,0.0,-0.0020073581134214527
EXIT,BANK7   CORP,06652N107,,0.0,-100.0,0.0,0.00018130062294059138,0.0,-0.00018130062294059138
EXIT,BANKUNITED   INC,06652K103,CALL,0.0,-100.0,0.0,0.05920072998168454,0.0,-0.05920072998168454
EXIT,BANKWELL  FINL       GROUP  INC,06654A103,,0.0,-100.0,0.0,0.0003975842520742626,0.0,-0.0003975842520742626
EXIT,BARINGS   BDC   INC,06759L103,,0.0,-100.0,0.0,0.0001706614376664918,0.0,-0.0001706614376664918
EXIT,BATH   &  BODY     WORKS    INC,070830104,CALL,0.0,-100.0,0.0,0.0007412338899680712,0.0,-0.0007412338899680712
EXIT,BATH   &  BODY     WORKS    INC,070830104,PUT,0.0,-100.0,0.0,0.0010566856293045877,0.0,-0.0010566856293045877
EXIT,BCP   INVESTMENT       CORPORATION,73688F201,,0.0,-100.0,0.0,7.590714318893878e-05,0.0,-7.590714318893878e-05
EXIT,BECTON   DICKINSON     &   CO,075887109,,0.0,-100.0,0.0,0.011731906383665655,0.0,-0.011731906383665655
EXIT,BECTON   DICKINSON     &   CO,075887109,CALL,0.0,-100.0,0.0,0.00022901611000443508,0.0,-0.00022901611000443508
EXIT,BED   BATH   &   BEYOND    INC,690370101,,0.0,-100.0,0.0,0.00013370956835853746,0.0,-0.00013370956835853746
EXIT,BEL   FUSE  INC,077347201,,0.0,-100.0,0.0,8.924097836132881e-05,0.0,-8.924097836132881e-05
EXIT,BGC   GROUP   INC,088929104,,0.0,-100.0,0.0,0.00032977312728244235,0.0,-0.00032977312728244235
EXIT,BIGLARI    HLDGS     INC,08986R408,,0.0,-100.0,0.0,0.0008412801022999348,0.0,-0.0008412801022999348
EXIT,BIO   RAD  LABS      INC,090572207,CALL,0.0,-100.0,0.0,9.280415865926899e-05,0.0,-9.280415865926899e-05
EXIT,BIOATLA   INC,09077B104,,0.0,-100.0,0.0,0.00018470316465000027,0.0,-0.00018470316465000027
EXIT,BIOCRYST     PHARMACEUTICALS     INC,09058V103,CALL,0.0,-100.0,0.0,0.0005150422724516201,0.0,-0.0005150422724516201
EXIT,BIOGEN   INC,09062X103,,0.0,-100.0,0.0,0.0071689839229202,0.0,-0.0071689839229202
EXIT,BIOMARIN     PHARMACEUTICAL      INC,09061GAK7,,0.0,-100.0,0.0,0.0030106534686331486,0.0,-0.0030106534686331486
EXIT,BIOMEA   FUSION    INC,09077A106,,0.0,-100.0,0.0,1.1674596694477459e-05,0.0,-1.1674596694477459e-05
EXIT,BIONTECH   SE,09075V102,,0.0,-100.0,0.0,0.0013083567742376923,0.0,-0.0013083567742376923
EXIT,BIRKENSTOCK       HOLDING    PLC,M2029K104,,0.0,-100.0,0.0,0.0015370948879282961,0.0,-0.0015370948879282961
EXIT,BITCOIN   DEPOT   INC,09174P113,CALL,0.0,-100.0,0.0,7.349423506379778e-07,0.0,-7.349423506379778e-07
EXIT,BITFARMS     LTD,09173B107,,0.0,-100.0,0.0,0.0022169752411310755,0.0,-0.0022169752411310755
EXIT,BITMINE  IMMERSION      TECNOLOGIE,09175A206,,0.0,-100.0,0.0,0.023847634121060186,0.0,-0.023847634121060186
EXIT,BK   TECHNOLOGIES     CORPORATION,05587G203,,0.0,-100.0,0.0,0.000833042588773022,0.0,-0.000833042588773022
EXIT,BLACK  DIAMOND       THERAPEUTICS       I,09203E105,,0.0,-100.0,0.0,0.00011964869791629206,0.0,-0.00011964869791629206
EXIT,BLACK  SPADE  ACQUISITION        III,G1154S129,,0.0,-100.0,0.0,0.0024969728787247263,0.0,-0.0024969728787247263
EXIT,BLACKLINE    INC,09239B109,,0.0,-100.0,0.0,0.0026663791713575124,0.0,-0.0026663791713575124
EXIT,BLACKROCK   TECH   AND   PRIVATE    E,09260Q108,,0.0,-100.0,0.0,0.00045274737691104933,0.0,-0.00045274737691104933
EXIT,BLACKROCK  ENHANCED      EQUITY       DI,09251A104,,0.0,-100.0,0.0,4.317349339744342e-05,0.0,-4.317349339744342e-05
EXIT,BLACKSTONE   MORTGAGE      TRUST       IN,09257W100,,0.0,-100.0,0.0,0.00033691863133705963,0.0,-0.00033691863133705963
EXIT,BLACKSTONE   SECD  LENDING    FD,09261X102,,0.0,-100.0,0.0,0.0056154019392358305,0.0,-0.0056154019392358305
EXIT,BLOCK   INC,852234AJ2,,0.0,-100.0,0.0,0.00830409947034553,0.0,-0.00830409947034553
EXIT,BLUE   FOUNDRY     BANCORP,09549B104,,0.0,-100.0,0.0,0.0010565233260674707,0.0,-0.0010565233260674707
EXIT,BLUE  RIDGE   BANKSHARES     INC  VA,095825105,,0.0,-100.0,0.0,6.392708347896399e-05,0.0,-6.392708347896399e-05
EXIT,BLUEROCK     ACQUISITION    CORP,G1352R121,,0.0,-100.0,0.0,0.0025044637973609006,0.0,-0.0025044637973609006
EXIT,BOBS  DISC    FURNITURE      INC,09681N106,,0.0,-100.0,0.0,0.00312860047953259,0.0,-0.00312860047953259
EXIT,BOOZ  ALLEN  HAMILTON     HLDG  COR,099502106,CALL,0.0,-100.0,0.0,8.443014394831917e-05,0.0,-8.443014394831917e-05
EXIT,BOOZ  ALLEN  HAMILTON     HLDG  COR,099502106,PUT,0.0,-100.0,0.0,0.00039617221391134374,0.0,-0.00039617221391134374
EXIT,BRADY   CORP,104674106,,0.0,-100.0,0.0,0.0001932186744907445,0.0,-0.0001932186744907445
EXIT,BRAG   HSE   HLDGS    INC,104813209,,0.0,-100.0,0.0,1.438422843004024e-05,0.0,-1.438422843004024e-05
EXIT,BRAND   ENGAGEMENT         NETWORK  INC,104932207,,0.0,-100.0,0.0,0.000318668672728607,0.0,-0.000318668672728607
EXIT,BRAZE   INC,10576N102,PUT,0.0,-100.0,0.0,0.001982803714456367,0.0,-0.001982803714456367
EXIT,BROWN   FORMAN   CORP,115637209,CALL,0.0,-100.0,0.0,0.002269986391508548,0.0,-0.002269986391508548
EXIT,BRUKER  CORP,116794108,,0.0,-100.0,0.0,0.022323526405236285,0.0,-0.022323526405236285
EXIT,BRUNSWICK     CORP,117043109,,0.0,-100.0,0.0,0.007692259963439415,0.0,-0.007692259963439415
EXIT,BUNGE   GLOBAL     SA,H11356104,PUT,0.0,-100.0,0.0,0.0012810469657009336,0.0,-0.0012810469657009336
EXIT,CADRE    HLDGS    INC,12763L105,,0.0,-100.0,0.0,0.001905359684460573,0.0,-0.001905359684460573
EXIT,CALAVO   GROWERS    INC,128246105,,0.0,-100.0,0.0,0.002656072915800576,0.0,-0.002656072915800576
EXIT,CALIFORNIA       BANCORP,84252A106,,0.0,-100.0,0.0,0.000500249372793762,0.0,-0.000500249372793762
EXIT,CALLAWAY     GOLF   CO,131193104,CALL,0.0,-100.0,0.0,5.7763305927832006e-05,0.0,-5.7763305927832006e-05
EXIT,CAMBRIDGE    ACQUISITION    CORP,G1871M124,,0.0,-100.0,0.0,0.002072487489341523,0.0,-0.002072487489341523
EXIT,CANNAE  HLDGS   INC,13765N107,,0.0,-100.0,0.0,0.001407477441955842,0.0,-0.001407477441955842
EXIT,CANTALOUPE   INC,138103106,,0.0,-100.0,0.0,0.004214074541480288,0.0,-0.004214074541480288
EXIT,CANTON   STRATEGIC      HOLDINGS      IN,432705309,,0.0,-100.0,0.0,0.000488794093550466,0.0,-0.000488794093550466
EXIT,CANTOR   EQUITY   PARTNERS    II   IN,G1827P106,,0.0,-100.0,0.0,0.0004532005774885378,0.0,-0.0004532005774885378
EXIT,CARDLYTICS    INC,14161W105,,0.0,-100.0,0.0,2.8646105189022965e-05,0.0,-2.8646105189022965e-05
EXIT,CARECLOUD     INC,14167R100,,0.0,-100.0,0.0,0.00035017922197167373,0.0,-0.00035017922197167373
EXIT,CARLYLE     SECURED    LENDING       INC,872280102,,0.0,-100.0,0.0,0.000817230091856351,0.0,-0.000817230091856351
EXIT,CARNIVAL   CORP,143658300,CALL,0.0,-100.0,0.0,0.01181176207330015,0.0,-0.01181176207330015
EXIT,CARNIVAL   CORP,143658300,,0.0,-100.0,0.0,0.02558233569715144,0.0,-0.02558233569715144
EXIT,CARNIVAL   CORP,143658300,PUT,0.0,-100.0,0.0,0.009995893480650926,0.0,-0.009995893480650926
EXIT,CARNIVAL   PLC,14365C103,,0.0,-100.0,0.0,0.005071969085153111,0.0,-0.005071969085153111
EXIT,CARTESIAN    GROWTH  CORP   III,G19307126,CALL,0.0,-100.0,0.0,7.074756489720057e-05,0.0,-7.074756489720057e-05
EXIT,CARTESIAN    GROWTH  CORP   III,G19307100,,0.0,-100.0,0.0,0.001284164020177875,0.0,-0.001284164020177875
EXIT,CATALYST   PHARMACEUTICALS         INC,14888U101,CALL,0.0,-100.0,0.0,0.00020608349492408075,0.0,-0.00020608349492408075
EXIT,CATHETER     PRECISION  INC,74933X708,,0.0,-100.0,0.0,5.521639359153278e-06,0.0,-5.521639359153278e-06
EXIT,CBIZ       INC,124805102,,0.0,-100.0,0.0,0.005191955290570177,0.0,-0.005191955290570177
EXIT,CELCUITY     INC,15102K100,CALL,0.0,-100.0,0.0,0.0009500149479254675,0.0,-0.0009500149479254675
EXIT,CELCUITY     INC,15102K100,,0.0,-100.0,0.0,0.0001866304115502293,0.0,-0.0001866304115502293
EXIT,CELLEBRITE     DI  LTD,M2197Q107,,0.0,-100.0,0.0,0.0013306085480464477,0.0,-0.0013306085480464477
EXIT,CELSIUS   HLDGS       INC,15118V207,,0.0,-100.0,0.0,0.0019028656247168734,0.0,-0.0019028656247168734
EXIT,CENTERSPACE,15202L107,,0.0,-100.0,0.0,0.004535756228149223,0.0,-0.004535756228149223
EXIT,CENTESSA   PHARMACEUTICALS           PLC,152309100,,0.0,-100.0,0.0,0.01193663152534371,0.0,-0.01193663152534371
EXIT,CENTESSA   PHARMACEUTICALS           PLC,152309100,PUT,0.0,-100.0,0.0,0.0011405672715438806,0.0,-0.0011405672715438806
EXIT,CENTURY  COMMUNITIES       INC,156504300,,0.0,-100.0,0.0,0.00025390968111888126,0.0,-0.00025390968111888126
EXIT,CERTARA     INC,15687V109,CALL,0.0,-100.0,0.0,0.0006734460702564523,0.0,-0.0006734460702564523
EXIT,CERVOMED    INC,15713L109,,0.0,-100.0,0.0,0.0003425422304220941,0.0,-0.0003425422304220941
EXIT,CHEMUNG   FINL   CORP,164024101,,0.0,-100.0,0.0,8.396945245219445e-05,0.0,-8.396945245219445e-05
EXIT,CHESAPEAKE       UTILS  CORP,165303108,,0.0,-100.0,0.0,0.0007505176351311697,0.0,-0.0007505176351311697
EXIT,CHICAGO   ATLANTIC      REAL   ESTATE,167239102,,0.0,-100.0,0.0,0.00023363967145154037,0.0,-0.00023363967145154037
EXIT,CHIPMOS     TECHNOLOGIES        INC,16965P202,,0.0,-100.0,0.0,0.0001597579894293938,0.0,-0.0001597579894293938
EXIT,CHIRON  REAL    ESTATE  INC,37954A303,,0.0,-100.0,0.0,0.0003049036935724905,0.0,-0.0003049036935724905
EXIT,CHOICEONE     FINANCIA,170386106,,0.0,-100.0,0.0,0.0005296895153582194,0.0,-0.0005296895153582194
EXIT,CION   INVT   CORP,17259U204,,0.0,-100.0,0.0,0.00014083010268436748,0.0,-0.00014083010268436748
EXIT,CIRRUS  LOGIC        INC,172755100,CALL,0.0,-100.0,0.0,0.0006018536962019499,0.0,-0.0006018536962019499
EXIT,CITIZENS     FINL    GROUP     INC,174610105,PUT,0.0,-100.0,0.0,0.0004092988003347997,0.0,-0.0004092988003347997
EXIT,CITROTECH     INC,369759204,,0.0,-100.0,0.0,0.00020227561128402554,0.0,-0.00020227561128402554
EXIT,CIVEO   CORP   CDA,17878Y207,,0.0,-100.0,0.0,0.0006917738511862917,0.0,-0.0006917738511862917
EXIT,CLAROS   MTG   TR   INC,18270D106,,0.0,-100.0,0.0,0.0001500068941758273,0.0,-0.0001500068941758273
EXIT,CLEAN   HARBORS     INC,184496107,,0.0,-100.0,0.0,0.007622555717043374,0.0,-0.007622555717043374
EXIT,CLEARWATER   ANALYTICS      HLDGS     I,185123106,,0.0,-100.0,0.0,0.09147467458134227,0.0,-0.09147467458134227
EXIT,CLEARWAY   ENERGY    INC,18539C105,,0.0,-100.0,0.0,0.0009636867067607783,0.0,-0.0009636867067607783
EXIT,CNH  INDL     N     V,N20944109,,0.0,-100.0,0.0,7.497493998088153e-05,0.0,-7.497493998088153e-05
EXIT,CNX   RES   CORP,12653C108,,0.0,-100.0,0.0,0.0035165726345102017,0.0,-0.0035165726345102017
EXIT,CODA   OCTOPUS    GROUP    INC,19188U206,,0.0,-100.0,0.0,0.00014576745038989917,0.0,-0.00014576745038989917
EXIT,COGNIZANT    TECHNOLOGY      SOLUTIO,192446102,PUT,0.0,-100.0,0.0,0.00499397072717824,0.0,-0.00499397072717824
EXIT,COHEN  CIRCLE      ACQUISIT    CORP  I,G2254C105,,0.0,-100.0,0.0,4.554312065935319e-05,0.0,-4.554312065935319e-05
EXIT,COINBASE    GLOBAL    INC,19260QAB3,,0.0,-100.0,0.0,0.010336448120661553,0.0,-0.010336448120661553
EXIT,COLOMBIER    ACQUISITION      CORP      I,G2284A129,,0.0,-100.0,0.0,0.0013874637881707169,0.0,-0.0013874637881707169
EXIT,COLUMBIA  BKG  SYS     INC,197236102,,0.0,-100.0,0.0,0.006285370558596512,0.0,-0.006285370558596512
EXIT,COLUMBUS     CIRCLE  CAP  CORP      II,G2296M111,,0.0,-100.0,0.0,0.0014551109450768342,0.0,-0.0014551109450768342
EXIT,COMMERCE.COM       INC,08975P108,,0.0,-100.0,0.0,0.00027800713404716067,0.0,-0.00027800713404716067
EXIT,COMMUNITY   BANCORP      INC     VT,20343A101,,0.0,-100.0,0.0,0.0005298068730835195,0.0,-0.0005298068730835195
EXIT,COMMUNITY  FINANCIAL       SYSTEM    I,203607106,,0.0,-100.0,0.0,0.00038996515549698056,0.0,-0.00038996515549698056
EXIT,COMMUNITY  HEALTH     SYS  INC  NEW,203668108,CALL,0.0,-100.0,0.0,0.00036705501317253476,0.0,-0.00036705501317253476
EXIT,COMPANHIA  PARANAENSE      DE   ENER,20441B704,,0.0,-100.0,0.0,0.00029206633984082026,0.0,-0.00029206633984082026
EXIT,COMSTOCK    HLDG      COS  INC,205684202,,0.0,-100.0,0.0,0.00016941003809210422,0.0,-0.00016941003809210422
EXIT,CONDUENT   INC,206787103,,0.0,-100.0,0.0,7.907705025847981e-05,0.0,-7.907705025847981e-05
EXIT,CONMED   CORP,207410101,CALL,0.0,-100.0,0.0,0.001471549349861772,0.0,-0.001471549349861772
EXIT,CONTANGO   SILVER     &  GOLD   INC,21077F100,,0.0,-100.0,0.0,0.0010458258780928675,0.0,-0.0010458258780928675
EXIT,CONTROLADORA   VUELA     COMP     DE   A,21240E105,,0.0,-100.0,0.0,0.00015487807210007277,0.0,-0.00015487807210007277
EXIT,COPA   HOLDINGS         SA,P31076105,CALL,0.0,-100.0,0.0,0.002127608165639371,0.0,-0.002127608165639371
EXIT,CORE  LABORATORIES   INC,21867A105,,0.0,-100.0,0.0,0.0001663133755603391,0.0,-0.0001663133755603391
EXIT,COTERRA   ENERGY        INC,127097103,,0.0,-100.0,0.0,0.18617521755605926,0.0,-0.18617521755605926
EXIT,CRANE   HBR  ACQUISITION      CORP      I,G25014120,,0.0,-100.0,0.0,0.0014711331877153178,0.0,-0.0014711331877153178
EXIT,CRAWFORD       &  CO,224633206,,0.0,-100.0,0.0,7.863009211318809e-05,0.0,-7.863009211318809e-05
EXIT,CRESCENT       CAP    BDC   INC,225655109,,0.0,-100.0,0.0,5.584271762194623e-05,0.0,-5.584271762194623e-05
EXIT,CRINETICS       PHARMACEUTICALS       IN,22663K107,,0.0,-100.0,0.0,0.0009426929911207537,0.0,-0.0009426929911207537
EXIT,CSG  SYS    INTL  INC,126349109,,0.0,-100.0,0.0,0.01935472469902344,0.0,-0.01935472469902344
EXIT,CSG  SYS    INTL  INC,126349AH2,,0.0,-100.0,0.0,5.063860998053745e-06,0.0,-5.063860998053745e-06
EXIT,CURRENC     GROUP    INC,G47862100,CALL,0.0,-100.0,0.0,3.979342444394306e-06,0.0,-3.979342444394306e-06
EXIT,CUSHMAN     AND  WAKEFIELD       LTD,G2717C106,,0.0,-100.0,0.0,0.002651448522029178,0.0,-0.002651448522029178
EXIT,CUSTOM   TRUCK     ONE  SOURCE  INC,23204X103,,0.0,-100.0,0.0,0.0007049412215001002,0.0,-0.0007049412215001002
EXIT,CVB   FINL   CORP,126600105,,0.0,-100.0,0.0,0.0002056402822381071,0.0,-0.0002056402822381071
EXIT,CYTOKINETICS    INC,23282W605,PUT,0.0,-100.0,0.0,0.0029596157591541615,0.0,-0.0029596157591541615
EXIT,D   BORAL   ACQUISITION       I  CORP,G2616T127,,0.0,-100.0,0.0,0.0031212160984059076,0.0,-0.0031212160984059076
EXIT,DAEDALUS    SPL    ACQUISITION         COR,G2616C124,,0.0,-100.0,0.0,0.0017746256754491826,0.0,-0.0017746256754491826
EXIT,DAMORA    THERAPEUTICS            INC,36322Q206,,0.0,-100.0,0.0,0.005083683217251501,0.0,-0.005083683217251501
EXIT,DARLING      INGREDIENTS  INC,237266101,PUT,0.0,-100.0,0.0,0.0018867147879751353,0.0,-0.0018867147879751353
EXIT,DATACENTREX      INC,256918103,,0.0,-100.0,0.0,5.498251046522556e-05,0.0,-5.498251046522556e-05
EXIT,DATAVAULT    AI  INC,86633R609,,0.0,-100.0,0.0,3.884665556075993e-05,0.0,-3.884665556075993e-05
EXIT,DAY   ONE   BIOPHARMACEUTICALS           I,23954D109,,0.0,-100.0,0.0,0.01719865894964739,0.0,-0.01719865894964739
EXIT,DBX  ETF  TR,233051754,,0.0,-100.0,0.0,0.0003390535431483692,0.0,-0.0003390535431483692
EXIT,DBX  ETF  TR,233051879,,0.0,-100.0,0.0,0.0009195102625903805,0.0,-0.0009195102625903805
EXIT,DELEK   US  HLDGS     INC  NEW,24665A103,PUT,0.0,-100.0,0.0,0.00046891069851718085,0.0,-0.00046891069851718085
EXIT,DELUXE   CORP  MEDIUM      TERM     NTS,248019101,,0.0,-100.0,0.0,0.00035911089395887204,0.0,-0.00035911089395887204
EXIT,DENALI   THERAPEUTICS      INC,24823R105,CALL,0.0,-100.0,0.0,0.00011985469817878686,0.0,-0.00011985469817878686
EXIT,DENTSPLY     SIRONA  INC,24906P109,CALL,0.0,-100.0,0.0,0.0009654961797735608,0.0,-0.0009654961797735608
EXIT,DIAGEO   PLC,25243Q205,,0.0,-100.0,0.0,0.0029158975095070097,0.0,-0.0029158975095070097
EXIT,DIAMOND    HILL  INVT    GROUP     INC,25264R207,,0.0,-100.0,0.0,0.002065062740486635,0.0,-0.002065062740486635
EXIT,DICKS   SPORTING         GOODS   INC,253393102,,0.0,-100.0,0.0,0.0012359965810229822,0.0,-0.0012359965810229822
EXIT,DIGITAL     TURBINE       INC,25400W102,,0.0,-100.0,0.0,6.577276259848801e-05,0.0,-6.577276259848801e-05
EXIT,DIME  CMNTY  BANCSHARES    INC,25432X102,,0.0,-100.0,0.0,0.00021110490738319616,0.0,-0.00021110490738319616
EXIT,DINE  BRANDS  GLOBAL    INC,254423106,,0.0,-100.0,0.0,0.0006491996312797423,0.0,-0.0006491996312797423
EXIT,DIREXION  SHARES   ETF  TRUST,25459W458,,0.0,-100.0,0.0,0.0001437553064117935,0.0,-0.0001437553064117935
EXIT,DIVERSIFIED       HEALTHCARE     TR,25525P107,,0.0,-100.0,0.0,0.00012037573318614741,0.0,-0.00012037573318614741
EXIT,DOCEBO  INC,25609L105,,0.0,-100.0,0.0,0.00016223124106577066,0.0,-0.00016223124106577066
EXIT,DOCUSIGN     INC,256163106,CALL,0.0,-100.0,0.0,8.878611313525446e-05,0.0,-8.878611313525446e-05
EXIT,DOCUSIGN     INC,256163106,PUT,0.0,-100.0,0.0,0.0004537956893579672,0.0,-0.0004537956893579672
EXIT,DOMINION    ENERGY    INC,25746U109,PUT,0.0,-100.0,0.0,0.001839490788406254,0.0,-0.001839490788406254
EXIT,DOMO   INC,257554105,,0.0,-100.0,0.0,3.654444656657573e-05,0.0,-3.654444656657573e-05
EXIT,DOUBLEDOWN    INTERACTIVE      CO  LT,25862B109,,0.0,-100.0,0.0,4.4759071175433626e-05,0.0,-4.4759071175433626e-05
EXIT,DOXIMITY    INC,26622P107,PUT,0.0,-100.0,0.0,0.00048482890061905104,0.0,-0.00048482890061905104
EXIT,DRILLING     TOOLS    INTL     CORP,26205E107,,0.0,-100.0,0.0,9.03350686443567e-05,0.0,-9.03350686443567e-05
EXIT,DUOS   TECHNOLOGIES        GROUP  INC,266042407,,0.0,-100.0,0.0,0.0009862268809370264,0.0,-0.0009862268809370264
EXIT,DUPONT  DE    NEMOURS      INC,26614N102,,0.0,-100.0,0.0,0.018539729814055696,0.0,-0.018539729814055696
EXIT,EAGLE  FINL     SVCS    INC,26951R104,,0.0,-100.0,0.0,0.00011475546339828453,0.0,-0.00011475546339828453
EXIT,EAGLE  MATLS      INC,26969P108,CALL,0.0,-100.0,0.0,0.0011826287796859983,0.0,-0.0011826287796859983
EXIT,EAGLE  POINT      INCOME     COMPANY    I,269817102,,0.0,-100.0,0.0,0.00013723695871188259,0.0,-0.00013723695871188259
EXIT,EASTERN     BANKSHARES       INC,27627N105,,0.0,-100.0,0.0,0.0019319707567534352,0.0,-0.0019319707567534352
EXIT,EASTMAN   CHEM     CO,277432100,PUT,0.0,-100.0,0.0,9.84606345538734e-05,0.0,-9.84606345538734e-05
EXIT,EATON  VANCE    TAX-MANAGED           GLOB,27829C105,,0.0,-100.0,0.0,0.00024248394938798337,0.0,-0.00024248394938798337
EXIT,EATON  VANCE    TAX-MANAGED           GLOB,27829F108,,0.0,-100.0,0.0,0.00024206404178221113,0.0,-0.00024206404178221113
EXIT,EDGEWISE   THERAPEUTICS        INC,28036F105,,0.0,-100.0,0.0,0.004494680191969908,0.0,-0.004494680191969908
EXIT,EHANG     HLDGS        LTD,26853E102,,0.0,-100.0,0.0,0.00030589457564319774,0.0,-0.00030589457564319774
EXIT,EIGHTCO     HOLDINGS   INC,22890A302,,0.0,-100.0,0.0,0.0008118794951393905,0.0,-0.0008118794951393905
EXIT,ELANCO     ANIMAL    HEALTH    INC,28414H103,PUT,0.0,-100.0,0.0,0.001195051219757654,0.0,-0.001195051219757654
EXIT,ELICIO   THERAPEUTICS     INC,28657F103,,0.0,-100.0,0.0,0.0004126772046397142,0.0,-0.0004126772046397142
EXIT,ELLINGTON    FINANCIAL    INC,28852N109,,0.0,-100.0,0.0,0.0032249241214644215,0.0,-0.0032249241214644215
EXIT,EMBOTELLADORA     ANDINA     S  A,29081P303,,0.0,-100.0,0.0,0.00014512281522504174,0.0,-0.00014512281522504174
EXIT,ENCOMPASS     HEALTH     CORP,29261A100,CALL,0.0,-100.0,0.0,0.012076609327952138,0.0,-0.012076609327952138
EXIT,ENCOMPASS     HEALTH     CORP,29261A100,PUT,0.0,-100.0,0.0,0.002274428090097653,0.0,-0.002274428090097653
EXIT,ENEL  CHILE     SA,29278D105,,0.0,-100.0,0.0,0.00020606185449246513,0.0,-0.00020606185449246513
EXIT,ENERGY  RECOVERY      INC,29270J100,,0.0,-100.0,0.0,0.001350851507174269,0.0,-0.001350851507174269
EXIT,ENGENE     HOLDINGS  INC,29286M105,,0.0,-100.0,0.0,0.0027197977444763633,0.0,-0.0027197977444763633
EXIT,ENGENE     HOLDINGS  INC,29286M113,CALL,0.0,-100.0,0.0,7.264942590649592e-05,0.0,-7.264942590649592e-05
EXIT,ENHABIT    INC,29332G102,,0.0,-100.0,0.0,0.001998205043172341,0.0,-0.001998205043172341
EXIT,ENLIVEX       LTD,M4130Y106,,0.0,-100.0,0.0,4.5594724765513505e-06,0.0,-4.5594724765513505e-06
EXIT,ENNIS   INC,293389102,,0.0,-100.0,0.0,0.00013372163706078463,0.0,-0.00013372163706078463
EXIT,ENPRO   INC,29355X107,,0.0,-100.0,0.0,0.0008189459283861815,0.0,-0.0008189459283861815
EXIT,ENTREPRENEURSHARES       SERIES       TR,293828877,,0.0,-100.0,0.0,8.264688915076327e-05,0.0,-8.264688915076327e-05
EXIT,ENVIRI   CORP,415864107,,0.0,-100.0,0.0,0.005231756205932756,0.0,-0.005231756205932756
EXIT,ESAB   CORPORATION,29605J106,,0.0,-100.0,0.0,0.03631829490062534,0.0,-0.03631829490062534
EXIT,ESCO   TECHNOLOGIES     INC,296315104,,0.0,-100.0,0.0,0.0015563170013108657,0.0,-0.0015563170013108657
EXIT,ESPEY  MFG   &    ELECTRS  CORP,296650104,,0.0,-100.0,0.0,0.0006349897747890663,0.0,-0.0006349897747890663
EXIT,ESTABLISHMENT      LABS    HLDGS    INC,G31249108,,0.0,-100.0,0.0,0.00870276616016272,0.0,-0.00870276616016272
EXIT,ESTABLISHMENT      LABS    HLDGS    INC,G31249108,CALL,0.0,-100.0,0.0,0.0002835562401079799,0.0,-0.0002835562401079799
EXIT,ETF  SER  SOLUTIONS,26922A842,CALL,0.0,-100.0,0.0,0.0077726308618112205,0.0,-0.0077726308618112205
EXIT,ETF  SER  SOLUTIONS,26922A842,PUT,0.0,-100.0,0.0,0.003075022100149501,0.0,-0.003075022100149501
EXIT,ETON   PHARMACEUTICALS          INC,29772L108,,0.0,-100.0,0.0,0.00015343690258690215,0.0,-0.00015343690258690215
EXIT,EVERCORE   INC,29977A105,PUT,0.0,-100.0,0.0,0.0002981485496112472,0.0,-0.0002981485496112472
EXIT,EVOLUTION     PETE  CORP,30049A107,,0.0,-100.0,0.0,0.00016741537292414962,0.0,-0.00016741537292414962
EXIT,EXAGEN   INC,30068X103,,0.0,-100.0,0.0,7.000138616860834e-05,0.0,-7.000138616860834e-05
EXIT,EXCHANGE  LISTED   FDS  TR,30151E491,,0.0,-100.0,0.0,0.001308161178028859,0.0,-0.001308161178028859
EXIT,EXCHANGE  TRADED  CONCEPTS  TRU,301505467,,0.0,-100.0,0.0,0.00012651662181922444,0.0,-0.00012651662181922444
EXIT,EXP  WORLD  HLDGS     INC,30212W100,,0.0,-100.0,0.0,9.883767745856085e-05,0.0,-9.883767745856085e-05
EXIT,EXXON     MOBIL      CORP,30231G102,CALL,0.0,-100.0,0.0,0.17699529569293382,0.0,-0.17699529569293382
EXIT,EXXON     MOBIL      CORP,30231G102,PUT,0.0,-100.0,0.0,0.3244560724021616,0.0,-0.3244560724021616
EXIT,FALCONS     BEYOND   GLOBAL     INC,306121104,,0.0,-100.0,0.0,8.178668199404259e-05,0.0,-8.178668199404259e-05
EXIT,FEDERAL   AGRIC      MTG  CORP,313148306,,0.0,-100.0,0.0,0.0017106886040787036,0.0,-0.0017106886040787036
EXIT,FEDERAL   RLTY   INVT     TR    NEW,313745101,,0.0,-100.0,0.0,0.026418201529926008,0.0,-0.026418201529926008
EXIT,FEDERAL   SIGNAL    CORP,313855108,,0.0,-100.0,0.0,0.010721924135084734,0.0,-0.010721924135084734
EXIT,FEDEX   CORP,31428X106,CALL,0.0,-100.0,0.0,0.007011214356226564,0.0,-0.007011214356226564
EXIT,FERMI   INC,314911108,PUT,0.0,-100.0,0.0,0.0002430386935292067,0.0,-0.0002430386935292067
EXIT,FG   IMPERII     ACQUISITION    CORP,G3R41C128,,0.0,-100.0,0.0,0.003325967874461335,0.0,-0.003325967874461335
EXIT,FIDELITY  NATL  INFORMATION     SV,31620M106,PUT,0.0,-100.0,0.0,0.000214743829191791,0.0,-0.000214743829191791
EXIT,FIDUS  INVT  CORP,316500107,,0.0,-100.0,0.0,0.0014817053708838384,0.0,-0.0014817053708838384
EXIT,FIFTH  THIRD  BANCORP,316773100,,0.0,-100.0,0.0,0.008960504949191126,0.0,-0.008960504949191126
EXIT,FIGS      INC,30260D103,CALL,0.0,-100.0,0.0,0.0012293429806254736,0.0,-0.0012293429806254736
EXIT,FIGURE   TECHNOLOGY      SOLUTIO,349381103,,0.0,-100.0,0.0,0.0031834797817854948,0.0,-0.0031834797817854948
EXIT,FILANA   THERAPEUTICS         INC,14817C107,,0.0,-100.0,0.0,5.1052275154112844e-05,0.0,-5.1052275154112844e-05
EXIT,FINANCE  OF   AMERICA   COMPAN,31738L206,,0.0,-100.0,0.0,0.00034339036887656764,0.0,-0.00034339036887656764
EXIT,FIRST   FNDTN   INC,32026V104,,0.0,-100.0,0.0,0.0030722675229021205,0.0,-0.0030722675229021205
EXIT,FIRST   GTY   BANCSHARES      INC,32043P106,,0.0,-100.0,0.0,0.00011246116148488295,0.0,-0.00011246116148488295
EXIT,FIRST  ADVANTAGE    CORP      NEW,31846B108,,0.0,-100.0,0.0,0.00019848853575129305,0.0,-0.00019848853575129305
EXIT,FIRST  BK   WILLIAMSTOWN       NEW       JE,31931U102,,0.0,-100.0,0.0,0.0004121536726594749,0.0,-0.0004121536726594749
EXIT,FIRST  TR  EXCHANGE  TRADED  FD,33738R811,,0.0,-100.0,0.0,0.00019638858156028553,0.0,-0.00019638858156028553
EXIT,FIRST  TR  EXCHANGE-TRADED    ALP,33737M300,,0.0,-100.0,0.0,0.0001910209221953203,0.0,-0.0001910209221953203
EXIT,FIRST  TR  EXCHANGE-TRADED   FD,33734X135,,0.0,-100.0,0.0,9.320908442776885e-05,0.0,-9.320908442776885e-05
EXIT,FIRST  TR  EXCHANGE-TRADED  ALP,33735K108,,0.0,-100.0,0.0,0.00018859594536793214,0.0,-0.00018859594536793214
EXIT,FIRST  TR  EXCHANGE-TRADED  FD,33734X846,,0.0,-100.0,0.0,0.0001086183202245256,0.0,-0.0001086183202245256
EXIT,FIRSTCASH    HOLDINGS    INC,33768G107,PUT,0.0,-100.0,0.0,0.0007823848353337476,0.0,-0.0007823848353337476
EXIT,FIRSTCASH    HOLDINGS    INC,33768G107,,0.0,-100.0,0.0,0.0005355424197859502,0.0,-0.0005355424197859502
EXIT,FIRSTENERGY      CORP,337932107,CALL,0.0,-100.0,0.0,0.0001749870270167359,0.0,-0.0001749870270167359
EXIT,FIRSTSERVICE      CORP  NEW,33767E202,,0.0,-100.0,0.0,0.0037300113792107124,0.0,-0.0037300113792107124
EXIT,FIRSTSUN    CAP   BANCORP,33767U107,,0.0,-100.0,0.0,0.0010925209355736056,0.0,-0.0010925209355736056
EXIT,FIVE   STAR       BANCORP,33830T103,,0.0,-100.0,0.0,0.00039355538633444026,0.0,-0.00039355538633444026
EXIT,FLAGSTAR     BANK   NATIONAL   ASSOC,649445400,PUT,0.0,-100.0,0.0,0.0002800717144557196,0.0,-0.0002800717144557196
EXIT,FLEX   LNG   LTD,G35947202,,0.0,-100.0,0.0,0.00030951227318232346,0.0,-0.00030951227318232346
EXIT,FLOWERS       FOODS    INC,343498101,,0.0,-100.0,0.0,0.013657790769027199,0.0,-0.013657790769027199
EXIT,FLOWSERVE        CORP,34354P105,,0.0,-100.0,0.0,0.0037031714177373,0.0,-0.0037031714177373
EXIT,FLUENT      INC,34380C201,,0.0,-100.0,0.0,2.2742845141571262e-05,0.0,-2.2742845141571262e-05
EXIT,FLUSHING      FINL     CORP,343873105,,0.0,-100.0,0.0,0.0017845053648060034,0.0,-0.0017845053648060034
EXIT,FORTIS   INC,349553107,,0.0,-100.0,0.0,0.0021918656818626196,0.0,-0.0021918656818626196
EXIT,FRANKLIN   COVEY     CO,353469109,,0.0,-100.0,0.0,0.0009251987829702618,0.0,-0.0009251987829702618
EXIT,FREECAST  INC,35632L303,,0.0,-100.0,0.0,4.8347221202161056e-05,0.0,-4.8347221202161056e-05
EXIT,FREIGHTCAR   AMER    INC,357023100,,0.0,-100.0,0.0,0.0007178543167424251,0.0,-0.0007178543167424251
EXIT,FRESHPET    INC,358039105,PUT,0.0,-100.0,0.0,0.0006134230038733745,0.0,-0.0006134230038733745
EXIT,FRP   HLDGS    INC,30292L107,,0.0,-100.0,0.0,9.08194813828293e-05,0.0,-9.08194813828293e-05
EXIT,FS   KKR  CAP  CORP,302635206,PUT,0.0,-100.0,0.0,0.0011489471125248807,0.0,-0.0011489471125248807
EXIT,FTAI  INFRASTRUCTURE        INC,35953C106,,0.0,-100.0,0.0,6.111008190961604e-05,0.0,-6.111008190961604e-05
EXIT,FULL  TRUCK    ALLIANCE     CO   LTD,35969L108,,0.0,-100.0,0.0,0.016164905103098866,0.0,-0.016164905103098866
EXIT,FULTON  FINL    CORP     PA,360271100,,0.0,-100.0,0.0,0.00046747369062547477,0.0,-0.00046747369062547477
EXIT,GALAXY   DIGITAL       INC.,36317J209,PUT,0.0,-100.0,0.0,0.0003624106436181068,0.0,-0.0003624106436181068
EXIT,GAOTU   TECHEDU     INC,36257Y109,,0.0,-100.0,0.0,9.222610943784422e-05,0.0,-9.222610943784422e-05
EXIT,GARTNER      INC,366651107,PUT,0.0,-100.0,0.0,0.0009357106226275465,0.0,-0.0009357106226275465
EXIT,GCI  LIBERTY    INC,36164V602,,0.0,-100.0,0.0,0.00032825788090720285,0.0,-0.00032825788090720285
EXIT,GCM  GROSVENOR      INC,36831E108,,0.0,-100.0,0.0,0.00023851251402437167,0.0,-0.00023851251402437167
EXIT,GEMINI   SPACE     STA     INC,36866J105,,0.0,-100.0,0.0,6.540862072034065e-05,0.0,-6.540862072034065e-05
EXIT,GEOSPACE    TECHNOLOGIES        CORP,37364X109,,0.0,-100.0,0.0,0.0005452177735288621,0.0,-0.0005452177735288621
EXIT,GERMAN  AMERN    BANCORP        INC,373865104,,0.0,-100.0,0.0,0.0007470830489364838,0.0,-0.0007470830489364838
EXIT,GIGCAPITAL7     CORP,G38648104,,0.0,-100.0,0.0,0.0011080317149340974,0.0,-0.0011080317149340974
EXIT,GIGCAPITAL9     CORP,G3865B106,,0.0,-100.0,0.0,0.0049144038540733835,0.0,-0.0049144038540733835
EXIT,GLACIER   BANCORP    INC   NEW,37637Q105,,0.0,-100.0,0.0,0.0004575731931613313,0.0,-0.0004575731931613313
EXIT,GLADSTONE      LD   CORP,376549101,,0.0,-100.0,0.0,0.0001408950239792143,0.0,-0.0001408950239792143
EXIT,GLOBAL  PMTS    INC,37940XAU6,,0.0,-100.0,0.0,0.001382024965078708,0.0,-0.001382024965078708
EXIT,GLOBAL  X  FDS,37954Y293,,0.0,-100.0,0.0,0.00016570203336719802,0.0,-0.00016570203336719802
EXIT,GLOBAL  X  FDS,37954Y319,,0.0,-100.0,0.0,0.0026332014765557505,0.0,-0.0026332014765557505
EXIT,GOLD  RESOURCE   CORP,38068T105,,0.0,-100.0,0.0,0.000982306217355282,0.0,-0.000982306217355282
EXIT,GOLDEN   ENTMT   INC,381013101,,0.0,-100.0,0.0,0.004722030821064233,0.0,-0.004722030821064233
EXIT,GRAFTECH     INTL     LTD  SR   NT,384313607,,0.0,-100.0,0.0,0.0010536763608235782,0.0,-0.0010536763608235782
EXIT,GRAHAM  CORP,384556106,,0.0,-100.0,0.0,0.0009108162191888074,0.0,-0.0009108162191888074
EXIT,GRAIL   INC,384747101,,0.0,-100.0,0.0,0.0005342402484296953,0.0,-0.0005342402484296953
EXIT,GREAT  LAKES   DREDGE       &   DOCK  CO,390607109,,0.0,-100.0,0.0,0.00800244808394758,0.0,-0.00800244808394758
EXIT,GREAT  SOUTHN     BANCORP       INC,390905107,,0.0,-100.0,0.0,0.0005551078669393442,0.0,-0.0005551078669393442
EXIT,GREENE   CNTY     BANCORP   INC,394357107,,0.0,-100.0,0.0,0.00022035910503389648,0.0,-0.00022035910503389648
EXIT,GREENWICH    LIFESCIENCES        INC,396879108,,0.0,-100.0,0.0,0.00017391416100317718,0.0,-0.00017391416100317718
EXIT,GRUPO  AEROPORTUARIO           DEL     CENT,400501102,,0.0,-100.0,0.0,0.00018267728732106162,0.0,-0.00018267728732106162
EXIT,GSK  PLC,37733W204,,0.0,-100.0,0.0,9.341092306879909e-05,0.0,-9.341092306879909e-05
EXIT,GXO   LOGISTICS     INCORPORATED,36262G101,,0.0,-100.0,0.0,0.002835997290522844,0.0,-0.002835997290522844
EXIT,H   WORLD  GROUP     LTD,44332NAB2,,0.0,-100.0,0.0,0.03669245671477287,0.0,-0.03669245671477287
EXIT,HASBRO   INC,418056107,PUT,0.0,-100.0,0.0,8.959138688864318e-05,0.0,-8.959138688864318e-05
EXIT,HAVERTY   FURNITURE     COS  INC,419596101,,0.0,-100.0,0.0,9.229477619200915e-05,0.0,-9.229477619200915e-05
EXIT,HAWAIIAN  ELEC    INDS  INC  MTN   B,419870100,,0.0,-100.0,0.0,0.0003504297515838391,0.0,-0.0003504297515838391
EXIT,HBT   FINL  INC.,404111106,,0.0,-100.0,0.0,8.713519790027096e-05,0.0,-8.713519790027096e-05
EXIT,HCM   IV   ACQUISITION      CORP,G4365S128,,0.0,-100.0,0.0,0.004917097255485234,0.0,-0.004917097255485234
EXIT,HELIOS  TECHNOLOGIES         INC,42328H109,,0.0,-100.0,0.0,0.0009352736523737696,0.0,-0.0009352736523737696
EXIT,HERITAGE    COMM      CORP,426927109,,0.0,-100.0,0.0,0.004254889643993775,0.0,-0.004254889643993775
EXIT,HF   SINCLAIR    CORP,403949100,PUT,0.0,-100.0,0.0,0.00010126098963736319,0.0,-0.00010126098963736319
EXIT,HIGH   TEMPLAR  TECHNOLOGY      LTD,747798106,,0.0,-100.0,0.0,2.635305176206076e-05,0.0,-2.635305176206076e-05
EXIT,HIGHVIEW    MERGER        CORP,G4569C127,,0.0,-100.0,0.0,0.0008433713170858668,0.0,-0.0008433713170858668
EXIT,HIGHWOODS    PPTYS    INC,431284108,,0.0,-100.0,0.0,0.0028259057746334777,0.0,-0.0028259057746334777
EXIT,HIMS   &  HERS    HEALTH      INC,433000106,,0.0,-100.0,0.0,0.001465885799210678,0.0,-0.001465885799210678
EXIT,HNI   CORP,404251100,,0.0,-100.0,0.0,0.0005292991552648455,0.0,-0.0005292991552648455
EXIT,HOLLEY    INC,43538H103,,0.0,-100.0,0.0,0.0008878078625977984,0.0,-0.0008878078625977984
EXIT,HOLOGIC   INC,436440101,,0.0,-100.0,0.0,0.17777452185757595,0.0,-0.17777452185757595
EXIT,HOLOGIC   INC,436440101,PUT,0.0,-100.0,0.0,0.00016358002258242844,0.0,-0.00016358002258242844
EXIT,HONEYWELL     INTL   INC,438516106,PUT,0.0,-100.0,0.0,0.031154371043753872,0.0,-0.031154371043753872
EXIT,HONEYWELL     INTL   INC,438516106,CALL,0.0,-100.0,0.0,0.011993304070285685,0.0,-0.011993304070285685
EXIT,HONEYWELL     INTL   INC,438516106,,0.0,-100.0,0.0,0.029773118475618986,0.0,-0.029773118475618986
EXIT,HOPE   BANCORP     INC,43940T109,,0.0,-100.0,0.0,0.0021302915791597075,0.0,-0.0021302915791597075
EXIT,HUDSON     PACIFIC      PROPERTIES  IN,444097406,,0.0,-100.0,0.0,5.0161688160701034e-05,0.0,-5.0161688160701034e-05
EXIT,HUDSON     TECHNOLOGIES       INC,444144109,,0.0,-100.0,0.0,0.00017785771350297642,0.0,-0.00017785771350297642
EXIT,ICON   PLC,G4705A100,PUT,0.0,-100.0,0.0,9.210500625322606e-05,0.0,-9.210500625322606e-05
EXIT,IDAHO  STRATEGIC        RESOURCES,645827205,,0.0,-100.0,0.0,0.00017421379774862415,0.0,-0.00017421379774862415
EXIT,IDEA   ACQUISITION         CORP,G4727U126,,0.0,-100.0,0.0,0.00412416687136034,0.0,-0.00412416687136034
EXIT,IDEAYA   BIOSCIENCES        INC,45166A102,PUT,0.0,-100.0,0.0,0.0017582750808771467,0.0,-0.0017582750808771467
EXIT,IDENTIV   INC,45170X205,,0.0,-100.0,0.0,2.3151100207242754e-05,0.0,-2.3151100207242754e-05
EXIT,IDEXX   LABS   INC,45168D104,PUT,0.0,-100.0,0.0,0.0007248957802604288,0.0,-0.0007248957802604288
EXIT,ILLINOIS     TOOL   WKS  INC,452308109,PUT,0.0,-100.0,0.0,0.0010398993129652145,0.0,-0.0010398993129652145
EXIT,ILLINOIS     TOOL   WKS  INC,452308109,CALL,0.0,-100.0,0.0,0.002285612031621461,0.0,-0.002285612031621461
EXIT,IMAX   CORP,45245E109,,0.0,-100.0,0.0,0.003248071060050199,0.0,-0.003248071060050199
EXIT,IMMUNIC   INC,4525EP101,,0.0,-100.0,0.0,0.0017460969279854597,0.0,-0.0017460969279854597
EXIT,IMMUNITYBIO     INC,45256X103,PUT,0.0,-100.0,0.0,7.596873518661398e-05,0.0,-7.596873518661398e-05
EXIT,IMMUNOME   INC,45257U108,,0.0,-100.0,0.0,0.0011865307159711525,0.0,-0.0011865307159711525
EXIT,IMMUTEP   LTD,45257L108,,0.0,-100.0,0.0,3.0388159934079915e-06,0.0,-3.0388159934079915e-06
EXIT,INFINITE     EAGLE     ACQUISITION        C,G4802J129,,0.0,-100.0,0.0,0.007898965620772445,0.0,-0.007898965620772445
EXIT,INFORMATION  SVCS  GROUP      INC,45675Y104,,0.0,-100.0,0.0,6.244762704831959e-05,0.0,-6.244762704831959e-05
EXIT,INFUSYSTEM     HLDGS    INC,45685K102,,0.0,-100.0,0.0,0.0013619239172428274,0.0,-0.0013619239172428274
EXIT,INGERSOLL   RAND      INC,45687V106,PUT,0.0,-100.0,0.0,0.00020005746704342508,0.0,-0.00020005746704342508
EXIT,INNATE   PHARMA     S  A,45781K204,,0.0,-100.0,0.0,5.361000770621987e-06,0.0,-5.361000770621987e-06
EXIT,INNOSPEC   INC,45768S105,,0.0,-100.0,0.0,0.0018666536917053146,0.0,-0.0018666536917053146
EXIT,INNOVATIVE    INDL     PPTYS  INC,45781V101,,0.0,-100.0,0.0,0.0008358437761808045,0.0,-0.0008358437761808045
EXIT,INSPIRE   MED   SYS     INC,457730109,PUT,0.0,-100.0,0.0,0.00032198465271155347,0.0,-0.00032198465271155347
EXIT,INTEGER   HLDGS     CORP,45826H109,CALL,0.0,-100.0,0.0,0.0018311134443981325,0.0,-0.0018311134443981325
EXIT,INTERDIGITAL   INC,45867G101,PUT,0.0,-100.0,0.0,0.0001131128714062301,0.0,-0.0001131128714062301
EXIT,INTREPID     POTASH  INC,46121Y201,,0.0,-100.0,0.0,0.0006403994665308235,0.0,-0.0006403994665308235
EXIT,INVESCO   SR   INCOME   TR,46131H107,,0.0,-100.0,0.0,1.8793882533868106e-05,0.0,-1.8793882533868106e-05
EXIT,INVESCO  DB  MULTI-SECTOR    COMM,46140H106,CALL,0.0,-100.0,0.0,0.0003047039357421925,0.0,-0.0003047039357421925
EXIT,INVESCO  EXCH  TRADED    FD  TR  II,46138G706,,0.0,-100.0,0.0,0.005549532210857219,0.0,-0.005549532210857219
EXIT,INVESTORS    TITLE  CO  NC,461804106,,0.0,-100.0,0.0,0.0007955867471057116,0.0,-0.0007955867471057116
EXIT,IO   BIOTECH     INC,449778109,,0.0,-100.0,0.0,4.742999983137618e-06,0.0,-4.742999983137618e-06
EXIT,IPG   PHOTONICS       CORP,44980X109,,0.0,-100.0,0.0,0.0010809445531456915,0.0,-0.0010809445531456915
EXIT,IQIYI   INC,46267X108,,0.0,-100.0,0.0,0.0005382150130904786,0.0,-0.0005382150130904786
EXIT,IRADIMED     CORP,46266A109,,0.0,-100.0,0.0,0.001622781009234614,0.0,-0.001622781009234614
EXIT,IRHYTHM     HOLDINGS  INC,450056106,CALL,0.0,-100.0,0.0,0.0030697160327822107,0.0,-0.0030697160327822107
EXIT,IRHYTHM     HOLDINGS  INC,450056AB2,,0.0,-100.0,0.0,0.0050184502169569635,0.0,-0.0050184502169569635
EXIT,IRIS   ACQUISITION    CORP     II,G4940M125,,0.0,-100.0,0.0,0.0017616143659402944,0.0,-0.0017616143659402944
EXIT,IRON   HORSE   ACQUISIT       II  CORP,46283H202,,0.0,-100.0,0.0,0.0012441600176878263,0.0,-0.0012441600176878263
EXIT,IRONWOOD   PHARMACEUTICALS    INC,46333X108,,0.0,-100.0,0.0,0.0006677196791212436,0.0,-0.0006677196791212436
EXIT,ISABELLA   BK    CORP,464214105,,0.0,-100.0,0.0,0.0020404217797950863,0.0,-0.0020404217797950863
EXIT,ISHARES    INC,464286103,,0.0,-100.0,0.0,0.0003393939637841687,0.0,-0.0003393939637841687
EXIT,ISHARES  INC,46434G772,PUT,0.0,-100.0,0.0,0.0005902843885305253,0.0,-0.0005902843885305253
EXIT,ISHARES  INC,464286517,,0.0,-100.0,0.0,9.802199965151077e-05,0.0,-9.802199965151077e-05
EXIT,ISHARES  INC,464286533,,0.0,-100.0,0.0,0.00024370954690929072,0.0,-0.00024370954690929072
EXIT,ISHARES  INC,464286764,CALL,0.0,-100.0,0.0,0.0022601766173923313,0.0,-0.0022601766173923313
EXIT,ISHARES  INC,464286806,CALL,0.0,-100.0,0.0,0.0033018304699669963,0.0,-0.0033018304699669963
EXIT,ISHARES  TR,464287457,,0.0,-100.0,0.0,0.001429411684046853,0.0,-0.001429411684046853
EXIT,ISHARES  TR,464287788,,0.0,-100.0,0.0,0.00014013968968340008,0.0,-0.00014013968968340008
EXIT,ISHARES  TR,464287838,,0.0,-100.0,0.0,0.0016856156670791358,0.0,-0.0016856156670791358
EXIT,ISHARES  TR,464288661,,0.0,-100.0,0.0,0.0058670959730869904,0.0,-0.0058670959730869904
EXIT,ISHARES  TR,464288679,,0.0,-100.0,0.0,0.00011498809803815238,0.0,-0.00011498809803815238
EXIT,ISHARES  TR,464288752,PUT,0.0,-100.0,0.0,0.0011305044708426197,0.0,-0.0011305044708426197
EXIT,ISHARES  TR,46429B499,,0.0,-100.0,0.0,0.0001166822941363671,0.0,-0.0001166822941363671
EXIT,ISHARES  TR,46429B697,,0.0,-100.0,0.0,0.00017992936866802504,0.0,-0.00017992936866802504
EXIT,ISHARES  TR,46432F339,,0.0,-100.0,0.0,0.0003968850996682197,0.0,-0.0003968850996682197
EXIT,ITRON   INC,465741AQ9,,0.0,-100.0,0.0,0.0020931174792655463,0.0,-0.0020931174792655463
EXIT,J   JILL      INC,46620W201,,0.0,-100.0,0.0,5.136439676395343e-05,0.0,-5.136439676395343e-05
EXIT,JANUS  INTERNATIONAL     GROUP  IN,47103N106,,0.0,-100.0,0.0,2.3504838031728756e-05,0.0,-2.3504838031728756e-05
EXIT,JAZZ   INVESTMENTS      I   LTD,472145AF8,,0.0,-100.0,0.0,0.043455845680461715,0.0,-0.043455845680461715
EXIT,JAZZ   PHARMACEUTICALS           PLC,G50871105,CALL,0.0,-100.0,0.0,0.0019983565261936505,0.0,-0.0019983565261936505
EXIT,JBG    SMITH       PPTYS,46590V100,,0.0,-100.0,0.0,0.000717066105637041,0.0,-0.000717066105637041
EXIT,JBS  N.V.,N4732M103,PUT,0.0,-100.0,0.0,0.0007474272150316014,0.0,-0.0007474272150316014
EXIT,JBS  N.V.,N4732M103,CALL,0.0,-100.0,0.0,0.001121140822547402,0.0,-0.001121140822547402
EXIT,JBT   MAREL  CORPORATION,477839104,,0.0,-100.0,0.0,0.00270367687140917,0.0,-0.00270367687140917
EXIT,JEFFERIES      FINANCIAL       GROUP  IN,47233W109,CALL,0.0,-100.0,0.0,0.02748688885937219,0.0,-0.02748688885937219
EXIT,JETBLUE   AIRWAYS      CORP,477143101,CALL,0.0,-100.0,0.0,4.028366345246601e-05,0.0,-4.028366345246601e-05
EXIT,JFB    CONSTR    HLDGS,46658E107,,0.0,-100.0,0.0,5.548689898672796e-05,0.0,-5.548689898672796e-05
EXIT,JOBY   AVIATION       INC,G65163100,CALL,0.0,-100.0,0.0,0.00013445533092498326,0.0,-0.00013445533092498326
EXIT,JYONG   BIOTECH  LTD,G83116106,,0.0,-100.0,0.0,1.3054174209972871e-05,0.0,-1.3054174209972871e-05
EXIT,K2   CAP  ACQUISITION         CORP,G5226B121,,0.0,-100.0,0.0,0.002091214785931958,0.0,-0.002091214785931958
EXIT,KALARIS     THERAPEUTICS       INC,482929106,,0.0,-100.0,0.0,0.00014295627509060158,0.0,-0.00014295627509060158
EXIT,KALVISTA    PHARMACEUTICALS         INC,483497103,,0.0,-100.0,0.0,0.016018704844076654,0.0,-0.016018704844076654
EXIT,KARYOPHARM       THERAPEUTICS       INC,48576U205,CALL,0.0,-100.0,0.0,0.0002109401071732003,0.0,-0.0002109401071732003
EXIT,KATAPULT    HOLDINGS      INC,485859110,CALL,0.0,-100.0,0.0,1.3400421115822696e-07,0.0,-1.3400421115822696e-07
EXIT,KE   HLDGS  INC,482497104,PUT,0.0,-100.0,0.0,0.00022240911976732943,0.0,-0.00022240911976732943
EXIT,KENNEDY-WILSON        HOLDINGS  INC,489398107,,0.0,-100.0,0.0,0.00396217367504234,0.0,-0.00396217367504234
EXIT,KENON   HLDGS   LTD,Y46717107,,0.0,-100.0,0.0,0.00013206198242072558,0.0,-0.00013206198242072558
EXIT,KEZAR   LIFE   SCIENCES     INC,49372L209,,0.0,-100.0,0.0,0.0004386394801462545,0.0,-0.0004386394801462545
EXIT,KILROY   REALTY  CORP,49427F108,,0.0,-100.0,0.0,0.003750721272266855,0.0,-0.003750721272266855
EXIT,KIMBERLY-CLARK       CORP,494368103,,0.0,-100.0,0.0,0.02296923526843157,0.0,-0.02296923526843157
EXIT,KINETIK    HOLDINGS  INC,02215L209,,0.0,-100.0,0.0,0.009018500057434533,0.0,-0.009018500057434533
EXIT,KNIFE   RIVER  CORP,498894104,,0.0,-100.0,0.0,0.004478890167809146,0.0,-0.004478890167809146
EXIT,KOPPERS     HOLDINGS       INC,50060P106,,0.0,-100.0,0.0,0.0008372932689369043,0.0,-0.0008372932689369043
EXIT,KORE   GROUP   HLDGS       INC,50066V305,,0.0,-100.0,0.0,0.00022457399525318381,0.0,-0.00022457399525318381
EXIT,KRAFT   HEINZ     CO,500754106,,0.0,-100.0,0.0,0.012351499407522358,0.0,-0.012351499407522358
EXIT,KRAKACQUISITION       CORPORATION,G5315G122,,0.0,-100.0,0.0,0.0021870361201530193,0.0,-0.0021870361201530193
EXIT,KRANESHARES  TRUST,500767306,,0.0,-100.0,0.0,0.002887285945776142,0.0,-0.002887285945776142
EXIT,KRYSTAL    BIOTECH     INC,501147102,,0.0,-100.0,0.0,0.0004428048470701139,0.0,-0.0004428048470701139
EXIT,KVH  INDS   INC,482738101,,0.0,-100.0,0.0,0.000507506408303629,0.0,-0.000507506408303629
EXIT,LAFAYETTE      DIGITAL     ACQUISITIO,G5345D123,,0.0,-100.0,0.0,0.003315979982946436,0.0,-0.003315979982946436
EXIT,LAMB   WESTON    HLDGS  INC,513272104,PUT,0.0,-100.0,0.0,0.00018993973293883248,0.0,-0.00018993973293883248
EXIT,LATHAM   GROUP   INC,51819L107,,0.0,-100.0,0.0,0.00010088977300272611,0.0,-0.00010088977300272611
EXIT,LAUNCHPAD   CADENZA       ACQU   CORP,G6001S123,,0.0,-100.0,0.0,0.0018727296590435448,0.0,-0.0018727296590435448
EXIT,LAZARD   INC,52110M109,,0.0,-100.0,0.0,0.0024463779657695668,0.0,-0.0024463779657695668
EXIT,LCI   INDS,50189K103,,0.0,-100.0,0.0,0.00012016973292365263,0.0,-0.00012016973292365263
EXIT,LEAR  CORP,521865204,,0.0,-100.0,0.0,0.006559326354147942,0.0,-0.006559326354147942
EXIT,LEE   ENTERPRISES     INC,523768406,,0.0,-100.0,0.0,0.0003663704264416177,0.0,-0.0003663704264416177
EXIT,LEGATO     MERGER     CORP   IV,G7318R121,,0.0,-100.0,0.0,0.0021887881627895914,0.0,-0.0021887881627895914
EXIT,LEGATO    MERGER  CORP      III,G5451A111,CALL,0.0,-100.0,0.0,3.119967611966546e-05,0.0,-3.119967611966546e-05
EXIT,LEGATO    MERGER  CORP      III,G5451A103,,0.0,-100.0,0.0,0.000979290290279929,0.0,-0.000979290290279929
EXIT,LEGEND   BIOTECH       CORP,52490G102,,0.0,-100.0,0.0,0.002144916349310398,0.0,-0.002144916349310398
EXIT,LEIDOS   HOLDINGS      INC,525327102,CALL,0.0,-100.0,0.0,0.0001294430740330898,0.0,-0.0001294430740330898
EXIT,LEIDOS   HOLDINGS      INC,525327102,PUT,0.0,-100.0,0.0,0.0001423873814363988,0.0,-0.0001423873814363988
EXIT,LESLIES   INC,527064208,,0.0,-100.0,0.0,4.3227594476482456e-05,0.0,-4.3227594476482456e-05
EXIT,LI   AUTO   INC,50202MAB8,,0.0,-100.0,0.0,0.04418238155574132,0.0,-0.04418238155574132
EXIT,LIBERTY     LATIN     AMERICA     LTD,G9001E102,,0.0,-100.0,0.0,0.00029605775098746174,0.0,-0.00029605775098746174
EXIT,LIFESTANCE     HEALTH    GROUP  INC,53228F101,CALL,0.0,-100.0,0.0,0.00019882146546845635,0.0,-0.00019882146546845635
EXIT,LINCOLN   EDL    SVCS  CORP,533535100,,0.0,-100.0,0.0,0.0027354987099377846,0.0,-0.0027354987099377846
EXIT,LINKBANCORP      INC,53578P105,,0.0,-100.0,0.0,7.614934955817507e-05,0.0,-7.614934955817507e-05
EXIT,LITHIA   MTRS   INC,536797103,PUT,0.0,-100.0,0.0,0.00016627841794003697,0.0,-0.00016627841794003697
EXIT,LIVE   OAK  ACQUISITION        CORP  V,G5509P110,CALL,0.0,-100.0,0.0,0.00010152608492465446,0.0,-0.00010152608492465446
EXIT,LIVE   OAK  ACQUISITION        CORP  V,G5509P102,,0.0,-100.0,0.0,0.0015605260652601025,0.0,-0.0015605260652601025
EXIT,LSI   INDS     INC   OHIO,50216C108,,0.0,-100.0,0.0,0.00029025769915233063,0.0,-0.00029025769915233063
EXIT,LUCID   DIAGNOSTICS           INC,54948X109,,0.0,-100.0,0.0,5.417598822539748e-06,0.0,-5.417598822539748e-06
EXIT,LUCID   GROUP     INC,549498202,PUT,0.0,-100.0,0.0,0.0005949037883561661,0.0,-0.0005949037883561661
EXIT,LUMENTUM     HLDGS     INC,55024UAD1,,0.0,-100.0,0.0,0.07210205574234559,0.0,-0.07210205574234559
EXIT,LUMENTUM     HLDGS     INC,55024UAF6,,0.0,-100.0,0.0,0.350375198552709,0.0,-0.350375198552709
EXIT,LUXFER     HLDGS  PLC,G5698W116,,0.0,-100.0,0.0,0.0005684720819484254,0.0,-0.0005684720819484254
EXIT,LYFT      INC,55087P104,PUT,0.0,-100.0,0.0,0.00453534339529994,0.0,-0.00453534339529994
EXIT,M   EVO  GBL    ACQUISITION      CORP   I,G6071J128,,0.0,-100.0,0.0,0.003976135915055876,0.0,-0.003976135915055876
EXIT,M-TRON    INDS  INC,55380K109,,0.0,-100.0,0.0,0.00020328397216488384,0.0,-0.00020328397216488384
EXIT,MACYS   INC,55616P104,PUT,0.0,-100.0,0.0,0.00035985624036317135,0.0,-0.00035985624036317135
EXIT,MAGNERA   CORP,55939A107,,0.0,-100.0,0.0,0.0007914176347225343,0.0,-0.0007914176347225343
EXIT,MAKEMYTRIP     LIMITED         MAURITIUS,V5633W109,,0.0,-100.0,0.0,0.0029422809411057617,0.0,-0.0029422809411057617
EXIT,MANCHESTER   UTD     PLC   NEW,G5784H106,,0.0,-100.0,0.0,0.00010469682431848842,0.0,-0.00010469682431848842
EXIT,MANHATTAN  ASSOCIATES        INC,562750109,CALL,0.0,-100.0,0.0,0.0011079900987194518,0.0,-0.0011079900987194518
EXIT,MANITOWOC  CO    INC,563571405,,0.0,-100.0,0.0,0.0007549997014484806,0.0,-0.0007549997014484806
EXIT,MARINEMAX   INC,567908108,,0.0,-100.0,0.0,0.00022212987496705874,0.0,-0.00022212987496705874
EXIT,MARQETA    INC,57142B104,,0.0,-100.0,0.0,0.00022629981967452903,0.0,-0.00022629981967452903
EXIT,MARSH   &  MCLENNAN       COS  INC,571748102,PUT,0.0,-100.0,0.0,0.0010971865293975028,0.0,-0.0010971865293975028
EXIT,MASIMO   CORP,574795100,CALL,0.0,-100.0,0.0,0.021362968821654695,0.0,-0.021362968821654695
EXIT,MASIMO   CORP,574795100,,0.0,-100.0,0.0,0.07319762922726343,0.0,-0.07319762922726343
EXIT,MATADOR   RES  CO,576485205,CALL,0.0,-100.0,0.0,0.0003786209915467877,0.0,-0.0003786209915467877
EXIT,MATADOR   RES  CO,576485205,PUT,0.0,-100.0,0.0,0.00017616393356690815,0.0,-0.00017616393356690815
EXIT,MATCH   GROUP  INC   NEW,57667L107,PUT,0.0,-100.0,0.0,9.329647847852421e-05,0.0,-9.329647847852421e-05
EXIT,MATIV   HOLDINGS       INC,808541106,,0.0,-100.0,0.0,0.0005085401550754211,0.0,-0.0005085401550754211
EXIT,MAZE  THERAPEUTICS          INC,578784100,,0.0,-100.0,0.0,0.0003713314953894973,0.0,-0.0003713314953894973
EXIT,MBIA      INC,55262C100,,0.0,-100.0,0.0,2.8916610584218147e-05,0.0,-2.8916610584218147e-05
EXIT,MDA   SPACE   LTD,55293N109,,0.0,-100.0,0.0,0.0012538137309991222,0.0,-0.0012538137309991222
EXIT,MEDALLION   FINANCIAL      CORP,583928106,,0.0,-100.0,0.0,7.886688837452049e-05,0.0,-7.886688837452049e-05
EXIT,MEDPACE   HLDGS     INC,58506Q109,PUT,0.0,-100.0,0.0,0.0007993476044232176,0.0,-0.0007993476044232176
EXIT,MEDPACE   HLDGS     INC,58506Q109,,0.0,-100.0,0.0,0.0011342740675652013,0.0,-0.0011342740675652013
EXIT,MERCURY    GENL      CORP   NEW,589400100,,0.0,-100.0,0.0,0.0017935148591145885,0.0,-0.0017935148591145885
EXIT,MEREO   BIOPHARMA        GROUP   PLC,589492107,,0.0,-100.0,0.0,0.000488784105658951,0.0,-0.000488784105658951
EXIT,MERIT   MED    SYS    INC,589889104,,0.0,-100.0,0.0,0.0013010560417024478,0.0,-0.0013010560417024478
EXIT,MESHFLOW   ACQUISITION       CORP,G6032N127,,0.0,-100.0,0.0,0.000828994995736609,0.0,-0.000828994995736609
EXIT,MICROCHIP   TECHNOLOGY        INC.,595017302,,0.0,-100.0,0.0,8.739072145819378e-05,0.0,-8.739072145819378e-05
EXIT,MIDDLESEX   WTR    CO,596680108,,0.0,-100.0,0.0,0.0008830636141282214,0.0,-0.0008830636141282214
EXIT,MILLICOM       INTL       CELLULAR     S  A,L6388F110,,0.0,-100.0,0.0,0.016321847755607497,0.0,-0.016321847755607497
EXIT,MIMEDX  GROUP   INC,602496101,,0.0,-100.0,0.0,0.0003295687916685333,0.0,-0.0003295687916685333
EXIT,MINERALS     TECHNOLOGIES      INC,603158106,,0.0,-100.0,0.0,0.0009696307506985826,0.0,-0.0009696307506985826
EXIT,MIRION   TECHNOLOGIES     INC,60471A101,CALL,0.0,-100.0,0.0,0.002459418822790853,0.0,-0.002459418822790853
EXIT,MISSION     PRODUCE  INC,60510V108,,0.0,-100.0,0.0,0.00046109475724462605,0.0,-0.00046109475724462605
EXIT,MISTER   CAR  WASH   INC,60646V105,,0.0,-100.0,0.0,0.007382885439927568,0.0,-0.007382885439927568
EXIT,MISTRAS     GROUP  INC,60649T107,,0.0,-100.0,0.0,0.00022738558671462784,0.0,-0.00022738558671462784
EXIT,MOHAWK   INDS    INC,608190104,,0.0,-100.0,0.0,0.009915455164011393,0.0,-0.009915455164011393
EXIT,MONTE   ROSA  THERAPEUTICS        INC,61225M102,,0.0,-100.0,0.0,0.0013101758189798434,0.0,-0.0013101758189798434
EXIT,MOUNTAIN      LAKE   ACQUISITION       CO,G6301B101,,0.0,-100.0,0.0,0.0006455111861757195,0.0,-0.0006455111861757195
EXIT,MOUNTAIN   LAKE    ACQUISIT     CORP,G6301L125,,0.0,-100.0,0.0,0.003161284606028657,0.0,-0.003161284606028657
EXIT,MOUNTAIN   LAKE    ACQUISITION      CO,G6301B127,,0.0,-100.0,0.0,4.8690971135132166e-05,0.0,-4.8690971135132166e-05
EXIT,MOZAYYX    ACQUISITION    CORP,G63113123,,0.0,-100.0,0.0,0.00310570365439683,0.0,-0.00310570365439683
EXIT,MP   MATERIALS      CORP,553368101,,0.0,-100.0,0.0,0.0021183381538271056,0.0,-0.0021183381538271056
EXIT,MUZERO  ACQUISITION       CORP,G8775A122,,0.0,-100.0,0.0,0.0022728695628591823,0.0,-0.0022728695628591823
EXIT,MYERS   INDS    INC,628464109,,0.0,-100.0,0.0,0.00017058361534510484,0.0,-0.00017058361534510484
EXIT,MYR   GROUP     INC,55405W104,,0.0,-100.0,0.0,0.004863183033249957,0.0,-0.004863183033249957
EXIT,N-ABLE     INC,62878D100,,0.0,-100.0,0.0,1.9850518223715118e-05,0.0,-1.9850518223715118e-05
EXIT,NAKAMOTO     INC,49457M106,,0.0,-100.0,0.0,0.0006211902541747941,0.0,-0.0006211902541747941
EXIT,NANO   NUCLEAR       ENERGY  INC,63010H108,,0.0,-100.0,0.0,0.00022631979545755882,0.0,-0.00022631979545755882
EXIT,NAPCO     SEC   TECHNOLOGIES      INC,630402105,,0.0,-100.0,0.0,0.00023929947664331642,0.0,-0.00023929947664331642
EXIT,NATIONAL     BK  HLDGS    CORP,633707104,,0.0,-100.0,0.0,0.001704330894967324,0.0,-0.001704330894967324
EXIT,NBT   BANCORP       INC,628778102,,0.0,-100.0,0.0,0.0015622822695181388,0.0,-0.0015622822695181388
EXIT,NCINO   INC,63947X101,CALL,0.0,-100.0,0.0,0.0017505377942502716,0.0,-0.0017505377942502716
EXIT,NCS   MULTISTAGE         HLDGS   INC,628877201,,0.0,-100.0,0.0,0.00012713337412026944,0.0,-0.00012713337412026944
EXIT,NELNET   INC,64031N108,,0.0,-100.0,0.0,0.0009832026306187444,0.0,-0.0009832026306187444
EXIT,NEOGEN   CORP,640491106,,0.0,-100.0,0.0,0.00011813012224388099,0.0,-0.00011813012224388099
EXIT,NEONC   TECHNOLOGIES   HLDGS  INC,64051A101,,0.0,-100.0,0.0,0.0003478845038961257,0.0,-0.0003478845038961257
EXIT,NEOVOLTA     INC,640655106,,0.0,-100.0,0.0,0.00033313446893935226,0.0,-0.00033313446893935226
EXIT,NEW   YORK   TIMES  CO    MTN  BE,650111107,PUT,0.0,-100.0,0.0,0.0470410963055148,0.0,-0.0470410963055148
EXIT,NEW  AMER     ACQUISITION      I  CORP,023634207,,0.0,-100.0,0.0,0.0005629125718339448,0.0,-0.0005629125718339448
EXIT,NEW  ORIENTAL    ED     &  TECHNOLOGY,647581206,PUT,0.0,-100.0,0.0,8.484214447330875e-05,0.0,-8.484214447330875e-05
EXIT,NEWEGG   COMMERCE       INC,G6483G209,,0.0,-100.0,0.0,0.0006107508267309925,0.0,-0.0006107508267309925
EXIT,NEXPOINT    REAL  ESTATE       FIN  INC,65342V101,,0.0,-100.0,0.0,0.0005730261443170729,0.0,-0.0005730261443170729
EXIT,NEXTNAV     INC,65345N114,CALL,0.0,-100.0,0.0,0.00031940944134929537,0.0,-0.00031940944134929537
EXIT,NICE  LTD,653656108,CALL,0.0,-100.0,0.0,0.00010553788801647218,0.0,-0.00010553788801647218
EXIT,NISOURCE     INC,65473P105,,0.0,-100.0,0.0,0.003097171498070228,0.0,-0.003097171498070228
EXIT,NOAH   HLDGS   LTD,65487X102,,0.0,-100.0,0.0,6.954568861824108e-05,0.0,-6.954568861824108e-05
EXIT,NORFOLK   SOUTHN       CORP,655844108,PUT,0.0,-100.0,0.0,0.00029859634008083186,0.0,-0.00029859634008083186
EXIT,NORFOLK   SOUTHN       CORP,655844108,CALL,0.0,-100.0,0.0,0.00029859634008083186,0.0,-0.00029859634008083186
EXIT,NORTHWEST   NAT      HLDG  CO,66765N105,,0.0,-100.0,0.0,0.0023906713331695107,0.0,-0.0023906713331695107
EXIT,NORWOOD    FINANCIAL       CORP,669549107,,0.0,-100.0,0.0,0.00010309002227102903,0.0,-0.00010309002227102903
EXIT,NOVA  MINERALS       LTD,66982D104,,0.0,-100.0,0.0,0.0003834455593106303,0.0,-0.0003834455593106303
EXIT,NOVONIX    LIMITED,67010L100,,0.0,-100.0,0.0,1.9378590349636146e-05,0.0,-1.9378590349636146e-05
EXIT,NU  SKIN     ENTERPRISES         INC,67018T105,,0.0,-100.0,0.0,0.00033367464740544973,0.0,-0.00033367464740544973
EXIT,NUTRIEN    LTD,67077M108,,0.0,-100.0,0.0,0.006499351146411706,0.0,-0.006499351146411706
EXIT,NUVEEN   CHURCHILL     DIRECT       LEND,67090S108,,0.0,-100.0,0.0,0.000593077252695379,0.0,-0.000593077252695379
EXIT,NUVEEN   NASDAQ     100    DYNAMIC       OV,670699107,,0.0,-100.0,0.0,0.00027401322592764045,0.0,-0.00027401322592764045
EXIT,NUVEEN   PFD    &   INCOME     OPPORTUN,67073B106,,0.0,-100.0,0.0,0.0003117562194760041,0.0,-0.0003117562194760041
EXIT,NYXOAH  S    A,B6S7WD106,,0.0,-100.0,0.0,3.746666188311807e-05,0.0,-3.746666188311807e-05
EXIT,OAKTREE   SPECIALTY      LENDING,67401P405,,0.0,-100.0,0.0,0.00013037569340329348,0.0,-0.00013037569340329348
EXIT,OATLY    GROUP   AB,67421J207,,0.0,-100.0,0.0,8.353664381988217e-05,0.0,-8.353664381988217e-05
EXIT,OCULAR     THERAPEUTIX      INC,67576A100,,0.0,-100.0,0.0,0.00011986759920532695,0.0,-0.00011986759920532695
EXIT,OFF   THE  HOOK  YS    INC,676206105,,0.0,-100.0,0.0,1.164962696569021e-05,0.0,-1.164962696569021e-05
EXIT,OLD   SECOND  BANCORP    INC   DEL,680277100,,0.0,-100.0,0.0,0.00026406986376241215,0.0,-0.00026406986376241215
EXIT,OLEMA   PHARMACEUTICALS        INC,68062P106,,0.0,-100.0,0.0,0.0011351076403445489,0.0,-0.0011351076403445489
EXIT,OMNICOM   GROUP     INC,681919106,PUT,0.0,-100.0,0.0,0.0012661833184781782,0.0,-0.0012661833184781782
EXIT,ON24  INC,68339B104,,0.0,-100.0,0.0,0.0008763463409223054,0.0,-0.0008763463409223054
EXIT,ONDAS    INC,68236H204,,0.0,-100.0,0.0,0.021131707100707994,0.0,-0.021131707100707994
EXIT,ONE   LIBERTY       PPTYS  INC,682406103,,0.0,-100.0,0.0,0.00015149384152510787,0.0,-0.00015149384152510787
EXIT,ONEIM   ACQUISITION       CORP,G6S74K122,,0.0,-100.0,0.0,0.0031639642740896754,0.0,-0.0031639642740896754
EXIT,ONEMAIN     HLDGS   INC,68268W103,PUT,0.0,-100.0,0.0,0.0001380151819257518,0.0,-0.0001380151819257518
EXIT,ONEMAIN     HLDGS   INC,68268W103,CALL,0.0,-100.0,0.0,0.0005609649329885396,0.0,-0.0005609649329885396
EXIT,ONEOK    INC   NEW,682680103,,0.0,-100.0,0.0,0.014413101759761225,0.0,-0.014413101759761225
EXIT,ONESTREAM    INC,68278B107,,0.0,-100.0,0.0,0.02468114863770729,0.0,-0.02468114863770729
EXIT,ONEWATER    MARINE   INC,68280L101,,0.0,-100.0,0.0,4.7971426783912984e-05,0.0,-4.7971426783912984e-05
EXIT,ONITY   GROUP    INC,675746606,,0.0,-100.0,0.0,0.00011493815858057789,0.0,-0.00011493815858057789
EXIT,ONKURE   THERAPEUTICS     INC,68277Q105,,0.0,-100.0,0.0,5.2547129584176055e-05,0.0,-5.2547129584176055e-05
EXIT,OPTION   CARE   HEALTH    INC,68404L201,CALL,0.0,-100.0,0.0,0.0007842159487781457,0.0,-0.0007842159487781457
EXIT,ORCHESTRA    BIOMED     HLDGS     INC,68572M106,,0.0,-100.0,0.0,0.0012425802661798861,0.0,-0.0012425802661798861
EXIT,ORGANON     &  CO,68622V106,CALL,0.0,-100.0,0.0,0.0007478433771780555,0.0,-0.0007478433771780555
EXIT,ORIGIN   MATERIALS      INC,68622D114,CALL,0.0,-100.0,0.0,4.494551181704507e-08,0.0,-4.494551181704507e-08
EXIT,ORION   PROPERTIES         INC,68629Y103,,0.0,-100.0,0.0,0.0002015286002311404,0.0,-0.0002015286002311404
EXIT,ORMAT   TECHNOLOGIES       INC,686688102,,0.0,-100.0,0.0,0.003436720690335024,0.0,-0.003436720690335024
EXIT,OWENS   CORNING       NEW,690742101,CALL,0.0,-100.0,0.0,0.002251853374463249,0.0,-0.002251853374463249
EXIT,PAGERDUTY      INC,69553P100,,0.0,-100.0,0.0,5.531835331741404e-05,0.0,-5.531835331741404e-05
EXIT,PAGERDUTY      INC,69553P100,CALL,0.0,-100.0,0.0,0.0013666132323090724,0.0,-0.0013666132323090724
EXIT,PALMER   SQUARE      CAPITAL      BDC  IN,69702V107,,0.0,-100.0,0.0,5.355216116786275e-05,0.0,-5.355216116786275e-05
EXIT,PALOMA     ACQUISITION  CORP      I,G6881J128,,0.0,-100.0,0.0,0.0024919789329672765,0.0,-0.0024919789329672765
EXIT,PALOMAR     HLDGS    INC,69753M105,,0.0,-100.0,0.0,0.0011231334069046245,0.0,-0.0011231334069046245
EXIT,PAPA   JOHNS   INTL     INC,698813102,PUT,0.0,-100.0,0.0,0.0006743907583289031,0.0,-0.0006743907583289031
EXIT,PARAMOUNT     GOLD   NEV     CORP,69924M109,,0.0,-100.0,0.0,0.0005765847468314022,0.0,-0.0005765847468314022
EXIT,PARK-OHIO    HLDGS      CORP,700666100,,0.0,-100.0,0.0,9.863459033109123e-05,0.0,-9.863459033109123e-05
EXIT,PATRICK   INDS     INC,703343103,,0.0,-100.0,0.0,0.0017733967486307037,0.0,-0.0017733967486307037
EXIT,PAYLOCITY     HLDG  CORP,70438V106,CALL,0.0,-100.0,0.0,0.0022705889942966134,0.0,-0.0022705889942966134
EXIT,PEABODY   ENGR  CORP,704551AD2,,0.0,-100.0,0.0,0.04640094778475829,0.0,-0.04640094778475829
EXIT,PEAKSTONE    REALTY      TRUST,39818P799,,0.0,-100.0,0.0,0.0038566844779970035,0.0,-0.0038566844779970035
EXIT,PEDEVCO  CORP,70532Y402,,0.0,-100.0,0.0,0.00013543580894202916,0.0,-0.00013543580894202916
EXIT,PEMBINA  PIPELINE     CORP,706327103,,0.0,-100.0,0.0,0.00772167804941011,0.0,-0.00772167804941011
EXIT,PENNYMAC  FINL   SVCS       INC   NEW,70932M107,CALL,0.0,-100.0,0.0,0.005455885740013527,0.0,-0.005455885740013527
EXIT,PEOPLES   BANCORP     INC,709789101,,0.0,-100.0,0.0,0.0003378500022208239,0.0,-0.0003378500022208239
EXIT,PERIMETER     SOLUTIONS       INC,71385M107,,0.0,-100.0,0.0,0.000777668469727983,0.0,-0.000777668469727983
EXIT,PERMA-PIPE     INTL   HLDGS     INC,714167103,,0.0,-100.0,0.0,0.002148435416420814,0.0,-0.002148435416420814
EXIT,PETCO   HEALTH   &  WELLNESS        CO   I,71601V105,,0.0,-100.0,0.0,0.00021297930169082553,0.0,-0.00021297930169082553
EXIT,PG&E  CORP,69331CAL2,,0.0,-100.0,0.0,0.009723115840136107,0.0,-0.009723115840136107
EXIT,PHOTRONICS     INC,719405102,,0.0,-100.0,0.0,9.488205625651441e-05,0.0,-9.488205625651441e-05
EXIT,PICS   NV,N69958101,,0.0,-100.0,0.0,0.0013948993572414127,0.0,-0.0013948993572414127
EXIT,PILGRIMS   PRIDE    CORP,72147K108,,0.0,-100.0,0.0,9.868577827510508e-05,0.0,-9.868577827510508e-05
EXIT,PIMCO  ETF   TR,72201R882,,0.0,-100.0,0.0,0.002663853899452829,0.0,-0.002663853899452829
EXIT,PJT   PARTNERS    INC,69343T107,,0.0,-100.0,0.0,0.0030360443535126075,0.0,-0.0030360443535126075
EXIT,PLANET   LABS   PBC,72703X114,CALL,0.0,-100.0,0.0,0.0004107520385502175,0.0,-0.0004107520385502175
EXIT,PLAYBOY   INC,72814P109,,0.0,-100.0,0.0,0.0007078239766885879,0.0,-0.0007078239766885879
EXIT,PLUS   THERAPEUTICS         INC,72941H509,,0.0,-100.0,0.0,1.8378552711706894e-05,0.0,-1.8378552711706894e-05
EXIT,POLARYX     THERAPEUTICS         INC,73110F100,,0.0,-100.0,0.0,0.0004012173476128071,0.0,-0.0004012173476128071
EXIT,PONCE  FINANCIAL       GROUP  INC,732344106,,0.0,-100.0,0.0,0.00010748219756470585,0.0,-0.00010748219756470585
EXIT,POWERFLEET     INC,73931J109,,0.0,-100.0,0.0,0.000682937064168485,0.0,-0.000682937064168485
EXIT,PPL   CORP,69351T106,CALL,0.0,-100.0,0.0,0.0004737423410375132,0.0,-0.0004737423410375132
EXIT,PRAETORIAN       ACQUISITION       CORP,G7S17G111,,0.0,-100.0,0.0,0.005438406929862453,0.0,-0.005438406929862453
EXIT,PRAXIS   PRECISION       MEDICINES    I,74006W207,PUT,0.0,-100.0,0.0,0.0009117663173691623,0.0,-0.0009117663173691623
EXIT,PRECISION  BIOSCIENCES         INC,74019P207,,0.0,-100.0,0.0,6.336568074339738e-05,0.0,-6.336568074339738e-05
EXIT,PRESIDIO   PRODTN     CO,74102N101,,0.0,-100.0,0.0,6.368279629899542e-05,0.0,-6.368279629899542e-05
EXIT,PRIMO   BRANDS   CORPORATION,741623102,CALL,0.0,-100.0,0.0,0.0009795416522163875,0.0,-0.0009795416522163875
EXIT,PROASSURANCE     CORP,74267C106,,0.0,-100.0,0.0,0.011171432522009932,0.0,-0.011171432522009932
EXIT,PROCAP     ACQUISITION       CORP,G7257A113,,0.0,-100.0,0.0,0.00023629187281089245,0.0,-0.00023629187281089245
EXIT,PROCAP   FINL  INC,74277P113,CALL,0.0,-100.0,0.0,1.2206035755499372e-06,0.0,-1.2206035755499372e-06
EXIT,PROCEPT   BIOROBOTICS      CORP,74276L105,CALL,0.0,-100.0,0.0,0.00020816430565635138,0.0,-0.00020816430565635138
EXIT,PROEM   ACQUISITION         CORP     I,G7341A129,,0.0,-100.0,0.0,0.0035138380330458512,0.0,-0.0035138380330458512
EXIT,PROGRESS   SOFTWARE    CORP,743312AB6,,0.0,-100.0,0.0,0.022568927235108765,0.0,-0.022568927235108765
EXIT,PROSPECT   CAP  CORP,74348T102,,0.0,-100.0,0.0,0.0002408155553428488,0.0,-0.0002408155553428488
EXIT,PTC   INC,69370C100,PUT,0.0,-100.0,0.0,0.007720722541121852,0.0,-0.007720722541121852
EXIT,PURECYCLE     TECHNOLOGIES      INC,74623VAB9,,0.0,-100.0,0.0,0.015080075260153876,0.0,-0.015080075260153876
EXIT,PURETECH   HEALTH     PLC,746237106,,0.0,-100.0,0.0,0.0003673696317552541,0.0,-0.0003673696317552541
EXIT,PVH   CORPORATION,693656100,,0.0,-100.0,0.0,0.004308734783312743,0.0,-0.004308734783312743
EXIT,QUANTUM    SI  INC,74765K113,CALL,0.0,-100.0,0.0,3.93439693257726e-06,0.0,-3.93439693257726e-06
EXIT,QUINCE    THERAPEUTICS        INC,22053A107,,0.0,-100.0,0.0,0.00010565399725533288,0.0,-0.00010565399725533288
EXIT,RADIANT     LOGISTICS    INC,75025X100,,0.0,-100.0,0.0,3.064784511346729e-05,0.0,-3.064784511346729e-05
EXIT,RAMACO   RES  INC,75134P501,,0.0,-100.0,0.0,0.00040923804066141735,0.0,-0.00040923804066141735
EXIT,RANGE   RES   CORP,75281A109,,0.0,-100.0,0.0,0.0017661850747947999,0.0,-0.0017661850747947999
EXIT,RANI   THERAPEUTICS       HLDGS     INC,753018100,,0.0,-100.0,0.0,0.0001240521095879231,0.0,-0.0001240521095879231
EXIT,RAPID7   INC,753422AF1,,0.0,-100.0,0.0,0.014016601193916331,0.0,-0.014016601193916331
EXIT,RAYMOND     JAMES   FINL  INC,754730109,CALL,0.0,-100.0,0.0,0.00020487079842931345,0.0,-0.00020487079842931345
EXIT,REAL   ASSET  ACQUISITION        CORP,G73944111,CALL,0.0,-100.0,0.0,8.302434821759716e-05,0.0,-8.302434821759716e-05
EXIT,RED  VIOLET     INC,75704L104,,0.0,-100.0,0.0,0.0009835380573087864,0.0,-0.0009835380573087864
EXIT,REGIONAL     MGMT  CORP,75902K106,,0.0,-100.0,0.0,0.00037999515895437917,0.0,-0.00037999515895437917
EXIT,REGIONS   FINANCIAL      CORP  NEW,7591EP100,CALL,0.0,-100.0,0.0,0.0006326430364452115,0.0,-0.0006326430364452115
EXIT,RENT   THE  RUNWAY   INC,76010Y202,,0.0,-100.0,0.0,0.0004003954273735602,0.0,-0.0004003954273735602
EXIT,REPLIGEN    CORP,759916109,,0.0,-100.0,0.0,0.0011013127770795955,0.0,-0.0011013127770795955
EXIT,REPLIMUNE     GROUP  INC,76029N106,CALL,0.0,-100.0,0.0,0.00023909139557008936,0.0,-0.00023909139557008936
EXIT,REPUBLIC     AWYS   HLDGS  INC,590479408,,0.0,-100.0,0.0,0.000271990261733727,0.0,-0.000271990261733727
EXIT,REPUBLIC    SVCS   INC,760759100,CALL,0.0,-100.0,0.0,0.00017318088330112502,0.0,-0.00017318088330112502
EXIT,REPUBLIC    SVCS   INC,760759100,PUT,0.0,-100.0,0.0,0.0006471496165463093,0.0,-0.0006471496165463093
EXIT,RESIDEO   TECHNOLOGIES    INC,76118Y104,,0.0,-100.0,0.0,8.897088912828007e-05,0.0,-8.897088912828007e-05
EXIT,RESOLUTE   HLDGS   MGMT  INC,76134H101,,0.0,-100.0,0.0,0.0012104400636092345,0.0,-0.0012104400636092345
EXIT,REVIVA   PHARMACEUTCLS    HLDGS    I,76152G209,,0.0,-100.0,0.0,0.0002411010425753163,0.0,-0.0002411010425753163
EXIT,REVVITY   INC,714046109,CALL,0.0,-100.0,0.0,0.0007291993130169108,0.0,-0.0007291993130169108
EXIT,RH,74967X103,PUT,0.0,-100.0,0.0,0.0005993342505673167,0.0,-0.0005993342505673167
EXIT,RICE   ACQUISITION    CORP       3,G7553X122,,0.0,-100.0,0.0,0.0005220928915368459,0.0,-0.0005220928915368459
EXIT,RIDENOW     GROUP   INC,781386305,,0.0,-100.0,0.0,0.0010285068742060329,0.0,-0.0010285068742060329
EXIT,RIDGEPOST     CAP  INC,69376K106,,0.0,-100.0,0.0,3.844339444084588e-05,0.0,-3.844339444084588e-05
EXIT,RITHM  CAPITAL       CORP,64828T201,PUT,0.0,-100.0,0.0,0.000847038121758274,0.0,-0.000847038121758274
EXIT,ROADZEN     INC,G7606H108,,0.0,-100.0,0.0,0.0001605245601031623,0.0,-0.0001605245601031623
EXIT,ROBINHOOD     VENTURES      FD  I,770701100,,0.0,-100.0,0.0,0.0007765589814455363,0.0,-0.0007765589814455363
EXIT,ROCKET   LAB     CORP,773121108,,0.0,-100.0,0.0,0.003666985286778822,0.0,-0.003666985286778822
EXIT,ROCKWELL     AUTOMATION     INC,773903109,,0.0,-100.0,0.0,0.02977486885360697,0.0,-0.02977486885360697
EXIT,RYERSON      HLDG    CORP,783754104,,0.0,-100.0,0.0,0.001723269601928158,0.0,-0.001723269601928158
EXIT,SAILPOINT      INC,78781J109,,0.0,-100.0,0.0,0.0156944258894517,0.0,-0.0156944258894517
EXIT,SAILPOINT      INC,78781J109,CALL,0.0,-100.0,0.0,0.00040002504306321606,0.0,-0.00040002504306321606
EXIT,SAMSARA     INC,79589L106,CALL,0.0,-100.0,0.0,0.0013544259238501635,0.0,-0.0013544259238501635
EXIT,SC   II  ACQUISITION      CORP,G7866D128,,0.0,-100.0,0.0,0.00021345788815924777,0.0,-0.00021345788815924777
EXIT,SCAGE   FUTURE,G7840J118,CALL,0.0,-100.0,0.0,6.812574337453962e-07,0.0,-6.812574337453962e-07
EXIT,SCHOLAR   ROCK   HLDG     CORP,80706P103,PUT,0.0,-100.0,0.0,0.0005114632779921148,0.0,-0.0005114632779921148
EXIT,SCHRODINGER     INC,80810D103,,0.0,-100.0,0.0,0.001970634717131902,0.0,-0.001970634717131902
EXIT,SCHWAB  STRATEGIC  TR,808524698,,0.0,-100.0,0.0,0.00011410292115264445,0.0,-0.00011410292115264445
EXIT,SCYNEXIS     INC,811292200,,0.0,-100.0,0.0,0.00023740344190407143,0.0,-0.00023740344190407143
EXIT,SEABRIDGE      GOLD  INC,811916105,,0.0,-100.0,0.0,0.0010795554039008276,0.0,-0.0010795554039008276
EXIT,SEABRIDGE      GOLD  INC,811916105,PUT,0.0,-100.0,0.0,0.0009435228184407832,0.0,-0.0009435228184407832
EXIT,SEALED    AIR  CORP  NEW,81211K100,,0.0,-100.0,0.0,0.028264963503355108,0.0,-0.028264963503355108
EXIT,SEALED    AIR  CORP  NEW,81211K100,CALL,0.0,-100.0,0.0,0.0007034846539875107,0.0,-0.0007034846539875107
EXIT,SELECT  WATER     SOLUTIONS     INC,81617J301,,0.0,-100.0,0.0,0.0005108914712028868,0.0,-0.0005108914712028868
EXIT,SELLAS  LIFE    SCIENCES      GROUP  I,81642T209,,0.0,-100.0,0.0,0.00028082080631933697,0.0,-0.00028082080631933697
EXIT,SEMILUX   INTL     LTD.,G8021C104,,0.0,-100.0,0.0,4.11309695826466e-05,0.0,-4.11309695826466e-05
EXIT,SEMPRA,816851109,CALL,0.0,-100.0,0.0,0.00010109618942736736,0.0,-0.00010109618942736736
EXIT,SEMPRA,816851109,PUT,0.0,-100.0,0.0,0.0007238487162999503,0.0,-0.0007238487162999503
EXIT,SEMRUSH   HLDGS  INC,81686C104,,0.0,-100.0,0.0,0.005443930650032339,0.0,-0.005443930650032339
EXIT,SENSEI   BIOTHERAPEUTICS    INC,81728A207,,0.0,-100.0,0.0,0.0019225563366763502,0.0,-0.0019225563366763502
EXIT,SHOULDER  INNOVATIONS        INC,82537J108,,0.0,-100.0,0.0,0.0011727353569783447,0.0,-0.0011727353569783447
EXIT,SILICON   VY   ACQUISITION     CORP,G81306105,,0.0,-100.0,0.0,0.004586939178217322,0.0,-0.004586939178217322
EXIT,SIMULATIONS       PLUS   INC,829214105,CALL,0.0,-100.0,0.0,0.0009838073142175421,0.0,-0.0009838073142175421
EXIT,SINCLAIR     INC,829242106,,0.0,-100.0,0.0,8.695375120441695e-05,0.0,-8.695375120441695e-05
EXIT,SIRIUSXM     HOLDINGS     INC,829933100,,0.0,-100.0,0.0,0.0048894653374471206,0.0,-0.0048894653374471206
EXIT,SITIME   CORP,82982T106,PUT,0.0,-100.0,0.0,0.0004167926321059991,0.0,-0.0004167926321059991
EXIT,SIXTH   STREET  SPECIALTY        LENDI,83012A109,,0.0,-100.0,0.0,0.0003505412830390888,0.0,-0.0003505412830390888
EXIT,SL   GREEN   RLTY   CORP,78440X887,,0.0,-100.0,0.0,0.007051531728812893,0.0,-0.007051531728812893
EXIT,SLEEP  NUMBER      CORP,83125X103,,0.0,-100.0,0.0,6.492628879260033e-05,0.0,-6.492628879260033e-05
EXIT,SMART  SH     GLOBAL  LTD,83193E102,,0.0,-100.0,0.0,5.60216673449215e-05,0.0,-5.60216673449215e-05
EXIT,SMITH  &   WESSON     BRANDS    INC,831754106,PUT,0.0,-100.0,0.0,0.00029818017793437773,0.0,-0.00029818017793437773
EXIT,SNOWFLAKE      INC,833445AD1,,0.0,-100.0,0.0,0.010424183008214865,0.0,-0.010424183008214865
EXIT,SOCIAL    COMM  PARTNERS         CORP,G8254P129,,0.0,-100.0,0.0,0.0016663132344023007,0.0,-0.0016663132344023007
EXIT,SOLENO   THERAPEUTICS         INC,834203309,,0.0,-100.0,0.0,0.008450611434815437,0.0,-0.008450611434815437
EXIT,SOLENO   THERAPEUTICS         INC,834203309,PUT,0.0,-100.0,0.0,0.00027866217326567947,0.0,-0.00027866217326567947
EXIT,SOLID    BIOSCIENCES     INC,83422E204,,0.0,-100.0,0.0,0.0010897039340042579,0.0,-0.0010897039340042579
EXIT,SONOCO   PRODS       CO,835495102,,0.0,-100.0,0.0,0.010552921935896156,0.0,-0.010552921935896156
EXIT,SOREN   ACQUISITION    CORP,G8274J129,,0.0,-100.0,0.0,0.0026218215226609626,0.0,-0.0026218215226609626
EXIT,SOUNDHOUND       AI  INC,836100107,,0.0,-100.0,0.0,3.4771595822681174e-05,0.0,-3.4771595822681174e-05
EXIT,SPACE   ASSET   ACQUISITION       CORP,G8375S127,,0.0,-100.0,0.0,0.001240402489667492,0.0,-0.001240402489667492
EXIT,SPARTACUS       ACQUISITION   CORP   I,G8303R126,,0.0,-100.0,0.0,0.002401307605308585,0.0,-0.002401307605308585
EXIT,SPDR   INDEX  SHS   FDS,78463X202,CALL,0.0,-100.0,0.0,0.0013821910137751432,0.0,-0.0013821910137751432
EXIT,SPDR  SERIES  TRUST,78464A607,,0.0,-100.0,0.0,0.015998569670944766,0.0,-0.015998569670944766
EXIT,SPDR  SERIES  TRUST,78464A649,,0.0,-100.0,0.0,0.0006963399822571864,0.0,-0.0006963399822571864
EXIT,SPDR  SERIES  TRUST,78464A797,,0.0,-100.0,0.0,0.0056935958934195355,0.0,-0.0056935958934195355
EXIT,SPDR  SERIES  TRUST,78464A854,,0.0,-100.0,0.0,0.6869486883105796,0.0,-0.6869486883105796
EXIT,SPDR  SERIES  TRUST,78468R606,,0.0,-100.0,0.0,0.00022725948958425224,0.0,-0.00022725948958425224
EXIT,SPHERE   ENTERTAINMENT     CO,55826T102,PUT,0.0,-100.0,0.0,0.0039037091358977336,0.0,-0.0039037091358977336
EXIT,SPIRE   INC,84857L101,,0.0,-100.0,0.0,0.0020768089170703024,0.0,-0.0020768089170703024
EXIT,SPIRIT   AEROSYSTEMS    INC,85205TAQ3,,0.0,-100.0,0.0,0.009233150250143372,0.0,-0.009233150250143372
EXIT,SPRING     VY   ACQUISITION   CORP   I,G8377G121,,0.0,-100.0,0.0,0.0008562120001147087,0.0,-0.0008562120001147087
EXIT,SPROTT   ASSET    MANAGEMENT  LP,85207H104,,0.0,-100.0,0.0,0.0005094973280122655,0.0,-0.0005094973280122655
EXIT,SPROTT   ASSET    MANAGEMENT  LP,85207K107,,0.0,-100.0,0.0,0.0001246039405941213,0.0,-0.0001246039405941213
EXIT,SPROTT   FDS  TR,85208P303,,0.0,-100.0,0.0,0.002549300690857721,0.0,-0.002549300690857721
EXIT,SPROTT  ASSET     MANAGEMENT   LP,85208R101,,0.0,-100.0,0.0,0.00012685870710360973,0.0,-0.00012685870710360973
EXIT,SPROUT  SOCIAL    INC,85209W109,,0.0,-100.0,0.0,0.0006119651878743457,0.0,-0.0006119651878743457
EXIT,SS     INNOVATIONS     INTERNATIONAL,05453U203,,0.0,-100.0,0.0,2.127837054819921e-05,0.0,-2.127837054819921e-05
EXIT,STAAR   SURGICAL     CO,852312305,,0.0,-100.0,0.0,0.0012880218432755046,0.0,-0.0012880218432755046
EXIT,STANLEY   BLACK    &    DECKER  INC,854502101,,0.0,-100.0,0.0,0.007584365765349719,0.0,-0.007584365765349719
EXIT,STELLAR    V  CAP    CORP,G8475V129,,0.0,-100.0,0.0,0.00043905106450909775,0.0,-0.00043905106450909775
EXIT,STEREOTAXIS      INC,85916J409,,0.0,-100.0,0.0,5.2541719476272136e-05,0.0,-5.2541719476272136e-05
EXIT,STOCK   YDS   BANCORP   INC,861025104,,0.0,-100.0,0.0,0.003146010622929498,0.0,-0.003146010622929498
EXIT,STOKE   THERAPEUTICS    INC,86150R107,CALL,0.0,-100.0,0.0,0.0005420095795418472,0.0,-0.0005420095795418472
EXIT,STRATA  CRITICAL   MEDICAL    INC,092667112,CALL,0.0,-100.0,0.0,1.735396150713685e-07,0.0,-1.735396150713685e-07
EXIT,STRATEGY     INC,594972408,,0.0,-100.0,0.0,0.00015581110763242294,0.0,-0.00015581110763242294
EXIT,STRATEGY     INC,594972887,,0.0,-100.0,0.0,5.9901547036313276e-05,0.0,-5.9901547036313276e-05
EXIT,STRATEGY     INC,594972AN1,,0.0,-100.0,0.0,0.003627452796000705,0.0,-0.003627452796000705
EXIT,STRATEGY     INC,594972AQ4,,0.0,-100.0,0.0,0.010981736660088922,0.0,-0.010981736660088922
EXIT,STREAMEX   CORP,09073N300,,0.0,-100.0,0.0,0.00034049512882368627,0.0,-0.00034049512882368627
EXIT,STRIDE   INC,86333M108,,0.0,-100.0,0.0,0.005386534815279826,0.0,-0.005386534815279826
EXIT,STRIDE   INC,86333M108,PUT,0.0,-100.0,0.0,0.0003669301645285985,0.0,-0.0003669301645285985
EXIT,STURM   RUGER   &  CO    INC,864159108,,0.0,-100.0,0.0,0.0007086338282255876,0.0,-0.0007086338282255876
EXIT,SUI   GROUP  HOLDINGS     LIMITED,59982U200,,0.0,-100.0,0.0,4.2816842437932244e-05,0.0,-4.2816842437932244e-05
EXIT,SUMA   ACQUISITION        CORP,G8557R129,,0.0,-100.0,0.0,0.0027104640598556904,0.0,-0.0027104640598556904
EXIT,SUN  CTRY    AIRLS   HLDGS     INC,866683105,,0.0,-100.0,0.0,0.004488851424946671,0.0,-0.004488851424946671
EXIT,SUNBELT    RENTALS    HOLDINGS      INC,866966104,,0.0,-100.0,0.0,0.0026633457654720084,0.0,-0.0026633457654720084
EXIT,SUNOPTA     INC,8676EP108,,0.0,-100.0,0.0,0.002908831076260219,0.0,-0.002908831076260219
EXIT,SURGERY     PARTNERS      INC,86881A100,,0.0,-100.0,0.0,0.002102523159937556,0.0,-0.002102523159937556
EXIT,SURGERY     PARTNERS      INC,86881A100,CALL,0.0,-100.0,0.0,0.0011161468767899526,0.0,-0.0011161468767899526
EXIT,SUZANO   S  A,86959K105,,0.0,-100.0,0.0,0.0039723284475779675,0.0,-0.0039723284475779675
EXIT,SYSTEM1     INC,87200P208,,0.0,-100.0,0.0,4.0995716885049014e-05,0.0,-4.0995716885049014e-05
EXIT,TABOOLA.COM      LTD,M8744T114,CALL,0.0,-100.0,0.0,1.8477599302562975e-07,0.0,-1.8477599302562975e-07
EXIT,TALKSPACE     INC,87427V111,CALL,0.0,-100.0,0.0,9.86720449242721e-07,0.0,-9.86720449242721e-07
EXIT,TAMBORAN   RES     CORP,87507T101,,0.0,-100.0,0.0,0.0009808854397872877,0.0,-0.0009808854397872877
EXIT,TASEKO  MINES     LTD,876511106,,0.0,-100.0,0.0,0.0027053843846960714,0.0,-0.0027053843846960714
EXIT,TAYLOR  DEVICES    INC,877163105,,0.0,-100.0,0.0,0.0012234705165768596,0.0,-0.0012234705165768596
EXIT,TECHTARGET    INC,87874R308,,0.0,-100.0,0.0,2.1246326062922244e-05,0.0,-2.1246326062922244e-05
EXIT,TECK   RESOURCES    LTD,878742204,CALL,0.0,-100.0,0.0,0.001802595933312364,0.0,-0.001802595933312364
EXIT,TECK   RESOURCES    LTD,878742204,PUT,0.0,-100.0,0.0,0.002089029934663074,0.0,-0.002089029934663074
EXIT,TECNOGLASS    INC,G87264100,,0.0,-100.0,0.0,0.011627227454319464,0.0,-0.011627227454319464
EXIT,TEJON  RANCH   CO,879080109,,0.0,-100.0,0.0,0.00010961003461952575,0.0,-0.00010961003461952575
EXIT,TELOMIR     PHARMACEUTICALS           INC,87975F104,,0.0,-100.0,0.0,6.982285260777951e-05,0.0,-6.982285260777951e-05
EXIT,TENABLE  HLDGS    INC,88025T102,CALL,0.0,-100.0,0.0,0.0017359117756131416,0.0,-0.0017359117756131416
EXIT,TENARIS  S   A,88031M109,CALL,0.0,-100.0,0.0,0.0012106156840350382,0.0,-0.0012106156840350382
EXIT,TENCENT  MUSIC    ENTMT    GROUP,88034P109,,0.0,-100.0,0.0,0.0004581358443833372,0.0,-0.0004581358443833372
EXIT,TERNS  PHARMACEUTICALS        INC,880881107,CALL,0.0,-100.0,0.0,0.00837671810025319,0.0,-0.00837671810025319
EXIT,TERNS  PHARMACEUTICALS        INC,880881107,,0.0,-100.0,0.0,0.06607378849317984,0.0,-0.06607378849317984
EXIT,TERRENO   RLTY    CORP,88146M101,,0.0,-100.0,0.0,0.005066050010944094,0.0,-0.005066050010944094
EXIT,TETRA  TECH   INC  NEW,88162GAB9,,0.0,-100.0,0.0,0.007557780078947791,0.0,-0.007557780078947791
EXIT,TEUCRIUM    COMMODITY      TR,88166A102,PUT,0.0,-100.0,0.0,0.0006125906795804662,0.0,-0.0006125906795804662
EXIT,TEUCRIUM    COMMODITY      TR,88166A870,PUT,0.0,-100.0,0.0,0.0006375812164750362,0.0,-0.0006375812164750362
EXIT,TFS   FINL   CORP,87240R107,,0.0,-100.0,0.0,0.0007343110326618068,0.0,-0.0007343110326618068
EXIT,TGE  VALUE  CREATIVE      SOLUTIONS,G8773E126,,0.0,-100.0,0.0,0.00371924110286048,0.0,-0.00371924110286048
EXIT,THE   REALREAL      INC,88339PAJ0,,0.0,-100.0,0.0,0.0017294204784527503,0.0,-0.0017294204784527503
EXIT,THERMON  GROUP     HLDGS     INC,88362T103,,0.0,-100.0,0.0,0.004457201461384543,0.0,-0.004457201461384543
EXIT,THOMSON  REUTERS       CORP,884903808,,0.0,-100.0,0.0,0.0016037112111976467,0.0,-0.0016037112111976467
EXIT,THRYV   HLDGS  INC,886029206,,0.0,-100.0,0.0,0.00029773280362693956,0.0,-0.00029773280362693956
EXIT,TIDEWATER  INC   NEW,88642R109,PUT,0.0,-100.0,0.0,0.00026773167448906194,0.0,-0.00026773167448906194
EXIT,TILLYS      INC,886885102,,0.0,-100.0,0.0,0.00016534829554271202,0.0,-0.00016534829554271202
EXIT,TON   STRATEGY  CO,92337U302,,0.0,-100.0,0.0,0.0002231873429811987,0.0,-0.0002231873429811987
EXIT,TOTALENERGIES           SE,F92124100,,0.0,-100.0,0.0,0.0009833253984519483,0.0,-0.0009833253984519483
EXIT,TOYO   CO   LTD,G8976D107,,0.0,-100.0,0.0,0.00021251985868114018,0.0,-0.00021251985868114018
EXIT,TRANSLATIONAL       DEV  ACQUISITIO,G9008W105,,0.0,-100.0,0.0,0.0006604493264226901,0.0,-0.0006604493264226901
EXIT,TRANSUNION,89400J107,CALL,0.0,-100.0,0.0,0.0007198564728290159,0.0,-0.0007198564728290159
EXIT,TRAVERE     THERAPEUTICS    INC,89422G107,PUT,0.0,-100.0,0.0,0.00024728354742303875,0.0,-0.00024728354742303875
EXIT,TREVI   THERAPEUTICS      INC,89532M101,,0.0,-100.0,0.0,0.002834765034407193,0.0,-0.002834765034407193
EXIT,TRG   LATIN   AMER   ACQUIS  CORP,G9037S125,,0.0,-100.0,0.0,0.002898569350052953,0.0,-0.002898569350052953
EXIT,TRI  POINTE    HOMES    INC,87265H109,,0.0,-100.0,0.0,0.02225322413383579,0.0,-0.02225322413383579
EXIT,TRILOGY     METALS     INC   NEW,89621C105,,0.0,-100.0,0.0,0.00015585688546853287,0.0,-0.00015585688546853287
EXIT,TRINET   GROUP    INC,896288107,,0.0,-100.0,0.0,0.0006665893827314742,0.0,-0.0006665893827314742
EXIT,TRINITY     INDS  INC,896522109,,0.0,-100.0,0.0,0.000792222908475923,0.0,-0.000792222908475923
EXIT,TRON   INC,85237B101,,0.0,-100.0,0.0,0.0002223417014996039,0.0,-0.0002223417014996039
EXIT,TRUEBLUE       INC,89785X101,,0.0,-100.0,0.0,2.9448881969532966e-05,0.0,-2.9448881969532966e-05
EXIT,TRUMP   MEDIA     &  TECHNOLOGY          GRO,25400Q105,CALL,0.0,-100.0,0.0,7.723969438188487e-05,0.0,-7.723969438188487e-05
EXIT,TRUSTCO  BK   CORP       N  Y,898349204,,0.0,-100.0,0.0,0.0002574791038490182,0.0,-0.0002574791038490182
EXIT,TWIN   DISC     INC,901476101,,0.0,-100.0,0.0,0.0012125753915826906,0.0,-0.0012125753915826906
EXIT,UDEMY    INC,902685106,,0.0,-100.0,0.0,0.002792732657615327,0.0,-0.002792732657615327
EXIT,UL  SOLUTIONS   INC,903731107,,0.0,-100.0,0.0,0.00910625450460873,0.0,-0.00910625450460873
EXIT,ULTRA   CLEAN   HLDGS  INC,90385V107,CALL,0.0,-100.0,0.0,0.0006469240566629312,0.0,-0.0006469240566629312
EXIT,UNITED   ACQUISITION         CORP  I,G92ALM124,,0.0,-100.0,0.0,0.0016997768325986767,0.0,-0.0016997768325986767
EXIT,UNITED  BANKSHARES     INC     WEST   V,909907107,,0.0,-100.0,0.0,0.0011121592111026292,0.0,-0.0011121592111026292
EXIT,UNITED  HOMES   GROUP     INC,91060H108,,0.0,-100.0,0.0,8.69778886089113e-08,0.0,-8.69778886089113e-08
EXIT,UNITED  HOMES   GROUP     INC,91060H116,CALL,0.0,-100.0,0.0,8.078955749113852e-06,0.0,-8.078955749113852e-06
EXIT,UNITED  SEC   BANCSHARES       CALIF,911460103,,0.0,-100.0,0.0,0.00041196098958566667,0.0,-0.00041196098958566667
EXIT,UNITIL  CORP,913259107,,0.0,-100.0,0.0,0.0013894230795562228,0.0,-0.0013894230795562228
EXIT,UNIVERSAL  DISPLAY       CORP,91347P105,CALL,0.0,-100.0,0.0,0.001144362670319542,0.0,-0.001144362670319542
EXIT,UNUSUAL   MACHS    INC,91532F102,,0.0,-100.0,0.0,0.0024107632254381692,0.0,-0.0024107632254381692
EXIT,USA  TODAY    CO   INC,36472T109,,0.0,-100.0,0.0,0.001024324444634169,0.0,-0.001024324444634169
EXIT,UTAH   MED   PRODS  INC,917488108,,0.0,-100.0,0.0,0.00017472900648593433,0.0,-0.00017472900648593433
EXIT,VALARIS     LTD,G9460G101,CALL,0.0,-100.0,0.0,0.000383525046280603,0.0,-0.000383525046280603
EXIT,VANECK  ETF  TRUST,92189F817,,0.0,-100.0,0.0,0.0008911850184162736,0.0,-0.0008911850184162736
EXIT,VANGUARD     INDEX     FDS,922908744,,0.0,-100.0,0.0,0.0004374862948384302,0.0,-0.0004374862948384302
EXIT,VANGUARD  INTL   EQUITY   INDEX  F,922042866,,0.0,-100.0,0.0,0.00024362256902068182,0.0,-0.00024362256902068182
EXIT,VANGUARD  SPECIALIZED      FUNDS,921908844,,0.0,-100.0,0.0,0.00039746855899754844,0.0,-0.00039746855899754844
EXIT,VARONIS   SYS   INC,922280AD4,,0.0,-100.0,0.0,0.001818323533151158,0.0,-0.001818323533151158
EXIT,VELOCITY     FINL   INC,92262D101,,0.0,-100.0,0.0,0.0002530661204480187,0.0,-0.0002530661204480187
EXIT,VERA   BRADLEY    INC,92335C106,,0.0,-100.0,0.0,0.0001026359893692476,0.0,-0.0001026359893692476
EXIT,VERICEL   CORP,92346J108,,0.0,-100.0,0.0,0.00018540939181253293,0.0,-0.00018540939181253293
EXIT,VERIS     RESIDENTIAL       INC,554489104,,0.0,-100.0,0.0,0.0036452116832763415,0.0,-0.0036452116832763415
EXIT,VERSAMET    ROYALTIES      CORP,92528V200,,0.0,-100.0,0.0,0.001441834540280655,0.0,-0.001441834540280655
EXIT,VERU   INC,92536C202,,0.0,-100.0,0.0,0.00013832647121129948,0.0,-0.00013832647121129948
EXIT,VIANT   TECHNOLOGY    INC,92557A101,,0.0,-100.0,0.0,0.0004642326198288901,0.0,-0.0004642326198288901
EXIT,VICI   PPTYS  INC,925652109,CALL,0.0,-100.0,0.0,0.0003285799904085584,0.0,-0.0003285799904085584
EXIT,VIKING   THERAPEUTICS      INC,92686J106,PUT,0.0,-100.0,0.0,0.0006770958122808549,0.0,-0.0006770958122808549
EXIT,VILLAGE  SUPER    MKT   INC,927107409,,0.0,-100.0,0.0,0.0004014196024159838,0.0,-0.0004014196024159838
EXIT,VINE   HILL     CAP   INVTS   CORP   II,G9709D125,,0.0,-100.0,0.0,0.001664648585816484,0.0,-0.001664648585816484
EXIT,VIRIDIAN    THERAPEUTICS        INC,92790C104,,0.0,-100.0,0.0,0.001144461716910398,0.0,-0.001144461716910398
EXIT,VIRTU   FINL   INC,928254101,CALL,0.0,-100.0,0.0,0.0016728769437761753,0.0,-0.0016728769437761753
EXIT,VIRTUS   CONVERTIBLE       &  INC      FD,92838U801,,0.0,-100.0,0.0,0.00010636896382294106,0.0,-0.00010636896382294106
EXIT,VIRTUS   CONVERTIBLE       &  INCOME,92838X805,,0.0,-100.0,0.0,0.000165525164454955,0.0,-0.000165525164454955
EXIT,VISHAY   INTERTECHNOLOGY         INC,928298AR9,,0.0,-100.0,0.0,0.004305638120780978,0.0,-0.004305638120780978
EXIT,VISTA   GOLD   CORP,927926303,,0.0,-100.0,0.0,0.001512358209943063,0.0,-0.001512358209943063
EXIT,VISTAGEN     THERAPEUTICS         INC,92840H400,,0.0,-100.0,0.0,0.00010236590013619887,0.0,-0.00010236590013619887
EXIT,VISTANCE   NETWORKS      INC,20337X109,PUT,0.0,-100.0,0.0,0.0012482200955886325,0.0,-0.0012482200955886325
EXIT,VIVOPOWER      PLC,G9376R209,,0.0,-100.0,0.0,1.8348172875015743e-05,0.0,-1.8348172875015743e-05
EXIT,VIZSLA  SILVER      CORP,92859G608,CALL,0.0,-100.0,0.0,0.0013733350832985994,0.0,-0.0013733350832985994
EXIT,VIZSLA  SILVER      CORP,92859G608,,0.0,-100.0,0.0,0.0008911737820383193,0.0,-0.0008911737820383193
EXIT,VOYAGER     TECHNOLOGIES     INC,92892B103,PUT,0.0,-100.0,0.0,0.0014747059397426266,0.0,-0.0014747059397426266
EXIT,VOYAGER  ACQUISITION         CORP,G93A7H112,CALL,0.0,-100.0,0.0,1.2568096822914455e-05,0.0,-1.2568096822914455e-05
EXIT,VS   TRUST,92891H606,CALL,0.0,-100.0,0.0,9.00991047073172e-05,0.0,-9.00991047073172e-05
EXIT,WABASH     NATL    CORP,929566107,,0.0,-100.0,0.0,0.0005556896616200871,0.0,-0.0005556896616200871
EXIT,WATERS   CORP,941848103,CALL,0.0,-100.0,0.0,0.003717992616421117,0.0,-0.003717992616421117
EXIT,WAYFAIR  INC,94419LAR2,,0.0,-100.0,0.0,0.043208848452595434,0.0,-0.043208848452595434
EXIT,WENDYS  CO,95058W100,,0.0,-100.0,0.0,0.009838874670469492,0.0,-0.009838874670469492
EXIT,WESHOP   HOLDINGS    LTD,G1472N125,,0.0,-100.0,0.0,8.332023950372602e-05,0.0,-8.332023950372602e-05
EXIT,WESTAMERICA      BANCORPORATION,957090103,,0.0,-100.0,0.0,0.0012197221441237471,0.0,-0.0012197221441237471
EXIT,WESTERN   ALLIANCE     BANCORP,957638109,CALL,0.0,-100.0,0.0,0.00017101351084239196,0.0,-0.00017101351084239196
EXIT,WESTERN   ASSET   HIGH   INCOM     FD,95766J102,,0.0,-100.0,0.0,3.15829614565497e-05,0.0,-3.15829614565497e-05
EXIT,WHIRLPOOL     CORP,963320205,,0.0,-100.0,0.0,0.0002745775417982322,0.0,-0.0002745775417982322
EXIT,WILLOW     LANE   ACQUISITION       CRP,G9675K129,,0.0,-100.0,0.0,0.000927864717680447,0.0,-0.000927864717680447
EXIT,WINCHESTER   BANCORP         INC,97269D103,,0.0,-100.0,0.0,6.100770602158833e-05,0.0,-6.100770602158833e-05
EXIT,WISDOMTREE   INC,97717PAH7,,0.0,-100.0,0.0,0.0056044202525151994,0.0,-0.0056044202525151994
EXIT,WIX   COM  LTD,M98068105,PUT,0.0,-100.0,0.0,0.0048428972094210505,0.0,-0.0048428972094210505
EXIT,WORKDAY   INC,98138H101,,0.0,-100.0,0.0,0.013431952057010942,0.0,-0.013431952057010942
EXIT,WORKHORSE    GROUP    INC,98138J503,,0.0,-100.0,0.0,2.3645500837230248e-05,0.0,-2.3645500837230248e-05
EXIT,WORTHINGTON         STL     INC,982104101,,0.0,-100.0,0.0,0.0005960215998815419,0.0,-0.0005960215998815419
EXIT,X3   ACQUISITION        CORP      LTD,G9831H127,,0.0,-100.0,0.0,0.002688823628240076,0.0,-0.002688823628240076
EXIT,X4   PHARMACEUTICALS       INC,98420X202,,0.0,-100.0,0.0,0.002080570606712101,0.0,-0.002080570606712101
EXIT,XMAX  INC,66979P300,,0.0,-100.0,0.0,0.0011074994435487824,0.0,-0.0011074994435487824
EXIT,XPEL   INC,98379L100,,0.0,-100.0,0.0,0.0013344438983881688,0.0,-0.0013344438983881688
EXIT,XSOLLA     SPAC     1,G9833K128,,0.0,-100.0,0.0,0.0035020044624114286,0.0,-0.0035020044624114286
EXIT,YEXT   INC,98585N106,,0.0,-100.0,0.0,0.001008922283593902,0.0,-0.001008922283593902
EXIT,ZEPP   HEALTH   CORPORATION,98945L204,,0.0,-100.0,0.0,0.0017033196209514402,0.0,-0.0017033196209514402
EXIT,ZETA   GLOBAL   HOLDINGS     CORP,98956A105,,0.0,-100.0,0.0,0.005778760147394199,0.0,-0.005778760147394199
EXIT,ZILLOW   GROUP   INC,98954M200,PUT,0.0,-100.0,0.0,0.0007353277167855943,0.0,-0.0007353277167855943
EXIT,ZIONS   BANCORPORATION       NATL  AS,989701107,PUT,0.0,-100.0,0.0,0.00019183410302949164,0.0,-0.00019183410302949164
EXIT,ZIONS   BANCORPORATION       NATL  AS,989701107,CALL,0.0,-100.0,0.0,0.000378872353483246,0.0,-0.000378872353483246
EXIT,ZOOMINFO     TECHNOLOGIES      INC,98980F104,CALL,0.0,-100.0,0.0,0.002469487033600017,0.0,-0.002469487033600017
EXIT,ZYMEWORKS     INC,98985Y108,CALL,0.0,-100.0,0.0,0.0005210350073605595,0.0,-0.0005210350073605595
