kind,issuer,cusip,putcall,shares,share_chg,value,w_prev,w_cur,w_pp
TRIM,CREDO TECHNOLOGY GROUP HOLDI,G25457105,,6153132.0,-17.734466780906303,1673344247.0,0.8995506793043145,1.845423869118702,0.9458731898143874
ADD,STATE STR SPDR S&P 500 ETF T,78462F103,PUT,1558100.0,27.27495507270054,1163542337.0,1.0200309396878937,1.2831960938578806,0.26316515416998687
TRIM,ASML HLDG NV,N07059210,,554661.0,-1.7822802562658706,1103464780.0,0.9556639662822194,1.2169404158138042,0.2612764495315848
ADD,STATE STR SPDR S&P 500 ETF T,78462F103,CALL,1430400.0,16.25487646293888,1068179808.0,1.0251969189609416,1.1780268870125874,0.15282996805164584
TRIM,AMAZON COM INC,023135106,,4449716.0,-10.269603612352853,1060545311.0,1.3232439816379264,1.1696072907353874,-0.15363669090253906
ADD,MKS INC.,55306N104,,1996843.0,24.002021944556738,888195766.0,0.47413779896155683,0.9795340498317494,0.5053962508701926
TRIM,ARISTA NETWORKS INC,040413205,,5139737.0,-21.477517358710735,873138522.0,1.029662762796777,0.9629283827488635,-0.06673438004791343
ADD,SEAGATE TECHNOLOGY HLDNGS PL,G7997R103,,822914.0,50.612579569455576,794112010.0,0.2742418927979224,0.8757751195757566,0.6015332267778342
TRIM,ADVANCED MICRO DEVICES INC,007903107,,1328436.0,-6.094767915309447,771701757.0,0.3687112153607324,0.8510602912471963,0.48234907588646386
TRIM,TAIWAN SEMICONDUCTOR MANUFAC,874039100,,1603897.0,-13.667189325909526,765973090.0,0.804402754609859,0.8447425124404828,0.040339757830623824
ADD,SNOWFLAKE INC,833445109,,2813766.0,2448.701086956522,716103447.0,0.02133283199093369,0.7897444869585041,0.7684116549675704
ADD,PROCTER & GAMBLE CO,742718109,,4322996.0,105.82647046080318,633924133.0,0.38867945947202603,0.699114201005514,0.310434741533488
ADD,RTX CORPORATION,75513E101,,3298107.0,61.08922676260722,625749841.0,0.5060005339647874,0.6900992995009428,0.18409876553615545
ADD,CAPITAL ONE FINL CORP,14040H105,,2529289.0,53.40999519625016,507425959.0,0.38535549837470884,0.5596074915414867,0.17425199316677786
ADD,ORACLE CORP,68389X105,,3410580.0,188.09662181796065,499820499.0,0.22312733330658954,0.5512199183061585,0.32809258499956895
ADD,JOHNSON & JOHNSON,478160104,PUT,1905100.0,697.7805695142379,483838247.0,0.07478717020295589,0.5335941193254959,0.45880694912254005
ADD,MONDELEZ INTL INC,609207105,,8216347.0,66.82352071693725,475233510.0,0.3637189810491833,0.5241045076835653,0.160385526634382
ADD,KEURIG DR PEPPER INC,49271V100,,13948539.0,1319.281147835395,456535681.0,0.033153672494907103,0.5034838732868105,0.47033020079190346
TRIM,APPLIED MATLS INC,038222105,,599984.0,-65.05874364197769,433788432.0,0.7519362246002963,0.4783973937195333,-0.273538830880763
ADD,ISHARES TR,464287655,PUT,1421100.0,230.10452961672473,426969495.0,0.13678716222572906,0.47087722617219374,0.3340900639464647
NEW,TEXAS INSTRS INC,882508104,,1377090.0,,410469216.0,0.0,0.4526801284929151,0.4526801284929151
ADD,COUPANG INC,22266T109,,22407576.0,187.46424108350718,389219595.0,0.188553041751442,0.42924528663450456,0.24069224488306257
TRIM,HOME DEPOT INC,437076102,,1101813.0,-1.7102815827152014,388587409.0,0.4723576722234423,0.42854808930872157,-0.04380958291472076
TRIM,SPOTIFY TECHNOLOGY S A,L8681T102,,845042.0,-7.75828851554987,387984133.0,0.5691576602563619,0.42788277496466937,-0.14127488529169258
TRIM,BROADCOM INC,11135F101,,1023500.0,-54.836847837022574,386627125.0,0.8986669899576999,0.4263862180199315,-0.4722807719377684
ADD,MICRON TECHNOLOGY INC,595112103,PUT,329700.0,30.007886435331233,380569413.0,0.10976928132306679,0.41970555662160364,0.30993627529853685
TRIM,ONTO INNOVATION INC,683344105,,972161.0,-19.232788715731544,367914330.0,0.3162465097949805,0.4057490785832396,0.08950256878825913
TRIM,MICRON TECHNOLOGY INC,595112103,,311683.0,-45.083401314757815,359772570.0,0.2456637383236026,0.3967700545315103,0.1511063162079077
TRIM,COMFORT SYS USA INC,199908104,,179727.0,-18.019723398044082,356209928.0,0.38733395137976623,0.392841045545038,0.005507094165271786
ADD,UNITEDHEALTH GROUP INC,91324P102,,830855.0,98.06359642326736,345328264.0,0.1454296050868186,0.3808403573917594,0.23541075230494082
ADD,CONSTELLATION BRANDS INC,21036P108,,2463367.0,30.20701575412882,342629716.0,0.36358545072415344,0.37786430216577066,0.014278851441617224
TRIM,BLOCK INC,852234103,,4470306.0,-29.024003962952115,339743256.0,0.48562210004902917,0.37468101086703987,-0.1109410891819893
TRIM,AMER SPORTS INC,G0260P102,,9722736.0,-1.922810964728274,329017386.0,0.41811987632786846,0.3628521379076648,-0.05526773842020366
TRIM,EQUINIX INC,29444U700,,315371.0,-41.03010471204189,328739577.0,0.6716520154452765,0.3625457602088887,-0.30910625523638785
TRIM,META PLATFORMS INC,30303M102,,567833.0,-37.48081483813999,319854651.0,0.6657674269602225,0.3527471461190807,-0.3130202808411418
TRIM,AKAMAI TECHNOLOGIES INC,00971T101,,2575659.0,-21.968998565505792,304468650.0,0.4857051263357336,0.3357789140612786,-0.14992621227445502
ADD,PPL CORP,69351T106,,8354771.0,47.628426999408404,303695926.0,0.27698000884435936,0.33492672640389876,0.057946717559539396
ADD,PROCTER & GAMBLE CO,742718109,CALL,2049900.0,196.8718320057929,300597336.0,0.12778258392394545,0.3315094905560664,0.20372690663212092
ADD,SEA LTD,81141R100,,3022183.0,61.47512648208039,289615797.0,0.198572183775418,0.31939865668157197,0.12082647290615398
TRIM,INTEL CORP,458140100,,2024595.0,-31.316437076324227,282694200.0,0.16666322269585915,0.31176527201543375,0.1451020493195746
ADD,VISA INC,92826C839,,812942.0,7.088217743135919,278912271.0,0.2939614052571593,0.307594425484348,0.013633020227188708
ADD,VISHAY INTERTECHNOLOGY INC,928298108,,4975625.0,179.80867427275754,267589113.0,0.041009028002981604,0.29510684196143266,0.25409781395845105
NEW,CARNIVAL CORP LTD,G2004J103,,9253710.0,,264378495.0,0.0,0.29156605762943133,0.29156605762943133
TRIM,MICRON TECHNOLOGY INC,595112103,CALL,222500.0,-16.572928383952007,256829525.0,0.11543953994030724,0.28324078358600796,0.1678012436457007
ADD,UNION PAC CORP,907818108,,931024.0,237.24933348788687,253238528.0,0.08581374985609386,0.27928050369165,0.19346675383555612
TRIM,OKTA INC,679295105,,1851774.0,-33.166831544341385,252674562.0,0.27941283163697517,0.27865854182119965,-0.0007542898157755218
ADD,OCCIDENTAL PETE CORP,674599105,,5193668.0,93.76719215479982,252256455.0,0.22321727300537458,0.2781974384714084,0.05498016546603379
ADD,UNITED AIRLS HLDGS INC,910047109,,1803428.0,10.392083527937627,245248174.0,0.19270790247744268,0.270468455590523,0.07776055311308033
TRIM,ATI INC,01741R102,,1240348.0,-35.81902732048729,244472591.0,0.3601648632902365,0.2696131149257144,-0.09055174836452212
ADD,AMEREN CORP,023608102,,2139630.0,207.52900830615636,241863775.0,0.0979827926361253,0.26673601935785973,0.16875322672173443
ADD,MASTERCARD INCORPORATED,57636Q104,,463955.0,504.4701253354874,238287288.0,0.049135582471164084,0.2627917416103337,0.2136561591391696
ADD,VISTRA CORP,92840M102,,1478465.0,60.929067623374614,234528903.0,0.1769468001694959,0.25864686024430733,0.08170006007481143
NEW,ATMOS ENERGY CORP,049560105,,1361162.0,,234487378.0,0.0,0.25860106498950397,0.25860106498950397
ADD,STMICROELECTRONICS N V,861012102,,3104441.0,707.2499154900278,232491586.0,0.017023308653235793,0.2564000342086594,0.23937672555542364
ADD,LATTICE SEMICONDUCTOR CORP,518415104,,1491909.0,902.4585923064002,228202401.0,0.017687120490393067,0.2516697676228946,0.23398264713250155
ADD,SOMNIGROUP INTERNATIONAL INC,88023U101,,2878441.0,29.795380389200226,225669774.0,0.21002962556510366,0.24887669600851897,0.038847070443415316
TRIM,TERADYNE INC,880770102,,458710.0,-79.9226863008914,221942246.0,0.8677991303142742,0.24476584484544187,-0.6230332854688324
ADD,AMERICAN ELEC PWR CO INC,025537101,,1616644.0,155.72729070273263,221173066.0,0.1061681508245194,0.24391756563798436,0.13774941481346498
ADD,CRH PLC,G25508105,,2049400.0,37.17747997459131,219285800.0,0.20121009506421347,0.2418362212104882,0.04062612614627473
TRIM,AMKOR TECHNOLOGY INC,031652100,,2477326.0,-17.241335536377285,213619821.0,0.17269992034000176,0.2355875769717004,0.06288765663169865
ADD,WEC ENERGY GROUP INC,92939UAP1,,174763000.0,33.12639020079832,211605335.0,0.2028437499696209,0.23336592977921722,0.030522179809596317
TRIM,YUM BRANDS INC,988498101,,1309739.0,-16.562837836546517,209374877.0,0.31269452012674265,0.23090610094265457,-0.08178841918408808
NEW,FLEX LTD,Y2573F102,,1278970.0,,207282668.0,0.0,0.22859873804664138,0.22859873804664138
ADD,TAPESTRY INC,876030107,,1411786.0,113.1596191534529,206657235.0,0.11974082125059328,0.22790898817072447,0.10816816692013119
ADD,SELECT SECTOR SPDR TR,81369Y605,CALL,3849200.0,31.054441455857816,206355612.0,0.18578145664203602,0.22757634754123468,0.04179489089919866
ADD,BROADCOM INC,11135F101,CALL,545900.0,326.81782642689603,206213725.0,0.05071842200408455,0.22741986948420184,0.1767014474801173
ADD,LIBERTY MEDIA CORP DEL,531229755,,2163688.0,28.32782642166989,205853276.0,0.1836603472492635,0.2270223534384793,0.04336200618921579
ADD,IDEX CORP,45167R104,,905936.0,9.03646359898707,205602175.0,0.20177625303391686,0.22674543027709737,0.024969177243180513
NEW,CVS HEALTH CORP,126650100,,1961032.0,,202868760.0,0.0,0.22373092247677437,0.22373092247677437
TRIM,JABIL INC,466313103,,525810.0,-18.873007350354555,202689239.0,0.22057743861955667,0.22353294029886805,0.002955501679311384
NEW,CHENIERE ENERGY INC,16411R208,,846149.0,,202238072.0,0.0,0.22303537719895516,0.22303537719895516
ADD,TESLA INC,88160R101,PUT,473300.0,113.00630063006301,199069980.0,0.10583164215707133,0.21954149206034984,0.11370984990327851
ADD,INTEL CORP,458140100,CALL,1414700.0,47.22655843480071,197534561.0,0.05432911417690126,0.21784817708539578,0.16351906290849452
NEW,PINTEREST INC,72352L106,,9389419.0,,197459482.0,0.0,0.21776537727960688,0.21776537727960688
ADD,UNITY SOFTWARE INC,91332U101,,6805922.0,1.9261202379581355,194513251.0,0.18769754800520871,0.21451616838485313,0.026818620379644414
TRIM,OREILLY AUTOMOTIVE INC,67103H107,,2102496.0,-1.9036559095636303,193618857.0,0.25348461773722264,0.2135297987009368,-0.03995481903628584
ADD,OWENS CORNING NEW,690742101,,1217226.0,263.15049897817624,193490245.0,0.046474273715464344,0.21338796078857622,0.16691368707311188
NEW,ANHEUSER BUSCH INBEV SA NV,03524A108,,2328833.0,,191895839.0,0.0,0.21162959284083252,0.21162959284083252
TRIM,NEWS CORP NEW,65249B109,,7623404.0,-32.0288218899997,189289121.0,0.3582340969415243,0.2087548110223958,-0.1494792859191285
ADD,WILLIAMS COS INC,969457100,,2528457.0,4.547187411618188,187965493.0,0.2255151766407338,0.2072950667352217,-0.018220109905512122
TRIM,T-MOBILE US INC,872590104,,1114744.0,-22.67609102038976,186976011.0,0.3879387647527096,0.20620383060485759,-0.18173493414785202
ADD,AUTOZONE INC,053332102,,58104.0,121.61028261947442,185696898.0,0.1134665858908929,0.2047931790513999,0.09132659316050701
ADD,COGNEX CORP,192422103,,2532073.0,18.68648967640115,183372727.0,0.1339068766515826,0.20223000016755516,0.06832312351597256
ADD,GILEAD SCIENCES INC,375558103,,1437685.0,16222.490917347866,181637123.0,0.0015727769053295161,0.20031591401661514,0.19874313711128563
TRIM,ENTERGY CORP NEW,29364G103,,1579167.0,-10.14144823693291,181383122.0,0.252988557358652,0.20003579263153828,-0.052952764727113716
NEW,FEDEX FGHT HLDG CO INC,314352105,,1199248.0,,181086448.0,0.0,0.19970860993620915,0.19970860993620915
TRIM,KULICKE & SOFFA INDS INC,501242101,,1342415.0,-31.8385611516636,179561430.0,0.16583114691589879,0.19802676555596213,0.032195618640063345
TRIM,BANK OF AMER CORP,060505104,,3143878.0,-14.745273995838518,179138168.0,0.230325671237007,0.19755997708784429,-0.03276569414916272
NEW,INNIO NV,N52A8C105,,4509211.0,,178339295.0,0.0,0.1966789513782585,0.1966789513782585
ADD,GENERAL DYNAMICS CORP,369550108,,499224.0,170.08439731659814,176845110.0,0.08128100248700498,0.19503111073290255,0.11375010824589757
ADD,PNC FINL SVCS GROUP INC,693475105,,713705.0,177.58417505143655,175728445.0,0.06854815147740279,0.19379961264247442,0.12525146116507163
ADD,HASBRO INC,418056107,,2113602.0,135.6369303904015,174562389.0,0.10756629360823475,0.19251364439117946,0.08494735078294471
NEW,MCDONALDS CORP,580135101,,645216.0,,174408337.0,0.0,0.19234375033716444,0.19234375033716444
TRIM,ISHARES TR,464287655,CALL,579300.0,-11.906934306569344,174050685.0,0.20894596487721126,0.19194931892305386,-0.016996645954157397
ADD,CORE SCIENTIFIC INC NEW,21874A114,,9249458.0,9.03767843882846,173889810.0,0.09498863050665168,0.19177190022066987,0.09678326971401818
ADD,BLACKROCK INC,09290D101,,179471.0,237.65615593016256,172572135.0,0.06549139580693653,0.19031872111475634,0.12482732530781981
ADD,PALO ALTO NETWORKS INC,697435105,PUT,505320.0,37.23317581880398,172324226.0,0.0756337403177694,0.19004531820511025,0.11441157788734085
ADD,NRG ENERGY INC,629377508,,1177251.0,328.3482816962905,171949281.0,0.051459036007136895,0.18963181545225638,0.1381727794451195
ADD,CENCORA INC,03073E105,,604746.0,53.35804998782764,171131023.0,0.1587121479482481,0.18872941127152396,0.030017263323275867
ADD,COCA COLA CO,191216100,CALL,2068500.0,242.80742459396754,168106995.0,0.05879291960676562,0.18539440506339416,0.12660148545662853
TRIM,SANDISK CORP,80004C200,PUT,73900.0,-9.657701711491443,168028647.0,0.06658555217158281,0.1853080000875161,0.1187224479159333
ADD,ELEMENT SOLUTIONS INC,28618M106,,3492787.0,71.60519848557652,166780579.0,0.08902780871318285,0.18393158607012997,0.09490377735694712
ADD,WATERS CORP,941848103,,444225.0,25.35449735449735,166602144.0,0.13520983189813596,0.18373480157185562,0.048524969673719665
ADD,METTLER TOLEDO INTERNATIONAL,592688105,,128987.0,348.46325012168836,164782182.0,0.046475443460688506,0.1817276824021388,0.13525223894145028
ADD,CME GROUP INC,12572Q105,,743666.0,726.2955555555556,164223763.0,0.03405649800216569,0.18111183796163177,0.14705533995946607
ADD,UGI CORP NEW,902681AB1,,122610000.0,12.7520851916905,163855016.0,0.19589531728011592,0.18070517058479887,-0.015190146695317042
ADD,MICROSOFT CORP,594918104,CALL,435300.0,49.38229238160604,162375606.0,0.13820102674399606,0.17907362433775045,0.04087259759375439
ADD,BLACK HILLS CORP,092113109,,2161197.0,11.217595582578356,160793057.0,0.1728078238917856,0.17732833271357581,0.004520508821790226
TRIM,EDWARDS LIFESCIENCES CORP,28176E108,,1774120.0,-2.869747505799226,160486895.0,0.18740149099817946,0.17699068631258566,-0.0104108046855938
ADD,ALLIANT ENERGY CORP,018802108,,2094866.0,68.45432665825547,159817327.0,0.11433442538190165,0.17625226278054,0.061917837398638334
ADD,ROIVANT SCIENCES LTD,G76279101,,4473478.0,402.1302054102593,158316386.0,0.03161762405216352,0.17459697137681074,0.14297934732464723
ADD,SELECT SECTOR SPDR TR,81369Y605,PUT,2922300.0,91.96610392169742,156664503.0,0.09629059665866721,0.17277521573827032,0.0764846190796031
ADD,MSCI INC,55354G100,,275651.0,514.9080931560632,154375586.0,0.030957557193418316,0.17025091622619773,0.13929335903277942
NEW,ON SEMICONDUCTOR CORP,682189105,,1606182.0,,151848446.0,0.0,0.16746389587161994,0.16746389587161994
ADD,CORE & MAIN INC,21874C102,,3079063.0,8.370089481805179,148564790.0,0.17982770200591272,0.16384256262160946,-0.015985139384303265
NEW,ALPHABET INC,02079K602,,2950200.0,,148306554.0,0.0,0.16355777072710234,0.16355777072710234
ADD,FRANCO NEV CORP,351858105,,705866.0,87.72382869741206,147130120.0,0.11901287201374117,0.16226035724632273,0.04324748523258157
ADD,VNET GROUP INC,90138A103,,18290761.0,13.512769965609358,147057718.0,0.17320862626661454,0.16218050973185494,-0.011028116534759602
ADD,AMERICAN INTL GROUP INC,026874784,,1972174.0,36.38154696415321,146986128.0,0.13941728631685485,0.16210155772002172,0.022684271403166867
ADD,HALLIBURTON CO,406216101,,4224554.0,397.19060593043304,143423608.0,0.04244550332488052,0.1581726832795117,0.11572717995463118
ADD,CDW CORP,12514G108,,1018144.0,5151.142400330084,143191772.0,0.0030063054429835673,0.15791700624898555,0.154910700806002
ADD,LPL FINL HLDGS INC,50212V100,,507345.0,901.8067650020732,142908940.0,0.019519158036007227,0.15760508900620282,0.1380859309701956
ADD,BORGWARNER INC,099724106,,2152141.0,23812.67777777778,142902162.0,0.0006256663557127172,0.15759761398544286,0.15697194762973016
ADD,APPLE INC,037833100,CALL,491200.0,46.40834575260805,142133632.0,0.10909065100478946,0.15675005162122732,0.047659400616437864
NEW,ABBOTT LABORATORIES,002824100,,1551929.0,,140822037.0,0.0,0.15530357775671547,0.15530357775671547
NEW,WELLS FARGO & CO,949746101,,1698256.0,,140343876.0,0.0,0.15477624470838208,0.15477624470838208
TRIM,MGM RESORTS INTERNATIONAL,552953101,,2922084.0,-31.44267263597223,139704836.0,0.20210562663986073,0.15407148854632166,-0.04803413809353907
TRIM,AMERICAN TOWER CORP,03027X100,,853670.0,-29.174354855838157,139634802.0,0.26650812160779114,0.15399425254692609,-0.11251386906086505
TRIM,ARM HOLDINGS PLC,042068205,CALL,393500.0,-22.752257557911268,139523295.0,0.09873268772833843,0.1538712786401865,0.05513859091184806
ADD,SUPER MICRO COMPUTER INC,86800U302,,4755283.0,14760.259375000001,139472450.0,0.0009335412487744487,0.15381520495612921,0.15288166370735476
TRIM,THERMO FISHER SCIENTIFIC INC,883556102,,277735.0,-21.44192611323722,139245220.0,0.2226436532654789,0.1535646075870991,-0.0690790456783798
NEW,GSK PLC,37733W204,,2652881.0,,139064022.0,0.0,0.15336477595362857,0.15336477595362857
ADD,IDEXX LABS INC,45168D104,,262905.0,103.35463011664243,138403708.0,0.09307147317630866,0.15263655806367682,0.059565084887368155
ADD,GUARDANT HEALTH INC,40131M109,,920807.0,32.311262465155046,138148674.0,0.08236131024691093,0.15235529744926313,0.0699939872023522
ADD,GENERAL MTRS CO,37045V100,,1784547.0,155.36868285032313,137552883.0,0.0667017349058842,0.1516982378308509,0.0849965029249667
ADD,STATE STR CORP,857477103,,810777.0,82.49645485853198,137507779.0,0.07203838295392087,0.15164849552687373,0.07961011257295286
NEW,DEVON ENERGY CORP NEW,25179M103,,3290478.0,,135962551.0,0.0,0.14994436283598064,0.14994436283598064
TRIM,NOKIA CORP,654902204,,10206104.0,-34.07108880687586,135537061.0,0.1594632601904754,0.14947511724979654,-0.009988142940678874
ADD,STRYKER CORPORATION,863667101,,430094.0,1604.0174326465926,135410795.0,0.010625863119415284,0.14933586659012155,0.13871000347070625
ADD,CYTOKINETICS INC,23282W605,,1587712.0,153.58679576171295,135257185.0,0.05287092489874929,0.14916645998951109,0.0962955350907618
ADD,US BANCORP,902973304,,2238597.0,128.13657639772822,135211259.0,0.0653865402550303,0.14911581115454176,0.08372927089951146
TRIM,ADVANCED MICRO DEVICES INC,007903107,CALL,232700.0,-8.241324921135647,135177757.0,0.06609745707894707,0.14907886395101563,0.08298140687206856
TRIM,ASTRAZENECA PLC,G0593M107,,711547.0,-42.33653304591297,134923542.0,0.31179869899751306,0.1487985065590868,-0.16300019243842626
ADD,NOVO-NORDISK A S,670100205,PUT,2779400.0,73.69078865141857,133244436.0,0.07534459672282069,0.14694672842273754,0.07160213169991685
TRIM,FERRARI N V,N3167Y103,,357749.0,-14.525967215151464,133186375.0,0.18149273888231746,0.1468826966758588,-0.03461004220645866
ADD,PG&E CORP,69331CAL2,,129500000.0,23.923444976076556,132683466.0,0.13910832367604362,0.14632807064821476,0.007219746972171148
TRIM,ALPHABET INC,02079K305,,369465.0,-42.7824753763241,132035707.0,0.237899328264588,0.14561369886119033,-0.09228562940339768
TRIM,ANALOG DEVICES INC,032654105,,330094.0,-70.88889692400903,131103434.0,0.4621870244905428,0.14458555486164013,-0.3176014696289027
TRIM,SANDISK CORP,80004C200,CALL,57400.0,-70.41237113402062,130512102.0,0.15791683522355826,0.14393341278786773,-0.013983422435690535
ADD,AMAZON COM INC,023135106,CALL,545100.0,2.002245508982036,129919134.0,0.1425980772610298,0.1432794664747971,0.0006813892137673139
ADD,SELECT SECTOR SPDR TR,81369Y506,CALL,2424700.0,8.240703540020535,128775817.0,0.17581863407103218,0.14201857560577727,-0.03380005846525491
ADD,TERAWULF INC,88080T104,,5173625.0,65.12682876696152,127788538.0,0.057924745719805604,0.1409297690225855,0.0830050233027799
ADD,KKR & CO INC,48251W104,,1370081.0,101.76734802073514,125746034.0,0.08047437154839379,0.13867722257786674,0.05820285102947295
ADD,ETSY INC,29786A106,,1654369.0,30.520561476147044,124623617.0,0.0811652643327614,0.13743938097616518,0.056274116643403774
NEW,CYBERARK SOFTWARE LTD,23248VAD7,,74652000.0,,124386417.0,0.0,0.13717778833463923,0.13717778833463923
TRIM,MADISON SQUARE GARDEN ENTMT,558256103,,1526701.0,-15.26579947417876,123494844.0,0.1359893127041676,0.136194529750393,0.00020521704622541992
ADD,INTERCONTINENTAL EXCHANGE IN,45866F104,,1002253.0,228.91057006619212,123387367.0,0.06140355776676957,0.13607600027175357,0.074672442504984
TRIM,NVIDIA CORPORATION,67066G104,CALL,613900.0,-21.092544987146532,122835251.0,0.1738387461101686,0.13546710700502196,-0.038371639105146654
TRIM,GLOBAL PMTS INC,37940X102,,1690492.0,-8.76029453751964,122662100.0,0.1597588085569198,0.1352761498908868,-0.024482658666032997
TRIM,JOHNSON CONTROLS INTERNATION,G51502105,,826718.0,-41.805257756197,120791767.0,0.2383414906781095,0.1332134797812615,-0.105128010896848
NEW,HEWLETT PACKARD ENTERPRISE C,42824C109,,2676326.0,,120729066.0,0.0,0.13314433087647093,0.13314433087647093
TRIM,SELECT SECTOR SPDR TR,81369Y506,PUT,2269900.0,-19.283834720147926,120554389.0,0.22072102260370374,0.13295169083497083,-0.08776933176873292
ADD,TAKE-TWO INTERACTIVE SOFTWAR,874054109,,479366.0,161.57842179647383,119831913.0,0.04637168974984776,0.13215491846870148,0.08578322871885372
TRIM,INVESCO QQQ TR,46090E103,PUT,160600.0,-86.3782866836302,118265840.0,0.8718576491324154,0.13042779716645678,-0.7414298519659586
TRIM,FEDEX CORP,31428X106,,375868.0,-1.244856886123708,117695547.0,0.17368633971023456,0.12979885765417284,-0.043887482056061716
TRIM,EVERCORE INC,29977A105,,344521.0,-11.793365831677693,117633250.0,0.1493804753140735,0.12973015429502807,-0.01965032101904543
ADD,OLLIES BARGAIN OUTLET HLDGS,681116109,,1511974.0,44.9802135042953,116240561.0,0.12297949344339018,0.12819424706764984,0.00521475362425966
ADD,AMETEK INC,031100100,,480357.0,28.481672871998974,116217573.0,0.10268031521171346,0.1281688950792713,0.02548857986755783
TRIM,JAMES HARDIE INDS PLC,G4253H101,,4424035.0,-29.501663247216303,115821236.0,0.1522790514499068,0.12773180046390675,-0.024547250986000052
TRIM,SYSCO CORP,871829107,,1380402.0,-42.897339460015786,115373999.0,0.22092352433580056,0.12723857150851833,-0.09368495282728223
TRIM,NEWS CORP NEW,65249B109,CALL,4627500.0,-5.960412940985205,114900825.0,0.15717320012604966,0.12671673830210436,-0.03045646182394529
NEW,BRIDGEBIO PHARMA INC,10806X102,,1525782.0,,113640243.0,0.0,0.12532652339805694,0.12532652339805694
TRIM,SANDISK CORP,80004C200,,49692.0,-86.80537853683406,112986191.0,0.3065605337601504,0.12460521146561462,-0.1819553222945358
ADD,XCEL ENERGY INC,98389B100,,1400937.0,36.99809113276406,112495241.0,0.10407917162970028,0.12406377425078681,0.019984602621086534
TRIM,CSX CORP,126408103,,2359777.0,-20.050840273926283,112160201.0,0.1552353858381501,0.1236942801588102,-0.031541105679339904
ADD,HARTFORD INSURANCE GROUP INC,416515104,,845679.0,110.69915887664187,112069381.0,0.06954025814122819,0.12359412061537266,0.05405386247414447
ADD,RALPH LAUREN CORP,751212101,,279031.0,4.80746116169356,112005834.0,0.11733472963471,0.12352403871153182,0.006189309076821817
ADD,GILDAN ACTIVEWEAR INC,375916103,,2140110.0,1292.1768884494288,110441753.0,0.010965203262159507,0.12179911425811477,0.11083391099595526
NEW,SEMTECH CORP,816850101,,681875.0,,110361469.0,0.0,0.12171057419221144,0.12171057419221144
NEW,AMPHENOL CORP,032095101,,618893.0,,109123214.0,0.0,0.12034498230210733,0.12034498230210733
ADD,UNITED THERAPEUTICS CORP DEL,91307C102,,201159.0,34.73205494866144,108993981.0,0.11343030072715424,0.12020245952874171,0.006772158801587477
TRIM,TARGA RES CORP,87612G101,,406253.0,-5.44581532453084,108932679.0,0.13802019284457281,0.12013485349117502,-0.017885339353397797
ADD,APPLE INC,037833100,PUT,375000.0,185.3881278538813,108510000.0,0.042725816816778936,0.11966870797630341,0.07694289115952448
ADD,CROCS INC,227046109,,892537.0,49.62875167015646,107675664.0,0.06344748447411629,0.11874857240227231,0.05530108792815602
TRIM,PALO ALTO NETWORKS INC,697435105,CALL,315520.0,-34.691174035436326,107598630.0,0.09923462245724074,0.11866361655257876,0.01942899409533802
TRIM,ARM HOLDINGS PLC,042068205,PUT,303400.0,-17.62150420852566,107576538.0,0.07138446974940528,0.11863925270503832,0.04725478295563304
TRIM,CADENCE DESIGN SYSTEM INC,127387108,,285000.0,-58.48125902304218,106966200.0,0.24437841765893895,0.11796615013487115,-0.1264122675240678
NEW,PHILLIPS 66,718546104,,632300.0,,106890315.0,0.0,0.11788246144346223,0.11788246144346223
KEEP,ISHARES TR,464288646,,2028500.0,0.0,106313685.0,0.13660005423828533,0.11724653326098709,-0.01935352097729824
ADD,ORACLE CORP,68389X105,PUT,724300.0,128.05415617128463,106146165.0,0.05986089315279099,0.1170617862149988,0.05720089306220781
ADD,META PLATFORMS INC,30303M102,CALL,187600.0,14.111922141119221,105673204.0,0.1205083214568537,0.11654018791260104,-0.0039681335442526555
TRIM,VIKING HOLDINGS LTD,G93A5A101,,1008832.0,-65.91969153029177,105594445.0,0.27867947441042845,0.11645332967122693,-0.16222614473920152
ADD,POST HLDGS INC,737446AT1,,101405000.0,7.632623601587875,105105120.0,0.13119223622589288,0.11591368456450399,-0.01527855166138889
NEW,X-ENERGY INC,98386P102,,5689086.0,,104451619.0,0.0,0.1151929802945637,0.1151929802945637
TRIM,ALPHABET INC,02079K305,CALL,291800.0,-1.585160202360877,104280566.0,0.1092379838109802,0.11500433692984643,0.005766353118866238
TRIM,CIENA CORP,171779309,,210516.0,-61.34874370014045,103270729.0,0.2709137767348199,0.11389065257765155,-0.15702312415716838
ADD,ZOOM COMMUNICATIONS INC,98980L101,,1187308.0,95.61810489132584,102476553.0,0.06251394066292075,0.1130148068876157,0.05050086622469495
TRIM,APPLIED MATLS INC,038222105,CALL,141200.0,-4.8517520215633425,102087600.0,0.06498509471250964,0.11258585561147981,0.04760076089897017
TRIM,AXSOME THERAPEUTICS INC.,05464T104,,416516.0,-1.9385520894643908,101950621.0,0.0919796998632691,0.11243479027234161,0.02045509040907252
ADD,WEST PHARMACEUTICAL SVSC INC,955306105,,283396.0,77.84499529337936,101739164.0,0.051170887912778754,0.11220158793170437,0.06103070001892562
NEW,RIOT PLATFORMS INC,767292105,,3714879.0,,101713387.0,0.0,0.11217316013439993,0.11217316013439993
TRIM,F5 INC,315616102,,242125.0,-49.79326332902027,100714315.0,0.17876875202572934,0.11107134780912759,-0.06769740421660175
ADD,CAESARS ENTERTAINMENT INC NE,12769G100,CALL,3334800.0,483.7213373008927,100644264.0,0.019345586037931746,0.11099409306152418,0.09164850702359242
ADD,VERIZON COMMUNICATIONS INC,92343V104,CALL,2353400.0,38.769974644731406,99642956.0,0.10907480883644693,0.10988981479549952,0.000815005959052581
NEW,KROGER CO,501044101,,1782236.0,,98967565.0,0.0,0.10914496945084165,0.10914496945084165
ADD,APPLIED DIGITAL CORP,038169AB4,,24818000.0,8.765010079761591,98815782.0,0.07767069980219282,0.10897757773115897,0.03130687792896615
ADD,APPLOVIN CORP,03831W108,PUT,191700.0,162.2435020519836,98769591.0,0.03727528324494134,0.10892663664471411,0.07165135339977277
NEW,FIGMA INC,316841105,,5411251.0,,97889531.0,0.0,0.10795607500853656,0.10795607500853656
ADD,COREWEAVE INC,21873S108,PUT,973500.0,69.74716652136007,96902190.0,0.05692296079155162,0.10686720004952788,0.04994423925797626
TRIM,NVENT ELEC PLC,G6700G107,,569858.0,-16.417004137655898,96653615.0,0.10331908066399988,0.10659306265126771,0.003273981987267832
NEW,ALPHABET INC,02079K404,,1902300.0,,96028104.0,0.0,0.10590322675416179,0.10590322675416179
NEW,CARRIER GLOBAL CORPORATION,14448C104,,1305110.0,,95729819.0,0.0,0.10557426739042838,0.10557426739042838
ADD,LOUISIANA PAC CORP,546347105,,1216714.0,201.27123260535828,95706723.0,0.03764300988843743,0.10554879629578806,0.06790578640735062
TRIM,VERISIGN INC,92343E102,,379395.0,-24.975528727790465,95440606.0,0.16091288201373805,0.10525531295268115,-0.0556575690610569
ADD,CENOVUS ENERGY INC,15135U109,,3847926.0,1.598490779257984,95353494.0,0.1285711126388194,0.10515924272423004,-0.023411869914589364
ADD,META PLATFORMS INC,30303M102,PUT,169200.0,52.707581227436826,95308668.0,0.08121850375559239,0.10510980700859326,0.023891303253000873
ADD,VISA INC,92826C839,CALL,276200.0,440.5088062622309,94761458.0,0.019787610080714776,0.1045063242540848,0.08471871417337003
TRIM,PAYLOCITY HLDG CORP,70438V106,,904674.0,-18.38121856995671,94565573.0,0.15342886872530706,0.10429029527185332,-0.04913857345345374
ADD,BARRICK MNG CORP,06849F108,,2572998.0,86.37593061275933,94506225.0,0.07214896679815701,0.10422484417535552,0.03207587737719851
ADD,CATERPILLAR INC,149123101,CALL,88600.0,56.81415929203539,94350140.0,0.051284282732942395,0.10405270805624685,0.05276842532330445
ADD,HILTON WORLDWIDE HLDGS INC,43300A203,,285504.0,10.676337304187035,94347652.0,0.10049993445688171,0.10404996420088379,0.0035500297440020784
ADD,VANECK ETF TRUST,92189F676,PUT,143600.0,50.84033613445378,94185804.0,0.04676377476815405,0.10387147243930837,0.057107697671154325
TRIM,ADVANCED MICRO DEVICES INC,007903107,PUT,161800.0,-35.94615993665875,93991238.0,0.06583682041854114,0.10365689809744018,0.03782007767889904
ADD,NIKE INC,654106103,CALL,2287900.0,17.951229571583234,93918295.0,0.13126636706780945,0.10357645394882792,-0.02768991311898153
ADD,BLOOM ENERGY CORP,093712107,,308856.0,580.3595030399154,93490711.0,0.007880346800892068,0.10310489902456896,0.09522455222367689
NEW,ISHARES TR,464287242,,850000.0,,92709500.0,0.0,0.10224335160012075,0.10224335160012075
NEW,ABBVIE INC,00287Y109,,366836.0,,92310611.0,0.0,0.10180344254790473,0.10180344254790473
ADD,CARLYLE GROUP INC,14316J108,,2184854.0,976.2827586206896,92004202.0,0.012585548952464455,0.10146552374648264,0.08887997479401819
NEW,EXTRA SPACE STORAGE INC,30225T102,,630727.0,,91644633.0,0.0,0.10106897819622616,0.10106897819622616
NEW,3M CO,88579Y101,,565823.0,,91612402.0,0.0,0.10103343269694696,0.10103343269694696
NEW,BEST BUY INC,086516101,,1206058.0,,91515681.0,0.0,0.10092676531970822,0.10092676531970822
ADD,IREN LIMITED,46270CAB5,,31465000.0,9.158716392020816,91421735.0,0.08336109776793112,0.10082315831169476,0.017462060543763647
TRIM,FORTUNE BRANDS INNOVATIONS I,34964C106,,1657496.0,-46.87957193324533,90996530.0,0.1557908085447284,0.10035422703370135,-0.05543658151102705
ADD,DYCOM INDS INC,267475101,,178570.0,36.056443194892076,90283206.0,0.05697429121067616,0.09956754782027874,0.04259325660960258
TRIM,PRIMO BRANDS CORPORATION,741623102,,3686463.0,-55.95318433057488,90097156.0,0.2019138857950998,0.09936236522771591,-0.1025515205673839
ADD,TESLA INC,88160R101,CALL,212400.0,3.3073929961089497,89335440.0,0.09792522784650706,0.09852231758634758,0.0005970897398405173
TRIM,LEGEND BIOTECH CORP,52490G102,,3076124.0,-20.841210936545053,88838461.0,0.09006660012671021,0.09797423137474169,0.007907631248031483
ADD,WALMART INC,931142103,CALL,782800.0,51.35344160866203,88659928.0,0.08235315918544753,0.09777733879856314,0.01542417961311561
ADD,ISHARES TR,464287432,PUT,1024600.0,72.7242076871207,88545932.0,0.06588562172805723,0.09765161993362474,0.03176599820556751
ADD,PALANTIR TECHNOLOGIES INC,69608A108,PUT,756100.0,143.51046698872784,88214187.0,0.05819250591082088,0.09728575968546697,0.03909325377464609
ADD,WHIRLPOOL CORP,963320106,PUT,2222600.0,4166.026871401152,87614892.0,0.0035992176512092966,0.09662483573056274,0.09302561807935344
TRIM,NVIDIA CORPORATION,67066G104,,437800.0,-94.22781843443353,87599402.0,1.6947387422084674,0.09660775280468906,-1.5981309894037783
NEW,TELEDYNE TECHNOLOGIES INC,879360105,,131184.0,,87486610.0,0.0,0.0964833617540019,0.0964833617540019
ADD,KEYCORP,493267108,,3777995.0,842.8275881000926,87082785.0,0.010293520948647352,0.09603800910449006,0.08574448815584271
ADD,CLEANSPARK INC,18452B209,,5974019.0,272.4738695510127,86921976.0,0.01748722345932658,0.09586066318926602,0.07837343972993943
NEW,PRIMORIS SVCS CORP,74164F103,,876484.0,,86877094.0,0.0,0.09581116571482687,0.09581116571482687
ADD,HALEON PLC,405552100,,9264255.0,40.92183525559177,86435499.0,0.08431149462258622,0.0953241589587786,0.011012664336192385
TRIM,OVINTIV INC,69047Q102,,1639674.0,-16.028914329902978,86331389.0,0.14850513305413518,0.09520934272813247,-0.05329579032600271
ADD,NETFLIX INC.,64110L106,CALL,1208000.0,68.08125782663141,86251200.0,0.0885354984378664,0.09512090743162605,0.006585408993759645
NEW,SPX TECHNOLOGIES INC,78473E103,,350111.0,,85836714.0,0.0,0.09466379745011037,0.09466379745011037
TRIM,INVESCO QQQ TR,46090E103,CALL,116300.0,-48.58532272325376,85643320.0,0.16727243446459064,0.09445051563174921,-0.07282191883284143
ADD,VANECK ETF TRUST,92189F676,CALL,130300.0,48.236632536973836,85462467.0,0.043177897081100224,0.09425106447661476,0.051073167395514533
TRIM,TPG INC,872657101,,2107463.0,-21.15187257769249,85457625.0,0.1387239105464583,0.09424572454588008,-0.04447818600057822
ADD,ALPHABET INC,02079K305,PUT,239000.0,18.02469135802469,85411430.0,0.07460604290631868,0.09419477904809218,0.01958873614177349
TRIM,BP PLC,055622104,,2303278.0,-56.98611190739553,85106122.0,0.32244527672895923,0.09385807446883838,-0.22858720226012086
ADD,EXXON MOBIL CORP,30231G102,CALL,622300.0,143.46635367762127,85080856.0,0.05555981811740207,0.09383021022060568,0.03827039210320361
ADD,NIKE INC,654106103,PUT,2066700.0,134.58569807037458,84838035.0,0.0596203894348302,0.09356241853929047,0.033942029104460265
ADD,FERGUSON ENTERPRISES INC,31488V107,,356880.0,76.44354132985272,84698330.0,0.060447342935046666,0.09340834686987909,0.03296100393483242
ADD,CHAMPION HOMES INC,830830105,,952336.0,43.613129329870944,83919848.0,0.06318505155653152,0.09254980908421133,0.029364757527679808
TRIM,GAMESTOP CORP,36467W109,PUT,3795900.0,-36.45434000167406,83813472.0,0.17633228931396583,0.09243249382774016,-0.08389979548622567
ADD,WYNDHAM HOTELS & RESORTS INC,98311A105,,983025.0,211.65687545772448,82780535.0,0.03282651666441014,0.09129333396956194,0.0584668173051518
ADD,BANK OF AMER CORP,060505104,CALL,1447700.0,41.528986215661355,82489946.0,0.06388932530379192,0.09097286202981328,0.02708353672602136
ADD,BUNGE GLOBAL SA,H11356104,,753348.0,14426.571538758197,80404832.0,0.0008451620644286672,0.08867332375349495,0.08782816168906628
TRIM,ORACLE CORP,68389X105,CALL,547000.0,-3.697183098591549,80162850.0,0.10705600538660352,0.08840645735137974,-0.018649548035223784
NEW,EMERSON ELEC CO,291011104,,557706.0,,79835614.0,0.0,0.08804556978964963,0.08804556978964963
TRIM,KEYSIGHT TECHNOLOGIES INC,49338L103,,227535.0,-45.002392934317584,79653177.0,0.14967300386727217,0.08784437174267633,-0.06182863212459584
ADD,EXXON MOBIL CORP,30231G102,,581321.0,980.180983704034,79478207.0,0.011698210718228469,0.08765140857029946,0.075953197852071
ADD,LIBERTY CAP CORP,36164V800,,3673345.0,327.88392656416903,79197318.0,0.04092756607434801,0.08734163413739231,0.046414068063044295
ADD,SELECT SECTOR SPDR TR,81369Y803,PUT,414200.0,43.17317663325268,78913384.0,0.0492599444535608,0.08702850156960552,0.037768557116044724
NEW,JPMORGAN CHASE & CO,46625H100,,239772.0,,78484569.0,0.0,0.08655558905452987,0.08655558905452987
NEW,PUBLIC SVC ENTERPRISE GROUP,744573106,,966343.0,,78428398.0,0.0,0.08649364166723159,0.08649364166723159
ADD,ECHOSTAR CORP,278768106,,772383.0,90.79665036312436,78396875.0,0.060719484866113,0.08645887697566826,0.02573939210955526
ADD,PFIZER INC,717081103,CALL,3251300.0,62.32151772341488,78291304.0,0.07206071317244427,0.08634244950198135,0.014281736329537081
ADD,NVIDIA CORPORATION,67066G104,PUT,388600.0,53.23343848580442,77754974.0,0.05666517482459995,0.08575096560050748,0.029085790775907526
TRIM,UNITEDHEALTH GROUP INC,91324P102,CALL,187000.0,-4.543134252169474,77722810.0,0.0679151527537625,0.085715493991224,0.017800341237461492
ADD,NEXTPOWER INC,65290E101,,652316.0,3036.1346153846152,77716928.0,0.0032125585595451853,0.08570900711130218,0.082496448551757
TRIM,SMUCKER J M CO,832696405,,689741.0,-65.17462144736112,77595863.0,0.2447191197284885,0.08557549230039857,-0.15914362742808993
TRIM,UNUM GROUP,91529Y106,,863930.0,-25.1264460260068,77235342.0,0.10796224660116509,0.08517789685050155,-0.02278434975066354
ADD,TD SYNNEX CORPORATION,87162W100,,287670.0,473.32190688775506,76905698.0,0.010845694505293041,0.08481435366026893,0.07396865915497589
TRIM,KNIGHT-SWIFT TRANSN HLDGS IN,499049104,,981483.0,-28.704506113067968,76428081.0,0.1015577018797355,0.08428762055458726,-0.017270081325148248
ADD,TREX INC,89531P105,,1520782.0,11.214695607596445,76099931.0,0.06380654500951138,0.08392572500097539,0.02011917999146401
NEW,ZIMMER BIOMET HOLDINGS INC,98956P102,,879851.0,,75746373.0,0.0,0.08353580859645336,0.08353580859645336
ADD,WESCO INTL INC,95082P105,,218675.0,84.65897095954264,75536905.0,0.04151423750602733,0.08330479979613652,0.04179056229010919
ADD,INTERACTIVE BROKERS GROUP IN,45841N107,,867084.0,1305.5047656098034,75470991.0,0.005301241794729301,0.0832321074800592,0.07793086568532989
ADD,ASML HLDG NV,N07059210,CALL,37800.0,23.934426229508198,75200832.0,0.05161397023546886,0.08293416647482309,0.031320196239354225
TRIM,CHEVRON CORPORATION,166764100,,452243.0,-56.816384914481276,74963800.0,0.27760919724784994,0.08267275910970431,-0.19493643813814562
ADD,GE HEALTHCARE TECHNOLOGIES I,36266G107,,1165973.0,832.2637903877061,74633932.0,0.011405862815716112,0.08230896888426216,0.07090310606854605
TRIM,SNOWFLAKE INC,833445109,PUT,292500.0,-1.21580547112462,74441250.0,0.05721604667133574,0.08209647228495988,0.024880425613624142
KEEP,CIPHER DIGITAL INC,17253JAA4,,13230000.0,0.0,74440206.0,0.05236993954685805,0.08209532092442973,0.029725381377571677
ADD,DISNEY WALT CO,254687106,CALL,771700.0,22.220462464364903,74276125.0,0.07796721163896422,0.08191436653060925,0.00394715489164503
ADD,ROGERS COMMUNICATIONS INC,775109200,,2272552.0,218.5679140411991,73838009.0,0.035131450302009225,0.0814311965401591,0.04629974623814987
TRIM,MADRIGAL PHARMACEUTICALS INC,558868105,,137029.0,-39.23595405968693,73577722.0,0.15124398323421231,0.08114414272951466,-0.07009984050469766
TRIM,WASTE CONNECTIONS INC,94106B101,,440617.0,-22.720464431036902,73453158.0,0.1186612245625377,0.08100676909629782,-0.03765445546623988
TRIM,ROCKET COS INC,77311W101,,4661141.0,-58.08108173977764,73412971.0,0.2030100510978748,0.08096244943573709,-0.1220476016621377
ADD,SELECT SECTOR SPDR TR,81369Y308,PUT,882800.0,14.79843953185956,73334196.0,0.08077086929184923,0.08087557354899086,0.00010470425714162457
ADD,SNOWFLAKE INC,833445AD1,,41412000.0,131.19696292987942,73326288.0,0.02803895701803583,0.08086685232382565,0.052827895305789824
ADD,REINSURANCE GROUP AMER INC,759351604,,344025.0,3.1639648068515087,73156916.0,0.08722744269214831,0.08068006282601567,-0.006547379866132644
NEW,GITLAB INC,37637K108,,2351909.0,,71803782.0,0.0,0.07918777826699984,0.07918777826699984
TRIM,DIGITALOCEAN HLDGS INC,25402D102,,456866.0,-48.12102135043003,71741668.0,0.09678408949131323,0.07911927672679855,-0.017664812764514676
ADD,BANK OF AMER CORP,060505104,PUT,1250200.0,32.78810408921933,71236396.0,0.05880516157348724,0.07856204469826107,0.019756883124773833
NEW,10X GENOMICS INC,88025U109,,1852776.0,,71035432.0,0.0,0.07834041441322054,0.07834041441322054
NEW,GAMESTOP CORP,36467WAE9,,69000000.0,,70534433.0,0.0,0.07778789480187208,0.07778789480187208
TRIM,PALANTIR TECHNOLOGIES INC,69608A108,CALL,601100.0,-0.5953365305109971,70130337.0,0.11333013953067114,0.07734224328387013,-0.035987896246801016
ADD,STAAR SURGICAL CO,852312305,,2437446.0,196.11128928800514,69930326.0,0.019721599551208634,0.07712166400130586,0.05740006445009723
ADD,TELADOC HEALTH INC,87918A105,,8239927.0,6.714140202124071,69874581.0,0.053916091615929904,0.07706018642204,0.0231440948061101
TRIM,LANTHEUS HLDGS INC,516544103,,629806.0,-35.352131470627484,69870678.0,0.09467355264792705,0.07705588205408098,-0.01761767059384607
ADD,AT&T INC,00206R102,,3375118.0,429.7443817667574,69864943.0,0.023664172658998426,0.07704955729101542,0.053385384632017
ADD,TOYOTA MOTOR CORP,892331307,,414443.0,2630.9106483921983,69800490.0,0.004007142275437031,0.07697847621797888,0.07297133394254185
ADD,CIPHER DIGITAL INC,17253J106,,2842978.0,65.99305544607986,69652961.0,0.028241166634129275,0.07681577596160585,0.04857460932747658
ADD,TRANSOCEAN LTD,H8817H100,,14172810.0,162.14753742075402,69305041.0,0.04592447680437267,0.07643207734508096,0.030507600540708293
ADD,SUNCOR ENERGY INC NEW,867224107,,1280744.0,78.89709754424781,68748485.0,0.06053795911299746,0.07581828748758894,0.015280328374591479
TRIM,NATERA INC,632307104,,252920.0,-43.06155574415971,68655134.0,0.11381679710507961,0.0757153366668508,-0.038101460438228804
ADD,VALMONT INDS INC,920253101,,118065.0,149.02448798801967,68194344.0,0.024271269149126303,0.07520716097844972,0.05093589182932341
ADD,SALESFORCE INC,79466L302,CALL,434800.0,31.2009656004828,68115768.0,0.0792588076728589,0.07512050455601911,-0.004138303116839784
ADD,CELCUITY INC,15102K100,,650916.0,132.2013099128152,68098832.0,0.040993844376857276,0.07510182692964101,0.03410798255278374
ADD,NETFLIX INC.,64110L106,PUT,952200.0,72.68770402611534,67987080.0,0.06792608019846881,0.07497858282814099,0.007052502629672178
ADD,ALTRIA GROUP INC,02209S103,CALL,944100.0,38.69546055531071,67927995.0,0.05755119981803116,0.07491342177744723,0.017362221959416065
ADD,SOUTHERN CO,842587DZ7,,61341000.0,65.60298048108852,67597777.0,0.05282169310249132,0.07454924555949019,0.021727552456998873
TRIM,ALLY FINL INC,02005N100,,1467468.0,-25.627781100175355,67430155.0,0.09917374445716283,0.07436438602425469,-0.024809358432908143
ADD,CAVCO INDS INC DEL,149568107,,109528.0,6.632916321861461,67291813.0,0.06373234113859397,0.07421181751997989,0.010479476381385924
NEW,MAXLINEAR INC,57776J100,,523773.0,,67058657.0,0.0,0.07395468474625469,0.07395468474625469
ADD,IAMGOLD CORP,450913108,,4224872.0,279.4731585338689,66922383.0,0.026821499513320978,0.07380439690632506,0.04698289739300408
ADD,T-MOBILE US INC,872590104,CALL,398300.0,115.64699512723335,66806859.0,0.04970141245096893,0.07367699290835018,0.023975580457381254
TRIM,INTUITIVE SURGICAL INC,46120E602,,167663.0,-73.60922008030738,66676222.0,0.3752295354218564,0.07353292175358195,-0.30169661366827444
TRIM,INTEL CORP,458140100,PUT,474000.0,-47.25714921553355,66184620.0,0.05081233729917906,0.07299076548984067,0.022178428190661605
TRIM,NEBIUS GROUP N.V.,N97284108,PUT,239600.0,-33.5920177383592,66170332.0,0.04796417679814382,0.07297500817254673,0.025010831374402916
ADD,STRIDE INC,86333MAA6,,39027000.0,94.8719229040795,65937858.0,0.04440809366222669,0.0727186275328077,0.028310533870581002
ADD,SUPER MICRO COMPUTER INC,86800U302,CALL,2244700.0,14.292260692464358,65837051.0,0.05729609414353179,0.07260745396866644,0.015311359825134652
TRIM,JD.COM INC,47215P106,,2583375.0,-4.76398499891064,65824395.0,0.10276803841626211,0.07259349647932768,-0.030174541936934432
NEW,ATLASSIAN CORPORATION,049468101,,845637.0,,65782102.0,0.0,0.07254685424666303,0.07254685424666303
ADD,COMCAST CORP NEW,20030N101,,2678831.0,33385.387500000004,65765301.0,0.0002942684371136849,0.07252832550311211,0.07223405706599843
TRIM,WESTERN DIGITAL CORP,958102105,CALL,102800.0,-49.853658536585364,65660416.0,0.07104370105690756,0.07241265457475442,0.0013689535178468548
ADD,LUMENTUM HLDGS INC,55024U109,CALL,76500.0,73.46938775510205,65641590.0,0.03970691323054329,0.07239189258879587,0.03268497935825258
TRIM,SENTINELONE INC,81730H109,,3855293.0,-38.24017252349899,65424322.0,0.10301196680999965,0.07215228166957556,-0.030859685140424087
ADD,BRIGHT HORIZONS FAM SOL IN D,109194100,,920382.0,59.36412401694099,65236676.0,0.060771489201982234,0.0719453389511448,0.011173849749162565
ADD,GDS HLDGS LTD,36165L108,,2169763.0,39.709616934912674,65157983.0,0.0801685017498291,0.07185855349693064,-0.008309948252898464
TRIM,JOHNSON & JOHNSON,478160104,CALL,256300.0,-23.51536854670248,65092511.0,0.10494631798580621,0.07178634863425784,-0.03315996935154837
TRIM,MASTEC INC,576323109,,156309.0,-63.90575858199132,65033923.0,0.1785137309111257,0.07172173569293525,-0.10679199521819047
TRIM,PG&E CORP,69331C108,,3840076.0,-57.09320724051206,64590078.0,0.20146797968437682,0.07123224755643406,-0.13023573212794276
ADD,FERMI INC,314911108,,7036123.0,464.87276936959506,64450887.0,0.009320004649775447,0.0710787427446017,0.06175873809482625
ADD,FIRST HORIZON CORPORATION,320517105,,2501597.0,38.14368374026571,64140947.0,0.05280548963277616,0.07073692983012216,0.017931440197345994
ADD,ICON PUB LTD CO,G4705A100,,365945.0,3610.280847612288,63568306.0,0.001398364433138977,0.07010540085948112,0.06870703642634214
ADD,SPROUTS FMRS MKT INC,85208M102,,742712.0,51.78141540473709,62818581.0,0.04835547771559887,0.06927857732167322,0.02092309960607435
ADD,TAL ED GROUP,874080104,,6559258.0,294.39688631726926,62772099.0,0.024227142976875202,0.06922731531002312,0.04500017233314792
ADD,DARLING INGREDIENTS INC,237266101,,1145141.0,118.76422031142839,62547601.0,0.04148039432958028,0.06897973088828074,0.027499336558700467
ADD,AXT INC,00246W103,CALL,867600.0,33.55911330049261,62536608.0,0.04742299346552095,0.06896760741480565,0.021544613949284697
TRIM,WOODWARD INC,980745103,,146842.0,-1.559975598147068,62472460.0,0.06840455852478194,0.06889686270667493,0.0004923041818929857
TRIM,CROWDSTRIKE HLDGS INC,22788C105,PUT,81700.0,-3.769140164899882,62348538.0,0.042466759888970355,0.06876019709401399,0.02629343720504363
ADD,LAM RESEARCH CORP,512807306,CALL,143500.0,3.386167146974063,62182855.0,0.03799559006091491,0.06857747595731102,0.030581885896396113
ADD,QIAGEN NV,N72482156,,1588845.0,210.37463470283956,62123840.0,0.026260916090682544,0.06851239210512025,0.04225147601443771
TRIM,DYNATRACE INC,268150109,,1412797.0,-25.08437835226643,62035916.0,0.0893500472576225,0.06841542637403455,-0.02093462088358794
ADD,ANI PHARMACEUTICALS INC,00182CAC7,,47850000.0,219.0,62022123.0,0.023791263619847996,0.06840021496044026,0.04460895134059226
TRIM,PAGSEGURO DIGITAL LTD,G68707101,,6849910.0,-3.936024197781636,61991686.0,0.0915403420196224,0.06836664794850887,-0.023173694071113526
TRIM,ACADIA PHARMACEUTICALS INC,004225108,,2433168.0,-5.614923061884095,61559150.0,0.07352151099525824,0.06788963178158197,-0.0056318792136762635
TRIM,BOEING CO,097023105,PUT,283400.0,-4.2244001351808045,61347598.0,0.07545430293783609,0.06765632467154784,-0.007797978266288252
TRIM,HALOZYME THERAPEUTICS INC,40637HAF6,,41351000.0,-12.671326899115117,60535438.0,0.07797012895536665,0.06676064558326072,-0.011209483372105922
TRIM,STARBUCKS CORP,855244109,CALL,591900.0,-10.453857791225415,60486261.0,0.07587199423001974,0.06670641142924588,-0.009165582800773855
ADD,KONTOOR BRANDS INC,50050N103,,724510.0,5.469796312902512,60380663.0,0.06186290633849134,0.06658995417899354,0.004727047840502194
TRIM,COLGATE PALMOLIVE CO,194162103,PUT,654800.0,-50.93293368302735,60032064.0,0.1457241630775146,0.06620550673698974,-0.07951865634052485
TRIM,CANADIAN NATL RY CO,136375102,,502283.0,-35.589301537676334,59893222.0,0.10267887513106509,0.06605238681483652,-0.03662648831622857
ADD,GOLDMAN SACHS GROUP INC,38141G104,CALL,59200.0,11.69811320754717,59873104.0,0.057446239206860567,0.06603019996508012,0.008583960758219558
ADD,ARMSTRONG WORLD INDS INC NEW,04247X102,,370562.0,80.34057008258752,59445556.0,0.04338555440441505,0.06555868474290842,0.02217313033849337
TRIM,TARGET CORP,87612E106,PUT,454900.0,-10.663786331500393,59414489.0,0.07906995980150013,0.06552442294445021,-0.013545536857049914
TRIM,DATADOG INC,23804L103,,227718.0,-52.00237755988163,59288658.0,0.07175697658943077,0.06538565201832942,-0.006371324571101344
ADD,EMBRAER S.A.,29082A107,,928782.0,336.1994307881611,59256292.0,0.016188132343765607,0.06534995763622306,0.04916182529245745
ADD,POOL CORP,73278L105,,274406.0,16.969598799638526,58969849.0,0.060813694839632004,0.06503405805352233,0.004220363213890327
NEW,ISHARES INC,464286772,,290484.0,,58648720.0,0.0,0.06467990550975934,0.06467990550975934
NEW,STERLING INFRASTRUCTURE INC,859241101,,69781.0,,58571380.0,0.0,0.06459461219232421,0.06459461219232421
ADD,IMPINJ INC,453204109,,408333.0,41.22767880303392,58485536.0,0.03804395063400483,0.06449994035961276,0.026455989725607934
ADD,CBRE GROUP INC,12504L109,,433827.0,105.9282571237344,58432159.0,0.036562190925525526,0.06444107429541913,0.02787888336989361
ADD,POWER SOLUTIONS INTL INC,73933G202,,1497155.0,27884.205607476633,58224358.0,0.0004173005229685827,0.06421190392230897,0.06379460339934039
NEW,DOVER CORP,260003108,,259578.0,,58218154.0,0.0,0.06420506192927344,0.06420506192927344
ADD,SALESFORCE INC,79466L302,PUT,371300.0,95.83333333333334,58167858.0,0.04534541320088729,0.06414959370204668,0.01880418050115939
ADD,ELI LILLY & CO,532457108,CALL,48300.0,19.554455445544555,57932469.0,0.04760812838873119,0.0638899982960764,0.01628186990734521
ADD,STARBUCKS CORP,855244109,PUT,566800.0,125.36779324055667,57921292.0,0.028868088576172415,0.06387767190082204,0.035009583324649624
ADD,VIR BIOTECHNOLOGY INC,92764N102,,5666821.0,190.27365571955002,57744906.0,0.022410956568077355,0.06368314711301347,0.04127219054493611
NEW,FIRSTENERGY CORP,337932AT4,,52500000.0,,57321241.0,0.0,0.06321591420208562,0.06321591420208562
ADD,LAUDER ESTEE COS INC,518439104,,725924.0,655.8086750098911,57311700.0,0.008831667408347406,0.06320539204612947,0.05437372463778207
NEW,INSMED INC,457669307,,536997.0,,57254620.0,0.0,0.0631424421811282,0.0631424421811282
TRIM,BANK OF NY MELLON CORP,064058100,,395204.0,-52.493809352085584,57150450.0,0.12644048641414646,0.06302755978033665,-0.0634129266338098
TRIM,WESTERN DIGITAL CORP,958102105,PUT,89400.0,-68.08282756158515,57101568.0,0.09706995446848687,0.06297365096287008,-0.03409630350561679
TRIM,AXIS CAP HLDGS LTD,G0692U109,,530728.0,-22.048401760758356,57021416.0,0.08846027087972652,0.06288525647128666,-0.02557501440843986
ADD,SHIFT4 PMTS INC,82452J109,,1171428.0,175.94501961061445,56978258.0,0.023784445017347475,0.06283766028569233,0.03905321526834486
ADD,LOEWS CORP,540424108,,503021.0,52.75695045475941,56947007.0,0.04503320269135397,0.06280319556545486,0.017769992874100887
TRIM,COSTCO WHOLESALE CORPORATION,22160K105,CALL,60700.0,-21.778350515463917,56783029.0,0.09906700168212937,0.06262235476371734,-0.036444646918412024
ADD,PHARVARIS N V,N69605108,,1641200.0,62.97655647973816,56752696.0,0.03644813628193314,0.06258890244670468,0.026140766164771533
ADD,EQT CORP,26884L109,,1066187.0,1558.2735827047204,56689163.0,0.005242372732780069,0.06251883598256441,0.057276463249784346
TRIM,BATH & BODY WORKS INC,070830104,,2446147.0,-34.80785062460507,56579380.0,0.08975364010901027,0.06239776336466964,-0.027355876744340632
NEW,CHECK POINT SOFTWARE TECH LT,M22465104,,428372.0,,56300932.0,0.0,0.06209068095384496,0.06209068095384496
ADD,OGE ENERGY CORP,670837103,,1155427.0,13.647178706356677,56223078.0,0.062471729900428825,0.062004820778830794,-0.0004669091215980317
NEW,UROGEN PHARMA LTD,M96088105,,1525549.0,,56140203.0,0.0,0.06191342326548146,0.06191342326548146
TRIM,CRANE COMPANY,224408104,,251224.0,-41.5544745407044,56040538.0,0.09417301443851472,0.06180350913977453,-0.03236950529874019
TRIM,TARGET CORP,87612E106,CALL,429000.0,-2.7210884353741496,56031690.0,0.06847967846123636,0.061793751248997886,-0.006685927212238471
ADD,BRISTOL-MYERS SQUIBB CO,110122108,CALL,972300.0,148.0357142857143,56023926.0,0.03046052437604683,0.06178518883218167,0.03132466445613484
TRIM,BERKSHIRE HATHAWAY INC DEL,084670702,CALL,110000.0,-0.8115419296663661,55042900.0,0.06808773053245798,0.06070327828097753,-0.007384452251480447
ADD,RPM INTL INC,749685103,,494820.0,26.700192551927564,54999243.0,0.04973668802080109,0.06065513178034052,0.010918443759539431
TRIM,MOOG INC,615394202,,128786.0,-21.66968749619862,54584658.0,0.0616443087583648,0.060197912618084916,-0.0014463961402798875
TRIM,QNITY ELECTRONICS INC,74743L100,,334145.0,-38.26283446469021,54569220.0,0.0800090871282344,0.0601808870396706,-0.0198282000885638
NEW,MCKESSON CORP,58155Q103,,71941.0,,54358620.0,0.0,0.05994862982927699,0.05994862982927699
NEW,INGERSOLL RAND INC,45687V106,,662366.0,,54307388.0,0.0,0.05989212934778182,0.05989212934778182
ADD,LULULEMON ATHLETICA INC,550021109,CALL,473500.0,74.2730953257269,54064230.0,0.05329486081111098,0.05962396601081654,0.006329105199705559
TRIM,PINNACLE FINL PARTNERS INC,72348N109,,535523.0,-70.97294718983582,54023560.0,0.2036106800371905,0.05957911368058526,-0.14403156635660525
TRIM,GOLDMAN SACHS GROUP INC,38141G104,PUT,53400.0,-9.491525423728813,54007158.0,0.06394958704159949,0.05956102496850133,-0.004388562073098158
NEW,IQVIA HLDGS INC,46266C105,,279468.0,,53998807.0,0.0,0.05955181518709584,0.05955181518709584
ADD,CATERPILLAR INC,149123101,PUT,50700.0,69.0,53990430.0,0.027230592601562333,0.059542576731960666,0.03231198413039833
ADD,SUMMIT THERAPEUTICS INC,86627T108,,3697803.0,371.54667387584067,53876990.0,0.01904925228942557,0.05941747104370307,0.0403682187542775
ADD,WOLFSPEED INC,977852AP7,,13597000.0,224.58820720935785,53637446.0,0.007862725031107753,0.05915329335516306,0.051290568324055305
ADD,COMCAST CORP NEW,20030N101,CALL,2176700.0,170.0620347394541,53437985.0,0.029647545039203756,0.05893332063226507,0.029285775593061315
TRIM,MARA HOLDINGS INC,565788AF3,,52705000.0,-51.957522446561235,53103914.0,0.1246061913755586,0.058564895188136866,-0.06604129618742174
NEW,SHELL PLC,780259305,,676603.0,,52463797.0,0.0,0.05785895127196631,0.05785895127196631
ADD,ISHARES SILVER TR,46428Q109,PUT,979500.0,10.204770477047704,52373865.0,0.07759373876619062,0.05775977104668084,-0.01983396771950978
TRIM,ASTERA LABS INC,04626A103,CALL,108200.0,-36.35294117647059,52262764.0,0.0238715148045201,0.05763724489125853,0.03376573008673843
ADD,FIVE BELOW INC,33829M101,,290589.0,1.49347043270826,52244996.0,0.08381268604740456,0.05761764970553074,-0.026195036341873826
TRIM,SELECT SECTOR SPDR TR,81369Y308,CALL,628400.0,-12.746459316856429,52201188.0,0.07564522765148221,0.05756933667669445,-0.01807589097478776
NEW,ECOLAB INC,278865100,,186112.0,,51852664.0,0.0,0.057184971947372425,0.057184971947372425
TRIM,WARNER MUSIC GROUP CORP,934550203,,1912689.0,-23.16787035151293,51776491.0,0.08145971470177193,0.05710096563926553,-0.024358749062506402
ADD,DONALDSON INC,257651109,,574313.0,256.17414493472666,51556078.0,0.017533190731125452,0.05685788630158991,0.03932469557046446
TRIM,STONECO LTD,G85158106,,4738447.0,-9.439722129636143,51364765.0,0.09465716212147288,0.056646899484438774,-0.0380102626370341
ADD,INDIVIOR PHARMACEUTICALS INC,45579U109,,1250639.0,1217.2524567372002,51313718.0,0.0037076477805255987,0.05659060302755861,0.052882955247033014
TRIM,MORGAN STANLEY,617446448,,245395.0,-83.03431921571881,51297371.0,0.30497594793726224,0.0565725749714413,-0.24840337296582093
ADD,BLOCK INC,852234103,PUT,673400.0,22.748815165876778,51178400.0,0.04229884315422394,0.056441369498612545,0.014142526344388603
ADD,FIGURE TECHNOLOGY SOLUTIO,349381103,,1657857.0,74.62044688995014,50912788.0,0.041296406089804456,0.05614844308756286,0.014852036997758403
ADD,ASTRONICS CORP,046433AD0,,11574000.0,124.82517482517483,50646376.0,0.020293931674510306,0.05585463440790768,0.03556070273339737
TRIM,FIDELITY NATL INFORMATION SV,31620M106,,1299897.0,-44.15288028565058,50539995.0,0.13989239249702343,0.055737313637257715,-0.08415507885976571
ADD,HEARTFLOW INC,42238D107,,1721279.0,219.73173635787805,50502326.0,0.016781398166100723,0.055695770917132764,0.038914372751032045
NEW,HUBSPOT INC,443573100,,276294.0,,50426418.0,0.0,0.055612056860501434,0.055612056860501434
TRIM,CREDO TECHNOLOGY GROUP HOLDI,G25457105,CALL,184500.0,-59.30745478606087,50174775.0,0.054529163672022166,0.05533453596213925,0.0008053722901170818
ADD,SERVICENOW INC,81762P102,PUT,505300.0,171.81280258203336,50166184.0,0.024901409492049057,0.05532506150015211,0.030423652008103052
ADD,BROADCOM INC,11135F101,PUT,132700.0,99.54887218045113,50127425.0,0.026370407062326996,0.055282316689052174,0.028911909626725178
NEW,CHOICE HOTELS INTL INC,169905106,,453029.0,,49955508.0,0.0,0.055092720474240985,0.055092720474240985
ADD,ENSIGN GROUP INC,29358P101,,310627.0,3491.8940795559665,49793508.0,0.002232601615282428,0.05491406108163052,0.05268145946634809
TRIM,NEBIUS GROUP N.V.,N97284108,,180000.0,-51.8563393165205,49710600.0,0.04970314464762069,0.05482262717470121,0.00511948252708052
ADD,DT MIDSTREAM INC,23345M107,,338518.0,151.74801252351878,49674131.0,0.02320102017317968,0.05478240785748448,0.031581387684304796
ADD,UNITED PARCEL SVCS INC,911312106,CALL,460400.0,14.584370333499253,49493000.0,0.05064507910665085,0.05458265011400963,0.003937571007358781
ADD,AUTOMATIC DATA PROCESSING IN,053015103,,220829.0,289.42105912850263,49454655.0,0.014761759366984425,0.05454036187691304,0.03977860250992861
NEW,REPUBLIC SVCS INC,760759100,,231679.0,,49366161.0,0.0,0.05444276752944595,0.05444276752944595
ADD,SAILPOINT INC,78781J109,,3352955.0,9.434217826952576,49087261.0,0.05197363293981835,0.05413518663685917,0.0021615536970408245
TRIM,SELECT SECTOR SPDR TR,81369Y803,CALL,257200.0,-25.878962536023053,49001744.0,0.05908468968332388,0.05404087543144022,-0.00504381425188366
ADD,BARRICK MNG CORP,06849F108,CALL,1332400.0,13.987509624433228,48939052.0,0.06108738959787434,0.05397173645217149,-0.007115653145702852
TRIM,MERCK & CO INC,58933Y105,,380081.0,-58.7351546070524,48840409.0,0.1419534541141488,0.05386294942460807,-0.08809050468954074
ADD,MICROSOFT CORP,594918104,PUT,130500.0,67.09346991037131,48679110.0,0.03704015164278,0.05368506311986316,0.016644911477083156
ADD,COPART INC,217204106,,1722509.0,459.35060464753786,48557529.0,0.013098935141184423,0.053550979245709014,0.04045204410452459
ADD,TETRA TECH INC NEW,88162GAB9,,46027000.0,36.3157115356138,48534783.0,0.045600001266328,0.053525894143583594,0.007925892877255591
TRIM,EVERGY INC,30034WAD8,,34124000.0,-36.95218387406696,48501541.0,0.09365879802536402,0.05348923367735423,-0.040169564348009786
ADD,BOOKING HOLDINGS INC,09857L108,PUT,272000.0,4937.037037037037,48481280.0,0.029129254376531893,0.0534668891220846,0.02433763474555271
ADD,AMAZON COM INC,023135106,PUT,203300.0,62.50999200639489,48454522.0,0.03338139870014002,0.05343737944290268,0.020055980742762658
NEW,PETROLEO BRASILEIRO S A,71654V408,,2997086.0,,48432910.0,0.0,0.05341354495652554,0.05341354495652554
ADD,LOCKHEED MARTIN CORP,539830109,CALL,95000.0,96.68737060041408,48398700.0,0.03740114552488184,0.05337581694528354,0.015974671420401695
ADD,COHU INC,192576106,,653112.0,1298.107633685833,48271508.0,0.001832621777620968,0.05323554505969767,0.051402923282076705
NEW,GAMESTOP CORP,36467WAG4,,47275000.0,,47971632.0,0.0,0.052904831084275114,0.052904831084275114
ADD,AT&T INC,00206R102,CALL,2304600.0,125.300615895982,47705220.0,0.037992852113988264,0.05261102240461994,0.014618170290631678
ADD,WW GRAINGER INC,384802104,PUT,35000.0,50.86206896551724,47614000.0,0.0324233286755534,0.052510421726879655,0.020087093051326256
ADD,MDA SPACE LTD,55293N109,,1151032.0,74.47201325404752,47494633.0,0.021388530056793333,0.05237877953109118,0.030990249474297845
ADD,VERIZON COMMUNICATIONS INC,92343V104,PUT,1120700.0,33.63939899833055,47450438.0,0.053936042626478206,0.052330039704816984,-0.0016060029216612218
ADD,MOBILEYE GLOBAL INC,60741F104,,4889226.0,68.74039684084536,47327708.0,0.025503411889064933,0.05219468867237821,0.02669127678331328
ADD,INVESCO EXCHANGE TRADED FD T,46137V357,,222360.0,7312.0,47311537.0,0.000737669781228558,0.05217685471535412,0.05143918493412556
ADD,EPAM SYS INC,29414B104,,595177.0,111.94403492653603,47227295.0,0.0487151570756854,0.05208394962552516,0.0033687925498397595
KEEP,SPDR SERIES TRUST,78464A375,,1410000.0,0.0,47178600.0,0.06059024019034359,0.05203024703834512,-0.008559993151998471
TRIM,WESTERN DIGITAL CORP,958102105,,73593.0,-88.20519149154411,47005321.0,0.21623068842837231,0.05183914876123309,-0.1643915396671392
ADD,LIBERTY MEDIA CORP DEL,531229AQ5,,37704000.0,79.54285714285714,46925862.0,0.03112646046028149,0.05175151853482918,0.020625058074547686
ADD,STATE STR SPDR DOW JONES IND,78467X109,PUT,89800.0,55.90277777777778,46910622.0,0.03418236925057999,0.051734711317894706,0.017552342067314715
TRIM,PAN AMERN SILVER CORP,697900108,,1046541.0,-26.20987444536184,46872968.0,0.09926627732608334,0.0516931851403061,-0.04757309218577724
ADD,FLOOR & DECOR HLDGS INC,339750101,,788276.0,4112.226140857112,46792063.0,0.0012180097064581328,0.05160396021339777,0.050385950506939635
TRIM,NASDAQ INC,631103108,,591220.0,-27.03356811306946,46599960.0,0.08812579421219686,0.051392102155998716,-0.03673369205619815
TRIM,WINGSTOP INC,974155103,,268079.0,-62.78670433171152,46487579.0,0.14303186312003263,0.051268164370807626,-0.091763698749225
NEW,HAWKEYE 360 INC,420201105,,2288661.0,,46276725.0,0.0,0.05103562704013179,0.05103562704013179
TRIM,GRIFFON CORP,398433102,,473416.0,-18.754204593819075,46172262.0,0.05425970843946082,0.05092042150846347,-0.0033392869309973455
TRIM,RHYTHM PHARMACEUTICALS INC,76243J105,,414210.0,-51.08531992758629,45989736.0,0.09435639410328345,0.050719125309107806,-0.04363726879417564
ADD,SCHWAB CHARLES CORP,808513105,,498176.0,106.9679520735183,45966700.0,0.028982486584189844,0.05069372038461291,0.021711233800423065
ADD,WILLIS TOWERS WATSON PLC LTD,G96629103,,175202.0,6.645808478001509,45792547.0,0.061187231772932664,0.05050165822904939,-0.010685573543883276
ADD,CISCO SYS INC,17275R102,CALL,387900.0,170.5020920502092,45562734.0,0.01425526865339745,0.05024821223525934,0.03599294358186189
TRIM,INTERNATIONAL BUSINESS MACHS,459200101,CALL,160700.0,-19.890329012961118,45190447.0,0.06229685619244344,0.04983764081984718,-0.012459215372596262
ADD,MONDAY COM LTD,M7S64H106,,617578.0,62.375670125861404,44706471.0,0.033676911192689264,0.04930389478158767,0.015626983588898406
ADD,FRANKLIN RESOURCES INC,354613101,,1343051.0,441.33454252317614,44683307.0,0.007508050079395339,0.04927834869411588,0.04177029861472054
ADD,MATCH GROUP INC NEW,57667L107,,1171225.0,281.20602001028504,44565111.0,0.012088736503306063,0.04914799791899869,0.03705926141569263
ADD,LUMENTUM HLDGS INC,55024U109,PUT,51900.0,2.366863905325444,44533314.0,0.04564944446232528,0.04911293105043798,0.003463486588112699
ADD,VISA INC,92826C839,PUT,129700.0,332.3333333333333,44498773.0,0.011616992219597716,0.049074838000560464,0.03745784578096275
ADD,AVALO THERAPEUTICS INC,05338F306,,2387026.0,160.55196683483567,44112240.0,0.017524397783180868,0.04864855558695614,0.03112415780377527
ADD,KINROSS GOLD CORP,496902404,,1866999.0,31.32666734663014,44105866.0,0.05558974335201399,0.04864152611184195,-0.0069482172401720416
NEW,SOUTHWEST AIRLS CO,844741108,,856829.0,,44058147.0,0.0,0.0485888998923606,0.0485888998923606
ADD,WEATHERFORD INTL PLC,G48833118,,539551.0,37.28928277901187,43973407.0,0.047622882809324196,0.04849544559032473,0.0008725627810005354
ADD,AXON ENTERPRISE INC,05464C101,PUT,78400.0,113.04347826086956,43951824.0,0.020023516815253564,0.04847164308618454,0.028448126270930976
TRIM,TWILIO INC,90138F102,,212861.0,-77.63780900723727,43919610.0,0.15344471345607066,0.04843611633511322,-0.10500859712095745
ADD,ECHOSTAR CORP,278768106,CALL,432200.0,31.168437025796663,43868300.0,0.04942213930203,0.048379529832429005,-0.0010426094696009969
ADD,ADOBE INC,00724F101,CALL,213800.0,48.369188063844554,43833276.0,0.04487802247059809,0.048340904112880924,0.003462881642282832
TRIM,CENTENE CORP DEL,15135B101,,682469.0,-71.9942861645079,43807685.0,0.1022199019540319,0.04831268144302726,-0.05390722051100464
NEW,RBC BEARINGS INC,75524B104,,68008.0,,43801232.0,0.0,0.048305564843888274,0.048305564843888274
ADD,TECK RESOURCES LTD,878742204,,735581.0,106.52177575131397,43737772.0,0.02361543156637775,0.04823557888675828,0.02462014732038053
TRIM,FLUOR CORP,343412102,,831678.0,-39.09668556230324,43571610.0,0.08161809154282823,0.04805232949172778,-0.03356576205110045
ADD,WORKIVA INC,98139AAD7,,46175000.0,237.6599634369287,43374194.0,0.016452718976270216,0.04783461206795256,0.03138189309168234
ADD,VERACYTE INC,92337F107,,737804.0,52.46908477714588,43331229.0,0.019969649599257365,0.0477872287296593,0.027817579130401934
TRIM,CASELLA WASTE SYS INC,147448104,,445541.0,-3.9676774817921796,43204111.0,0.047160993597099125,0.047647038453919446,0.000486044856820321
ADD,VIRIDIAN THERAPEUTICS INC,92790C104,,2343208.0,625.8199209505756,43044731.0,0.008090424330919308,0.04747126849099194,0.039380844160072634
ADD,PDD HOLDINGS INC,722304102,PUT,562900.0,52.837360847135486,42938012.0,0.048215660490443096,0.04735357496185617,-0.0008620855285869297
ADD,METHANEX CORP,59151K108,,929018.0,325.04563776198825,42873359.0,0.016679722578757876,0.04728227332166824,0.030602550742910364
NEW,DOMINION ENERGY INC,25746U109,,627216.0,,42832581.0,0.0,0.04723730188517521,0.04723730188517521
ADD,FRONTLINE PLC,M46528101,,1229934.0,27.58254411169777,42789404.0,0.04305647163326405,0.0471896847457015,0.004133213112437452
ADD,WORLD KINECT CORPORATION,98149GAB6,,33000000.0,6.451612903225806,42774301.0,0.041785277596028195,0.04717302861726572,0.005387751021237529
ADD,BALL CORP,058498106,,683072.0,200.0773177760596,42623693.0,0.017239108069540248,0.04700693272959735,0.0297678246600571
ADD,CHEVRON CORPORATION,166764100,CALL,256400.0,66.81847755367599,42500864.0,0.0407431742532517,0.04687147251641864,0.006128298263166944
NEW,PDF SOLUTIONS INC,693282105,,598902.0,,42396273.0,0.0,0.04675612582177345,0.04675612582177345
ADD,KINIKSA PHARMACEUTICALS INTL,G52694109,,659493.0,2.8917651390574735,42174577.0,0.03954088371892413,0.046511631545821795,0.006970747826897668
TRIM,ROBERT HALF INC.,770323103,,1362513.0,-37.614844823844315,41829149.0,0.07107446804684507,0.04613068119600299,-0.02494378685084208
KEEP,THE REALREAL INC,88339PAJ0,,29521000.0,0.0,41625596.0,0.04528142698403631,0.045906195669187945,0.0006247686851516346
ADD,RESIDEO TECHNOLOGIES INC,76118Y104,,1338061.0,16.40050037754495,41613697.0,0.04964783606976558,0.045893073026517135,-0.0037547630432484477
ADD,STEPSTONE GROUP INC,85914M107,,1004669.0,437.06085487630173,41553110.0,0.0114372191625026,0.045826255516516576,0.034389036354013976
ADD,MGM RESORTS INTERNATIONAL,552953101,CALL,866700.0,10.197075651621105,41436927.0,0.0372939440764746,0.04569812474977793,0.008404180673303327
ADD,CIENA CORP,171779309,CALL,84400.0,1.4423076923076923,41403264.0,0.04138404345324685,0.04566099998969493,0.004276956536448079
TRIM,VANECK ETF TRUST,92189F106,CALL,548200.0,-30.974565600604382,41361690.0,0.09337940828626584,0.04561515069593945,-0.04776425759032639
TRIM,BOEING CO,097023105,CALL,190800.0,-25.235109717868337,41302476.0,0.06507583004304078,0.04554984737943306,-0.01952598266360772
TRIM,SOLSTICE ADVANCED MATLS INC,83443Q103,,465747.0,-62.403252835818,41265184.0,0.12087799041553032,0.04550872042838843,-0.07536926998714188
NEW,ENVISTA HOLDINGS CORPORATION,29415F104,,1563395.0,,41195458.0,0.0,0.04543182410240598,0.04543182410240598
ADD,AKAMAI TECHNOLOGIES INC,00971TAL5,,34278000.0,52.346666666666664,41174033.0,0.033500019578101406,0.04540819584631537,0.011908176268213964
TRIM,UNITEDHEALTH GROUP INC,91324P102,PUT,98900.0,-35.90408295528192,41105807.0,0.05349314992294821,0.0453329537739682,-0.00816019614898001
TRIM,SPOTIFY TECHNOLOGY S A,L8681T102,CALL,89300.0,-71.08160621761658,41000309.0,0.19184873293816657,0.04521660680729154,-0.14663212613087503
ADD,TRINET GROUP INC,896288107,,826534.0,43.74704343712608,40905168.0,0.026837464677875462,0.04511168191054863,0.018274217232673168
TRIM,PDD HOLDINGS INC,722304102,CALL,536000.0,-13.867909368471798,40886080.0,0.08146784013902454,0.04509063098162179,-0.03637720915740275
TRIM,CORNING INC,219350105,CALL,159500.0,-24.764150943396228,40741085.0,0.03693171382620045,0.044930725311056637,0.007999011484856183
TRIM,MAPLEBEAR INC,565394103,,858765.0,-6.298691096048847,40662523.0,0.043986251247889394,0.044844084328326615,0.0008578330804372217
ADD,VALVOLINE INC,92047W101,,1026685.0,65.12932934027722,40595125.0,0.026829067623988127,0.044769755403986124,0.017940687779997997
TRIM,COSTCO WHOLESALE CORPORATION,22160K105,PUT,43000.0,-15.187376725838265,40225210.0,0.064725476614484,0.044361799914989224,-0.020363676699494772
NEW,EVERGY INC,30034W106,,464908.0,,40181998.0,0.0,0.04431414417626402,0.04431414417626402
ADD,SIGMA LITHIUM CORPORATION,826599102,,3170034.0,27.97835130124731,40100570.0,0.03916293942136158,0.04422434246625485,0.005061403044893269
TRIM,LOCKHEED MARTIN CORP,539830109,,78677.0,-73.3553912687151,40082784.0,0.22865263832561436,0.044204727429483434,-0.18444791089613094
ADD,DELL TECHNOLOGIES INC,24703L202,CALL,92900.0,1.1982570806100217,40082634.0,0.019304170907185926,0.04420456200411991,0.024900391096933983
TRIM,ANGIODYNAMICS INC,03475V101,,3062517.0,-3.749792964989633,39843346.0,0.0463508611100787,0.043940666641533656,-0.0024101944685450474
TRIM,CIENA CORP,171779309,PUT,81000.0,-25.688073394495415,39735360.0,0.05421707615870081,0.043821575819493946,-0.010395500339206866
ADD,PPL CAP FDG INC,69352PAS2,,35000000.0,55.55555555555556,39734555.0,0.03380079015871192,0.04382068803670968,0.010019897877997758
ADD,RIVIAN AUTOMOTIVE INC,76954A103,CALL,2285000.0,16.575684914034998,39644750.0,0.03779507676757808,0.04372164787156534,0.005926571103987262
ADD,NOVO-NORDISK A S,670100205,CALL,826600.0,356.68508287292815,39627204.0,0.008522292217741872,0.04370229751537557,0.035180005297633696
KEEP,PAYPAL HLDGS INC,70450Y103,CALL,916000.0,-0.3372864759003373,39552880.0,0.053261066320664505,0.0436203303505831,-0.009640735970081402
ADD,PALOMAR HLDGS INC,69753M105,,311367.0,109.56467310099744,39353675.0,0.02274798412579463,0.04340063995363886,0.02065265582784423
NEW,QUALYS INC,74758T303,,285895.0,,39307704.0,0.0,0.04334994149106049,0.04334994149106049
NEW,EXPEDITORS INTL WASH INC,302130109,,240505.0,,39197505.0,0.0,0.04322841009349086,0.04322841009349086
NEW,HUMANA INC,444859102,,98491.0,,39122595.0,0.0,0.043145796666944874,0.043145796666944874
ADD,PINNACLE WEST CAP CORP,723484101,,365338.0,256.775390625,39091166.0,0.013217992911940372,0.04311113564194269,0.029893142730002317
ADD,NU HLDGS LTD,G6683N103,,2923878.0,67.20209022770513,39063010.0,0.032195473068055806,0.04308008419837269,0.010884611130316885
TRIM,CORNING INC,219350105,PUT,152900.0,-15.571507454445058,39055247.0,0.03154874232983444,0.04307152288439223,0.011522780554557785
NEW,TIC SOLUTIONS INC,00510N102,,4814719.0,,38951077.0,0.0,0.04295664048360067,0.04295664048360067
TRIM,INVESCO QQQ TR,46090E103,,52682.0,-42.52454723979926,38795025.0,0.06778157118031097,0.04278454075807198,-0.02499703042223899
NEW,PTC INC,69370C100,,341325.0,,38777933.0,0.0,0.04276569108931582,0.04276569108931582
ADD,VENTURE GLOBAL INC,92333F101,,3466930.0,29.24534034485754,38586931.0,0.054163521558076674,0.04255504725408506,-0.011608474303991617
NEW,SHARONAI HOLDINGS INC,778920306,CALL,455000.0,,38520300.0,0.0,0.042481564204770075,0.042481564204770075
TRIM,LABCORP HOLDINGS INC,504922105,,137444.0,-47.04853486203894,38484320.0,0.08872998491681719,0.04244188417423844,-0.04628810074257875
KEEP,SHOPIFY INC,82509L107,PUT,336300.0,-0.08912655971479501,38398734.0,0.05115552363596812,0.04234749687315228,-0.008808026762815842
ADD,PFIZER INC,717081103,PUT,1589300.0,84.5876887340302,38270344.0,0.03097567351047155,0.0422059037903297,0.011230230279858151
ADD,GE AEROSPACE,369604301,CALL,102300.0,157.68261964735518,38232579.0,0.014433693877003178,0.04216425519797208,0.027730561320968905
ADD,BRP INC,05577W200,,626534.0,112.97713297006244,38217256.0,0.027058212129290212,0.0421473564456698,0.015089144316379585
ADD,ANGLOGOLD ASHANTI PLC,G0378L100,,471508.0,185.4026439397608,38140282.0,0.02060782441348428,0.042062466766121666,0.021454642352637388
NEW,CADENCE DESIGN SYSTEM INC,127387108,CALL,101600.0,,38132512.0,0.0,0.0420538977322909,0.0420538977322909
TRIM,AVALONBAY CMNTYS INC,053484101,,201782.0,-31.9566075083713,38074246.0,0.06206347728630253,0.041989639904082006,-0.020073837382220523
NEW,NETEASE COM INC,64110W102,,296224.0,,37958143.0,0.0,0.041861597364203904,0.041861597364203904
ADD,JOYY INC,46591M109,,574670.0,266.86605848968674,37922473.0,0.011718444876306387,0.0418222592127569,0.030103814336450516
ADD,OPTION CARE HEALTH INC,68404L201,,1800244.0,219.92735079189058,37751117.0,0.019407767029130104,0.041633281688805306,0.0222255146596752
ADD,BELLRING BRANDS INC,07831C103,,2912288.0,211.52929497794264,37685007.0,0.019271342449487545,0.04156037321691965,0.022289030767432102
ADD,BITDEER TECHNOLOGIES GROUP,G11448100,,2373557.0,51.395567632041384,37668350.0,0.017374931761438957,0.04154200328171771,0.024167071520278756
TRIM,ISHARES SILVER TR,46428Q109,CALL,702900.0,-6.44216691068814,37584063.0,0.06558975690260915,0.0414490485642797,-0.02414070833832945
ADD,HUNTINGTON INGALLS INDS INC,446413106,,133950.0,68.32753182452215,37491266.0,0.038732662798031246,0.04134670871455086,0.0026140459165196125
ADD,CHIPOTLE MEXICAN GRILL INC,169656105,PUT,1101200.0,144.2768411712511,37440800.0,0.01848800648093731,0.04129105300524542,0.022803046524308115
TRIM,SPDR GOLD TR,78463V107,PUT,100900.0,-77.05253581987719,37169542.0,0.24240312924391846,0.040991899983512534,-0.20141122926040594
TRIM,ISHARES TR,464287432,CALL,429800.0,-30.329064678229862,37143316.0,0.06851793668920855,0.04096297701295326,-0.027554959676255292
NEW,ITAU UNIBANCO HLDG S A,465562106,,4546281.0,,37143116.0,0.0,0.04096275644580189,0.04096275644580189
NEW,TRADEWEB MKTS INC,892672106,,372538.0,,37127137.0,0.0,0.040945134233243106,0.040945134233243106
ADD,SPDR SERIES TRUST,78464A870,CALL,234600.0,6.0578661844484625,37125450.0,0.03619916376229472,0.040943273749321295,0.004744109987026575
ADD,DATADOG INC,23804L103,PUT,142500.0,16.995073891625616,37101300.0,0.018421872955219205,0.04091664026579326,0.022494767310574055
TRIM,CHEWY INC,16679L109,,1887805.0,-64.19836835415718,37095368.0,0.18240577307516867,0.04091009824408359,-0.14149567483108508
NEW,ARGENX SE,04016X101,,39983.0,,37095028.0,0.0,0.040909723279926265,0.040909723279926265
NEW,COMPASS PATHWAYS PLC,20451W101,,2620878.0,,37085424.0,0.0,0.04089913164531743,0.04089913164531743
ADD,TRIMBLE INC,896239100,,724173.0,506.1902011501469,37063174.0,0.009983924108618186,0.04087459354972741,0.030890669441109225
NEW,SHARONAI HOLDINGS INC,778920306,,436490.0,,36953243.0,0.0,0.04075335771214062,0.04075335771214062
ADD,HALLADOR ENERGY COMPANY,40609P105,,2121228.0,11.569942785130236,36888155.0,0.039656560375061725,0.04068157633839846,0.001025015963336734
TRIM,ELASTIC N V,N14506104,,644571.0,-42.382346000371854,36753438.0,0.07165043496445227,0.04053300561374227,-0.031117429350709998
ADD,BLACKSTONE INC,09260D107,PUT,308100.0,42.047026279391424,36254127.0,0.03195509618993861,0.03998234758915139,0.00802725139921278
TRIM,SELECT SECTOR SPDR TR,81369Y209,PUT,228500.0,-41.108247422680414,36253810.0,0.07288125165148071,0.03998199799021647,-0.03289925366126424
ADD,BLACKBERRY LTD,09228FAM5,,10915000.0,6.487804878048781,36152663.0,0.015024958448472861,0.03987044946191788,0.02484549101344502
TRIM,SELECT SECTOR SPDR TR,81369Y886,PUT,797000.0,-42.71544598576871,36135980.0,0.08180113809285623,0.03985205085298628,-0.04194908723986995
TRIM,FORGENT POWER SOLUTIONS INC,34631F102,,644618.0,-58.95522768197111,36008361.0,0.058896271017496414,0.03971130805653224,-0.019184962960964176
ADD,OCCIDENTAL PETE CORP,674599105,CALL,740100.0,59.024495058014615,35946657.0,0.038757900083272734,0.03964325867899128,0.0008853585957185467
ADD,HF SINCLAIR CORP,403949100,,515941.0,28.306189492112992,35935291.0,0.03214311255565611,0.03963072384777887,0.007487611292122755
TRIM,TEVA PHARMACEUTICAL INDS LTD,881624209,,1059778.0,-6.256396466364207,35905279.0,0.043626334863852735,0.039597625541044144,-0.004028709322808591
TRIM,LINCOLN ELEC HLDGS INC,533900106,,134887.0,-25.341916058293158,35813847.0,0.05765707649473875,0.03949679106212341,-0.018160285432615345
ADD,HIMS & HERS HEALTH INC,433000106,PUT,1029500.0,2849.856733524355,35692765.0,0.0009282677861866746,0.03936325750301192,0.03843498971682525
ADD,CNX RES CORP,12653C108,,1050520.0,45.2902915293431,35644144.0,0.03571187198866834,0.039309636525677885,0.0035977645370095443
NEW,AVERY DENNISON CORP,053611109,,218197.0,,35424283.0,0.0,0.03906716595334006,0.03906716595334006
TRIM,TEREX CORP NEW,880779103,,489100.0,-21.2363842492093,35405949.0,0.04701971579192632,0.03904694656257389,-0.00797276922935243
ADD,VENTAS INC,92276F100,,398597.0,233.7187397962174,35395414.0,0.012514717227691596,0.03903532818787542,0.02652061096018382
TRIM,APPLOVIN CORP,03831W108,CALL,68600.0,-74.89019033674963,35344778.0,0.13931063450776981,0.03897948499649133,-0.10033114951127849
TRIM,BETA BIONICS INC,08659B102,,2254683.0,-10.707038304343694,35330883.0,0.032415781064254905,0.03896416109364983,0.0065483800293949235
TRIM,SPDR GOLD TR,78463V107,CALL,95000.0,-46.71901289960741,34996100.0,0.0982953785403472,0.038594950430462745,-0.059700428109884456
TRIM,RH,74967X103,,212398.0,-66.89552196932975,34988323.0,0.1149353118445361,0.038586373676781686,-0.07634893816775443
NEW,SANOFI SA,80105N105,,820078.0,,34984527.0,0.0,0.03858218731224866,0.03858218731224866
NEW,TENET HEALTHCARE CORP,88033G407,,186987.0,,34981528.0,0.0,0.03857887990781386,0.03857887990781386
TRIM,INSIGHT ENTERPRISES INC,45765U103,,286873.0,-22.88505323824552,34941131.0,0.03193825852100554,0.0385343286517442,0.0065960701307386585
KEEP,METLIFE INC,59156R108,PUT,410000.0,-0.09746588693957114,34690100.0,0.03718519876936515,0.0382574826888652,0.0010722839195000528
NEW,CHEMED CORP NEW,16359R103,,74460.0,,34679000.0,0.0,0.03824524121196412,0.03824524121196412
TRIM,UNIVERSAL TECHNICAL INST INC,913915104,,810041.0,-43.91567837477247,34645454.0,0.06680258026879632,0.03820824548366467,-0.028594334785131646
NEW,COMMERCIAL METALS CO,201723103,,549954.0,,34509614.0,0.0,0.03805843627445352,0.03805843627445352
ADD,CONSTELLATION BRANDS INC,21036P108,CALL,247800.0,5.581593523647209,34466502.0,0.04510501710461197,0.038010890819304005,-0.007094126285307964
ADD,WELLS FARGO & CO,949746101,CALL,416800.0,50.905141202027515,34444352.0,0.028171618682318746,0.03798646300728968,0.009814844324970935
ADD,ASTERA LABS INC,04626A103,PUT,71000.0,32.958801498127336,34294420.0,0.007498464062125726,0.037821112636592935,0.03032264857446721
TRIM,SEAGATE TECHNOLOGY HLDNGS PL,G7997R103,PUT,35500.0,-38.793103448275865,34257500.0,0.029111768415064947,0.037780395940449865,0.008668627525384918
TRIM,PLANET FITNESS MASTER ISSUER,72703H101,,656644.0,-21.592499367146043,34257117.0,0.07980848158773861,0.03777997355435499,-0.04202850803338362
TRIM,DESIGN THERAPEUTICS INC,25056L103,,2366453.0,-13.0860518430971,34242575.0,0.03711680134462067,0.03776393611677881,0.0006471347721581366
TRIM,GENUINE PARTS CO,372460105,,288693.0,-65.61152107491914,34060000.0,0.11374286613200747,0.03756258587847106,-0.0761802802535364
NEW,PHILIP MORRIS INTL INC,718172109,,187694.0,,33955722.0,0.0,0.037447584371417764,0.037447584371417764
TRIM,WW GRAINGER INC,384802104,CALL,24900.0,-7.08955223880597,33873960.0,0.03745453484934616,0.03735741431426581,-9.712053508034724e-05
ADD,ECHOSTAR CORP,278768106,PUT,332200.0,29.361370716510905,33718300.0,0.03851777047879,0.037185746900353804,-0.0013320235784361964
ADD,RTX CORPORATION,75513E101,CALL,177700.0,887.2222222222222,33715021.0,0.004448619241318952,0.03718213070190708,0.03273351146058813
ADD,PINTEREST INC,72352L106,PUT,1601300.0,49.58430639887903,33675339.0,0.02515396811999243,0.03713836797340357,0.01198439985341114
NEW,ARAMARK,03852U106,,586006.0,,33343741.0,0.0,0.03677266984210207,0.03677266984210207
NEW,HUT 8 CORP,44812J104,,286089.0,,33028004.0,0.0,0.036424463788740036,0.036424463788740036
TRIM,MARVELL TECHNOLOGY INC,573874104,PUT,110800.0,-27.95838751625488,33006212.0,0.019517820452202163,0.03640043079192666,0.016882610339724498
ADD,COUPANG INC,22266T109,CALL,1884600.0,691.1838790931989,32735502.0,0.005761880545466116,0.03610188212418853,0.030340001578722412
TRIM,PJT PARTNERS INC,69343T107,,216633.0,-25.464998658161477,32698585.0,0.05202875446093443,0.03606116873655272,-0.015967585724381714
NEW,VIAVI SOLUTIONS INC,925550105,,682710.0,,32599403.0,0.0,0.03595178728051635,0.03595178728051635
ADD,UNITED PARCEL SVCS INC,911312106,PUT,302800.0,95.86028460543338,32551000.0,0.019486633225207124,0.03589840672137732,0.016411773496170196
TRIM,IRHYTHM HOLDINGS INC,450056106,,273162.0,-54.427807575846046,32492620.0,0.09063511168017789,0.03583402316989214,-0.05480108851028575
ADD,GLOBAL E ONLINE LTD,M5216V106,,932399.0,33.68915946650455,32382217.0,0.02756647731947681,0.03571226679382811,0.008145789474351298
TRIM,OCULAR THERAPEUTIX INC,67576A100,,3292193.0,-40.52029047955866,32329335.0,0.06006484521522052,0.03565394663333412,-0.0244108985818864
NEW,SUNBELT RENTALS HOLDINGS INC,866966104,,431766.0,,32300414.0,0.0,0.035622051520410127,0.035622051520410127
TRIM,COMMERCE BANCSHARES INC,200525103,,556267.0,-9.200169759887697,32124419.0,0.03861747428310986,0.03542795794138248,-0.003189516341727379
TRIM,REGAL REXNORD CORPORATION,758750103,,134418.0,-80.39396436671797,32017023.0,0.16448760035697763,0.035309517792439314,-0.1291780825645383
ADD,CARETRUST REIT INC,14174T107,,793285.0,149.06359985808788,32009050.0,0.014955931949352621,0.03530072488294991,0.02034479293359729
TRIM,NEW ORIENTAL ED & TECHNOLOGY,647581206,,694983.0,-11.784036962757991,31906670.0,0.05716024354621171,0.03518781655816313,-0.021972426988048577
TRIM,SPHERE ENTERTAINMENT CO,55826TAB8,,6500000.0,-35.0,31854205.0,0.0431837265890629,0.035129956280179744,-0.008053770308883157
NEW,ASHLAND INC,044186104,,483195.0,,31837719.0,0.0,0.03511177492989224,0.03511177492989224
TRIM,SPOTIFY TECHNOLOGY S A,L8681T102,PUT,69300.0,-23.762376237623762,31817709.0,0.05647360694326212,0.035089707186397576,-0.02138389975686454
TRIM,HUNTINGTON BANCSHARES INC,446150104,,1788861.0,-75.81010334580786,31716506.0,0.14827824219817518,0.03497809689929661,-0.11330014529887857
ADD,APPLIED OPTOELECTRONICS INC,03823U102,CALL,214000.0,88.87908208296558,31706240.0,0.012279182044209773,0.03496677518741674,0.022687593143206966
TRIM,FREEPORT MCMORAN INC,35671D857,CALL,503100.0,-42.16576618002069,31639959.0,0.06551178242906884,0.034893678130616654,-0.030618104298452187
ADD,WALMART INC,931142103,PUT,279100.0,21.82453077258839,31610866.0,0.036479328633770354,0.03486159332994248,-0.0016177353038278747
TRIM,IMMUNOCORE HLDGS PLC,45258D105,,990280.0,-10.160024168285295,31441390.0,0.04257907336743717,0.03467468913721378,-0.007904384230223396
TRIM,INTUITIVE SURGICAL INC,46120E602,CALL,79000.0,-62.50593260560038,31416720.0,0.12444473962920334,0.03464748217909217,-0.08979725745011116
NEW,VIKING HOLDINGS LTD,G93A5A101,PUT,300000.0,,31401000.0,0.0,0.034630145600994415,0.034630145600994415
ADD,CLEAN HARBORS INC,184496107,,105105.0,85.70772302418857,31400119.0,0.020791558973572932,0.03462917400269262,0.01383761502911969
TRIM,EXXON MOBIL CORP,30231G102,PUT,229500.0,-48.20582261340555,31377240.0,0.09631672694765595,0.034603942223411545,-0.0617127847242444
ADD,UPSTART HLDGS INC,91680M107,,885159.0,17.07523212443457,31361183.0,0.024846437872566296,0.034586233989663734,0.009739796117097438
ADD,PARSONS CORP DEL,70202L102,,597514.0,366.1268303338092,31303758.0,0.008896585065261866,0.034522903646326354,0.02562631858106449
NEW,CHIPOTLE MEXICAN GRILL INC,169656105,,920557.0,,31298938.0,0.0,0.034517587977978305,0.034517587977978305
ADD,CONSTELLATION ENERGY CORP,21037T109,PUT,125100.0,1337.9310344827586,31071087.0,0.003112668979696837,0.034266305747943204,0.031153636768246368
TRIM,CONOCOPHILLIPS,20825C104,,298486.0,-43.71788610681093,31030605.0,0.08969082107496237,0.03422166075083422,-0.05546916032412815
TRIM,ARES MANAGEMENT CORPORATION,03990B101,,277646.0,-78.51176858470502,30904776.0,0.18060759151810699,0.03408289203038495,-0.14652469948772204
ADD,TYSON FOODS INC,902494103,,536638.0,104.48571635426947,30722526.0,0.02154237909979685,0.033881900213698184,0.012339521113901332
TRIM,CINTAS CORP,172908105,,180490.0,-66.09739696230874,30697739.0,0.11536841609953097,0.03385456422379302,-0.08151385187573795
ADD,JANUX THERAPEUTICS INC,47103J105,,1993837.0,72.45636341619527,30625336.0,0.020589496696691734,0.03377471560648947,0.013185218909797732
NEW,VANGUARD INTL EQUITY INDEX F,922042874,,345300.0,,30572862.0,0.0,0.03371684540298427,0.03371684540298427
ADD,MARRIOTT INTL INC NEW,571903202,,82440.0,79.92143168921868,30551440.0,0.019200665751190178,0.033693220455400935,0.014492554704210757
NEW,PINNACLE WEST CAP CORP,723484AK7,,25600000.0,,30545708.0,0.0,0.033686899000842645,0.033686899000842645
NEW,BIONTECH SE,09075V102,,327184.0,,30444471.0,0.0,0.03357525121732595,0.03357525121732595
ADD,KRANESHARES TRUST,500767306,PUT,1243200.0,27.377049180327866,30421104.0,0.03555062011115749,0.03354948125419552,-0.002001138856961973
TRIM,RADNET INC,750491102,,492437.0,-42.43007720617462,30368590.0,0.06125050051188054,0.033491566937260055,-0.027758933574620483
ADD,ZSCALER INC,98980G102,PUT,214800.0,112.25296442687747,30319020.0,0.018189791915356582,0.033436899368792766,0.015247107453436184
ADD,HUT 8 CORP,44812J104,CALL,262600.0,5.41951023685267,30315857.0,0.014971305194637045,0.03343341109929383,0.018462105904656786
ADD,ONE GAS INC,68235P108,,393090.0,167.76883148730943,30295446.0,0.016199697831321448,0.03341090111866067,0.017211203287339223
NEW,HOWMET AEROSPACE INC,443201108,,112328.0,,30200506.0,0.0,0.03330619789190489,0.03330619789190489
ADD,LULULEMON ATHLETICA INC,550021109,PUT,263400.0,26.634615384615383,30075012.0,0.040799893443912716,0.033167798621434166,-0.0076320948224785495
NEW,DROPBOX INC,26210CAD6,,30000000.0,,30033281.0,0.0,0.03312177618246486,0.03312177618246486
ADD,ERMENEGILDO ZEGNA N V,N30577105,,2301830.0,16.411843124720583,29969827.0,0.026397591787591185,0.0330517968423494,0.006654205054758215
ADD,AMPRIUS TECHNOLOGIES INC,03214Q108,CALL,2160200.0,78.55843941147297,29940372.0,0.02613314352582503,0.03301931281513125,0.006886169289306219
TRIM,SELECT SECTOR SPDR TR,81369Y886,CALL,658900.0,-35.742149405110204,29874526.0,0.060288138431980734,0.03294669549188539,-0.027341442940095342
ADD,NEBIUS GROUP N.V.,N97284108,CALL,107800.0,275.60975609756093,29771126.0,0.0038153322453068953,0.03283266227462662,0.029017330029319725
NEW,FERVO ENERGY CO,31556C106,,1016975.0,,29726179.0,0.0,0.03278309311586327,0.03278309311586327
ADD,PROCTER & GAMBLE CO,742718109,PUT,202700.0,792.9515418502203,29723928.0,0.004200817748115224,0.03278061063257459,0.028579792884459367
TRIM,UBER TECHNOLOGIES INC,90353T100,CALL,411800.0,-30.859637340496977,29715488.0,0.05488899165253147,0.03277130269878674,-0.022117688953744732
ADD,MCKESSON CORP,58155Q103,CALL,39200.0,68.96551724137932,29619520.0,0.025722033812191753,0.0326654657568729,0.006943431944681149
TRIM,SOUTHWEST GAS HLDGS INC,844895102,,333470.0,-35.22263274241735,29572120.0,0.05731572100781316,0.03261319134199799,-0.024702529665815168
ADD,YUM CHINA HLDGS INC,98850P109,,720858.0,358.4531630595852,29461466.0,0.009826911756788325,0.03249115815415899,0.022664246397370663
ADD,APPLIED DIGITAL CORP,038169207,PUT,789300.0,143.46082665021592,29440890.0,0.009860847180394344,0.03246846620562595,0.022607619025231604
ADD,DISNEY WALT CO,254687106,PUT,305800.0,50.78895463510848,29433250.0,0.025042366994586545,0.03246004054044358,0.007417673545857036
NEW,APPLIED DIGITAL CORP,038169207,,789009.0,,29430036.0,0.0,0.03245649602632105,0.03245649602632105
NEW,SELECT SECTOR SPDR TR,81369Y407,,249996.0,,29319531.0,0.0,0.03233462716100982,0.03233462716100982
TRIM,CYTOMX THERAPEUTICS INC.,23284F105,,7811033.0,-0.8171912756066683,29291374.0,0.04742315361683861,0.032303574614604064,-0.015119579002234547
TRIM,TRONOX HOLDINGS PLC,G9087Q102,,4646947.0,-4.085524406559824,29275766.0,0.060645506488250844,0.032286361554111076,-0.02835914493413977
ADD,TETRA TECH INC NEW,88162G103,,1011149.0,86.4669987294082,29212095.0,0.02092611682945689,0.03221614289863638,0.011290026069179487
TRIM,SNOWFLAKE INC,833445109,CALL,114600.0,-35.58178752107926,29165700.0,0.03437600372452086,0.0321649768336971,-0.00221102689082376
TRIM,BBB FOODS INC,G0896C103,,698172.0,-20.31801031273753,29092827.0,0.039706153472692324,0.03208460988358783,-0.007621543589104496
TRIM,RALLIANT CORP,750940108,,394829.0,-81.00980222401786,29071259.0,0.11078704550919122,0.03206082392198399,-0.07872622158720723
ADD,ACUSHNET HLDGS CORP,005098108,,245202.0,55.58502538071066,29063793.0,0.018875367675978024,0.03205259015022331,0.013177222474245288
TRIM,BROWN FORMAN CORP,115637209,,1089873.0,-41.033824558973585,29045115.0,0.0626116124673222,0.032031991383956786,-0.03057962108336542
ADD,SWEETGREEN INC,87043Q108,,3289777.0,165.44695340646396,28982935.0,0.00824093710167342,0.031963417056595556,0.023722479954922136
TRIM,JETBLUE AIRWAYS CORP,477143AR2,,26000000.0,-8.771929824561402,28922111.0,0.03527718415744449,0.03189633817452062,-0.0033808459829238677
TRIM,DOORDASH INC,25809K105,,156610.0,-86.78217040458661,28899243.0,0.22793193689679406,0.03187111852643287,-0.19606081837036118
TRIM,DELL TECHNOLOGIES INC,24703L202,PUT,66900.0,-54.827819041188384,28864674.0,0.03114322125658209,0.03183299459715416,0.0006897733405720717
TRIM,COGENT BIOSCIENCES INC,19240Q201,,744195.0,-47.25111388647502,28800347.0,0.06957318268971716,0.03176205248142297,-0.037811130208294186
TRIM,FIRST SOLAR INC,336433107,PUT,122000.0,-17.23202170963365,28787120.0,0.037252636567414246,0.03174746527286705,-0.005505171294547195
NEW,CEREBRAS SYSTEMS INC,15675D103,,129891.0,,28705911.0,0.0,0.03165790508388864,0.03165790508388864
ADD,NEWMONT CORP,651639106,CALL,306400.0,50.71323167732415,28617760.0,0.028195888653601595,0.03156068900908614,0.0033648003554845422
ADD,CELANESE CORP DEL,150870103,,617266.0,15.527115649517878,28394236.0,0.045023242560606316,0.03131417874937095,-0.013709063811235364
ADD,MASTERCARD INCORPORATED,57636Q104,CALL,54900.0,273.46938775510205,28196640.0,0.009410493987882662,0.031096262815159488,0.021685768827276825
ADD,HAMILTON LANE INC,407497106,,357541.0,508.5700668924784,28184957.0,0.007482076098092632,0.03108337838501216,0.023601302286919527
ADD,COREWEAVE INC,21873S108,CALL,282400.0,17.912317327766182,28110096.0,0.023771663660987992,0.031000818997418255,0.007229155336430263
ADD,ACM RESH INC,00108J109,CALL,221400.0,60.08676789587852,28093446.0,0.006972482292574756,0.030982456782066625,0.024009974489491867
TRIM,CROWDSTRIKE HLDGS INC,22788C105,CALL,36700.0,-25.406504065040654,28007238.0,0.024609712444491654,0.030887383517139697,0.006277671072648042
TRIM,HUT 8 CORP,44812J104,PUT,242200.0,-0.819000819000819,27960779.0,0.01467680742083648,0.030836146870711983,0.016159339449875503
NEW,UNIQURE NV,N90064101,,606212.0,,27922125.0,0.0,0.03079351785736652,0.03079351785736652
TRIM,MADISON SQUARE GARDEN ENTMT,558256103,CALL,345000.0,-13.750000000000002,27907050.0,0.030190445193951893,0.03077689260833194,0.000586447414380048
ADD,SS&C TECH HLDGS,78467J100,,448168.0,92.33522449294892,27808824.0,0.02017234735656702,0.03066856546327913,0.01049621810671211
NEW,ISHARES TR,464287739,,271407.0,,27751366.0,0.0,0.03060519872636177,0.03060519872636177
ADD,THE BALDWIN INSURANCE GRP IN,05589G102,,1038190.0,132.2687022627512,27595090.0,0.012564443571218487,0.030432851965623543,0.017868408394405056
ADD,BLOCK INC,852234103,CALL,360300.0,155.1699716713881,27382800.0,0.010886978952563653,0.03019873096280086,0.01931175201023721
TRIM,MSC INDL DIRECT INC,553530106,,229504.0,-56.81290434272079,27299501.0,0.06282279952567817,0.03010686584709062,-0.03271593367858755
ADD,BOOKING HOLDINGS INC,09857L108,CALL,153100.0,1968.918918918919,27288544.0,0.03991786710858074,0.030094782075702764,-0.009823085032877973
TRIM,MARVELL TECHNOLOGY INC,573874104,CALL,91600.0,-32.54786450662739,27286724.0,0.017233550178212313,0.030092774914625288,0.012859224736412975
NEW,TRAVERE THERAPEUTICS INC,89422G107,,478860.0,,27204037.0,0.0,0.030001584734398245,0.030001584734398245
ADD,DIGITALOCEAN HLDGS INC,25402D102,CALL,173200.0,673.2142857142857,27197596.0,0.002461810181111574,0.029994481369288343,0.027532671188176767
NEW,LYONDELLBASELL INDUSTRIES NV,N53745100,,516332.0,,27184880.0,0.0,0.02998045770980418,0.02998045770980418
NEW,NATERA INC,632307104,CALL,100000.0,,27145000.0,0.0,0.029936476619820813,0.029936476619820813
ADD,AXON ENTERPRISE INC,05464C101,CALL,48400.0,94.37751004016064,27133524.0,0.013548520888581895,0.029923820476675148,0.01637529958809325
ADD,ZOOM COMMUNICATIONS INC,98980L101,CALL,314000.0,418.15181518151815,27101340.0,0.0062415888338988555,0.029888326810676536,0.02364673797677768
NEW,BROOKFIELD CORP,11271J107,,633708.0,,26989329.0,0.0,0.029764797074715486,0.029764797074715486
NEW,GRACO INC,384109104,,356584.0,,26961316.0,0.0,0.029733903336658714,0.029733903336658714
ADD,BELDEN INC,077454106,,224800.0,466.9752074453328,26955768.0,0.005833217067192226,0.02972778480387968,0.023894567736687456
ADD,CHEVRON CORPORATION,166764100,PUT,162600.0,33.278688524590166,26952576.0,0.03234006024005665,0.029724264552143803,-0.002615795687912849
ADD,UNITY SOFTWARE INC,91332U101,PUT,942600.0,196.69499527856468,26939508.0,0.008930470521656776,0.02970985269447323,0.020779382172816455
TRIM,ASTRONICS CORP,046433108,,330981.0,-41.65062407446584,26895516.0,0.04849628531650303,0.029661336743857673,-0.01883494857264536
ADD,COINBASE GLOBAL INC,19260Q107,PUT,183900.0,177.79456193353474,26884341.0,0.014809745826596303,0.029649012554274823,0.01483926672767852
TRIM,SELECT SECTOR SPDR TR,81369Y209,CALL,169300.0,-68.94147862777473,26861138.0,0.1023906450392323,0.029623423456208522,-0.07276722158302378
ADD,DECKERS OUTDOOR CORP,243537107,,269381.0,529.5125257057393,26746839.0,0.005487490089899883,0.02949737043203579,0.024009880342135907
ADD,EQT CORP,26884L109,CALL,501700.0,275.24308152580403,26675389.0,0.010901395133573768,0.02941857281720852,0.018517177683634752
ADD,PURECYCLE TECHNOLOGIES INC,74623V103,,3283039.0,64.1746060956412,26625446.0,0.013297130724652134,0.029363493891003928,0.016066363166351794
ADD,TRACTOR SUPPLY CO,892356106,,841741.0,1005.1981303012001,26607433.0,0.004420354455568494,0.029343628510515703,0.02492327405494721
NEW,BOOST RUN INC,09940T118,,970625.0,,26478651.0,0.0,0.029201603116076443,0.029201603116076443
ADD,ROBINHOOD MKTS INC,770700102,CALL,262800.0,18.218623481781375,26353584.0,0.01973754806002608,0.029063674756473895,0.009326126696447817
ADD,VISTRA CORP,92840M102,PUT,165900.0,36.206896551724135,26316717.0,0.023459213565083466,0.029023016510625933,0.005563802945542467
TRIM,SILGAN HLDGS INC,827048109,,566868.0,-22.961678440283436,26297007.0,0.03657862373192756,0.02900127961785833,-0.0075773441140692295
ADD,ACM RESH INC,00108J109,PUT,207100.0,24.23515296940612,26278919.0,0.008404286320840289,0.028981331524688337,0.020577045203848048
TRIM,SEAGATE TECHNOLOGY HLDNGS PL,G7997R103,CALL,27200.0,-69.3002257336343,26248000.0,0.0444707358892199,0.02894723294592215,-0.015523502943297754
TRIM,HOME DEPOT INC,437076102,CALL,74400.0,-56.23529411764706,26239392.0,0.07163414693484138,0.028937739735727143,-0.04269640719911424
ADD,CIPHER DIGITAL INC,17253J106,CALL,1070500.0,19.15627782724844,26227250.0,0.014813879011802367,0.028924349103967417,0.01411047009216505
ADD,SERVICENOW INC,81762P102,CALL,264000.0,28.529698149951315,26209920.0,0.027513445452753502,0.02890523696030112,0.0013917915075476184
TRIM,ALLSTATE CORP,020002101,,110078.0,-60.41142939346532,26191959.0,0.07386425275198948,0.028885428927272253,-0.044978823824717226
TRIM,CONSTELLIUM SE,F21107101,,821701.0,-18.255218100224532,26187611.0,0.03165600911997929,0.02888063379740145,-0.0027753753225778395
ADD,GATES INDL CORP PLC,G39108108,,936051.0,70.54396187019688,26181346.0,0.01589952813845478,0.028873724531384752,0.012974196392929974
ADD,ISHARES INC,464286772,CALL,129400.0,61.75000000000001,26125860.0,0.012608136694306646,0.028812532586579915,0.01620439589227327
TRIM,OLD NATL BANCORP IND,680033107,,1007394.0,-2.6056103137734508,26091505.0,0.029287223792636066,0.028774644664153172,-0.0005125791284828936
TRIM,NEXSTAR MEDIA GROUP INC,65336K103,,145561.0,-5.235574826012513,25995739.0,0.03558694243000185,0.028669030495062225,-0.0069179119349396245
ADD,FLUENCE ENERGY INC,34379V103,,1301799.0,148.17869337191945,25879764.0,0.009247372824192135,0.028541129118161004,0.01929375629396887
ADD,INNOVIVA INC,45781MAD3,,24105000.0,26.17115938236064,25879660.0,0.02663066576562327,0.02854101442324229,0.0019103486576190175
TRIM,ZIONS BANCORPORATION NATL AS,989701107,,373252.0,-26.54327183271833,25825306.0,0.03751149106395731,0.028481070888514207,-0.009030420175443105
TRIM,LOCKHEED MARTIN CORP,539830109,PUT,50600.0,-0.7843137254901961,25778676.0,0.039491892790247916,0.02842964565717207,-0.011062247133075846
ADD,ENPHASE ENERGY INC,29355A107,CALL,522800.0,12.478485370051635,25742672.0,0.022516106798408063,0.028389939158582275,0.005873832360174212
TRIM,ASSOCIATED BANC-CORP,045487105,,836455.0,-14.545950496303773,25737720.0,0.03243089678622055,0.028384477915914336,-0.004046418870306212
TRIM,MACOM TECH SOLUTIONS HLDGS I,55405Y100,,67457.0,-46.34431523520148,25658619.0,0.035770226003979985,0.02829724250471137,-0.007472983499268615
ADD,CRA INTL INC,12618T105,,180162.0,181.8245811628889,25637053.0,0.013258611129729534,0.02827345874877904,0.015014847619049506
NEW,ROUNDHILL ETF TRUST,77926X320,CALL,347000.0,,25625950.0,0.0,0.028261213963370686,0.028261213963370686
NEW,PENTAIR PLC,G7S00T104,,333599.0,,25573699.0,0.0,0.028203589692239267,0.028203589692239267
ADD,HOME DEPOT INC,437076102,PUT,72400.0,47.45417515274949,25534032.0,0.020689627144121835,0.02815984350627211,0.007470216362150277
ADD,RIVIAN AUTOMOTIVE INC,76954AAB9,,21500000.0,50.82427218519817,25478070.0,0.019552985837927778,0.02809812661164701,0.00854514077371923
TRIM,VERTIV HOLDINGS CO,92537N108,PUT,75900.0,-25.73385518590998,25412838.0,0.03281087436491205,0.028026186429555865,-0.004784687935356184
ADD,PAYPAL HLDGS INC,70450Y103,PUT,586800.0,7.8874793160507455,25338024.0,0.03151854419737724,0.027943678875242534,-0.003574865322134708
TRIM,NEW YORK TIMES CO MTN BE,650111107,PUT,360000.0,-21.73913043478261,25192800.0,0.0493468489645736,0.027783520655289072,-0.021563328309284528
ADD,FORTUNA MNG CORP,349942102,,2980532.0,78.05595216048461,25187057.0,0.02129662626224858,0.027777187069537454,0.006480560807288874
TRIM,RIVIAN AUTOMOTIVE INC,76954AAD5,,23500000.0,-45.39455339715587,25168509.0,0.05293264977899496,0.02775673167191931,-0.025175918107075645
ADD,BAIDU INC,056752108,CALL,218800.0,9.345327336331835,25006652.0,0.028564770949005898,0.02757822998482208,-0.0009865409641838171
TRIM,DATADOG INC,23804L103,CALL,95800.0,-3.2323232323232323,24942488.0,0.014973443535030388,0.027507467631319255,0.012534024096288867
NEW,EAST WEST BANCORP INC,27579R104,,193148.0,,24933475.0,0.0,0.027497527772642725,0.027497527772642725
ADD,NOVARTIS AG,66987V109,PUT,158400.0,1785.7142857142858,24824448.0,0.0016439212454744385,0.02737728889858013,0.02573336765310569
ADD,BENTLEY SYS INC,08265T208,,828798.0,3.916174752120206,24772772.0,0.03588728124265997,0.027320298758008905,-0.008566982484651063
NEW,DUOLINGO INC,26603R106,,215054.0,,24735511.0,0.0,0.02727920599487274,0.02727920599487274
TRIM,THE TRADE DESK INC,88339J105,PUT,1368100.0,-16.979185630196007,24735248.0,0.04790555244740797,0.02727891594906869,-0.02062663649833928
TRIM,LINDE PLC,G54950103,,47651.0,-46.367954258959124,24728010.0,0.0564338445741145,0.027270933623860575,-0.029162910950253928
ADD,WARNER BROS DISCOVERY INC,934423104,,925000.0,90.39385799705661,24660500.0,0.01709266698588622,0.02719648118191531,0.010103814196029091
ADD,IDACORP INC,451107106,,162781.0,82.98223920863309,24628765.0,0.01629521848322414,0.02716148268917153,0.010866264205947388
NEW,ADLAI NORTYE LTD,00704R109,,2140664.0,,24617636.0,0.0,0.027149209230033493,0.027149209230033493
ADD,APPLIED DIGITAL CORP,038169207,CALL,659900.0,77.87061994609165,24614270.0,0.011284313090457437,0.02714549708487592,0.015861183994418483
TRIM,WORKDAY INC,98138H101,PUT,200800.0,-24.254998113919278,24581936.0,0.04412718696984768,0.027109837993513783,-0.017017348976333897
ADD,HERC HLDGS INC,42704L104,,170891.0,38.60559804692886,24495516.0,0.01572534500295112,0.0270145309274064,0.01128918592445528
ADD,CONOCOPHILLIPS,20825C104,CALL,235500.0,447.6744186046512,24482580.0,0.007272151032119799,0.027000264644055725,0.019728113611935924
ADD,NOVANTA INC,67000B104,,150663.0,39.367281809352015,24443565.0,0.016358857492018437,0.02695723750700204,0.010598380014983602
ADD,GE VERNOVA INC,36828A101,PUT,20800.0,41.49659863945578,24437088.0,0.016440019617385372,0.02695009443980489,0.010510074822419519
TRIM,CITIZENS FINL GROUP INC,174610105,,347609.0,-80.83675499025324,24356963.0,0.13937231454564653,0.02686172972478691,-0.11251058482085961
ADD,WATTS WATER TECHNOLOGIES INC,942749102,,62174.0,218.53066243147703,24338012.0,0.00725955801370988,0.026840829884358756,0.019581271870648877
ADD,ICU MED INC,44930G107,,165469.0,98.95992400832061,24257755.0,0.013761505485327227,0.026752319595020866,0.01299081410969364
NEW,TARGET HOSPITALITY CORP,87615L107,,1190691.0,,24242469.0,0.0,0.026735461647641585,0.026735461647641585
ADD,GENERAL MILLS INC,370334104,CALL,696200.0,575.9223300970873,24227760.0,0.004911725603558208,0.02671924003649401,0.021807514432935802
TRIM,BANC OF CALIFORNIA INC,05990K106,,1183260.0,-1.1921969843102969,24174002.0,0.026972941161717494,0.026659953791877015,-0.00031298736984047837
ADD,GENIUS SPORTS LIMITED,G3934V109,,3979980.0,13.997764143169308,24118679.0,0.019815671153989176,0.02659894160930054,0.006783270455311366
TRIM,TRIP COM GROUP LTD,89677Q107,,603753.0,-44.51737941377561,24053520.0,0.06941685962915849,0.026527081934219647,-0.04288977769493884
ADD,ISHARES TR,46432F388,,120134.0,162.45029929654388,24003975.0,0.008338893334815025,0.02647244193664628,0.018133548601831258
ADD,UDR INC,902653104,,601160.0,125.92695594657366,23998307.0,0.01151601361078931,0.02646619106357643,0.014950177452787119
NEW,PROLOGIS INC.,74340W103,,176796.0,,23950554.0,0.0,0.02641352734767935,0.02641352734767935
ADD,INVESCO EXCHANGE TRADED FD T,46137V357,PUT,112200.0,51.82679296346414,23872794.0,0.018171265610930146,0.026327770839226328,0.008156505228296182
ADD,LIBERTY MEDIA CORP DEL,531229755,CALL,250000.0,150.0,23785000.0,0.010892852021684732,0.026230948476789022,0.01533809645510429
ADD,FISERV INC,337738108,CALL,484900.0,221.76509621765095,23784345.0,0.010773776313981204,0.026230226119368285,0.01545644980538708
ADD,ELEVANCE HEALTH INC FORMERLY,036752103,CALL,61300.0,489.4230769230769,23706549.0,0.0039007736138815963,0.026144429908828017,0.022243656294946422
TRIM,FIVE9 INC,338307101,,1110631.0,-52.05220836027965,23678653.0,0.04502018431104436,0.026113665202554794,-0.018906519108489568
TRIM,HEICO CORP NEW,422806208,,91696.0,-35.39077252614075,23649315.0,0.038383449646856166,0.026081310207120196,-0.01230213943973597
TRIM,SSR MINING IN,784730103,,834069.0,-31.174702771928203,23595276.0,0.04566202979347195,0.026021714065655524,-0.019640315727816424
TRIM,DUTCH BROS INC,26701L100,,328545.0,-88.17009398896244,23592816.0,0.18025995425589764,0.026019001089693662,-0.15424095316620398
ADD,JACKSON FINANCIAL INC,46817M107,,229468.0,227.1337942832704,23495229.0,0.009501110165833462,0.02591137865668948,0.016410268490856018
KEEP,STATE STR SPDR DOW JONES IND,78467X109,CALL,44900.0,0.2232142857142857,23455311.0,0.026586287194895548,0.025867355658947353,-0.0007189315359481946
TRIM,JPMORGAN CHASE & CO,46625H100,CALL,71600.0,-20.444444444444446,23436828.0,0.0339192803531981,0.02584697194565341,-0.00807230840754469
ADD,ROGERS CORP,775133101,,142718.0,2373.8776217715376,23367218.0,0.0007933089114033056,0.025770203548618757,0.02497689463721545
TRIM,VANECK ETF TRUST,92189F106,,309450.0,-33.61393753338611,23348003.0,0.05480684555746886,0.025749012559550793,-0.02905783299791807
ADD,TERAWULF INC,88080T104,PUT,942600.0,26.20163341812826,23282220.0,0.013808588691507523,0.02567646471495762,0.011867876023450097
TRIM,SOLARIS ENERGY INFRAS INC,83418M103,,289247.0,-11.938439992693175,23272814.0,0.023780901188990386,0.025666091441828645,0.0018851902528382591
TRIM,ALLEGIANT TRAVEL CO,01748X102,,197621.0,-28.62627400842236,23240230.0,0.028748464510357237,0.025630156641527287,-0.0031183078688299497
NEW,EXPONENT INC,30214U102,,394502.0,,23180938.0,0.0,0.02556476730383186,0.02556476730383186
NEW,DOORDASH INC,25809KAB1,,23500000.0,,23169848.0,0.0,0.02555253685528834,0.02555253685528834
ADD,BOOZ ALLEN HAMILTON HLDG COR,099502106,,381659.0,510.77166816028677,23155252.0,0.006247104445278926,0.025536439864581293,0.01928933541930237
NEW,YETI HLDGS INC,98585X104,,466807.0,,23134955.0,0.0,0.025514055607224414,0.025514055607224414
ADD,SHELL PLC,780259305,CALL,297600.0,542.7645788336932,23075904.0,0.0055167644695568435,0.025448932052946387,0.019932167583389546
TRIM,QUALCOMM INC,747525103,CALL,124700.0,-61.47667593450726,23043313.0,0.05340865280654241,0.025412989532794732,-0.027995663273747678
ADD,SK TELECOM CO LTD,78440P306,,715027.0,186.70232601033695,22995268.0,0.009359035447704006,0.025360003788856653,0.016000968341152645
NEW,BRIGHT MINDS BIOSCIENCES INC,10919W405,,327416.0,,22984603.0,0.0,0.025348242045509794,0.025348242045509794
ADD,CHURCHILL DOWNS INC,171484108,,255741.0,50.7897948714925,22924623.0,0.019519573148222592,0.025282093956813648,0.005762520808591055
ADD,ERASCA INC,29479A108,,1247203.0,79.89136157182439,22848759.0,0.014372286736971733,0.025198428424955625,0.010826141687983891
TRIM,OSCAR HEALTH INC,687793109,,799762.0,-74.31449886645056,22809212.0,0.04575690471526185,0.025154814579279292,-0.02060209013598256
TRIM,VOYA FINANCIAL INC,929089100,,251580.0,-18.89853128908718,22775537.0,0.027152870526498642,0.025117676585167212,-0.0020351939413314306
ADD,DEFINIUM THERAPEUTICS INC,24477V105,,483980.0,175.78779417630633,22766419.0,0.004249469155998008,0.025107620928736207,0.020858151772738198
ADD,ASANA INC,04342Y104,,3240082.0,1.1720042915828273,22680574.0,0.026260084585041275,0.025012947993189014,-0.001247136591852261
TRIM,REPLIGEN CORP,759916109,,166157.0,-70.82272412787941,22670461.0,0.08596336834189017,0.02500179501517994,-0.060961573326710226
ADD,CARVANA CO,146869102,PUT,343400.0,425.0764525993884,22602588.0,0.02634226783520958,0.024926942243854947,-0.001415325591354634
ADD,MANHATTAN ASSOCIATES INC,562750109,,162154.0,114.22022590659886,22579945.0,0.012910141080668382,0.024901970733812482,0.0119918296531441
TRIM,MOONLAKE IMMUNOTHERAPEUTICS,61559X104,,1158732.0,-15.329429353505034,22560512.0,0.032682625189733194,0.024880539326549527,-0.007802085863183667
ADD,ON HLDG AG,H5919C104,PUT,633900.0,79.82978723404256,22452738.0,0.015364340871164948,0.02476168230569027,0.00939734143452532
ADD,TOPBUILD COR,89055F103,,63230.0,1612.1581370159763,22416932.0,0.0016621797768977542,0.024722194168580326,0.023060014391682572
ADD,LKQ CORP,501889208,,849967.0,60.76333394488819,22379631.0,0.01989479743580607,0.02468105729201389,0.004786259856207821
ADD,FUELCELL ENERGY INC,35952H700,,621095.0,236.30510824011003,22365631.0,0.0015451053200596565,0.024665617591417926,0.02312051227135827
TRIM,HINGE HEALTH INC,433313103,,269106.0,-22.49429736642013,22335798.0,0.01715328233780317,0.024632716692283677,0.0074794343544805075
ADD,BRISTOL-MYERS SQUIBB CO,110122108,PUT,387300.0,118.44331641285957,22316226.0,0.01377717084661506,0.02461113199085052,0.010833961144235462
TRIM,LOWES COS INC,548661107,CALL,101200.0,-16.2944582299421,22313588.0,0.03659938318632739,0.024608222710123934,-0.011991160476203456
TRIM,CALLAWAY GOLF CO,131193104,,1185418.0,-49.121572872347045,22274004.0,0.04143313687876637,0.024564568059524602,-0.016868568819241765
ADD,FORTINET INC,34959E109,CALL,144400.0,10.313216195569137,22182728.0,0.013705298778882708,0.02446390562298193,0.010758606844099223
ADD,ARCHER DANIELS MIDLAND CO,039483102,CALL,289400.0,135.28455284552845,22110160.0,0.011455136891921942,0.0243838750377785,0.012928738145856556
ADD,KKR & CO INC,48251W104,PUT,240500.0,30.28169014084507,22073090.0,0.021877310597068645,0.024342992916271896,0.002465682319203251
ADD,CAESARS ENTERTAINMENT INC NE,12769G100,,731362.0,87.52871794871795,22072505.0,0.01320633389601502,0.024342347757354135,0.011136013861339115
TRIM,KRANESHARES TRUST,500767306,CALL,901000.0,-37.99889898155794,22047470.0,0.05293254215730949,0.024314738264181276,-0.028617803893128214
ADD,TORONTO DOMINION BK ONT,891160509,PUT,181000.0,1.8570624648283625,21978830.0,0.02124399157079306,0.02423903961783077,0.0029950480470377107
ADD,ULTA BEAUTY INC,90384S303,PUT,48700.0,44.08284023668639,21962726.0,0.0226359127961201,0.02422127955080238,0.0015853667546822797
ADD,ZTO EXPRESS CAYMAN INC,98980A105,,979113.0,76.01145470430252,21912549.0,0.01793889117385358,0.024165942561030683,0.006227051387177104
TRIM,CITIGROUP INC,172967424,PUT,156500.0,-2.1263289555972484,21903740.0,0.023233803788509116,0.024156227680848553,0.0009224238923394371
ADD,SOUTHERN CO,842587107,CALL,228600.0,151.4851485148515,21879306.0,0.011240915927004307,0.024129280991965565,0.012888365064961257
ADD,UNITY SOFTWARE INC,91332U101,CALL,764300.0,230.72263089571612,21843694.0,0.006496165368444699,0.024090006804992455,0.017593841436547755
ADD,INVESCO EXCHANGE TRADED FD T,46137V357,CALL,102500.0,121.38228941684666,21808925.0,0.011384703623627413,0.02405166230856237,0.012666958684934958
TRIM,INNOVATIVE INDL PPTYS INC,45781V101,,351544.0,-24.38401658826389,21788697.0,0.029877490301094118,0.024029354146872718,-0.0058481361542214
ADD,EOG RES INC,26875P101,CALL,167900.0,1595.959595959596,21781667.0,0.0018337236186864408,0.02402160121150203,0.02218787759281559
ADD,SABRA HEALTH CARE REIT INC,78573L106,,1115011.0,99.02203500254353,21753865.0,0.013803135859443975,0.023990940171789953,0.010187804312345977
ADD,VIASAT INC,92552V100,,242201.0,610.4752126723379,21752072.0,0.002000382204681351,0.023988962787277912,0.021988580582596562
TRIM,ELI LILLY & CO,532457108,PUT,18100.0,-15.813953488372093,21709683.0,0.025336008919745558,0.0239422146823806,-0.0013937942373649578
TRIM,COINBASE GLOBAL INC,19260Q107,CALL,148400.0,-9.89678202792957,21694596.0,0.036845394828404994,0.023925576199316935,-0.012919818629088059
ADD,ALIBABA GROUP HLDG LTD,01609W102,PUT,225900.0,60.5543710021322,21681882.0,0.02261621290283788,0.02391155474550428,0.0012953418426664004
ADD,FIRST INDL RLTY TR INC,32054K103,,353254.0,39.695658707498595,21658003.0,0.018742522798587714,0.023885220130466348,0.005142697331878634
ADD,BAIDU INC,056752108,PUT,189500.0,210.14729950900164,21657955.0,0.008722176436702951,0.023885167194350018,0.015162990757647066
TRIM,FREEPORT MCMORAN INC,35671D857,PUT,343600.0,-41.22476907287034,21609004.0,0.04402596621224698,0.023831182281216227,-0.02019478393103075
ADD,ARISTA NETWORKS INC,040413205,PUT,127100.0,4.009819967266775,21591748.0,0.0192229190970811,0.02381215174739594,0.004589232650314839
TRIM,PEABODY ENGR CORP,704551100,PUT,930300.0,-5.013273432713906,21508536.0,0.04134624005501682,0.023720382578396548,-0.01762585747662027
ADD,CLEVELAND-CLIFFS INC NEW,185899101,,2287381.0,1.3669630650532787,21478508.0,0.024429765142762926,0.023687266626289716,-0.0007424985164732091
ADD,AFFIRM HLDGS INC,00827B106,PUT,262700.0,360.8771929824561,21423185.0,0.0033461888189972805,0.023626254443713243,0.020280065624715963
ADD,ALBEMARLE CORP,012653101,CALL,158400.0,340.0,21388752.0,0.008280566224924742,0.023588280500097463,0.015307714275172721
TRIM,TC ENERGY CORP,87807B107,,322416.0,-41.99805350521974,21318861.0,0.0445480172278574,0.023511202206215134,-0.021036815021642268
NEW,AMERICAN HEALTHCARE REIT INC,398182303,,408275.0,,21291541.0,0.0,0.02348107273333786,0.02348107273333786
NEW,KEEL INFRASTRUCTURE CORP,486917107,,3690743.0,,21189918.0,0.0,0.023368999255219014,0.023368999255219014
TRIM,POPULAR INC,733174700,,128908.0,-28.043852010628083,21164115.0,0.03079554427684597,0.023340542784184896,-0.007455001492661074
ADD,MOSAIC CO,61945C103,CALL,998300.0,284.8496530454896,21153977.0,0.00847482336718866,0.0233293622352819,0.01485453886809324
TRIM,CARDINAL HEALTH INC,14149Y108,CALL,88900.0,-33.20811419984974,21119084.0,0.03603450898958632,0.023290880987217974,-0.012743628002368348
TRIM,SUPER MICRO COMPUTER INC,86800U302,PUT,718400.0,-72.75795381290054,21070672.0,0.07693255084822183,0.02323749050255712,-0.05369506034566471
ADD,RIOT PLATFORMS INC,767292105,CALL,768800.0,1.1712067377286484,21049744.0,0.012033595764031861,0.023214410355837666,0.011180814591805805
KEEP,EQUINOX GOLD CORP,29446YAC0,,12500000.0,0.0,21043610.0,0.03882741984845136,0.02320764556130512,-0.01561977428714624
ADD,KEMPER CORP,488401100,,778809.0,14.411444537974377,20996691.0,0.026652340004349552,0.023155901610429255,-0.0034964383939202967
ADD,MOSAIC CO,61945C103,PUT,989700.0,175.7592644190582,20971743.0,0.011725574812968428,0.02312838806396724,0.011402813250998813
ADD,TENABLE HLDGS INC,88025T102,,567890.0,422.43790248390064,20943783.0,0.002355711854980342,0.023097552776205586,0.020741840921225243
NEW,PREFORMED LINE PRODS CO,740444104,,50843.0,,20874102.0,0.0,0.023020706077832194,0.023020706077832194
TRIM,ARISTA NETWORKS INC,040413205,CALL,122500.0,-18.114973262032088,20810300.0,0.023533131726050188,0.02295034295087335,-0.0005827887751768367
ADD,EATON CORP PLC,G29183103,CALL,48800.0,132.38095238095238,20794656.0,0.009623262060046522,0.022933090188293117,0.013309828128246595
ADD,QUALCOMM INC,747525103,PUT,112000.0,31.455399061032864,20696480.0,0.014057513806355927,0.02282481818502815,0.008767304378672222
ADD,ISHARES INC,464286772,PUT,101900.0,211.62079510703364,20573610.0,0.005153575873797841,0.02268931275558341,0.01753573688178557
ADD,MARATHON PETE CORP,56585A102,PUT,80400.0,170.7070707070707,20555868.0,0.0092915259018646,0.022669746243585295,0.013378220341720695
ADD,WORTHINGTON ENTERPRISES INC,981811102,,381887.0,19.749830670044904,20530245.0,0.02130352686222374,0.022641488282987406,0.0013379614207636656
TRIM,BLUE OWL CAPITAL INC,09581B103,,2343156.0,-35.91471617962267,20502615.0,0.04276949969018276,0.02261101693102551,-0.02015848275915725
ADD,ACCENTURE PLC IRELAND,G1151C101,CALL,164400.0,50.54945054945055,20457936.0,0.027742395214053313,0.022561743332245,-0.005180651881808312
TRIM,SELECT SECTOR SPDR TR,81369Y209,,128822.0,-24.874179909607815,20438899.0,0.032209568946430615,0.02254074864794176,-0.009668820298488857
TRIM,3M CO,88579Y101,CALL,126100.0,-9.799713876967097,20416851.0,0.02601261492536773,0.022516433325174626,-0.0034961816001931045
ADD,BERKSHIRE HATHAWAY INC DEL,084670702,PUT,40700.0,46.931407942238266,20365873.0,0.01700658373083035,0.02246021296396169,0.005453629233131339
TRIM,FIRST SOLAR INC,336433107,CALL,86300.0,-29.894394800974815,20363348.0,0.03111125889720959,0.022457428303675628,-0.008653830593533963
ADD,MARA HOLDINGS INC,565788106,CALL,1466000.0,35.7533104917122,20362740.0,0.01129000679010274,0.022456757779535458,0.011166750989432718
TRIM,TAIWAN SEMICONDUCTOR MANUFAC,874039100,CALL,42600.0,-36.701337295690934,20344482.0,0.029139897392498032,0.022436622204286806,-0.006703275188211226
TRIM,SHOPIFY INC,82509L107,CALL,178100.0,-19.95505617977528,20335458.0,0.033814925754613506,0.022426670214416952,-0.011388255540196554
ADD,APPLIED MATLS INC,038222105,PUT,28100.0,64.32748538011695,20316300.0,0.007488174660268968,0.02240554208698713,0.014917367426718162
TRIM,API GROUP CORP,00187Y100,,478285.0,-14.748309796141717,20255370.0,0.029125520929014697,0.022338346304321972,-0.006787174624692725
TRIM,HEWLETT PACKARD ENTERPRISE C,42824C109,CALL,448300.0,-58.71247006815251,20222813.0,0.033123005439391805,0.022302441280586054,-0.010820564158805751
ADD,LAM RESEARCH CORP,512807306,PUT,46600.0,10.42654028436019,20193178.0,0.011551973347050498,0.022269758742931665,0.010717785395881167
NEW,PROCORE TECHNOLOGIES INC,74275K108,,496950.0,,20186109.0,0.0,0.022261962796966458,0.022261962796966458
ADD,SELECT SECTOR SPDR TR,81369Y852,,188394.0,110.73154362416106,20182649.0,0.012697929053879424,0.02225814698524774,0.009560217931368317
ADD,GOLAR LNG LTD,G9456A100,PUT,404200.0,6.424433912585571,20145328.0,0.026330129646541803,0.022216988051966167,-0.004113141594575636
TRIM,SOLV ENERGY INC,78475V103,,590476.0,-70.12049948613267,20105708.0,0.07603346006969097,0.022173293699279582,-0.05386016637041139
ADD,INTERCONTINENTAL HOTELS GROU,45857P806,,116085.0,177.35037629912793,20096635.0,0.0071568010846702204,0.02216328767045764,0.015006486585787421
TRIM,QUANTA SVCS INC,74762E102,PUT,27800.0,-16.766467065868262,20017112.0,0.0234939010592772,0.022075586862565284,-0.0014183141967119145
TRIM,FORD MTR CO,345370860,CALL,1440000.0,-33.935862733403674,20016000.0,0.03222723427737333,0.02207436050920366,-0.010152873768169673
NEW,TEXAS ROADHOUSE INC,882681109,,103485.0,,19996407.0,0.0,0.02205275264821961,0.02205275264821961
ADD,ZILLOW GROUP INC,98954M200,,633562.0,413.2009752699408,19969874.0,0.006545044831803825,0.02202349110708298,0.015478446275279155
ADD,FORMFACTOR INC,346375108,,124472.0,341.98565442795257,19906807.0,0.003499539471100255,0.021953938564405428,0.018454399093305172
ADD,PG&E CORP,69331C108,CALL,1181300.0,84.17524165887122,19869466.0,0.014438471511111486,0.021912757574408716,0.00747428606329723
ADD,ADOBE INC,00724F101,PUT,96900.0,93.02788844621513,19866438.0,0.01563412024999323,0.021909418187736958,0.006275297937743729
ADD,ZSCALER INC,98980G102,CALL,140600.0,47.689075630252105,19845690.0,0.017111345754367062,0.02188653655145374,0.0047751907970866765
ADD,LEXICON PHARMACEUTICALS INC,528872302,,8251325.0,5.588496720116152,19803180.0,0.015618962248079734,0.021839655003429846,0.006220692755350112
ADD,APPLIED OPTOELECTRONICS INC,03823U102,PUT,133600.0,9.328968903436989,19794176.0,0.01324374268139836,0.021829725070275127,0.008585982388876767
TRIM,VIPER ENERGY INC,64361Q101,,466552.0,-69.6908945743978,19781805.0,0.09267292829445341,0.021816081889127075,-0.07085684640532633
TRIM,ATLASSIAN CORPORATION,049468101,PUT,254200.0,-7.12458896602119,19774218.0,0.023933044940763506,0.02180771467423982,-0.0021253302665236867
NEW,INVITATION HOMES INC,46187W107,,653605.0,,19745407.0,0.0,0.021775940873249078,0.021775940873249078
ADD,CELESTICA INC,15101Q207,PUT,54100.0,25.23148148148148,19735680.0,0.015590507843169172,0.021765213589842153,0.006174705746672981
ADD,VERICEL CORP,92346J108,,443336.0,170.32682926829267,19724019.0,0.00675951307035592,0.02175235342208147,0.014992840351725548
TRIM,ARRIVENT BIOPHARMA INC,04272N102,,566796.0,-24.244882684326946,19690493.0,0.02211479450178371,0.021715379750497157,-0.00039941475128655105
ADD,AGREE RLTY CORP,008492100,,259797.0,22.622683098358877,19677025.0,0.02046161651014876,0.02170052675852384,0.0012389102483750802
ADD,TRAVEL PLUS LEISURE CO,894164102,PUT,257000.0,15.765765765765765,19642510.0,0.01967962453145629,0.021662462382376003,0.0019828378509197143
TRIM,BLACKSTONE INC,09260D107,CALL,166700.0,-13.492475350285419,19615589.0,0.028389797306598297,0.021632772940965717,-0.00675702436563258
TRIM,CONSTELLATION ENERGY CORP,21037T109,CALL,78900.0,-43.843416370106766,19596393.0,0.050267815131885704,0.021611602905777134,-0.02865621222610857
ADD,AVIS BUDGET GROUP INC,053774105,PUT,132300.0,639.1061452513966,19557909.0,0.0033448755781925023,0.021569161374510336,0.018224285796317834
TRIM,INTUITIVE SURGICAL INC,46120E602,PUT,49100.0,-31.994459833795013,19526088.0,0.042643142862973334,0.02153406803789146,-0.021109074825081873
TRIM,SELECT SECTOR SPDR TR,81369Y704,PUT,105400.0,-21.925925925925927,19523242.0,0.027973374412850464,0.021530929367327454,-0.0064424450455230105
ADD,VANGUARD TAX-MANAGED FDS,921943858,PUT,273100.0,68.37237977805178,19458375.0,0.013316615374563424,0.02145939172028756,0.008142776345724136
TRIM,AIRBNB INC,009066101,CALL,135900.0,-2.8591851322373123,19447290.0,0.022634598274104783,0.021447166785922823,-0.0011874314881819593
ADD,VIAVI SOLUTIONS INC,925550105,CALL,406300.0,3.252858958068615,19400825.0,0.01677832326080173,0.021395923522480573,0.004617600261678845
TRIM,ALIBABA GROUP HLDG LTD,01609W102,CALL,201900.0,-13.384813384813384,19378362.0,0.03746865122708963,0.021371150522874343,-0.016097500704215287
ADD,GLAUKOS CORP,377322102,,138300.0,36.4712847838958,19328808.0,0.013978345244591172,0.021316500599779166,0.007338155355187994
ADD,MARATHON PETE CORP,56585A102,CALL,75100.0,314.91712707182324,19200817.0,0.005662512418308056,0.021175347548423578,0.015512835130115522
NEW,COREBRIDGE FINL INC,21871X109,,668026.0,,19125584.0,0.0,0.02109237790592813,0.02109237790592813
ADD,EVOMMUNE INC,30054Y107,,1435049.0,3823.3644093282664,19071801.0,0.0010773763501875791,0.021033064090417213,0.019955687740229634
ADD,DEXCOM INC,252131107,,282840.0,9.927010703542196,19049274.0,0.02070220222558418,0.021008220509322547,0.0003060182837383678
TRIM,BIOGEN INC,09062X103,,88149.0,-89.11225925344947,19045473.0,0.19016634590861226,0.02100402863061074,-0.16916231727800152
TRIM,UBER TECHNOLOGIES INC,90353T100,PUT,262700.0,-30.132978723404257,18956432.0,0.03465121031120187,0.020905831031984644,-0.013745379279217228
ADD,STRATEGY INC,594972408,PUT,218000.0,30.149253731343283,18950740.0,0.02678242515423402,0.020899553690856627,-0.005882871463377393
ADD,KIRBY CORP,497266106,,139354.0,724.5310928347435,18947963.0,0.0028773490395859417,0.02089649111595984,0.018019142076373895
TRIM,FRESHWORKS INC,358054104,,1868877.0,-14.564841735695868,18913035.0,0.022505057638700348,0.02085797126864442,-0.0016470863700559293
ADD,NEXTERA ENERGY INC,65339F101,PUT,214100.0,944.390243902439,18791557.0,0.0024394761189565507,0.020724000986573222,0.01828452486761667
NEW,AGIOS PHARMACEUTICALS INC,00847X104,,506344.0,,18790426.0,0.0,0.020722753679332222,0.020722753679332222
TRIM,SPDR SERIES TRUST,78464A870,PUT,118500.0,-22.039473684210524,18752625.0,0.024874651409895105,0.020681065384887357,-0.0041935860250077485
TRIM,MONGODB INC,60937P106,,55762.0,-88.24471864018028,18730456.0,0.14875925860257053,0.020656616618993644,-0.12810264198357688
ADD,B2GOLD CORP,11777Q209,,5005525.0,3.939916777880749,18718385.0,0.027948902010302097,0.020643304288572653,-0.007305597721729444
TRIM,COCA COLA CO,191216100,,230079.0,-91.22559933367961,18698520.0,0.255493138191262,0.020621396456262733,-0.23487174173499928
NEW,ROUNDHILL ETF TRUST,77926X320,PUT,252500.0,,18647125.0,0.0,0.020564716212539184,0.020564716212539184
ADD,ROBINHOOD MKTS INC,770700102,PUT,185800.0,22.47857613711272,18632024.0,0.013469122990130257,0.02054806228977492,0.007078939299644664
ADD,EQT CORP,26884L109,PUT,348900.0,132.4450366422385,18551013.0,0.012238589450631433,0.020458720462276366,0.008220131011644934
NEW,ANTERO RESOURCES CORP,03674X106,,526971.0,,18517761.0,0.0,0.020422048967689434,0.020422048967689434
NEW,VIKING THERAPEUTICS INC,92686J106,,473308.0,,18463745.0,0.0,0.02036247819144717,0.02036247819144717
ADD,FORTINET INC,34959E109,PUT,120100.0,13.30188679245283,18449762.0,0.011098255695657502,0.02034705723905907,0.009248801543401568
TRIM,AEVA TECHNOLOGIES INC,00835Q202,,642365.0,-43.64823847287529,18448723.0,0.01921988390930889,0.0203459113927077,0.0011260274833988122
TRIM,INTERNATIONAL BUSINESS MACHS,459200101,PUT,65500.0,-26.651735722284435,18419255.0,0.027732349242199396,0.020313413028624702,-0.007418936213574694
TRIM,JPMORGAN CHASE & CO,46625H100,PUT,56200.0,-23.537414965986393,18395946.0,0.027700745621778447,0.02028770702996818,-0.007413038591810268
ADD,NORWEGIAN CRUISE LINE HLDGS,G66721104,CALL,869700.0,2742.156862745098,18359367.0,0.0007331342959125425,0.02024736640081819,0.01951423210490565
TRIM,REGENCY CTRS CORP,758849103,,228806.0,-1.7434919653362877,18244990.0,0.022573189852862798,0.02012122735545642,-0.0024519624974063785
TRIM,TELEPHONE & DATA SYS INC,879433829,,490915.0,-16.295386923791742,18168764.0,0.03163439381693791,0.020037162597054414,-0.011597231219883496
ADD,AFFIRM HLDGS INC,00827B106,CALL,222400.0,344.8,18136720.0,0.0029352533499976147,0.020001823328061764,0.017066569978064147
KEEP,INFINITE EAGLE ACQUISITION C,G4802J129,,1760000.0,0.0,18040000.0,0.02288754510884216,0.019895157053658775,-0.0029923880551833842
ADD,OUSTER INC,68989M202,CALL,288500.0,106.81003584229391,18037020.0,0.003283249351158506,0.019891870603103348,0.01660862125194484
TRIM,C H ROBINSON WORLDWIDE IN,12541W209,CALL,95600.0,-6.549364613880742,18005304.0,0.02176643591803964,0.019856893064238944,-0.001909542853800697
ADD,SYMBOTIC INC,87151X101,,400546.0,93.95397935268937,18004543.0,0.01407621307420543,0.01985605380622798,0.005779840732022548
NEW,CARMAX INC,143130102,,340362.0,,18001746.0,0.0,0.019852969174616056,0.019852969174616056
ADD,DILLARDS INC,254067101,,34029.0,269.0780911062907,17981604.0,0.006758198548340601,0.01983075585680149,0.013072557308460887
TRIM,CELESTICA INC,15101Q207,CALL,49200.0,-5.566218809980806,17948160.0,0.018802441171970226,0.019793872617749238,0.0009914314457790119
NEW,SITIME CORP,82982T106,,24017.0,,17906115.0,0.0,0.019747503888352287,0.019747503888352287
NEW,MADISON SQUARE GRDN SPRT COR,55825T103,,44547.0,,17900766.0,0.0,0.019741604819888868,0.019741604819888868
TRIM,CITIGROUP INC,172967424,,127888.0,-90.68127781214636,17899204.0,0.19940924346438382,0.01973988219043666,-0.17966936127394717
NEW,AMERICAN HOMES 4 RENT,02665T306,,532821.0,,17860160.0,0.0,0.01969682307114603,0.01969682307114603
TRIM,ACV AUCTIONS INC,00091G104,,2481892.0,-40.58398288016474,17844803.0,0.022691630080137866,0.01967988682242801,-0.003011743257709854
ADD,CIRCLE INTERNET GROUP INC,172573107,PUT,284900.0,1138.695652173913,17843287.0,0.0028115268480293607,0.019678214923420617,0.016866688075391257
ADD,CECO ENVIRONMENTAL CORP,125141101,,196130.0,23.29094349348437,17796836.0,0.012143219981572606,0.019626987099678958,0.007483767118106352
ADD,CONSTELLATION BRANDS INC,21036P108,PUT,127600.0,28.11244979919679,17747884.0,0.01914128548623499,0.019573001083709407,0.00043171559747441635
NEW,S&P GLOBAL INC,78409V104,,43508.0,,17719068.0,0.0,0.019541221768539885,0.019541221768539885
TRIM,CENTENE CORP DEL,15135B101,CALL,274900.0,-42.59761954479014,17645831.0,0.020088338381377434,0.019460453386215115,-0.0006278849951623193
TRIM,COCA COLA CO,191216100,PUT,217100.0,-29.877260981912144,17643717.0,0.030166204690511494,0.019458121991425128,-0.010708082699086366
ADD,ALPHABET INC,02079K107,PUT,49800.0,896.0000000000001,17595834.0,0.001837640279311034,0.01940531490687965,0.017567674627568617
ADD,MOLINA HEALTHCARE INC,60855R100,CALL,76900.0,2.9451137884872822,17587030.0,0.012757666776575619,0.019395605540876305,0.0066379387643006865
TRIM,OSHKOSH CORP,688239201,,114444.0,-7.5498828661442765,17564865.0,0.023347661125678144,0.01937116118632562,-0.003976499939352524
TRIM,IMAX CORP,45245E109,PUT,440000.0,-26.666666666666668,17538400.0,0.029219287603686424,0.019341974638020457,-0.009877312965665967
ADD,LOWES COS INC,548661107,PUT,79500.0,34.974533106960955,17528955.0,0.017830468731800525,0.019331558354296965,0.0015010896224964404
ADD,INTUIT,461202103,CALL,66500.0,148.13432835820893,17356500.0,0.014846391010497057,0.019141368813848588,0.004294977803351531
ADD,SOFI TECHNOLOGIES INC,83406F102,PUT,966200.0,427.6897870016384,17323966.0,0.0037252836436258686,0.019105489155335078,0.015380205511709209
ADD,ON HLDG AG,H5919C104,CALL,487800.0,101.90397350993376,17277876.0,0.010530566679357308,0.019054659455301645,0.008524092775944337
NEW,QFIN HOLDINGS INC,88557W101,,1092660.0,,17274955.0,0.0,0.019051438072055872,0.019051438072055872
ADD,ALLISON TRANSMISSION HLDGS I,01973R101,,153116.0,140.1744259003639,17262298.0,0.009561429558115385,0.01903747947988136,0.009476049921765975
NEW,SURROZEN INC,86889P208,,664272.0,,17237858.0,0.0,0.019010526173983834,0.019010526173983834
KEEP,ENVISTA HOLDINGS CORPORATION,29415FAD6,,17250000.0,0.0,17230731.0,0.02191561879225194,0.019002666263544733,-0.0029129525287072064
ADD,HIMS & HERS HEALTH INC,433000106,CALL,495300.0,240.17857142857144,17172051.0,0.0038726587297644647,0.018937951861332496,0.015065293131568031
TRIM,NIO INC,62914V106,,3382983.0,-49.0007534599914,17117894.0,0.05124764011146272,0.018878225585248515,-0.0323694145262142
ADD,CHEWY INC,16679L109,CALL,867800.0,66.14972238177292,17052270.0,0.018067759173723857,0.018805853091540682,0.0007380939178168247
ADD,USA RARE EARTH INC,91733P107,CALL,787400.0,39.36283185840708,16992092.0,0.010955983671104692,0.018739486641364683,0.007783502970259992
TRIM,VICI PPTYS INC,925652109,,639373.0,-72.30428625946097,16975353.0,0.08080587324504665,0.01872102627363069,-0.06208484697141596
TRIM,COHERENT CORP,19247G107,,42993.0,-92.59249687283554,16959449.0,0.1771358235666988,0.018703486773753674,-0.15843233679294513
ADD,IREN LIMITED,Q4982L109,CALL,370700.0,5.2526973310618965,16952111.0,0.015468587848064076,0.018695394164969875,0.003226806316905799
NEW,ATRICURE INC,04963C209,,604380.0,,16910552.0,0.0,0.018649561413750747,0.018649561413750747
TRIM,KLAVIYO INC,49845K101,,1114467.0,-33.35958367790648,16828452.0,0.041695851662670216,0.01855901859811298,-0.023136833064557237
ADD,CELSIUS HLDGS INC,15118V207,PUT,572800.0,149.36874183717893,16771584.0,0.01044155329579361,0.018496302534292165,0.008054749238498556
TRIM,ISHARES TR,464287440,CALL,177000.0,-38.923395445134574,16738890.0,0.035436377129615546,0.01846024642205756,-0.016976130707557987
ADD,ZILLOW GROUP INC,98954M101,,530593.0,65.40764825627613,16644702.0,0.017010687448193965,0.01835637252779093,0.0013456850795969637
TRIM,NOVARTIS AG,66987V109,,106157.0,-62.599308758195725,16636925.0,0.05554829490979409,0.01834779577410987,-0.037200499135684226
ADD,FEDEX CORP,31428X106,CALL,53100.0,318.1102362204725,16627203.0,0.005795537946384683,0.01833707400488173,0.012541536058497046
ADD,SOFI TECHNOLOGIES INC,83406F102,CALL,922200.0,4.617129892229155,16535046.0,0.017934667022699087,0.01823543997003727,0.00030077294733818136
ADD,ASML HLDG NV,N07059210,PUT,8300.0,822.2222222222222,16512352.0,0.0015230351872761302,0.01821041221537121,0.016687377028095078
ADD,NETSTREIT CORP,64119V303,,781251.0,20.015577041836803,16507834.0,0.01570448817655016,0.01820542960342174,0.0025009414268715793
ADD,VANGUARD TAX-MANAGED FDS,921943858,CALL,231400.0,35.71847507331378,16487250.0,0.013998045137873389,0.018182728832202642,0.004184683694329254
ADD,AEROVIRONMENT INC,008073108,CALL,99800.0,35.78231292517007,16473986.0,0.01723763083378619,0.01816810081872372,0.0009304699849375306
ADD,GE VERNOVA INC,36828A101,CALL,14000.0,6.0606060606060606,16448040.0,0.014762466595203192,0.018139486642176367,0.003377020046973175
ADD,FEDEX CORP,31428X106,PUT,52500.0,79.18088737201366,16439325.0,0.013370808018037104,0.018129875428555382,0.004759067410518278
TRIM,CENCORA INC,03073E105,CALL,58000.0,-8.661417322834646,16412840.0,0.02555744694364204,0.018100666823535085,-0.007456780120106955
TRIM,PHILIP MORRIS INTL INC,718172109,CALL,90500.0,-32.51304996271439,16372355.0,0.028407120554326495,0.018056018517918822,-0.010351102036407673
ADD,EQUITABLE HLDGS INC,29452E101,,372563.0,12.684802071235,16348064.0,0.015719757643780745,0.018029229534549062,0.002309471890768317
ADD,INTUIT,461202103,PUT,62200.0,45.66744730679157,16234200.0,0.023654511050306876,0.01790365624393056,-0.005750854806376316
ADD,APPFOLIO INC,03783C100,,101162.0,428.67520250849225,16221327.0,0.00386910977656521,0.01788945943923257,0.01402034966266736
ADD,WYNN RESORTS LTD,983134107,CALL,166900.0,157.1648690292758,16204321.0,0.008443939787091893,0.017870704614351498,0.009426764827259605
NEW,GOLAR LNG LTD,38046YAD3,,14165000.0,,16099408.0,0.0,0.0177550028065926,0.0177550028065926
TRIM,LIVE NATION ENTERTAINMENT IN,538034109,CALL,87400.0,-46.34745242480049,16003814.0,0.03183023966027297,0.01764957832525183,-0.01418066133502114
ADD,WENDYS CO,95058W100,,1915535.0,13167.315417647873,15879785.0,0.00012856179055092127,0.017512794709164902,0.01738423291861398
ADD,TORONTO DOMINION BK ONT,891160509,CALL,130600.0,10.397295012679628,15858758.0,0.014142736087928074,0.01748960538170552,0.0033468692937774457
ADD,AMPRIUS TECHNOLOGIES INC,03214Q108,,1139811.0,3982.27140861717,15797780.0,0.0006031272998710943,0.01742235666292403,0.016819229363052936
ADD,TC ENERGY CORP,87807B107,PUT,238700.0,161.15973741794312,15787350.0,0.007321225239481195,0.01741085408598004,0.010089628846498843
KEEP,WORKDAY INC,98138H101,CALL,128900.0,-0.38639876352395675,15779938.0,0.021539260633339455,0.01740267986735023,-0.004136580765989224
ADD,OCCIDENTAL PETE CORP,674599105,PUT,323400.0,10.526315789473683,15707538.0,0.024367343283982816,0.017322834558553952,-0.007044508725428864
ADD,NEWMONT CORP,651639106,PUT,168000.0,25.56053811659193,15691200.0,0.018556861297845024,0.01730481642795846,-0.0012520448698865629
ADD,SUNOCOCORP LLC,86765Q106,,231418.0,78.98033998979102,15660056.0,0.010212813653022559,0.017270469711146978,0.007057656058124419
ADD,BUNGE GLOBAL SA,H11356104,CALL,146400.0,28.421052631578945,15625272.0,0.018578577816519164,0.017232108672180543,-0.0013464691443386204
TRIM,BOSTON SCIENTIFIC CORP,101137107,,365241.0,-90.09466237628193,15588486.0,0.29644523432263276,0.017191539756028884,-0.27925369456660387
ADD,SUNCOR ENERGY INC NEW,867224107,PUT,290200.0,7.640949554896142,15577936.0,0.022835343466549578,0.017179904838794068,-0.0056554386277555095
TRIM,IRON MTN INC DEL,46284V101,,123262.0,-67.3580178910963,15569223.0,0.0494161662984867,0.017170295830844593,-0.0322458704676421
ADD,CORTEVA INC,22052L104,,183340.0,698.9715431211051,15527065.0,0.002461068360208192,0.017123802481007113,0.014662734120798921
NEW,LIBERTY CAP CORP,36164V800,CALL,720000.0,,15523200.0,0.0,0.01711954002080687,0.01711954002080687
KEEP,1RT ACQUISITION CORP.,G6757R121,,1500000.0,0.0,15510000.0,0.019756843090777264,0.017104982588816386,-0.002651860501960878
TRIM,WELLS FARGO & CO,949746101,PUT,187500.0,-7.862407862407863,15495000.0,0.02075642433690031,0.017088440052463568,-0.0036679842844367407
ADD,AVEANNA HEALTHCARE HLDGS INC,05356F105,,1803451.0,1691.6974646320139,15455575.0,0.0008305127031000452,0.01704496075274957,0.016214448049649523
ADD,KENVUE INC,49177J102,,808029.0,75.17978046945629,15441434.0,0.010188277189947133,0.01702936555231189,0.006841088362364755
TRIM,TEXAS INSTRS INC,882508104,CALL,51700.0,-12.372881355932204,15410219.0,0.01467531865418755,0.01699494053416167,0.0023196218799741205
TRIM,VANECK ETF TRUST,92189F106,PUT,203900.0,-77.54652571302721,15384255.0,0.10677139343333922,0.016966306506570692,-0.08980508692676853
TRIM,BOSTON SCIENTIFIC CORP,101137107,CALL,360300.0,-82.93145103984084,15377604.0,0.16970783505281548,0.016958971545951853,-0.15274886350686362
NEW,ISHARES TR,46429B598,,310900.0,,15355351.0,0.0,0.016934430141854567,0.016934430141854567
NEW,LITTELFUSE INC,537008104,,33720.0,,15353728.0,0.0,0.01693264023942119,0.01693264023942119
ADD,DEERE & CO,244199105,CALL,24200.0,35.95505617977528,15350786.0,0.012846364982346172,0.016929395696624522,0.00408303071427835
ADD,NEXTNAV INC,65345N106,,855637.0,87.6936137355249,15256008.0,0.009356707488150559,0.016824871129261346,0.007468163641110788
ADD,HALLIBURTON CO,406216101,PUT,448700.0,2312.3655913978496,15233365.0,0.0009291518214601354,0.016799899619218888,0.015870747797758752
TRIM,JD.COM INC,47215P106,PUT,597100.0,-3.491191207370292,15214108.0,0.023439694322487565,0.016778662311049134,-0.006661032011438431
ADD,CARVANA CO,146869102,CALL,231100.0,675.503355704698,15211002.0,0.012003051704728524,0.016775236903188346,0.0047721851984598215
TRIM,MARKEL GROUP INC,570535104,,7771.0,-8.01373106060606,15176841.0,0.020717255168233296,0.016737562930898432,-0.0039796922373348635
TRIM,LCI INDS,501812AD3,,13400000.0,-52.816901408450704,15091124.0,0.04402416098659436,0.016643031158328117,-0.027381129828266244
NEW,MOSAIC CO,61945C103,,711467.0,,15075986.0,0.0,0.01662633643064085,0.01662633643064085
ADD,DOW HLDGS INC,260557103,CALL,550900.0,6.187355435620663,15072624.0,0.027684422999482955,0.016622628696826305,-0.01106179430265665
TRIM,SCHWAB CHARLES CORP,808513105,CALL,163300.0,-13.871308016877638,15067691.0,0.02282938839995386,0.01661718840803774,-0.00621219999191612
NEW,EASTMAN CHEM CO,277432100,,224728.0,,15052281.0,0.0,0.01660019370902461,0.01660019370902461
TRIM,AIRBNB INC,009066101,PUT,105100.0,-7.563764291996482,15039810.0,0.018395667074808535,0.016586440244300876,-0.0018092268305076598
TRIM,SOLAREDGE TECHNOLOGIES INC,83417M104,PUT,257200.0,-5.3019145802650955,15030768.0,0.017764214772291544,0.016576468403387393,-0.0011877463689041502
NEW,CISCO SYS INC,17275R102,,127834.0,,15015382.0,0.0,0.016559500172432427,0.016559500172432427
ADD,NOKIA CORP,654902204,PUT,1129000.0,45.77146546158812,14993120.0,0.00797807241613625,0.01653494884281333,0.00855687642667708
ADD,AMPRIUS TECHNOLOGIES INC,03214Q108,PUT,1079700.0,357.112616426757,14964642.0,0.00510220573714653,0.016503542286129623,0.011401336548983093
NEW,Q32 BIO INC,746964105,,1173396.0,,14949065.0,0.0,0.016486363413545094,0.016486363413545094
TRIM,GOLAR LNG LTD,G9456A100,,299098.0,-58.306952651380506,14907044.0,0.04973337224792034,0.016440021152206302,-0.03329335109571404
ADD,TONIX PHARMACEUTICALS HLDG C,890260839,,1166752.0,830.3203789050665,14887756.0,0.0022093745493801556,0.016418749656128093,0.014209375106747937
ADD,AT&T INC,00206R102,PUT,718500.0,298.723640399556,14872950.0,0.006693041305054928,0.0164024210699121,0.009709379764857173
TRIM,AMERICAN AIRLINES GROUP INC,02376R102,CALL,822700.0,-27.22689075630252,14866189.0,0.015555907471292247,0.016394964797360006,0.0008390573260677586
TRIM,NAVITAS SEMICONDUCTOR CORP,63942X106,,829116.0,-75.82046538946206,14857759.0,0.0385289746649732,0.01638566789192972,-0.02214330677304348
TRIM,SELECT SECTOR SPDR TR,81369Y704,CALL,79900.0,-52.7498521584861,14799877.0,0.03503924157935566,0.016321833552651457,-0.018717408026704203
NEW,IREN LIMITED,46270CAD1,,4180000.0,,14770145.0,0.0,0.016289044039928653,0.016289044039928653
ADD,SOLAREDGE TECHNOLOGIES INC,83417M104,CALL,252700.0,10.93064091308165,14767788.0,0.014899440814167945,0.016286444656049746,0.0013870038418818016
TRIM,COHERENT CORP,19247G107,CALL,37300.0,-51.994851994852,14713731.0,0.023713819567471758,0.01622682866354145,-0.007486990903930308
NEW,SANMINA CORP,801056102,,58096.0,,14702936.0,0.0,0.016214923551546204,0.016214923551546204
TRIM,IMMATICS N.V,N44445109,,1449597.0,-2.9590976034275003,14684418.0,0.018832503496110053,0.01619450123900077,-0.002638002257109282
ADD,STANTEC INC,85472N109,,213126.0,308.7258361460571,14681155.0,0.005765703677721198,0.016190902685926153,0.010425199008204954
ADD,ACADEMY SPORTS & OUTDOORS IN,00402L107,,311493.0,51.73389709141747,14680665.0,0.01484739035471923,0.016190362296405296,0.001342971941686066
TRIM,BANKUNITED INC,06652K103,,302065.0,-35.27072230472358,14635049.0,0.027000640933619258,0.01614005534052061,-0.010860585593098649
ADD,DIGITALOCEAN HLDGS INC,25402D102,PUT,93000.0,328.57142857142856,14603790.0,0.0023848786129518373,0.01610558179759709,0.013720703184645253
NEW,BOISE CASCADE CO DEL,09739D100,,188015.0,,14595604.0,0.0,0.016096553984091478,0.016096553984091478
NEW,TG THERAPEUTICS INC,88322Q108,,264963.0,,14557067.0,0.0,0.01605405400252957,0.01605405400252957
ADD,KKR & CO INC,48251W104,CALL,158400.0,24.7244094488189,14537952.0,0.015051020833302915,0.01603297329703729,0.000981952463734375
ADD,CIRCLE INTERNET GROUP INC,172573107,CALL,231500.0,118.39622641509433,14498845.0,0.012957471560483139,0.015989844699093973,0.0030323731386108343
ADD,PEPSICO INC,713448108,CALL,106900.0,82.42320819112628,14474260.0,0.011659008238087382,0.0159627314820117,0.004303723243924317
TRIM,SELECT SECTOR SPDR TR,81369Y407,CALL,123400.0,-56.007130124777184,14472352.0,0.03916518410222985,0.015960627271387622,-0.023204556830842226
ADD,GALLAGHER ARTHUR J & CO,363576109,,63010.0,104.04792746113989,14465206.0,0.008568723287756676,0.015952746407069136,0.007384023119312459
ADD,MONSTER BEVERAGE CORP NEW,61174X109,CALL,150300.0,1.417004048582996,14446836.0,0.013758371644343338,0.015932487314215718,0.0021741156698723806
TRIM,MONGODB INC,60937P106,PUT,43000.0,-42.513368983957214,14443700.0,0.023457422432746802,0.01592902882128222,-0.007528393611464582
TRIM,MCKESSON CORP,58155Q103,PUT,19100.0,-10.328638497652582,14431960.0,0.023615487939641567,0.015916081529496747,-0.00769940641014482
TRIM,NAPCO SEC TECHNOLOGIES INC,630402105,,379686.0,-21.271398712759606,14420474.0,0.024338764601649753,0.015903414357993514,-0.008435350243656239
ADD,ATOUR LIFESTYLE HLDGS LTD,04965M106,,450727.0,45.59870529253669,14333119.0,0.0145996477972004,0.01580707614045347,0.0012074283432530718
ADD,WESTERN UN CO,959802109,,1857989.0,48.72704743044088,14306515.0,0.013972944942159813,0.015777736297978108,0.001804791355818295
TRIM,CREDO TECHNOLOGY GROUP HOLDI,G25457105,PUT,52300.0,-32.077922077922075,14222985.0,0.00926057698003023,0.015685616427208036,0.006425039447177806
ADD,AMERICAN EXPRESS CO,025816109,PUT,41900.0,232.53968253968256,14172675.0,0.004883011112907773,0.015630132760280673,0.0107471216473729
TRIM,MERIT MED SYS INC,589889104,,203739.0,-72.53976725943538,14127262.0,0.0655237489355241,0.015580049680054633,-0.04994369925546946
TRIM,THE TRADE DESK INC,88339J105,CALL,780700.0,-30.984794908062234,14115056.0,0.03288473871503604,0.015566588466806464,-0.017318150248229577
NEW,WARBY PARKER INC,93403J106,CALL,465000.0,,14108100.0,0.0,0.015558917141281783,0.015558917141281783
TRIM,QUANTUMSCAPE CORP,74767V109,,1860426.0,-47.349379416793,14064821.0,0.028883518194720657,0.015511187512560868,-0.013372330682159789
ADD,AUTOZONE INC,053332102,CALL,4400.0,266.66666666666663,14062136.0,0.005193176810417255,0.015508226398553714,0.01031504958813646
NEW,HANCOCK WHITNEY CORPORATION,410120109,,188181.0,,14060884.0,0.0,0.015506845648186133,0.015506845648186133
TRIM,TAIWAN SEMICONDUCTOR MANUFAC,874039100,PUT,29400.0,-33.63431151241535,14040558.0,0.019181240036963785,0.015484429408592302,-0.0036968106283714833
TRIM,INTUITIVE MACHINES INC,46125A100,,656036.0,-47.09463894878945,14032610.0,0.029486719804803142,0.015475664069996821,-0.014011055734806321
TRIM,EXLSERVICE HLDGS INC,302081104,,540554.0,-48.561874691925446,13978726.0,0.04099791350153628,0.015416238868074464,-0.025581674633461816
NEW,TE CONNECTIVITY PLC,G87052109,,69300.0,,13971573.0,0.0,0.015408350283905683,0.015408350283905683
TRIM,ISHARES TR,464288760,PUT,57600.0,-45.76271186440678,13963392.0,0.029764122386351847,0.015399327984578855,-0.014364794401772992
TRIM,MACOM TECH SOLUTIONS HLDGS I,55405YAD2,,6000000.0,-45.45454545454545,13868049.0,0.02053163850985955,0.015294180315013058,-0.00523745819484649
NEW,SPDR SERIES TRUST,78464A698,PUT,185000.0,,13847250.0,0.0,0.015271242434106236,0.015271242434106236
ADD,POET TECHNOLOGIES INC,73044W302,CALL,1341400.0,140.22206303724928,13789592.0,0.004249642119421077,0.015207655130037507,0.01095801301061643
ADD,MAXIMUS INC,577933104,,256453.0,26.241976135155358,13786913.0,0.016683321499168242,0.015204700633044892,-0.00147862086612335
ADD,SOUTHWEST AIRLS CO,844741108,PUT,268100.0,29.26711668273867,13785702.0,0.009983215599188874,0.015203365098943343,0.005220149499754469
ADD,HP INC,40434L105,CALL,626400.0,11.34020618556701,13743216.0,0.013846741860215329,0.015156510018977614,0.0013097681587622857
NEW,BLACKBERRY LTD,09228F103,CALL,1086300.0,,13741695.0,0.0,0.015154832605791438,0.015154832605791438
NEW,SITEONE LANDSCAPE SUPPLY INC,82982L103,,120000.0,,13729200.0,0.0,0.015141052673009537,0.015141052673009537
TRIM,ISHARES INC,464286400,PUT,397200.0,-53.07737743650325,13703400.0,0.04163567192233729,0.015112599510482685,-0.026523072411854604
ADD,AMERICAN EXPRESS CO,025816109,CALL,40300.0,108.80829015544042,13631475.0,0.007479532895168256,0.015033278048670913,0.007553745153502657
ADD,LIBERTY BROADBAND CORP,530307305,,409638.0,53.673414264491825,13624560.0,0.017178687461625562,0.015025651939412264,-0.002153035522213298
TRIM,DUKE ENERGY CORP NEW,26441C204,CALL,107300.0,-13.745980707395496,13582034.0,0.020869556508902987,0.014978752746016259,-0.005890803762886728
TRIM,CENTURY ALUM CO,156431108,,294555.0,-48.27386377405606,13552476.0,0.042819438714659507,0.014946155126715148,-0.02787328358794436
ADD,AMERICOLD REALTY TRUST INC,03064D108,,860862.0,1160.6528328964516,13532751.0,0.0010026356520533755,0.014924401691411189,0.013921766039357814
ADD,TEVA PHARMACEUTICAL INDS LTD,881624209,PUT,399200.0,4.066736183524505,13524896.0,0.014803147592308878,0.014915738916541096,0.00011259132423221789
ADD,TEXAS INSTRS INC,882508104,PUT,45300.0,54.60750853242321,13502571.0,0.007287912484198225,0.014891118108269314,0.007603205624071089
TRIM,ISHARES TR,464288760,CALL,55600.0,-23.73113854595336,13478552.0,0.020431304349953387,0.01486462909622542,-0.005566675253727966
ADD,CHIPOTLE MEXICAN GRILL INC,169656105,CALL,396000.0,14.318706697459586,13464000.0,0.014206400720933194,0.014848580630291673,0.0006421799093584788
TRIM,FIRST MAJESTIC SILVER CORP,32076V103,,792754.0,-10.306320331822512,13443827.0,0.0242980131379643,0.01482633312456864,-0.00947168001339566
TRIM,AMENTUM HOLDINGS INC,023939101,,649984.0,-60.137449457641324,13435169.0,0.05448358460701729,0.014816784772585793,-0.0396667998344315
ADD,ALLIANCE LAUNDRY HLDGS INC,01862Q107,,505379.0,8.465791292328955,13402651.0,0.012380940910237798,0.014780922759444393,0.0023999818492065946
TRIM,BRIGHTSPRING HEALTH SVCS INC,10950A106,,192145.0,-59.85831486189773,13400192.0,0.02613157148049092,0.014778210886318288,-0.011353360594172633
ADD,OLEMA PHARMACEUTICALS INC,68062P106,,1070949.0,1406.1091031825279,13397572.0,0.001358345821883117,0.014775321456635328,0.01341697563475221
NEW,KESTRA MED TECHNOLOGIES LTD,G52441105,,526626.0,,13397365.0,0.0,0.014775093169633657,0.014775093169633657
ADD,MINISO GROUP HLDG LTD,66981J102,,1109518.0,103.59510645676862,13380787.0,0.011311040423558398,0.01475681035845652,0.003445769934898122
NEW,BARRETT BUSINESS SVCS INC,068463108,,376508.0,,13373564.0,0.0,0.01474884457578476,0.01474884457578476
ADD,TELEKOMUNIKASI IND,715684106,,991765.0,117.66989737241784,13319404.0,0.01090455075513686,0.014689114991193509,0.003784564236056649
TRIM,ING GROEP N.V.,456837103,,424445.0,-0.8264366258394045,13319084.0,0.014284127920839045,0.014688762083751316,0.0004046341629122714
ADD,HALLIBURTON CO,406216101,CALL,391800.0,232.59762308998302,13301610.0,0.005884628202580857,0.014669491131736037,0.00878486292915518
TRIM,REDDIT INC,75734B100,CALL,76600.0,-53.17848410757946,13296228.0,0.02822345389839653,0.014663555669692645,-0.013559898228703885
KEEP,ALTO NEUROSCIENCE INC,02157Q109,,502950.0,-0.02723187043195312,13272851.0,0.0144897173703403,0.014637774678204651,0.00014805730786435212
TRIM,CENTENE CORP DEL,15135B101,PUT,206300.0,-43.026788180060755,13242397.0,0.015188948272910355,0.014604188918065399,-0.0005847593548449562
NEW,SPDR SERIES TRUST,78464A698,,176300.0,,13196055.0,0.0,0.01455308130342124,0.01455308130342124
TRIM,LLOYDS BANKING GROUP PLC,539439109,,2262925.0,-43.12196607966155,13192853.0,0.025639767283338267,0.01454955002332779,-0.011090217260010476
ADD,RELX PLC,759530108,,416283.0,126.73859996949825,13183683.0,0.007797712564613239,0.014539437019437433,0.006741724454824194
ADD,NUSCALE PWR CORP,67079K100,,1314239.0,429.1711964180739,13181817.0,0.0034492763003565814,0.014537379127915143,0.011088102827558562
TRIM,ABBOTT LABORATORIES,002824100,CALL,145100.0,-39.9669011170873,13166374.0,0.03179367391142578,0.014520348035322036,-0.01727332587610374
TRIM,MERCK & CO INC,58933Y105,CALL,102400.0,-37.67498478393183,13158400.0,0.02532139286989101,0.014511554022996875,-0.010809838846894137
TRIM,OMADA HEALTH INC,68170A108,,597997.0,-34.01099307332651,13126034.0,0.014594297461980151,0.014475859640890515,-0.00011843782108963627
ADD,SUNCOR ENERGY INC NEW,867224107,CALL,244400.0,172.16035634743875,13119392.0,0.007606134433591068,0.014468534605793488,0.00686240017220242
ADD,NXP SEMICONDUCTORS N V,N6596X109,PUT,46600.0,2812.5,13095998.0,0.0004035505714399165,0.014442734866097628,0.014039184294657711
TRIM,CITIGROUP INC,172967424,CALL,92800.0,-44.89311163895487,12988288.0,0.02446887153211342,0.014323948426726808,-0.010144923105386611
ADD,HELIOS TECHNOLOGIES INC,42328H109,,145455.0,106.41576908340073,12981859.0,0.005842217571244489,0.01431685829564599,0.008474640724401503
TRIM,SKYWARD SPECIALTY INS GROUP,830940102,,222057.0,-22.613123118099697,12957026.0,0.016058326497779135,0.014289471575296017,-0.001768854922483118
ADD,KROGER CO,501044101,CALL,232900.0,49.67866323907455,12932937.0,0.014425426225380506,0.014262905364749145,-0.00016252086063136065
TRIM,SI BONE INC,825704109,,790323.0,-5.952667115688062,12898071.0,0.01359821776426634,0.014224453893250649,0.0006262361289843081
TRIM,TKO GROUP HOLDINGS INC,87256C101,PUT,64000.0,-64.40489432703004,12883840.0,0.04645242779452553,0.014208759437594849,-0.03224366835693068
TRIM,GENERAL MTRS CO,37045V100,CALL,166600.0,-58.38121408943292,12841528.0,0.03820870918476707,0.014162096251050813,-0.02404661293371626
NEW,TRANSMEDICS GROUP INC,89377M109,,192594.0,,12792093.0,0.0,0.014107577565410702,0.014107577565410702
TRIM,MOLINA HEALTHCARE INC,60855R100,PUT,55800.0,-46.39769452449568,12761460.0,0.017778756511934703,0.014073794397670973,-0.0037049621142637296
TRIM,INTERACTIVE BROKERS GROUP IN,45841N107,CALL,146400.0,-31.138287864534338,12742656.0,0.018268886166909946,0.014053056674099076,-0.004215829492810869
NEW,LIFTOFF MOBILE INC,53229X101,,528945.0,,12705259.0,0.0,0.01401181392529998,0.01401181392529998
ADD,ENBRIDGE INC,29250N105,CALL,234200.0,57.604306864064604,12695982.0,0.010307600171285118,0.014001582917983639,0.003693982746698521
ADD,DAVE INC,23834J201,CALL,34000.0,87.84530386740332,12668060.0,0.004037131570576008,0.013970789537980742,0.009933657967404735
ADD,ASSEMBLY BIOSCIENCES INC,045396207,,460593.0,33.852457825373065,12657096.0,0.012234169274264128,0.013958698046742586,0.0017245287724784574
NEW,PAYCHEX INC,704326107,PUT,128600.0,,12645238.0,0.0,0.013945620620337804,0.013945620620337804
ADD,WHIRLPOOL CORP,963320106,CALL,319700.0,231.29533678756476,12602574.0,0.006666497185061365,0.013898569235607356,0.007232072050545991
TRIM,ISHARES TR,464287465,PUT,121200.0,-54.16036308623298,12590256.0,0.032902988277985566,0.01388498450475442,-0.019018003773231144
ADD,ATLASSIAN CORPORATION,049468101,CALL,161600.0,5.276872964169381,12570864.0,0.013422442084059912,0.013863598313757492,0.00044115622969758024
TRIM,ELI LILLY & CO,532457108,,10476.0,-89.06083578723137,12565229.0,0.11285247605426223,0.013857383834267616,-0.09899509221999461
ADD,HCA HEALTHCARE INC,40412C101,CALL,32100.0,95.73170731707317,12515469.0,0.009943649255254075,0.013802506727006525,0.00385885747175245
TRIM,MARAVAI LIFESCIENCES HLDGS I,56600D107,,2005579.0,-37.43311487520184,12514813.0,0.011622570610294307,0.013801783266750032,0.0021792126564557247
ADD,AEROVIRONMENT INC,008073108,PUT,75800.0,192.66409266409266,12512306.0,0.006074212770000847,0.013799018457507596,0.007724805687506749
NEW,WEX INC,96208T104,,88419.0,,12475037.0,0.0,0.013757916871685379,0.013757916871685379
ADD,BANK OZK LITTLE ROCK ARK,06417N103,,239299.0,8.009334067541097,12465085.0,0.013026212349652682,0.01374694145023316,0.0007207291005804778
ADD,BP PLC,055622104,CALL,337100.0,11.511743301356269,12455845.0,0.018203567491096074,0.013736751247839823,-0.00446681624325625
ADD,NXP SEMICONDUCTORS N V,N6596X109,CALL,44300.0,2853.3333333333335,12449629.0,0.0003783286607249217,0.013729896020775215,0.013351567360050293
NEW,MERIT MED SYS INC,589889AB0,,11500000.0,,12403973.0,0.0,0.013679544951460256,0.013679544951460256
NEW,GLOBANT S A,L44385109,,428562.0,,12402584.0,0.0,0.013678013112593984,0.013678013112593984
TRIM,PERFORMANCE FOOD GROUP CO,71377A103,,110900.0,-95.16468836002274,12397511.0,0.2517130020807337,0.013672418426799459,-0.23804058365393427
ADD,CF INDUSTRIES HOLD,125269100,CALL,114500.0,9.884836852207293,12395770.0,0.017333917649592547,0.013670498389746776,-0.003663419259845771
TRIM,VANECK ETF TRUST,92189F791,CALL,126100.0,-30.94194961664841,12389325.0,0.02808324334160459,0.013663390613293847,-0.014419852728310742
ADD,DEERE & CO,244199105,PUT,19500.0,78.89908256880734,12369435.0,0.00786659428694232,0.013641455210090008,0.005774860923147688
TRIM,GE AEROSPACE,369604301,PUT,33000.0,-14.948453608247423,12333090.0,0.014106481673242398,0.013601372644507123,-0.0005051090287352747
ADD,HSBC HLDGS PLC,404280406,PUT,129500.0,46.82539682539682,12314155.0,0.009321598475688758,0.013580490449451081,0.004258891973762323
ADD,ACCENTURE PLC IRELAND,G1151C101,PUT,98900.0,82.13627992633518,12307116.0,0.013794982235559479,0.013572727588558578,-0.00022225464700090063
ADD,GLOBAL PMTS INC,37940X102,PUT,169500.0,897.0588235294118,12298920.0,0.001465832980241061,0.013563688746695399,0.012097855766454339
ADD,VALE S A,91912E105,CALL,817400.0,20.117560617193238,12293696.0,0.013871352633502148,0.013557927532701589,-0.00031342510080055973
ADD,HERTZ CORP,428040DE6,,23204520.0,223.5973670999052,12272231.0,0.009049311767831253,0.013534255163180704,0.004484943395349451
ADD,NEXTERA ENERGY INC,65339F101,CALL,139800.0,60.87456846950518,12270246.0,0.010340998767674355,0.013532066034203347,0.003191067266528992
NEW,ZETA GLOBAL HOLDINGS CORP,98956A105,,623129.0,,12263179.0,0.0,0.013524272293909654,0.013524272293909654
TRIM,HUDBAY MINERALS INC,443628102,,519318.0,-3.792407774148788,12260178.0,0.014455236151043709,0.013520962683803334,-0.0009342734672403742
NEW,ZEBRA TECHNOLOGIES CORPORATI,989207105,,46570.0,,12260018.0,0.0,0.013520786230082236,0.013520786230082236
ADD,VALERO ENERGY CORP,91913Y100,PUT,47000.0,117.59259259259258,12240680.0,0.006837728411477988,0.01349945959221618,0.006661731180738192
TRIM,S&P GLOBAL INC,78409V104,PUT,30000.0,-3.225806451612903,12217800.0,0.016893452840038212,0.013474226710099346,-0.003419226129938866
TRIM,CENTURY THERAPEUTICS INC,15673T100,,4980526.0,-16.499666872210035,12202289.0,0.017270938464226993,0.013457120624674773,-0.00381381783955222
TRIM,SELECT SECTOR SPDR TR,81369Y407,PUT,104000.0,-33.96825396825397,12197120.0,0.02199114615365847,0.013451420066647592,-0.008539726087010879
TRIM,CRACKER BARREL OLD CTRY STOR,22410J106,,228463.0,-4.7209351788909135,12177078.0,0.008635743411169324,0.013429317032408709,0.004793573621239385
TRIM,NOVOCURE LTD,G6674U108,,803120.0,-41.00739611177098,12167268.0,0.019012090777676693,0.013418498213633966,-0.005593592564042727
ADD,ROYAL CARIBBEAN GROUP,V7780T103,CALL,38300.0,11.014492753623188,12161399.0,0.012163441327545113,0.013412025670576984,0.0012485843430318708
ADD,MIRION TECHNOLOGIES INC,60471A101,,677509.0,288.76749430484705,12147736.0,0.004150735228057867,0.013396957625631077,0.00924622239757321
TRIM,HAPPEN INC,52603A208,,585351.0,-78.6994980462595,12140180.0,0.05041851495937884,0.013388624598652284,-0.037029890360726556
ADD,E L F BEAUTY INC,26856L103,CALL,163200.0,368.9655172413793,12076800.0,0.0027023651474940066,0.013318726868382834,0.010616361720888827
ADD,SHELL PLC,780259305,PUT,155100.0,220.45454545454547,12026454.0,0.0057669848882624455,0.013263203499368225,0.0074962186111057795
TRIM,CISCO SYS INC,17275R102,PUT,102200.0,-78.6326573280368,12004412.0,0.04754738491576011,0.013238894793615634,-0.03430849012214448
TRIM,JABIL INC,466313103,CALL,31100.0,-22.63681592039801,11988428.0,0.01368118383407535,0.01322126706687807,-0.00045991676719728085
NEW,GORILLA TECHNOLOGY GROUP INC,G4000K175,PUT,600000.0,,11928000.0,0.0,0.013154624907762855,0.013154624907762855
TRIM,COMFORT SYS USA INC,199908104,PUT,6000.0,-77.94117647058823,11891700.0,0.04805632146027033,0.013114591969789029,-0.0349417294904813
TRIM,CEVA INC,157210105,,251862.0,-58.5367299163366,11877812.0,0.014537725610531377,0.01309927578679783,-0.0014384498237335463
NEW,EVERPURE INC,74624M102,PUT,150700.0,,11873653.0,0.0,0.01309468909288507,0.01309468909288507
ADD,FRANKLIN ELEC INC,353514102,,110674.0,173.69488339886738,11863146.0,0.004775171621650987,0.013083101597587798,0.008307929975936813
ADD,JD.COM INC,47215P106,CALL,465500.0,12.168674698795181,11860940.0,0.015722439217443575,0.013080668741908177,-0.0026417704755353974
NEW,BANDWIDTH INC,05988J103,,187280.0,,11854824.0,0.0,0.013073923798419254,0.013073923798419254
TRIM,QUANTA SVCS INC,74762E102,CALL,16400.0,-33.06122448979592,11808656.0,0.017233550178212313,0.013023008077196786,-0.004210542101015527
KEEP,BRIGHTSPRING HEALTH SVCS INC,10950A205,,51150.0,0.0,11796507.0,0.009340842258018293,0.01300960972558676,0.0036687674675684664
TRIM,MICROSOFT CORP,594918104,,31522.0,-91.01025541574931,11758336.0,0.16629842361844982,0.012967513381911856,-0.15333091023653797
ADD,FORD MTR CO,345370860,PUT,845800.0,90.53840955170084,11756620.0,0.006563136805856779,0.012965620915753094,0.006402484109896315
ADD,D-WAVE QUANTUM INC,26740W109,CALL,488800.0,17.38712776176753,11726312.0,0.007698348281086803,0.012932196169634345,0.005233847888547542
TRIM,ULTA BEAUTY INC,90384S303,CALL,25900.0,-37.28813559322034,11680382.0,0.02765867451123551,0.012881542923322007,-0.014777131587913503
TRIM,JABIL INC,466313103,PUT,30300.0,-37.267080745341616,11680044.0,0.01643784027825471,0.012881170164836189,-0.0035566701134185207
TRIM,ALTRIA GROUP INC,02209S103,PUT,161800.0,-62.00093940817285,11641510.0,0.03600014820408061,0.012838673491781551,-0.023161474712299058
ADD,COHERENT CORP,19247G107,PUT,29500.0,73.52941176470588,11636865.0,0.005188351771518917,0.012833550819690962,0.007645199048172045
NEW,LIMBACH HLDGS INC,53263P105,,151108.0,,11635316.0,0.0,0.012831842527103593,0.012831842527103593
TRIM,NEXTNAV INC,65345N106,CALL,652400.0,-17.417721518987342,11632292.0,0.016214744367917856,0.012828507551774865,-0.003386236816142991
NEW,NICE LTD,653656108,,128032.0,,11631707.0,0.0,0.012827862392857103,0.012827862392857103
TRIM,KRAFT HEINZ CO,500754106,CALL,492400.0,-33.84388015585114,11630488.0,0.021446576581575085,0.012826518036069498,-0.008620058545505587
NEW,MICROCHIP TECHNOLOGY INC.,595017BG8,,10500000.0,,11588469.0,0.0,0.01278017798040222,0.01278017798040222
NEW,PERELLA WEINBERG PARTNERS,71367G102,,724159.0,,11557578.0,0.0,0.012746110281037221,0.012746110281037221
NEW,ISHARES TR,464287465,,111048.0,,11535666.0,0.0,0.012721944943933021,0.012721944943933021
ADD,PRUDENTIAL FINL INC,744320102,CALL,106400.0,90.0,11483752.0,0.007009041635369249,0.012664692328451667,0.005655650693082418
TRIM,AXALTA COATING SYS LTD,G0750C108,,334718.0,-48.306978568703855,11454050.0,0.022979862734391735,0.012631935900801567,-0.010347926833590168
ADD,FRONTIER GROUP HLDGS INC,35909R108,,1440938.0,101.19324877547487,11397820.0,0.0032391206164863245,0.012569923446193627,0.009330802829707302
NEW,REVOLUTION MEDICINES INC,76155X100,,60276.0,,11288489.0,0.0,0.01244934931006095,0.01244934931006095
NEW,ARCELORMITTAL SA LUXEMBOURG,03938L203,,186723.0,,11244459.0,0.0,0.012400791451686636,0.012400791451686636
ADD,VANECK ETF TRUST,92189F791,,114340.0,45.4633351992265,11233905.0,0.01208902093204622,0.012389152123108791,0.00030013119106257063
KEEP,THE REALREAL INC,88339PAD3,,12032000.0,0.0,11198000.0,0.0138146667543152,0.012349554805258922,-0.0014651119490562779
TRIM,AEHR TEST SYS,00760J108,CALL,116300.0,-37.707552222817355,11171778.0,0.008869610458526444,0.01232063624604268,0.003451025787516236
ADD,ARRAY TECHNOLOGIES INC,04271TAB6,,12000000.0,50.0,11170646.0,0.009225507685095209,0.012319387835965919,0.0030938801508707103
TRIM,RIGETTI COMPUTING INC,76655K103,CALL,578000.0,-25.177993527508093,11166960.0,0.01389588140931433,0.012315322783366153,-0.0015805586259481762
TRIM,AXT INC,00246W103,PUT,154900.0,-47.50931887495764,11165192.0,0.021543296446544385,0.012313372969748035,-0.00922992347679635
ADD,CHENIERE ENERGY INC,16411R208,PUT,46700.0,1128.9473684210525,11161767.0,0.0013815139521004922,0.012309595757280805,0.010928081805180314
TRIM,STRATEGY INC,594972AN1,,11500000.0,-30.303030303030305,11149368.0,0.02163358975943879,0.012295921696731566,-0.009337668062707225
ADD,AUTODESK INC,052769106,CALL,57300.0,795.3125,11140266.0,0.0019630195428774967,0.012285883685672674,0.010322864142795178
KEEP,MICROCHIP TECHNOLOGY INC.,595017302,,145000.0,0.0,11139293.0,0.010625522317411313,0.012284810626481254,0.0016592883090699416
ADD,AVIS BUDGET GROUP INC,053774105,CALL,75100.0,486.71875,11102033.0,0.0023918663352438005,0.012243718966180848,0.009851852630937047
ADD,PEGASYSTEMS INC,705573103,,370188.0,22.311504658692925,11094534.0,0.016503542036020415,0.012235448800840194,-0.004268093235180221
NEW,PHATHOM PHARMACEUTICALS INC,71722W107,,1022193.0,,11090794.0,0.0,0.012231324195109559,0.012231324195109559
TRIM,VERTIV HOLDINGS CO,92537N108,CALL,33100.0,-73.2200647249191,11082542.0,0.03968125314582318,0.012222223594443995,-0.027459029551379185
TRIM,PETROLEO BRASILEIRO S A,71654V408,CALL,684800.0,-70.27390719277685,11066368.0,0.0612441380203327,0.012204386328912626,-0.04903975169142007
ADD,APOLLO GLOBAL MGMT INC,03769M106,PUT,93400.0,120.80378250591018,11050154.0,0.0060384298407943505,0.012186504949950983,0.006148075109156633
ADD,BAUSCH HEALTH COS INC,071734107,,2235821.0,65.58423476332742,11021637.0,0.009342368179772919,0.012155055382672758,0.0028126872028998388
ADD,CBOE GLOBAL MKTS INC,12503M108,CALL,45400.0,577.6119402985074,11017218.0,0.0024127359737501778,0.012150181951463217,0.00973744597771304
ADD,PALISADE BIO INC,696389402,,5253403.0,1175.8038429033543,10979612.0,0.0009232415972333614,0.012108708709990939,0.011185467112757577
TRIM,ISHARES INC,464286400,CALL,317600.0,-74.7856462369006,10957200.0,0.06195427330581931,0.012083991955008313,-0.049870281350811
ADD,OFG BANCORP,67103X102,,223190.0,10.954239268225994,10951933.0,0.010427427949576358,0.012078183319076957,0.0016507553695005988
ADD,BARRICK MNG CORP,06849F108,PUT,297900.0,159.72101133391456,10941867.0,0.005994288294016757,0.012067082174348459,0.0060727938803317024
TRIM,STAR BULK CARRIERS CORP.,Y8162K204,,437815.0,-44.57581952945496,10932241.0,0.023247317997298195,0.012056466277352976,-0.01119085171994522
TRIM,DBX ETF TR,233051879,,297900.0,-7.34059097978227,10921014.0,0.013444715929319498,0.012044084740310768,-0.00140063118900873
KEEP,CLEARWAY ENERGY INC,18539C204,,318920.0,0.21178585119687285,10900686.0,0.016020109268544268,0.012021666295045424,-0.003998442973498844
ADD,VEEVA SYS INC,922475108,PUT,61300.0,6.608695652173912,10878911.0,0.012940803011341512,0.011997652046439914,-0.0009431509649015981
ADD,BP PLC,055622104,PUT,294300.0,53.76175548589342,10874385.0,0.011525513786952659,0.01199266061180439,0.00046714682485173194
TRIM,AST SPACEMOBILE INC,00217D100,CALL,122200.0,-73.8497753049433,10858692.0,0.04961507167259427,0.011975353810272068,-0.0376397178623222
ADD,DOORDASH INC,25809K105,PUT,58800.0,493.93939393939394,10850364.0,0.0019045002514060253,0.011966169394088982,0.010061669142682958
TRIM,BEYOND MEAT INC,08862EAD1,,17155868.0,-15.027894997523529,10840450.0,0.016167275517364642,0.011955235880395525,-0.004212039636969117
NEW,COMPASS INC,20464U100,,877253.0,,10816529.0,0.0,0.011928854946255804,0.011928854946255804
ADD,WYNN RESORTS LTD,983134107,PUT,111400.0,844.0677966101696,10815826.0,0.0015352617794712534,0.011928079652718736,0.010392817873247483
TRIM,BLOOM ENERGY CORP,093712107,CALL,35700.0,-35.44303797468354,10806390.0,0.00959959425771806,0.011917673294517053,0.0023180790367989933
TRIM,AMPLITUDE INC,03213A104,,1409424.0,-41.54920582258533,10782094.0,0.02106959191070793,0.011890878796968513,-0.009178713113739419
NEW,HONEYWELL INTL INC,438516205,CALL,48150.0,,10780785.0,0.0,0.01188943518496279,0.01188943518496279
NEW,OCEANAGOLD CORP,675222400,,430583.0,,10777170.0,0.0,0.01188544843370176,0.01188544843370176
TRIM,ELECTRONIC ARTS INC,285512109,,52492.0,-15.448673549925102,10762960.0,0.01621610373230212,0.011869777137596854,-0.004346326594705267
TRIM,ANGLOGOLD ASHANTI PLC,G0378L100,CALL,132900.0,-13.7012987012987,10750281.0,0.019209753377559244,0.011855794283035695,-0.007353959094523549
ADD,SKEENA RES LTD NEW,83056P715,,402735.0,23.214433223091444,10740251.0,0.01244466832255944,0.011844732840394442,-0.0005999354821649983
TRIM,PHILIP MORRIS INTL INC,718172109,PUT,59200.0,-23.216601815823605,10709872.0,0.016332505553606064,0.011811229792936953,-0.004521275760669111
TRIM,CENTERPOINT ENERGY INC,15189T107,,243100.0,-81.61702153402211,10706124.0,0.07312586549285781,0.01180709636452026,-0.061318769128337544
ADD,AGI INC,G0118C105,,1508555.0,12.80079739068405,10680569.0,0.012456725794963121,0.011778913396753838,-0.0006778123982092831
NEW,ABIVAX SA,00370M103,PUT,80000.0,,10660800.0,0.0,0.01175711143667658,0.01175711143667658
NEW,HONEYWELL AEROSPACE INC,43849R105,CALL,48150.0,,10645002.0,0.0,0.011739688837389788,0.011739688837389788
ADD,CARMAX INC,143130102,PUT,201200.0,19.61950059453032,10641468.0,0.008960473910111705,0.011735791415825064,0.0027753175057133594
ADD,ADTRAN HOLDINGS INC,00486H105,,764780.0,35.41201883919402,10630442.0,0.009102913773245416,0.011723631548769984,0.002620717775524568
ADD,MONGODB INC,60937P106,CALL,31500.0,17.537313432835823,10580850.0,0.008404531032053667,0.011668939717916046,0.003264408685862379
NEW,AIB DATA CENTERS INC,093919108,,4989717.0,,10578200.0,0.0,0.01166601720316038,0.01166601720316038
NEW,ISHARES TR,464287192,,121700.0,,10557475.0,0.0,0.011643160932099567,0.011643160932099567
TRIM,TTM TECHNOLOGIES INC,87305R109,,56447.0,-69.2601346199926,10556718.0,0.022919626620794994,0.011642326085431629,-0.011277300535363365
ADD,PINTEREST INC,72352L106,CALL,501700.0,57.71769883684376,10550751.0,0.007474523361951978,0.011635745464470475,0.004161222102518497
ADD,ADVANCE AUTO PARTS INC,00751Y106,CALL,169400.0,11.300919842312746,10540068.0,0.010286262890931187,0.011623963870079997,0.0013377009791488096
NEW,MONSTER BEVERAGE CORP NEW,61174X109,,109580.0,,10532830.0,0.0,0.011615981544871883,0.011615981544871883
TRIM,LIVE NATION ENTERTAINMENT IN,538034109,PUT,57500.0,-3.6850921273031827,10528825.0,0.011665225952844055,0.01161156468766568,-5.366126517837577e-05
ADD,DOUGLAS EMMETT INC,25960P109,,891265.0,48.19122456682335,10516927.0,0.007258648354225593,0.011598443147830623,0.00433979479360503
TRIM,ISHARES TR,464287465,CALL,101100.0,-10.530973451327434,10502268.0,0.014062169725462818,0.01158227667847089,-0.002479893046991928
NEW,EVOLUS INC,30052C107,,1508518.0,,10469115.0,0.0,0.011545714364623885,0.011545714364623885
ADD,INTER & CO INC,G4R20B107,,1923967.0,337.49192763522916,10447141.0,0.0044849864025322565,0.01152148065170276,0.007036494249170504
TRIM,GLOBAL X FDS,37954Y848,PUT,134700.0,-43.92173189009159,10433862.0,0.02772182922244521,0.011506836095687487,-0.016214993126757726
TRIM,KIMBERLY-CLARK CORP,494368103,CALL,94900.0,-53.503184713375795,10417173.0,0.025226429544573756,0.011488430869741339,-0.013737998674832417
TRIM,VANECK ETF TRUST,92189F791,PUT,106000.0,-42.54742547425474,10414500.0,0.028375456717010115,0.011485482989763266,-0.01688997372724685
NEW,BLACKSTONE DIGITAL INFRASTRU,09264B107,,479675.0,,10375370.0,0.0,0.011442329026597541,0.011442329026597541
ADD,AXOGEN INC,05463X106,,224618.0,10.993724366259821,10375105.0,0.008589899135582413,0.011442036775121976,0.002852137639539563
ADD,PRUDENTIAL FINL INC,744320102,PUT,96100.0,59.10596026490066,10372073.0,0.0075597520495768325,0.01143869297710719,0.003878940927530358
NEW,DUCOMMUN INC DEL,264147109,,55982.0,,10368426.0,0.0,0.011434670935101943,0.011434670935101943
KEEP,SELECT SECTOR SPDR TR,81369Y506,,194861.0,-0.19872060804408728,10349068.0,0.01532450034817432,0.01141332224052075,-0.003911178107653571
TRIM,WARNER BROS DISCOVERY INC,934423104,CALL,388000.0,-41.21212121212121,10344080.0,0.023220147365349962,0.011407821295765558,-0.011812326069584404
NEW,MAXLINEAR INC,57776J100,CALL,80700.0,,10332021.0,0.0,0.011394522199373647,0.011394522199373647
NEW,ISHARES INC,464286764,,173900.0,,10327921.0,0.0,0.011390000572770544,0.011390000572770544
NEW,ARXIS INC,04339D105,,223687.0,,10320918.0,0.0,0.01138227741396529,0.01138227741396529
TRIM,MCDONALDS CORP,580135101,CALL,38100.0,-47.44827586206897,10298811.0,0.028868588248283502,0.011357897023888503,-0.017510691224394997
TRIM,PEPSICO INC,713448108,PUT,76000.0,-3.307888040712468,10290400.0,0.015638191937093315,0.011348621072337597,-0.004289570864755718
TRIM,TIMKEN CO,887389104,,70805.0,-54.5877267246466,10289383.0,0.020089986018133475,0.011347499488372876,-0.008742486529760599
ADD,PROGRESSIVE CORP,743315103,PUT,47000.0,173.25581395348837,10267150.0,0.0043685794563861485,0.011322980140990726,0.006954400684604577
ADD,DRAFTKINGS INC NEW,26142V105,PUT,405700.0,43.458274398868454,10247982.0,0.007833495493819736,0.011301840985203336,0.0034683454913836
ADD,REDDIT INC,75734B100,PUT,59000.0,6.884057971014493,10241220.0,0.009522827965718145,0.011294383609815484,0.001771555644097339
ADD,COUPANG INC,22266T109,PUT,589400.0,56.3395225464191,10237878.0,0.009119349142068538,0.011290697932716075,0.002171348790647537
ADD,WARBY PARKER INC,93403J106,,336069.0,648.1833563382163,10196333.0,0.0012125658428683728,0.011244880621197547,0.010032314778329174
TRIM,T1 ENERGY INC,35834F104,CALL,1073300.0,-11.655280269981068,10174884.0,0.00683322239400442,0.01122122589704877,0.00438800350304435
TRIM,LENNAR CORP,526057104,CALL,112300.0,-1.404741000877963,10162027.0,0.012672550835478398,0.01120704673772289,-0.001465504097755508
TRIM,AMBARELLA INC,G037AX101,,117943.0,-77.37135248488616,10119509.0,0.034374031941497886,0.011160156367012942,-0.023213875574484944
TRIM,ROCKET COS INC,77311W101,CALL,638200.0,-72.85525924035558,10051650.0,0.04292462097525374,0.011085319035388539,-0.0318393019398652
ADD,GLOBAL X FDS,37954Y830,CALL,130200.0,80.08298755186722,10021494.0,0.007072416714792047,0.011052061920304829,0.003979645205512782
NEW,UBIQUITI INC,90353W103,,18740.0,,10007722.0,0.0,0.011036873666261425,0.011036873666261425
ADD,CAMECO CORP,13321L108,PUT,98000.0,122.22222222222223,9982280.0,0.0061366154106228385,0.011008815318935527,0.004872199908312689
TRIM,BRIXMOR PPTY GROUP INC,11120U105,,316451.0,-38.03170761319532,9977700.0,0.01884299532923233,0.011003764331169133,-0.007839230998063197
TRIM,ESSENT GROUP LTD,G3198U102,,155091.0,-11.455502523464798,9969249.0,0.013114621001840914,0.010994444266187954,-0.00212017673565296
TRIM,AEHR TEST SYS,00760J108,PUT,103600.0,-42.857142857142854,9951816.0,0.008613071109431412,0.010975218530438707,0.002362147421007295
TRIM,CHARTER COMMUNICATIONS INC,16119P108,CALL,69900.0,-4.8979591836734695,9940479.0,0.020329198275868682,0.010962715681463245,-0.009366482594405437
ADD,OKLO INC,02156V109,PUT,189300.0,237.4331550802139,9906069.0,0.0035643264445395085,0.010924767103069874,0.007360440658530365
TRIM,MAGNOLIA OIL & GAS CORP,559663109,,385561.0,-44.33047593883241,9862650.0,0.028013713326741636,0.010876883077343,-0.017136830249398636
TRIM,LAS VEGAS SANDS CORP,517834107,,213383.0,-83.8072284402326,9856161.0,0.0909675960653159,0.01086972677611677,-0.08009786928919914
NEW,OUTFRONT MEDIA INC,69007J304,PUT,300000.0,,9828000.0,0.0,0.010838669818367985,0.010838669818367985
TRIM,EOS ENERGY ENTERPRISES INC,29415C101,CALL,1669900.0,-12.735158862876252,9819012.0,0.01216055347898514,0.010828757530585376,-0.0013317959483997652
ADD,ARCHER DANIELS MIDLAND CO,039483102,PUT,128100.0,138.54748603351956,9786840.0,0.005001145130863483,0.010793277098615845,0.0057921319677523625
ADD,MASTERCARD INCORPORATED,57636Q104,PUT,19000.0,7.344632768361582,9758400.0,0.011331002965001573,0.0107619124496909,-0.0005690905153106739
TRIM,FLUTTER ENTMT PLC,G3643J108,PUT,95400.0,-4.6,9747018.0,0.013061941468016447,0.010749359973106378,-0.002312581494910069
NEW,VERSIGENT PLC,G9600F104,,231891.0,,9741741.0,0.0,0.010743540308817455,0.010743540308817455
TRIM,DEUTSCHE BK AG,D18190898,,287797.0,-78.80900663421961,9716027.0,0.05181794023484597,0.010715181990165693,-0.04110275824468028
ADD,FLAGSTAR BANK NATIONAL ASSOC,649445400,CALL,650000.0,42.731664470794904,9711000.0,0.007684211403974681,0.010709638034815984,0.003025426630841303
NEW,DPC HOLDINGS PLC,G2R11M108,,197861.0,,9707061.0,0.0,0.010705293964769734,0.010705293964769734
ADD,AGNC INVT CORP,00123Q104,PUT,890100.0,6.484029190094509,9702090.0,0.010741767831029224,0.01069981176822241,-4.195606280681455e-05
NEW,VITA COCO CO INC,92846Q107,,146345.0,,9679258.0,0.0,0.010674631822221904,0.010674631822221904
NEW,LEAR CORP,521865204,,72200.0,,9679132.0,0.0,0.01067449286491654,0.01067449286491654
ADD,VEEVA SYS INC,922475108,CALL,54400.0,2.4482109227871938,9654368.0,0.011950550259169293,0.01064718224023379,-0.0013033680189355034
TRIM,STRATEGY INC,594972408,CALL,110800.0,-15.548780487804878,9631844.0,0.02097823391185375,0.010622341967646396,-0.010355891944207355
TRIM,SLB LIMITED,806857108,CALL,206100.0,-32.66906239790918,9581589.0,0.02015405551366963,0.010566918956685661,-0.00958713655698397
NEW,STATE STR SPDR S&P MIDCAP 40,78467Y107,,13580.0,,9551357.0,0.0,0.01053357802608443,0.01053357802608443
TRIM,NOKIA CORP,654902204,CALL,718800.0,-59.37605968124788,9545664.0,0.018226470410731412,0.010527299582120658,-0.007699170828610755
TRIM,SL GREEN RLTY CORP,78440X887,,183673.0,-71.01751828042502,9508751.0,0.029993500071972438,0.010486590605827878,-0.01950690946614456
TRIM,ARCUTIS BIOTHERAPEUTICS INC,03969K108,,362449.0,-38.659145642832605,9503413.0,0.017835811379757524,0.010480703668557788,-0.007355107711199736
TRIM,SCHWAB CHARLES CORP,808513105,PUT,102700.0,-14.700996677740862,9476129.0,0.014497143266637369,0.010450613897767766,-0.004046529368869603
ADD,GE HEALTHCARE TECHNOLOGIES I,36266G107,CALL,148000.0,796.969696969697,9473480.0,0.0015047433443787421,0.010447692485847856,0.008942949141469115
ADD,EVERFORTH INC,00191U102,,529793.0,4.983305095661306,9467401.0,0.025028201930842514,0.010440988347281938,-0.014587213583560577
ADD,CANADIAN IMPERIAL BANK OF CO,136069101,CALL,82300.0,3478.260869565217,9464500.0,0.00027920780720132267,0.010437789020751301,0.010158581213549978
NEW,FIRST SOLAR INC,336433107,,39932.0,,9422355.0,0.0,0.01039131000777866,0.01039131000777866
TRIM,ENPHASE ENERGY INC,29355A107,PUT,191100.0,-18.680851063829788,9409764.0,0.011384004082671892,0.010377424202764102,-0.0010065798799077895
TRIM,UNILEVER PLC,904767803,,155998.0,-68.08851867459282,9378600.0,0.03568114599746815,0.010343055429237483,-0.025338090568230665
ADD,HARMONIC INC,413160102,,573131.0,575.6628352490421,9359229.0,0.0009759352243737812,0.010321692397791451,0.00934575717341767
ADD,ETSY INC,29786A106,CALL,124200.0,3.2418952618453867,9355986.0,0.007703398813040401,0.010318115901431972,0.002614717088391571
TRIM,STATE STR SPDR S&P MIDCAP 40,78467Y107,PUT,13300.0,-6.993006993006993,9354422.0,0.011299851611901685,0.01031639106630825,-0.0009834605455934353
TRIM,BLOOM ENERGY CORP,093712107,PUT,30900.0,-66.70258620689656,9353430.0,0.016109264866478047,0.01031529705323745,-0.005793967813240597
ADD,CARMAX INC,143130102,CALL,176700.0,4.742145820983995,9345663.0,0.008987110277264237,0.010306731327913961,0.001319621050649724
ADD,J & J SNACK FOODS CORP,466032109,,127169.0,144.45704619288364,9340563.0,0.005283334314994287,0.010301106865554,0.0050177725505597135
TRIM,TANGO THERAPEUTICS INC,87583X109,,298339.0,-44.12468137626724,9326077.0,0.01431107305973202,0.010285131186780204,-0.004025941872951817
NEW,SOUTHERN COPPER CORP,84265V105,,53495.0,,9322039.0,0.0,0.010280677935994026,0.010280677935994026
TRIM,DOW HLDGS INC,260557103,PUT,340500.0,-43.07923771313942,9316080.0,0.03192139907149326,0.010274106137718926,-0.021647292933774334
TRIM,AIR PRODUCTS AND CHEMICALS I,009158106,,31650.0,-94.54844221520993,9279147.0,0.21607513025050676,0.010233375104711012,-0.20584175514579575
ADD,HSBC HLDGS PLC,404280406,CALL,97400.0,64.80541455160744,9261766.0,0.0062461051010567524,0.010214206716421122,0.00396810161536437
TRIM,FIRST TR EXCHANGE-TRADED FD,33734X846,CALL,102900.0,-14.817880794701988,9245565.0,0.009700998228426162,0.010196339674324319,0.0004953414458981568
ADD,TANDEM DIABETES CARE INC,875372203,,610903.0,45.28774394855379,9218526.0,0.010327278283988136,0.010166520098294725,-0.00016075818569341073
ADD,GE HEALTHCARE TECHNOLOGIES I,36266G107,PUT,143900.0,677.8378378378378,9211039.0,0.0016871364770307108,0.010158263166983154,0.008471126689952443
NEW,SAREPTA THERAPEUTICS INC,803607100,,510908.0,,9181017.0,0.0,0.010125153831890861,0.010125153831890861
ADD,T1 ENERGY INC,35834F104,,964061.0,89.67870774800299,9139298.0,0.0028587151134740404,0.010079144626950639,0.0072204295134765985
TRIM,APPLIED INDL TECHNOLOGIES IN,03820C105,,27013.0,-51.27964649652809,9134446.0,0.018847461629179118,0.01007379366785838,-0.008773667961320737
TRIM,TJX COS INC NEW,872540109,CALL,60200.0,-29.836829836829835,9120300.0,0.01755547995091153,0.010058192953241915,-0.007497286997669614
ADD,CLEANSPARK INC,18452B209,CALL,625600.0,58.741436183709716,9102480.0,0.004296912382340397,0.010038540420054764,0.005741628037714367
ADD,LKQ CORP,501889208,CALL,344800.0,1425.6637168141592,9078584.0,0.0008504188712794049,0.010012187056808964,0.00916176818552956
NEW,LEMAITRE VASCULAR INC,525558AB8,,8500000.0,,9056119.0,0.0,0.009987411851531222,0.009987411851531222
ADD,MERCK & CO INC,58933Y105,PUT,70200.0,2.1834061135371177,9020700.0,0.010587825259656191,0.009948350511859187,-0.0006394747477970041
NEW,OPEN TEXT CORP,683715106,,407163.0,,9012759.0,0.0,0.009939592893114003,0.009939592893114003
TRIM,NATIONAL GRID PLC,636274409,,108332.0,-44.17631569454965,8977473.0,0.021034352214770922,0.009900678230597629,-0.011133673984173293
ADD,VISHAY PRECISION GROUP INC,92835K103,,59768.0,252.50958419345326,8959821.0,0.0009432092635187009,0.009881210973817629,0.008938001710298928
TRIM,VIATRIS INC,92556V106,,563129.0,-68.3133569400078,8942489.0,0.030761499950343944,0.009862096624479823,-0.02089940332586412
ADD,NORWEGIAN CRUISE LINE HLDGS,G66721104,PUT,423200.0,234.017363851618,8933752.0,0.0030355593232718673,0.009852461148472184,0.006816901825200316
TRIM,VALERO ENERGY CORP,91913Y100,CALL,34300.0,-48.65269461077844,8933092.0,0.02114630823549674,0.00985173327687266,-0.01129457495862408
NEW,LIVE NATION ENTERTAINMENT IN,538034BA6,,5000000.0,,8910084.0,0.0,0.009826359231778947,0.009826359231778947
ADD,APOLLO GLOBAL MGMT INC,03769M106,CALL,75300.0,204.85829959514172,8908743.0,0.0035259862190926824,0.009824880329029005,0.006298894109936322
NEW,ULTRA CLEAN HLDGS INC,90385V107,,62439.0,,8903177.0,0.0,0.009818741945206351,0.009818741945206351
TRIM,MCDONALDS CORP,580135101,PUT,32900.0,-51.83016105417276,8893199.0,0.02719620106700363,0.009807737850024456,-0.017388463216979178
TRIM,THE REALREAL INC,88339P101,,750960.0,-59.97789340335532,8853818.0,0.021828465726394134,0.00976430707508376,-0.012064158651310374
ADD,CHAGEE HLDGS LTD,15743P104,,734651.0,4182.430778198775,8830505.0,0.0002046259791742335,0.009738596665084207,0.009533970685909974
NEW,TFI INTERNATIONAL INC,87241L109,,61426.0,,8820998.0,0.0,0.009728112005543788,0.009728112005543788
ADD,VICOR CORP,925815102,CALL,23200.0,144.21052631578948,8810896.0,0.001959611522837779,0.009716971158728042,0.007757359635890263
TRIM,CURBLINE PPTYS CORP,23128Q101,,289727.0,-13.770443012544831,8807701.0,0.011102087796386372,0.009713447598484892,-0.00138864019790148
TRIM,GROUP 1 AUTOMOTIVE INC,398905109,,30238.0,-28.64188790560472,8804398.0,0.017950331102776374,0.00970980493198,-0.008240526170796373
ADD,ENERPAC TOOL GROUP CORP,292765104,,245463.0,347.17445165051373,8802303.0,0.0025648694758389676,0.00970749449106939,0.0071426250152304225
TRIM,ISHARES TR,464288810,,178122.0,-2.6288600619905864,8801008.0,0.012503806438722334,0.009706066318764264,-0.0027977401199580695
NEW,ROBINHOOD MKTS INC,770700102,,87600.0,,8784528.0,0.0,0.009687891585491298,0.009687891585491298
ADD,ARIS MINING CORPORATION,04040Y109,,589486.0,69.62698442387322,8783523.0,0.008262838114665503,0.00968678323555566,0.0014239451208901566
ADD,CLEVELAND-CLIFFS INC NEW,185899101,CALL,931000.0,58.14506539833532,8742090.0,0.006373401055592922,0.009641089441641899,0.003267688386048977
TRIM,BUNGE GLOBAL SA,H11356104,PUT,81700.0,-38.2464096749811,8719841.0,0.02156092846601303,0.00961655244888764,-0.011944376017125391
TRIM,RIVIAN AUTOMOTIVE INC,76954A103,PUT,500000.0,-79.18054630246503,8675000.0,0.046308176299686504,0.009567100190714516,-0.03674107610897199
TRIM,EMERSON ELEC CO,291011104,CALL,60600.0,-33.84279475982533,8674890.0,0.01537636118846293,0.009566978878781262,-0.0058093823096816675
TRIM,AMERICAN ELEC PWR CO INC,025537101,CALL,63400.0,-38.146341463414636,8673754.0,0.017213960469036643,0.009565726057361477,-0.0076482344116751665
TRIM,SBA COMMUNICATIONS CORP,78410G104,,49105.0,-51.8568991548854,8665068.0,0.022491492181489624,0.009556146825977435,-0.012935345355512188
ADD,KASPI KZ JSC,48581R205,,99918.0,1184.9537037037037,8656896.0,0.0007379362730211375,0.009547134452172418,0.008809198179151281
NEW,WAVE LIFE SCIENCES LTD,Y95308105,,1484989.0,,8627786.0,0.0,0.009515030903290379,0.009515030903290379
TRIM,MODERNA INC,60770K107,CALL,123200.0,-72.3828737951132,8627696.0,0.02903463954048186,0.009514931648072262,-0.019519707892409602
NEW,LANDSTAR SYS INC,515098101,,41683.0,,8620461.0,0.0,0.00950695263137142,0.00950695263137142
ADD,EATON CORP PLC,G29183103,PUT,20200.0,10.989010989010989,8607624.0,0.00834016045204032,0.009492795528760674,0.0011526350767203548
ADD,WILLDAN GROUP INC,96924N100,,108675.0,38.578952066410785,8596193.0,0.00769227534312129,0.009480189013224068,0.0017879136701027774
NEW,ASHLAND INC,044186104,CALL,130400.0,,8592056.0,0.0,0.00947562658169796,0.00947562658169796
NEW,INVESCO EXCH TRADED FD TR II,46138E339,PUT,53100.0,,8577774.0,0.0,0.009459875881418561,0.009459875881418561
TRIM,AMPHENOL CORP,032095101,CALL,48600.0,-7.251908396946565,8569152.0,0.008482561878857793,0.009450367231522962,0.0009678053526651683
TRIM,MOODYS CORP,615369105,,18880.0,-20.672268907563023,8551130.0,0.01330248874713563,0.009430491925512924,-0.0038719968216227064
ADD,NEWS CORP NEW,65249B208,,303874.0,3069.3158114309554,8526704.0,0.00035022402629212044,0.009403554059315993,0.009053330033023872
NEW,CASTLE BIOSCIENCES INC,14843C105,,357317.0,,8522010.0,0.0,0.009398377348273318,0.009398377348273318
TRIM,TERAWULF INC,88080T104,CALL,343000.0,-54.12598635816504,8472100.0,0.013823378985995685,0.009343334815648698,-0.004480044170346987
TRIM,JEFFERIES FINANCIAL GROUP IN,47233W109,CALL,169500.0,-32.8978622327791,8471610.0,0.013356366212816164,0.00934279442612784,-0.004013571786688324
ADD,POSCO HOLDINGS INC,693483109,,164778.0,423.07155101263413,8466294.0,0.0023606970451963355,0.0093369317512444,0.006976234706048064
ADD,NOVARTIS AG,66987V109,CALL,54000.0,23.28767123287671,8462880.0,0.008571875065688144,0.009333166669970498,0.0007612916042823541
ADD,ERO COPPER CORP,296006109,,316880.0,9.762518358411617,8457760.0,0.00987214233252598,0.009327520150895401,-0.0005446221816305784
TRIM,ISHARES TR,464287440,PUT,89300.0,-63.96287328490718,8445101.0,0.03030067029923648,0.009313559353049377,-0.020987110946187104
TRIM,IONQ INC,46222L108,CALL,158300.0,-20.572002007024587,8431058.0,0.007361603870899147,0.009298072230515868,0.0019364683596167212
TRIM,ANHEUSER BUSCH INBEV SA NV,03524A108,CALL,102300.0,-7.837837837837839,8429520.0,0.009865410852342266,0.009296376069121825,-0.0005690347832204411
NEW,AXSOME THERAPEUTICS INC.,05464T104,PUT,34400.0,,8420088.0,0.0,0.009285974122263172,0.009285974122263172
ADD,KLA CORP,482480100,CALL,27900.0,1450.0,8417709.0,0.0033956409834683446,0.009283350475997614,0.005887709492529269
ADD,WINGSTOP INC,974155103,PUT,48500.0,3133.333333333333,8410385.0,0.00029782379636564624,0.009275273306914411,0.008977449510548765
ADD,NLIGHT INC,65487K100,,120666.0,27.570093457943923,8400767.0,0.006910091182847636,0.009264666232604982,0.002354575049757346
NEW,ORLA MNG LTD NEW,68634K106,,856244.0,,8373864.0,0.0,0.00923499664223832,0.00923499664223832
KEEP,FLUOR CORP,343412102,CALL,159700.0,0.314070351758794,8366683.0,0.00951514070247066,0.009227077178668346,-0.0002880635238023139
KEEP,HALOZYME THERAPEUTICS INC,40637HAD1,,7500000.0,0.0,8364414.0,0.010020760192889586,0.009224574844336043,-0.0007961853485535433
TRIM,EXPAND ENERGY CORPORATION,165167735,CALL,91300.0,-17.89568345323741,8325647.0,0.015640423805856167,0.009181821210550056,-0.006458602595306111
ADD,ARTISAN PARTNERS ASSET MGMT,04316A108,,240579.0,5.387220136586049,8307193.0,0.010643203022880526,0.00916146947949306,-0.001481733543387466
NEW,GLOBALFOUNDRIES INC,G39387108,CALL,100800.0,,8306928.0,0.0,0.009161177228017493,0.009161177228017493
ADD,UPSTART HLDGS INC,91680M107,CALL,232000.0,129.4757665677547,8219760.0,0.003322454393720674,0.009065045240763982,0.005742590847043308
ADD,SCHWAB STRATEGIC TR,808524797,PUT,259200.0,7.596513075965131,8219232.0,0.0094691862427772,0.009064462943484364,-0.00040472329929283624
NEW,FIRST TRACKS BIOTHERAPEUTICS,337185102,,408330.0,,8215600.0,0.0,0.009060457444015468,0.009060457444015468
TRIM,D R HORTON INC,23331A109,CALL,50400.0,-13.993174061433447,8209152.0,0.010302331833539511,0.009053346359055268,-0.001248985474484243
TRIM,ROCKET LAB CORP,773121108,CALL,80700.0,-50.49079754601227,8203155.0,0.013411532576301191,0.009046732653021411,-0.00436479992327978
ADD,HAEMONETICS CORP MASS,405024100,,109236.0,92.08693817261026,8192700.0,0.004106382281540967,0.009035202505183495,0.004928820223642528
ADD,CANADIAN SOLAR INC,136635109,CALL,510000.0,31.27413127413127,8170200.0,0.006893841589552996,0.009010388700654263,0.002116547111101267
TRIM,GLOBAL X FDS,37954Y848,CALL,105200.0,-69.95144244501572,8148792.0,0.040405547089001126,0.00898677919277152,-0.031418767896229605
ADD,KRANESHARES TRUST,500767306,,332350.0,2115.6666666666665,8132605.0,0.0005463722353149204,0.008968927590375313,0.008422555355060393
ADD,SHATTUCK LABS INC,82024L103,,1170732.0,13.547658743667856,8124880.0,0.008493971058727602,0.008960408184153609,0.0004664371254260065
ADD,ILLUMINA INC,452327109,CALL,46200.0,532.8767123287672,8123346.0,0.0011528306825932578,0.008958716434102594,0.007805885751509337
NEW,ISHARES TR,464288281,,84200.0,,8120248.0,0.0,0.008955299848927858,0.008955299848927858
TRIM,GLOBALSTAR INC,378973507,CALL,99700.0,-39.207317073170735,8104613.0,0.013956072680542126,0.008938057011869435,-0.005018015668672691
ADD,TENAX THERAPEUTICS INC,88032L605,,556761.0,4.269193673742661,8100873.0,0.010939103722223759,0.008933932406138798,-0.0020051713160849603
NEW,RUSH ENTERPRISES INC,781846209,,110922.0,,8095643.0,0.0,0.008928164575130447,0.008928164575130447
TRIM,LAKEFRONT BIOTHERAPEUTICS NV,36315X101,,269814.0,-18.761309747835906,8089024.0,0.012765661530353006,0.008920864905255827,-0.003844796625097178
NEW,APPLIED AEROSPACE & DEFENSE,03815J107,,353417.0,,8050839.0,0.0,0.00887875312188033,0.00887875312188033
TRIM,PEABODY ENGR CORP,704551100,CALL,348200.0,-31.18577075098814,8050384.0,0.021361238991054222,0.008878251331610963,-0.01248298765944326
ADD,PACIFIC BIOSCIENCES CALIF IN,69404D108,,4787300.0,1575.638781939097,8042664.0,0.00048317524415735505,0.008869737439568044,0.00838656219541069
ADD,UTZ BRANDS INC,918090101,,1043982.0,243.06529525812493,8038661.0,0.0030878903678291146,0.008865322788033354,0.005777432420204239
TRIM,CMB.TECH NV,B38564108,,573199.0,-47.15793646403746,8019054.0,0.01758072107978464,0.008843699487348703,-0.008737021592435938
NEW,REPLIMUNE GROUP INC,76029N106,,723262.0,,8006510.0,0.0,0.008829865515614719,0.008829865515614719
TRIM,ISHARES INC,464286509,PUT,138900.0,-22.661469933184854,8006196.0,0.012607475589667362,0.008829519225187066,-0.0037779563644802956
TRIM,SEA LTD,81141R100,PUT,83500.0,-31.275720164609055,8001805.0,0.012890790957863923,0.008824676673378717,-0.004066114284485205
ADD,KOREA ELEC PWR CORP,500631106,,657330.0,24.85469423107606,7953693.0,0.009612004063020582,0.008771617039444924,-0.0008403870235756585
ADD,ARCOS DORADOS HLDGS INC,G0457F107,,986585.0,102.58086109468427,7951875.0,0.00514766821199215,0.008769612084038963,0.003621943872046813
TRIM,WARNER BROS DISCOVERY INC,934423104,PUT,297600.0,-25.785536159600998,7934016.0,0.014107998626523236,0.008749916540257294,-0.005358082086265942
NEW,SOLVENTUM CORP,83444M101,,102705.0,,7923691.0,0.0,0.00873852976106777,0.00873852976106777
TRIM,SUTRO BIOPHARMA INC,869367201,,237827.0,-65.63744832837507,7895856.0,0.022088691118216337,0.008707832327775718,-0.013380858790440618
TRIM,ANNEXON INC,03589W102,,1382699.0,-26.129784511658592,7895211.0,0.013285825322836169,0.008707120998712547,-0.0045787043241236215
ADD,ATARA BIOTHERAPEUTICS INC,046513206,,687718.0,254.0120660544414,7895003.0,0.0011772646488253855,0.008706891608875122,0.007529626960049736
ADD,DREAM FINDERS HOMES INC,26154D100,,457332.0,655.5584926233706,7893550.0,0.0010795018784755086,0.008705289188520413,0.007625787310044904
ADD,NATWEST GROUP PLC,639057207,,447720.0,62.46874693819786,7893304.0,0.0052606991683620714,0.008705017890924226,0.0034443187225621542
NEW,BELITE BIO INC,07782B104,,51186.0,,7881877.0,0.0,0.008692415786730648,0.008692415786730648
NEW,XENON PHARMACEUTICALS INC,98420N105,,130378.0,,7869616.0,0.0,0.008678893917515852,0.008678893917515852
ADD,DECKERS OUTDOOR CORP,243537107,CALL,79200.0,202.29007633587787,7863768.0,0.003359792712524245,0.008672444534009765,0.00531265182148552
ADD,NU HLDGS LTD,G6683N103,PUT,588600.0,235.57582668187,7863696.0,0.003229288606792792,0.008672365129835272,0.005443076523042481
ADD,TAYLOR MORRISON HOME CORP,87724P106,,109604.0,112.06562959523256,7862991.0,0.0038565411011555737,0.00867158763062669,0.004815046529471116
ADD,ST JOE CO,790148100,,125294.0,155.96845696541297,7847163.0,0.003938437360162644,0.008654131946267194,0.00471569458610455
ADD,HP INC,40434L105,PUT,357200.0,35.50834597875569,7836968.0,0.006487737565504375,0.008642888535726059,0.002155150970221684
TRIM,VALE S A,91912E105,,520233.0,-81.9071480316664,7824304.0,0.058611325949491394,0.008628922223701251,-0.049982403725790145
ADD,IONQ INC,46222L108,PUT,146800.0,125.49923195084484,7818568.0,0.002404618223760835,0.008622596357799934,0.006217978134039098
TRIM,GENERAC HLDGS INC,368736104,CALL,26700.0,-20.77151335311573,7818027.0,0.008433723414235986,0.008621999723655476,0.0001882763094194894
TRIM,BOBS DISC FURNITURE INC,09681N106,,493970.0,-57.83148472066784,7814605.0,0.017634803539151776,0.008618225819695517,-0.00901657771945626
ADD,DAVE & BUSTERS ENTMT INC,238337109,,685330.0,42.13510643593105,7812762.0,0.006690326419918024,0.008616193293395634,0.0019258668734776097
NEW,WESTERN ALLIANCE BANCORP,957638109,,95029.0,,7811384.0,0.0,0.008614673585722689,0.008614673585722689
ADD,ELDORADO GOLD CORP NEW,284902509,CALL,251200.0,65.58998022412656,7809808.0,0.00667236641055082,0.008612935516569886,0.0019405691060190664
KEEP,SPIRIT AEROSYSTEMS INC,85205TAQ3,,5000000.0,0.0,7807055.0,0.009495010322446583,0.008609899409731265,-0.000885110912715318
TRIM,MEDTRONIC PLC,G5960L103,CALL,99600.0,-27.299270072992698,7791708.0,0.01520931439567402,0.008592974189370816,-0.006616340206303204
ADD,FLUOR CORP,343412102,PUT,148300.0,14.340786430223593,7769437.0,0.007751970785869628,0.008568412934229904,0.0008164421483602769
TRIM,KFORCE INC,493732101,,165012.0,-53.49691833807254,7742363.0,0.013293265312449194,0.00853855475894882,-0.004754710553500373
ADD,WEBULL CORP,G9572D103,CALL,1182100.0,6089.005235602094,7707292.0,0.00011746138242155449,0.008499877206120169,0.008382415823698615
ADD,TORM PLC,G89479102,,295188.0,19.318498757048445,7692599.0,0.008843326424272756,0.008483673240344703,-0.00035965318392805305
TRIM,STRATEGY INC,594972AJ0,,7500000.0,-85.0,7683483.0,0.07405863160925481,0.008473619789585215,-0.0655850118196696
ADD,F&G ANNUITIES & LIFE INC,30190A104,,288705.0,123.99854135793369,7676666.0,0.0041811268233067946,0.008466101758230737,0.0042849749349239425
NEW,LIONSGATE STUDIOS CORP,53626N102,PUT,500000.0,,7655000.0,0.0,0.008442207718722724,0.008442207718722724
NEW,SOLAREDGE TECHNOLOGIES INC,83417M104,,130944.0,,7652367.0,0.0,0.008439303952174924,0.008439303952174924
ADD,FAIR ISAAC CORP,303250104,PUT,6400.0,300.0,7646592.0,0.002188389601925066,0.008432935075679089,0.006244545473754023
ADD,CONOCOPHILLIPS,20825C104,PUT,73500.0,67.04545454545455,7641060.0,0.007441270823564446,0.00842683418827217,0.0009855633647077242
ADD,MERCADOLIBRE INC,58733R102,CALL,4500.0,18.421052631578945,7638255.0,0.00841790687010429,0.008423740733974191,5.8338638699011874e-06
ADD,LAUDER ESTEE COS INC,518439104,PUT,96700.0,162.77173913043478,7634465.0,0.003383851284067787,0.008419560986455712,0.005035709702387925
TRIM,DOLLAR TREE INC,256746108,CALL,63100.0,-70.34774436090225,7631945.0,0.029856981963960368,0.008416781840348438,-0.02144020012361193
ADD,RTX CORPORATION,75513E101,PUT,40200.0,1016.6666666666666,7627146.0,0.0008897238482637902,0.008411489331551293,0.007521765483287503
ADD,C3 AI INC,12468P104,CALL,837500.0,36.91351969919896,7612875.0,0.006598892829641909,0.008395750762465218,0.0017968579328233088
TRIM,C H ROBINSON WORLDWIDE IN,12541W209,PUT,40400.0,-26.142595978062154,7608936.0,0.01163855371179637,0.008391406692418968,-0.0032471470193774013
NEW,WINTRUST FINL CORP,97650W108,,47228.0,,7590484.0,0.0,0.008371057167033485,0.008371057167033485
TRIM,TOWER SEMICONDUCTOR LTD,M87915274,CALL,29100.0,-45.19774011299435,7584624.0,0.01193830444881605,0.008364594549498318,-0.0035737098993177327
TRIM,WERIDE INC,950915108,,1302628.0,-30.438098126846015,7581295.0,0.01940966322073115,0.008360923209263748,-0.011048740011467401
ADD,RAPID7 INC,753422104,,934660.0,3.256696726952952,7570746.0,0.006390097791366457,0.008349289394864687,0.0019591916034982304
NEW,HECLA MINING COMPANY,422704106,PUT,488000.0,,7529840.0,0.0,0.008304176795394788,0.008304176795394788
TRIM,ROYAL CARIBBEAN GROUP,V7780T103,PUT,23600.0,-37.89473684210527,7493708.0,0.013397413636136645,0.008264329133828114,-0.005133084502308531
ADD,SIBANYE STILLWATER LTD,82575P107,,881870.0,67.48172527808534,7487076.0,0.00831128837249331,0.008257015127088655,-5.4273245404655446e-05
NEW,EQUIFAX INC,294429105,,47152.0,,7483965.0,0.0,0.00825358420504908,0.00825358420504908
ADD,UNILEVER PLC,904767803,CALL,124300.0,2119.6428571428573,7472916.0,0.0004087471613952156,0.008241398972771591,0.007832651811376375
TRIM,FISERV INC,337738108,PUT,152200.0,-62.26134391272006,7465410.0,0.028832541389705507,0.00823312108758064,-0.020599420302124867
ADD,CLOUDFLARE INC,18915M107,PUT,30400.0,13.857677902621724,7456512.0,0.007058545048261963,0.008223308055016148,0.001164763006754185
NEW,ISHARES TR,464287432,,86078.0,,7438861.0,0.0,0.008203841901071906,0.008203841901071906
ADD,PEARSON PLC,705015105,,467571.0,51.25188429613048,7429703.0,0.005200342620974451,0.008193742131210631,0.0029933995102361804
NEW,PERRIGO CO PLC,G97822103,,713173.0,,7409867.0,0.0,0.00817186628113766,0.00817186628113766
NEW,HANOVER INS GROUP INC,410867105,,34543.0,,7396347.0,0.0,0.008156955941704985,0.008156955941704985
ADD,SNAP INC,83304A106,CALL,1665100.0,87.46903850484125,7393044.0,0.005234667532585008,0.008153313275200094,0.002918645742615086
TRIM,LOGITECH INTL S A,H50430232,,78600.0,-46.7479674796748,7391544.0,0.0172314003069241,0.008151659021564813,-0.009079741285359289
ADD,AKAMAI TECHNOLOGIES INC,00971T101,CALL,62500.0,876.5625,7388125.0,0.0009417409962384315,0.008147888426112125,0.0072061474298736935
TRIM,XP INC,G98239109,,453987.0,-28.251304630926157,7381829.0,0.01543536349630845,0.008140944972186969,-0.007294418524121481
ADD,FLEX LNG LTD,G35947202,,263034.0,284.1538753632925,7380734.0,0.0026063320113748133,0.008139737367033212,0.0055334053556583985
ADD,APA CORPORATION,03743Q108,PUT,226100.0,862.127659574468,7364077.0,0.001277802521207604,0.008121367431831283,0.00684356491062368
ADD,SCHWAB STRATEGIC TR,808524797,CALL,232100.0,15.071888943976203,7359891.0,0.007928330698082861,0.00811675096135309,0.00018842026327022844
TRIM,CVR ENERGY INC,12662P108,,267071.0,-43.75096092889442,7355135.0,0.020469970002877688,0.008111505874493488,-0.0123584641283842
NEW,TD SYNNEX CORPORATION,87162W100,CALL,27500.0,,7351850.0,0.0,0.008107883059032222,0.008107883059032222
ADD,LAMB WESTON HLDGS INC,513272104,PUT,170100.0,193.78238341968913,7344918.0,0.0031349351376931743,0.008100238201565704,0.0049653030638725296
ADD,PHILLIPS 66,718546104,CALL,43400.0,1042.1052631578948,7336770.0,0.0008869615583368609,0.008091252295818852,0.007204290737481992
TRIM,AMPHENOL CORP,032095101,PUT,41600.0,-58.14889336016097,7334912.0,0.016090966617527954,0.008089203226982616,-0.008001763390545338
NEW,TURNING PT BRANDS INC,90041L105,,86470.0,,7333521.0,0.0,0.008087669182444832,0.008087669182444832
ADD,FMC CORP,302491303,,637145.0,53.81504871713163,7327168.0,0.009138882477980394,0.008080662866881534,-0.0010582196110988599
ADD,UNITI GROUP LLC,912932100,,638671.0,118.5904434640646,7325556.0,0.003511311233553236,0.008078885095641484,0.004567573862088248
ADD,BIOHAVEN LTD,G1110E107,,491918.0,31.846507227304283,7319740.0,0.0040440360141827895,0.008072471002879616,0.004028434988696827
NEW,UNILEVER PLC,904767803,PUT,121600.0,,7310592.0,0.0,0.00806238226137591,0.00806238226137591
NEW,SPACE EXPLORATION TECHN CORP,84615Q103,CALL,42600.0,,7278636.0,0.0,0.008027140041929861,0.008027140041929861
ADD,CAESARS ENTERTAINMENT INC NE,12769G100,PUT,241100.0,32.472527472527474,7276398.0,0.006162955818140343,0.00802467189550602,0.0018617160773656775
ADD,VANGUARD STAR FDS,921909768,CALL,85100.0,40.894039735099334,7275199.0,0.005967166348069092,0.008023349595433552,0.00205618324736446
ADD,MILESTONE PHARMACEUTICALS IN,59935V107,,5411138.0,398.40865151245805,7250925.0,0.0016552766145015137,0.00799657936027166,0.006341302745770146
TRIM,CSX CORP,126408103,PUT,152500.0,-11.28563118091914,7248325.0,0.00904085577825902,0.007993711987303838,-0.001047143790955182
NEW,APOGEE THERAPEUTICS INC,03770N101,,54559.0,,7241616.0,0.0,0.007986313062211101,0.007986313062211101
ADD,MARRIOTT INTL INC NEW,571903202,CALL,19500.0,16.071428571428573,7226505.0,0.007039964932992795,0.007969648111089269,0.0009296831780964739
TRIM,PRECIGEN INC,74017N105,,1266679.0,-80.93602981535771,7220070.0,0.03294463402662881,0.00796255136299391,-0.0249820826636349
ADD,INGRAM MICRO HLDG CORP,457152106,,262730.0,84.53768999522377,7206684.0,0.004251941892342616,0.007947788803552652,0.0036958469112100363
TRIM,ENERFLEX LTD,29269R105,,293927.0,-36.27723253096416,7204648.0,0.012353792058868766,0.007945543429951695,-0.004408248628917071
NEW,BANCO BRADESCO S A,059460303,,2073726.0,,7195829.0,0.0,0.007935817521411995,0.007935817521411995
TRIM,HUMANA INC,444859102,CALL,18100.0,-58.39080459770115,7189682.0,0.009663485664988982,0.007929038390014609,-0.0017344472749743732
ADD,ISHARES TR,464287481,PUT,49100.0,106.30252100840336,7188731.0,0.003906738930161644,0.007927989593209839,0.004021250663048195
TRIM,AMGEN INC,031162100,CALL,19800.0,-31.724137931034484,7169976.0,0.013073023939198236,0.00790730590859003,-0.005165718030608207
ADD,NAVIGATOR HLDGS LTD,Y62132108,,384803.0,376.6660885937965,7168880.0,0.001999293175721291,0.007906097200600518,0.005906804024879227
TRIM,VERTEX PHARMACEUTICALS INC,92532F100,CALL,14400.0,-13.253012048192772,7152912.0,0.009497055134470413,0.00788848711923506,-0.0016085680152353524
ADD,UBS GROUP AG,H42097107,CALL,144200.0,14.082278481012658,7146552.0,0.006327191635001754,0.007881473083821465,0.0015542814488197117
NEW,WSFS FINL CORP,929328102,,93097.0,,7143333.0,0.0,0.00787792305552015,0.00787792305552015
ADD,GENERAL MILLS INC,370334104,PUT,205100.0,127.8888888888889,7137480.0,0.004291799071070279,0.007871468157835279,0.0035796690867650003
ADD,TSAKOS ENERGY NAVIGATION LTD,G9108L173,,201791.0,151.8955423235841,7137348.0,0.00405003592314745,0.007871322583515375,0.0038212866603679245
TRIM,SYNOPSYS INC,871607107,CALL,16000.0,-11.11111111111111,7137120.0,0.009143538397087288,0.007871071136962811,-0.0012724672601244769
ADD,VALE S A,91912E105,PUT,474300.0,4.563492063492063,7133472.0,0.009246209485020683,0.007867047992121805,-0.0013791614928988782
ADD,SMUCKER J M CO,832696405,CALL,63400.0,1032.142857142857,7132500.0,0.0006919356897481936,0.007865976035766144,0.00717404034601795
TRIM,BLACKROCK INC,09290D101,CALL,7400.0,-38.84297520661157,7115544.0,0.01490905117443784,0.007847276352672915,-0.007061774821764925
TRIM,AMKOR TECHNOLOGY INC,031652100,CALL,82200.0,-35.981308411214954,7088106.0,0.00740776973033191,0.007817016745176335,0.0004092470148444249
TRIM,MGM RESORTS INTERNATIONAL,552953101,PUT,148100.0,-31.307977736549162,7080661.0,0.010223235019565066,0.007808806132966552,-0.002414428886598513
NEW,AXSOME THERAPEUTICS INC.,05464T104,CALL,28900.0,,7073853.0,0.0,0.007801298027133886,0.007801298027133886
ADD,GETTY RLTY CORP NEW,374297109,,211463.0,66.32818399194564,7054406.0,0.005179838127472329,0.007779851180170332,0.002600013052698003
ADD,UNIVERSAL CORP VA MTNS BK EN,913456109,,134762.0,192.5284362247113,7030534.0,0.0031105024526715884,0.007753524284982697,0.004643021832311108
ADD,GOLDMAN SACHS GROUP INC,38141G104,,6936.0,83.4920634920635,7014862.0,0.004097108879643418,0.00773624064300127,0.003639131763357852
TRIM,INTUITIVE MACHINES INC,46125A100,CALL,327800.0,-22.615675165250234,7011642.0,0.010072897774655105,0.007732689511864198,-0.002340208262790907
TRIM,AGNICO EAGLE MINES LTD,008474108,CALL,45100.0,-5.052631578947368,6996363.0,0.012352855493963116,0.007715839284335215,-0.004637016209627902
TRIM,MURPHY USA INC,626755102,,12976.0,-79.99229049417931,6992377.0,0.041045404132668696,0.007711443381008392,-0.033333960751660306
ADD,PLAINS GP HLDGS L P,72651A207,PUT,287300.0,197.720207253886,6972771.0,0.0030019019223533,0.007689821183159498,0.004687919260806198
ADD,LAMB WESTON HLDGS INC,513272104,CALL,161400.0,226.72064777327935,6969252.0,0.002674711499171724,0.007685940304131127,0.0050112288049594025
ADD,ANALOG DEVICES INC,032654105,CALL,17500.0,1150.0,6950475.0,0.0005706460502293922,0.007665232357124666,0.007094586306895274
TRIM,H2O AMERICA,784305104,,114239.0,-69.21851970608603,6942304.0,0.02789725513217388,0.007656221086155406,-0.020241034046018472
TRIM,SLB LIMITED,806857108,PUT,149200.0,-38.80229696472519,6936308.0,0.01605213568844383,0.0076496084829573065,-0.008402527205486522
TRIM,JEFFERIES FINANCIAL GROUP IN,47233W109,,138528.0,-33.56003088714203,6923629.0,0.011024606588904442,0.007635625628396144,-0.0033889809605082977
ADD,BLACKROCK INC,09290D101,PUT,7200.0,5.88235294117647,6923232.0,0.008378640329436141,0.007635187802600673,-0.000743452526835468
ADD,SYNOPSYS INC,871607107,PUT,15500.0,103.94736842105263,6914085.0,0.0038606051009924106,0.007625100163932723,0.0037644950629403128
ADD,AMBEV SA,02319V103,,2197011.0,567.5734722154699,6898615.0,0.0012312228307700163,0.007608039294774181,0.006376816464004165
ADD,MODERNA INC,60770K107,PUT,98400.0,39.97155049786629,6890952.0,0.004575510333324086,0.007599588264369403,0.0030240779310453172
ADD,EQUINOX GOLD CORP,29446Y502,CALL,707200.0,45.036915504511896,6873984.0,0.009033426038330327,0.007580875347247093,-0.0014525506910832344
KEEP,VISTANCE NETWORKS INC,20337X109,PUT,537600.0,0.27979854504756574,6870528.0,0.012500796875160945,0.0075770639468714035,-0.004923732928289542
TRIM,ILLUMINA INC,452327109,,39000.0,-27.37430167597765,6857370.0,0.008480412007569582,0.0075625528339827094,-0.0009178591735868723
ADD,CNA FINL CORP,126117100,,141016.0,460.9451449938343,6854788.0,0.0014790076682367074,0.007559705312058511,0.0060806976438218035
NEW,CANADIAN NAT RES LTD MED TER,136385101,,173588.0,,6850580.0,0.0,0.0075550645791936655,0.0075550645791936655
ADD,DECKERS OUTDOOR CORP,243537107,PUT,68900.0,98.55907780979827,6841081.0,0.004449801798648523,0.007544588742339303,0.0030947869436907804
ADD,OLIN CORP,680665205,,344951.0,128.30073794632514,6836929.0,0.005755266936652198,0.007540009768276843,0.0017847428316246448
KEEP,QXO INC,82846H405,CALL,394600.0,-0.20232675771370764,6818688.0,0.00983799038433849,0.0075198929412360555,-0.002318097443102434
NEW,AMBIQ MICRO INC,023193105,,77165.0,,6813670.0,0.0,0.0075143589114081595,0.0075143589114081595
ADD,TECHNIPFMC PLC,G87110105,PUT,102100.0,650.7352941176471,6769230.0,0.0012045531521434122,0.0074653488903735354,0.006260795738230123
TRIM,ROYAL GOLD INC,780287108,CALL,33900.0,-21.52777777777778,6766779.0,0.014085587691735737,0.007462645839933486,-0.0066229418518022505
NEW,CNH INDL N V,N20944109,,601822.0,,6758461.0,0.0,0.007453472452107967,0.007453472452107967
TRIM,YPF SOCIEDAD ANONIMA,984245100,CALL,148600.0,-35.643135556517976,6756842.0,0.013673332575878586,0.00745168696101762,-0.006221645614860966
NEW,ADVANCE AUTO PARTS INC,00751Y106,,108441.0,,6747199.0,0.0,0.007441052315814271,0.007441052315814271
ADD,INTELLIA THERAPEUTICS INC,45826J105,,398463.0,47.57287666058049,6741994.0,0.004434962818159796,0.007435312055699843,0.003000349237540047
ADD,BAXTER INTL INC,071813109,CALL,316200.0,60.9979633401222,6741384.0,0.0042273798050563634,0.00743463932588816,0.0032072595208317966
KEEP,PROLOGIS INC.,74340W103,CALL,49700.0,-0.4008016032064128,6732859.0,0.008450585426169345,0.007425237651060974,-0.001025347775108371
TRIM,GXO LOGISTICS INCORPORATED,36262G101,,132388.0,-81.0461904973249,6712072.0,0.04640036196055033,0.007402313004183236,-0.03899804895636709
NEW,SAIA INC,78709Y105,,15911.0,,6701077.0,0.0,0.007390187325036618,0.007390187325036618
ADD,FIRST TR EXCHANGE-TRADED FD,33734X846,PUT,74500.0,10.534124629080118,6693825.0,0.005412643051290756,0.0073821895601279075,0.001969546508837151
ADD,GENEDX HOLDINGS CORP,81663L200,,97300.0,28.372583943531893,6679645.0,0.0062363627761011075,0.007366551349095708,0.0011301885729946004
ADD,BLACKBAUD INC,09227Q100,,224915.0,40.07373777005524,6661982.0,0.007942953153990118,0.007347071961122384,-0.0005958811928677343
ADD,ON SEMICONDUCTOR CORP,682189105,PUT,70400.0,79.13486005089058,6655616.0,0.003117769478861543,0.007340051308694247,0.004222281829832704
NEW,SITIME CORP,82982TAA4,,6000000.0,,6643484.0,0.0,0.007326671705292085,0.007326671705292085
ADD,CELSIUS HLDGS INC,15118V207,CALL,226500.0,20.159151193633953,6631920.0,0.008568710475651263,0.0073139185125998185,-0.001254791963051445
NEW,SUPER GROUP SGHC LIMITED,G8588X103,,487910.0,,6611181.0,0.0,0.007291046801838408,0.007291046801838408
NEW,TREKOR METALS LTD,89472Y107,,960013.0,,6605117.0,0.0,0.007284359205808841,0.007284359205808841
ADD,BANK NOVA SCOTIA B C,064149107,PUT,75900.0,245.00000000000003,6591156.0,0.0019536154575047412,0.007268962515807393,0.0053153470583026515
TRIM,JETBLUE AIRWAYS CORP,477143101,PUT,1150000.0,-9.520062942564909,6589500.0,0.00719761020283003,0.007267136219794042,6.95260169640121e-05
TRIM,FRANCO NEV CORP,351858105,PUT,31600.0,-44.07079646017699,6586704.0,0.017883553128156024,0.007264052691017876,-0.010619500437138149
TRIM,HEWLETT PACKARD ENTERPRISE C,42824C109,PUT,145900.0,-18.35478455512031,6581549.0,0.005451354827794543,0.007258367572691289,0.001807012744896746
ADD,INVIVYD INC,00534A102,,7542061.0,17067.970226036283,6579694.0,7.316993401063456e-05,0.007256321812362324,0.007183151878351689
ADD,DOLLAR TREE INC,256746108,PUT,54400.0,34.65346534653465,6579680.0,0.005668336801428566,0.0072563063726617276,0.0015879695712331613
ADD,LUMEN TECHNOLOGIES INC,550241103,CALL,856700.0,147.81602545559733,6579456.0,0.003078255664558934,0.007256059337452193,0.004177803672893259
ADD,CHARTER COMMUNICATIONS INC,16119P108,PUT,46200.0,25.885558583106267,6570102.0,0.010150769751352118,0.007245743411782574,-0.002905026339569544
ADD,COPA HOLDINGS SA,P31076105,,42131.0,139.20399704763526,6554320.0,0.0025637189487729274,0.007228338457867894,0.004664619509094966
NEW,WESTLAKE CORPORATION,960413102,,89731.0,,6550363.0,0.0,0.007223974536778019,0.007223974536778019
ADD,UNDER ARMOUR INC,904311206,,1053026.0,1.1055081458494957,6549822.0,0.007726153112252953,0.007223377902633561,-0.0005027752096193917
ADD,RIOT PLATFORMS INC,767292105,PUT,238900.0,48.66210329807094,6541082.0,0.0025448069999735754,0.00721373911811865,0.004668932118145074
TRIM,STATE STR SPDR S&P MIDCAP 40,78467Y107,CALL,9300.0,-39.21568627450981,6541062.0,0.012090051025321383,0.007213717061403514,-0.004876333963917869
ADD,HUDBAY MINERALS INC,443628102,CALL,277000.0,1951.851851851852,6539970.0,0.0003614935542129319,0.007212512764757028,0.006851019210544096
TRIM,TEEKAY TANKERS LTD,G8726X106,,100763.0,-42.18459525831402,6536496.0,0.016371952744960526,0.007208681513337715,-0.009163271231622812
NEW,ASTERA LABS INC,04626A103,,13517.0,,6528981.0,0.0,0.0072003937026249515,0.0072003937026249515
ADD,VISTANCE NETWORKS INC,20337X109,CALL,508800.0,37.77416734362307,6502464.0,0.008611349162463975,0.007171149806860435,-0.0014401993556035402
TRIM,CARDINAL INFRASTRUCTURE GROU,14154A102,,68996.0,-51.332439867390846,6499423.0,0.007202824729732907,0.0071677960833238415,-3.502864640906548e-05
ADD,ISHARES TR,464288810,CALL,131100.0,208.4705882352941,6477651.0,0.0029049847509606467,0.0071437851432255995,0.004238800392264952
ADD,ANALOG DEVICES INC,032654105,PUT,16300.0,393.93939393939394,6473871.0,0.0013450942612549957,0.007139616424064688,0.005794522162809693
ADD,BOSTON SCIENTIFIC CORP,101137107,PUT,151600.0,370.80745341614903,6470288.0,0.0025887499591172765,0.007135664963547879,0.004546915004430603
ADD,DOLLAR GEN CORP,256677105,CALL,55900.0,47.883597883597886,6434649.0,0.005750065221854733,0.007096361000009334,0.0013462957781546015
ADD,INVESCO EXCH TRADED FD TR II,46138E339,CALL,39800.0,1070.5882352941176,6429292.0,0.0004883641468494067,0.007090453108859863,0.006602088962010456
NEW,COLGATE PALMOLIVE CO,194162103,,70055.0,,6422642.0,0.0,0.00708311925107678,0.00708311925107678
TRIM,NATIONAL ENERGY SERVICES REU,G6375R107,,214147.0,-77.80825608688218,6409420.0,0.026544412109565423,0.007068537556699646,-0.019475874552865778
NEW,CHARTER COMMUNICATIONS INC,16119P108,,45000.0,,6399450.0,0.0,0.0070575422842038054,0.0070575422842038054
TRIM,CHUBB LIMITED,H1467J104,,18756.0,-42.21099334483608,6390919.0,0.013553137090162011,0.007048133992362078,-0.006505003097799934
TRIM,GFL ENVIRONMENTAL INC,36168Q104,,173474.0,-76.62280258467923,6386546.0,0.039664186140203235,0.007043311291597352,-0.03262087484860588
ADD,STELLANTIS N.V,N82405106,CALL,1111100.0,415.3525046382189,6377714.0,0.0019584635581928215,0.007033571046192812,0.005075107487999991
ADD,KLA CORP,482480100,PUT,21100.0,6933.333333333333,6366081.0,0.0005659401639113908,0.007020741757833321,0.00645480159392193
ADD,INVENTIVA SA,46124U107,,1683012.0,76.00659261823365,6361785.0,0.006799418935084151,0.007016003975421873,0.00021658504033772192
ADD,BANCORP INC DEL,05969A105,,101275.0,523.6145320197045,6343866.0,0.001117952288028882,0.006996242261494794,0.005878289973465912
TRIM,GENERAL MTRS CO,37045V100,PUT,82300.0,-53.81593714927049,6343684.0,0.01700922302454532,0.006996041545387047,-0.010013181479158275
TRIM,ISHARES BITCOIN TRUST ETF,46438F101,PUT,190000.0,-73.79310344827587,6325100.0,0.03568747902117353,0.006975546445681659,-0.028711932575491872
NEW,ISHARES TR,464287408,,27849.0,,6323394.0,0.0,0.006973665007880464,0.006973665007880464
ADD,ROYAL BK CDA,780087102,CALL,30500.0,158.47457627118644,6312585.0,0.0024458360480833024,0.006961744456184622,0.004515908408101319
TRIM,XPLR INFRASTRUCTURE LP,65341B106,,534428.0,-41.66715784188524,6311595.0,0.0124658262334376,0.0069606526487853366,-0.005505173584652264
ADD,TURKCELL ILETISIM,900111204,,1068812.0,1.8624376947782744,6284615.0,0.008106344653104848,0.006930898140065396,-0.0011754465130394513
ADD,PNC FINL SVCS GROUP INC,693475105,CALL,25500.0,58.38509316770186,6278610.0,0.004292374334603299,0.0069242756113454835,0.0026319012767421846
ADD,LAUDER ESTEE COS INC,518439104,CALL,79400.0,194.07407407407408,6268630.0,0.002482716974723648,0.0069132693104920736,0.004430552335768426
TRIM,NOVAVAX INC,670002401,,664286.0,-56.24547576061561,6257574.0,0.01583350479684322,0.006901076358364288,-0.008932428438478933
NEW,SILICON MOTION TECHNOLOGY CO,82706C108,,18772.0,,6257271.0,0.0,0.006900742199129961,0.006900742199129961
NEW,ARCELORMITTAL SA LUXEMBOURG,03938L203,PUT,103500.0,,6232770.0,0.0,0.006873721620251265,0.006873721620251265
TRIM,SCORPIO TANKERS INC,Y7542C130,,89709.0,-53.892529488859765,6213245.0,0.018611150032109298,0.006852188752098676,-0.01175896128001062
NEW,PRICE T ROWE GROUP INC,74144T108,PUT,54400.0,,6184736.0,0.0,0.0068207480075065064,0.0068207480075065064
ADD,ALGONQUIN POWER & UTILITIES,015857105,,1053289.0,4.604617627546865,6180610.0,0.007904217034486048,0.006816197707173724,-0.001088019327312324
ADD,LAKELAND FINL CORP,511656100,,99820.0,20.427564906862273,6160890.0,0.0060935821109634235,0.0067944497860485484,0.0007008676750851249
NEW,UNIVERSAL HLTH SVCS INC,913903100,,41363.0,,6150264.0,0.0,0.006782731053296211,0.006782731053296211
ADD,NNN REIT INC,637417106,,132062.0,0.827619905633007,6144845.0,0.007053070435619213,0.006776754786329815,-0.00027631564928939836
TRIM,WOLFSPEED INC,97785W106,PUT,127000.0,-23.769507803121247,6127750.0,0.0034834987151238384,0.0067579018090663835,0.003274403093942545
TRIM,ISHARES TR,464287234,PUT,89200.0,-88.55970244966012,6102172.0,0.056730930393208395,0.006729693476077554,-0.05000123691713084
ADD,SNAP INC,83304A106,PUT,1369300.0,9.038063385889474,6079692.0,0.0074011433094125795,0.006704901728263461,-0.0006962415811491186
ADD,ALPHABET INC,02079K107,CALL,17200.0,186.66666666666666,6077276.0,0.0022051683351732403,0.0067022372770749,0.00449706894190166
ADD,SHARKNINJA INC,G8068L108,PUT,39900.0,92.7536231884058,6075573.0,0.0028085800637844918,0.006700359147780976,0.0038917790839964844
ADD,INNODATA INC,457642205,,80337.0,14.149106977933759,6071870.0,0.003482377655900247,0.006696275346973344,0.003213897691073097
ADD,ENBRIDGE INC,29250N105,PUT,112000.0,97.1830985915493,6071520.0,0.003939917158337784,0.0066958893544584435,0.0027559721961206594
ADD,AFLAC INC,001055102,CALL,51700.0,313.6,6061825.0,0.0017570201060030462,0.006685197361795738,0.0049281772557926914
TRIM,EOS ENERGY ENTERPRISES INC,29415C101,PUT,1028300.0,-15.789042666448283,6046404.0,0.00775985151190884,0.006668190531589281,-0.0010916609803195585
TRIM,PG&E CORP,69331C108,PUT,357700.0,-16.111632270168855,6016514.0,0.009598634631022666,0.006635226770816895,-0.0029634078602057716
TRIM,THERMO FISHER SCIENTIFIC INC,883556102,PUT,12000.0,-4.761904761904762,6016320.0,0.007934893058475133,0.006635012820680065,-0.0012998802377950681
TRIM,URANIUM ENERGY CORP,916896103,CALL,564300.0,-21.928610957387935,6015438.0,0.012501796219383118,0.006634040119542519,-0.005867756099840599
ADD,EXPEDIA GROUP INC,30212P303,PUT,23500.0,3.070175438596491,6013180.0,0.0067446664026039466,0.006631549916403541,-0.00011311648620040537
ADD,MILLICOM INTL CELLULAR S A,L6388F110,PUT,66200.0,27.552986512524086,6008312.0,0.004983122342179756,0.006626181311939172,0.0016430589697594153
ADD,TRUIST FINL CORP,89832Q109,PUT,120600.0,4.506065857885615,6008292.0,0.006796742486263486,0.006626159255224036,-0.00017058323103944992
TRIM,PLANET LABS PBC,72703X106,CALL,180600.0,-21.885813148788927,5983278.0,0.008279233765961843,0.006598572921602072,-0.001680660844359771
TRIM,ROYALTY PHARMA PLC,G7709Q104,,106549.0,-78.25610487778,5974202.0,0.030116343819877774,0.006588563584272859,-0.023527780235604916
NEW,ROKU INC,77543R102,,43201.0,,5967786.0,0.0,0.006581487790056879,0.006581487790056879
ADD,ISHARES TR,46432F396,PUT,17400.0,123.07692307692308,5965242.0,0.0023983261987927692,0.00657868217589144,0.004180355977098671
TRIM,OMNICELL COM,68213N109,,143206.0,-23.046830919691555,5945913.0,0.007958688981857719,0.006557365463547196,-0.0014013235183105224
ADD,CAVA GROUP INC,148929102,CALL,75500.0,46.88715953307393,5925240.0,0.005327606545247088,0.006534566539945738,0.0012069599946986495
NEW,AEROVIRONMENT INC,008073108,,35825.0,,5913633.0,0.0,0.006521765925315926,0.006521765925315926
TRIM,TRANSALTA CORP,89346D107,,427537.0,-39.222830336200154,5907471.0,0.011816816221663355,0.006514970251382188,-0.005301845970281167
ADD,ACADIA RLTY TR,004239109,,282292.0,509.9917887549159,5902726.0,0.0011336599292645741,0.0065097372957159125,0.005376077366451338
NEW,HYPERLIQUID STRATEGIES INC,44916Y106,CALL,750000.0,,5902500.0,0.0,0.006509488054834863,0.006509488054834863
ADD,OR ROYALTIES INC.,68390D106,,186443.0,94.40586419753086,5897516.0,0.004671206511070931,0.006503991521422699,0.001832785010351768
TRIM,BAXTER INTL INC,071813109,PUT,276500.0,-7.276995305164319,5894980.0,0.006418557321119183,0.006501194729943316,8.263740882413252e-05
KEEP,ELDORADO GOLD CORP NEW,284902509,PUT,189400.0,0.0,5888446.0,0.008330561622665295,0.006493988801108027,-0.0018365728215572674
ADD,PHILLIPS 66,718546104,PUT,34800.0,894.2857142857143,5882940.0,0.0008169382774155299,0.006487916587430784,0.005670978310015255
ADD,ESSENTIAL UTILS INC,29670G102,,153300.0,104.61552835653556,5872923.0,0.003865500606470516,0.0064768694816543715,0.0026113688751838553
ADD,SOUTHWEST AIRLS CO,844741108,CALL,114200.0,1008.7378640776699,5872164.0,0.0004957913243570174,0.006476032429314919,0.005980241104957902
TRIM,DYNEX CAP INC,26817Q886,,447281.0,-49.57634666071433,5863854.0,0.01450164672168985,0.006466867864175456,-0.008034778857514394
NEW,MADISON AIR SOLUTIONS CORP,55658T105,,149881.0,,5845359.0,0.0,0.006446470916852429,0.006446470916852429
ADD,VANGUARD STAR FDS,921909768,PUT,68300.0,9.28,5838967.0,0.006174634052223812,0.006439421590694614,0.00026478753847080164
ADD,DOLLAR GEN CORP,256677105,PUT,50600.0,11.20879120879121,5824566.0,0.006921374804084401,0.0064235396529601484,-0.0004978351511242523
ADD,KURA SUSHI USA INC,501270102,,100991.0,322.6625931196116,5813042.0,0.002136498012583467,0.006410830573698155,0.004274332561114688
TRIM,TAKE-TWO INTERACTIVE SOFTWAR,874054109,CALL,23200.0,-64.08668730650155,5799536.0,0.01634632469050396,0.006395935673966075,-0.009950389016537883
TRIM,VANGUARD INDEX FDS,922908744,CALL,26600.0,-2.564102564102564,5796938.0,0.006862496773661381,0.006393070506669768,-0.00046942626699161306
TRIM,INNVENTURE INC,45784M108,,1141441.0,-9.305649799214656,5787106.0,0.0063047883874775045,0.0063822274255083715,7.743903803086698e-05
TRIM,MILLICOM INTL CELLULAR S A,L6388F110,CALL,63600.0,-44.112478031634446,5772336.0,0.010926383863970256,0.0063659385413796276,-0.0045604453225906285
ADD,UNIVEST FINANCIAL CORPORATIO,915271100,,131806.0,100.33438207712067,5766513.0,0.0028879356822882687,0.006359516728767463,0.0034715810464791943
ADD,ON SEMICONDUCTOR CORP,682189105,CALL,60900.0,149.59016393442624,5757486.0,0.001935714383822434,0.006349561430390336,0.004413847046567903
TRIM,GRANITE CONSTR INC,387328107,,36368.0,-90.42831500655343,5749053.0,0.05835771288527256,0.00634026121645278,-0.052017451668819784
NEW,FIRST HAWAIIAN INC,32051X108,,196198.0,,5748601.0,0.0,0.006339762734690682,0.006339762734690682
NEW,TENARIS S A,88031M109,,103502.0,,5743326.0,0.0,0.006333945276073272,0.006333945276073272
NEW,NEWAMSTERDAM PHARMA COMPANY,N62509109,,168901.0,,5724055.0,0.0,0.006312692528202927,0.006312692528202927
TRIM,CME GROUP INC,12572Q105,CALL,25900.0,-0.7662835249042145,5719497.0,0.00987638442062805,0.0063076658028231826,-0.0035687186178048674
NEW,NUVALENT INC,670703107,,46306.0,,5718791.0,0.0,0.006306887200778843,0.006306887200778843
TRIM,INVESCO EXCH TRADED FD TR II,46138E628,CALL,61500.0,-44.2429737080689,5718270.0,0.011181042395990739,0.006306312623349522,-0.004874729772641217
ADD,NU HLDGS LTD,G6683N103,CALL,427500.0,234.50704225352115,5711400.0,0.0023529252220531294,0.00629873614169993,0.003945810919646801
ADD,PROFRAC HLDG CORP,74319N100,,982370.0,152.56064828621672,5707570.0,0.003089737873429593,0.006294512280751176,0.0032047744073215832
TRIM,3M CO,88579Y101,PUT,35200.0,-65.65853658536585,5699232.0,0.01907219620779823,0.006285316836210521,-0.01278687937158771
TRIM,NMI HLDGS INC,629209305,,138645.0,-38.874707368365364,5696923.0,0.010900611032722525,0.006282770388447944,-0.004617840644274581
TRIM,DTE ENERGY CO,233331107,,37340.0,-91.89903955672516,5689496.0,0.08635054504261296,0.006274579627281784,-0.08007596541533117
ADD,UNDER ARMOUR INC,904311107,,887645.0,190.32389948420732,5672052.0,0.0023150718566119772,0.006255341760339212,0.003940269903727235
TRIM,ARGAN INC,04010E109,PUT,7100.0,-77.17041800643086,5669705.0,0.021701932092130005,0.0062527534048178735,-0.015449178687312132
NEW,UFP TECHNOLOGIES INC,902673102,,21326.0,,5654162.0,0.0,0.006235612028649081,0.006235612028649081
TRIM,GENERAC HLDGS INC,368736104,PUT,19300.0,-52.10918114143921,5651233.0,0.010085431857380128,0.006232381822717253,-0.0038530500346628744
TRIM,CLEVELAND-CLIFFS INC NEW,185899101,PUT,601500.0,-5.215884021430823,5648085.0,0.006870324970068402,0.006228910095754674,-0.0006414148743137281
ADD,HIGHLANDER SILVER CORP,43087N204,,1201508.0,1241.6875111666964,5634631.0,0.0006688649315319532,0.0062140725434819515,0.005545207611949998
ADD,ALBEMARLE CORP,012653101,PUT,41700.0,24.850299401197603,5630751.0,0.007682525330902399,0.006209793540745355,-0.0014727317901570445
TRIM,ISHARES TR,464287655,,18700.0,-87.40520225763433,5618415.0,0.04717616056748641,0.0061961889588487955,-0.04097997160863761
NEW,ISHARES INC,46434G772,PUT,51700.0,,5615137.0,0.0,0.006192573863237826,0.006192573863237826
ADD,CLOVER HEALTH INVESTMENTS CO,18914F103,,1069645.0,112.65096768421785,5604940.0,0.0011342415988503003,0.006181328247025179,0.0050470866481748785
KEEP,PENNYMAC CORP,70932AAH6,,5500000.0,0.0,5593647.0,0.007289508872532618,0.006168873922823018,-0.0011206349497096006
NEW,HINGE HEALTH INC,433313103,CALL,67300.0,,5585900.0,0.0,0.006160330254214665,0.006160330254214665
NEW,BROOKFIELD ASSET MANAGMT LTD,113004105,,124098.0,,5570679.0,0.0,0.006143543991159579,0.006143543991159579
TRIM,PAGAYA TECHNOLOGIES LTD,M7S64L123,,304788.0,-44.785182716067276,5562381.0,0.008239268965548715,0.0061343926600492,-0.002104876305499515
TRIM,EXPEDIA GROUP INC,30212P303,CALL,21700.0,-13.200000000000001,5552596.0,0.007395467546714854,0.006123601412168376,-0.001271866134546478
TRIM,CATALYST PHARMACEUTICALS INC,14888U101,,176560.0,-58.54085214798117,5549281.0,0.013509618211707462,0.006119945511634403,-0.0073896727000730585
ADD,FRONTLINE PLC,M46528101,CALL,159300.0,123.42215988779803,5542047.0,0.0031844718620599615,0.006111967597769315,0.0029274957357093537
NEW,PRUDENTIAL PLC,74435K204,,206351.0,,5532270.0,0.0,0.006101185172574548,0.006101185172574548
NEW,KYIVSTAR GROUP LTD,G5331N101,,341559.0,,5523009.0,0.0,0.006090971810630316,0.006090971810630316
TRIM,THERMO FISHER SCIENTIFIC INC,883556102,CALL,11000.0,-12.698412698412698,5514960.0,0.007934893058475133,0.006082095085623392,-0.0018527979728517408
TRIM,CAMECO CORP,13321L108,CALL,53900.0,-43.203371970495255,5490254.0,0.013205551076374318,0.00605484842541454,-0.0071507026509597775
TRIM,ISHARES INC,464286509,CALL,95100.0,-9.514747859181732,5481564.0,0.007377759935824275,0.006045264782687473,-0.0013324951531368022
NEW,UP FINTECH HLDG LTD,91531W106,,1242406.0,,5466586.0,0.0,0.0060287465087213036,0.0060287465087213036
ADD,AMERICAN AIRLINES GROUP INC,02376R102,PUT,302400.0,108.55172413793103,5464368.0,0.0019952291758844544,0.0060263004190126,0.004031071243128145
ADD,C3 AI INC,12468P104,PUT,598500.0,45.30225782957029,5440365.0,0.004443491836732879,0.0059998290523408165,0.0015563372156079374
NEW,PELAGOS INS CAP LTD,G3398L118,,222880.0,,5427128.0,0.0,0.005985230815427331,0.005985230815427331
ADD,KIMBERLY-CLARK CORP,494368103,PUT,49300.0,279.2307692307692,5411661.0,0.001606778951883679,0.005968173254776059,0.00436139430289238
ADD,MASTEC INC,576323109,PUT,13000.0,106.34920634920636,5408780.0,0.002596965081107754,0.00596499598496056,0.003368030903852806
ADD,US BANCORP,902973304,PUT,89500.0,25.0,5405800.0,0.004771120433919562,0.005961709534405134,0.0011905891004855718
TRIM,DEVON ENERGY CORP NEW,25179M103,CALL,130750.0,-57.5211176088369,5402590.0,0.01984402434326698,0.00595816943162563,-0.013885854911641349
KEEP,CRESCENT BIOPHARMA INC.,G2545C104,,300000.0,0.0,5400000.0,0.0070607512928139915,0.005955313087015376,-0.0011054382057986154
ADD,PRICE T ROWE GROUP INC,74144T108,CALL,47400.0,76.2081784386617,5388906.0,0.003106635759258104,0.005943078227128831,0.0028364424678707268
TRIM,KINROSS GOLD CORP,496902404,PUT,228000.0,-13.406760349411318,5385360.0,0.010295700287778015,0.005939167571535024,-0.004356532716242991
TRIM,SKYWATER TECHNOLOGY INC,83089J108,CALL,154600.0,-31.197151757899423,5383172.0,0.007891010316226868,0.005936754566899026,-0.001954255749327842
TRIM,MGE ENERGY INC,55277P104,,65875.0,-17.72823779193206,5371448.0,0.007928912367668588,0.005923824920485661,-0.002005087447182927
TRIM,ADVANCE AUTO PARTS INC,00751Y106,PUT,86300.0,-32.15408805031446,5369586.0,0.008596666489661281,0.005921771440306397,-0.002674895049354884
KEEP,LENNAR CORP,526057104,PUT,59200.0,0.3389830508474576,5357008.0,0.006564359080713128,0.005907899972156679,-0.0006564591085564484
NEW,SPORTRADAR GROUP AG,H8088L103,,354924.0,,5313212.0,0.0,0.005859600177349471,0.005859600177349471
TRIM,SATELLOS BIOSCIENCE INC,80401L803,,682700.0,-1.1694060899449605,5307993.0,0.004982730291754135,0.0058538444775344456,0.0008711141857803105
ADD,RILEY EXPLORATION PERMIAN IN,76665T102,,160994.0,51.82527183394788,5306362.0,0.004952035049606932,0.005852045752415016,0.000900010702808084
ADD,PAYMENTUS HOLDINGS INC,70439P108,,219407.0,27.834973460814645,5300873.0,0.005585409167935792,0.005845992286945641,0.00026058311900984885
ADD,SMITHFIELD FOODS INC,832248207,,218089.0,51.41599494560274,5290839.0,0.005161488630100585,0.00583492643296136,0.0006734378028607751
TRIM,FIRST BANCORP CORPORATION,318672706,,202502.0,-39.20209923320343,5279227.0,0.009115122428492963,0.005822120304152764,-0.0032930021243401993
TRIM,TTM TECHNOLOGIES INC,87305R109,CALL,28200.0,-29.5,5273964.0,0.004992621237132564,0.005816316079564438,0.0008236948424318741
TRIM,SUNRUN INC,86771W105,CALL,393800.0,-6.770833333333333,5269044.0,0.0073384459903661015,0.005810890127640712,-0.0015275558627253893
NEW,TG THERAPEUTICS INC,88322Q108,CALL,95800.0,,5263252.0,0.0,0.00580450250293701,0.00580450250293701
TRIM,CORNING INC,219350105,,20600.0,-92.69855672441659,5261858.0,0.049149839782067085,0.005802965149891955,-0.04334687463217513
TRIM,AVIENT CORPORATION,05368V106,,141996.0,-73.30821979608409,5248172.0,0.024741481105027316,0.005787871739723642,-0.018953609365303672
KEEP,NOVAVAX INC,670002AD6,,4400000.0,0.0,5244800.0,0.006071400512862809,0.005784152977551527,-0.0002872475353112823
TRIM,IAMGOLD CORP,450913108,CALL,330500.0,-14.422578974624548,5235120.0,0.00931220207757925,0.005773477527425174,-0.003538724550154077
ADD,OVID THERAPEUTICS INC,690469101,,1945727.0,47.33547375833895,5234006.0,0.003756194129144001,0.005772248968392037,0.0020160548392480363
TRIM,INTERNATIONAL PAPER CO,460146103,CALL,137100.0,-40.391304347826086,5223510.0,0.01052001975418176,0.00576067360428809,-0.004759346149893671
ADD,SERVICE PPTYS TR,81761L102,,3087999.0,1373.549116729178,5218718.0,0.0003638087016609658,0.0057553888153412435,0.005391580113680278
TRIM,TOWER SEMICONDUCTOR LTD,M87915274,PUT,20000.0,-30.069930069930066,5212800.0,0.00643004721725309,0.005748862233332177,-0.0006811849839209131
TRIM,ISHARES TR,464287481,CALL,35600.0,-5.066666666666666,5212196.0,0.006155576045422759,0.0057481961205350365,-0.0004073799248877222
ADD,ASTEC INDS INC,046224101,,85060.0,60.77571541980116,5204821.0,0.0036494756971108054,0.005740062706828233,0.0020905870097174275
ADD,GALAXY DIGITAL INC.,36317J209,CALL,190200.0,32.35908141962422,5200068.0,0.003396828665640081,0.005734820928475903,0.002337992262835822
ADD,MARRIOTT INTL INC NEW,571903202,PUT,14000.0,3.7037037037037033,5188260.0,0.005657114678297781,0.005721798643858962,6.468396556118076e-05
TRIM,COLLIERS INTL GROUP INC,194693107,,55280.0,-9.692385604365086,5182668.0,0.008379684516027257,0.0057156315863066305,-0.002664052929720627
TRIM,CHUBB LIMITED,H1467J104,CALL,15200.0,-51.43769968051119,5179248.0,0.01307040898848355,0.005711859888018188,-0.007358549100465362
TRIM,GERON CORP,374163103,,4045201.0,-80.22596420397892,5177857.0,0.03905274506512998,0.005710325843480403,-0.03334241922164957
ADD,ISHARES TR,46429B598,PUT,104800.0,1805.4545454545455,5176072.0,0.0003300654596361351,0.0057083572816544175,0.005378291822018283
ADD,C3 AI INC,12468P104,,568406.0,153.87735048461298,5166811.0,0.002415279176674554,0.005698143919710186,0.0032828647430356316
NEW,SIMMONS FIRST NATL CORP,828730200,,228080.0,,5166012.0,0.0,0.005697262753940459,0.005697262753940459
ADD,CF INDUSTRIES HOLD,125269100,PUT,47700.0,253.33333333333331,5164002.0,0.002245757085119956,0.005695046054069181,0.003449288968949225
ADD,UBS GROUP AG,H42097107,PUT,104100.0,68.44660194174757,5159196.0,0.0030935161633157313,0.005689745825421737,0.002596229662106006
ADD,WOORI FINL GROUP INC,981064108,,89789.0,337.82426370197,5153889.0,0.0017499196371834533,0.005683893076060109,0.003933973438876656
TRIM,COMFORT SYS USA INC,199908104,CALL,2600.0,-82.78145695364239,5153070.0,0.02667832551654713,0.0056829898535752455,-0.020995335662971886
TRIM,BOX INC,10316T104,,193541.0,-67.77410352728049,5136578.0,0.01819013656099218,0.005664801886273198,-0.012525334674718981
ADD,LEMONADE INC,52567D107,PUT,78900.0,630.5555555555555,5132445.0,0.000867307788634127,0.005660243866090118,0.004792936077455991
TRIM,MORNINGSTAR INC,617700109,,32754.0,-80.83541533798689,5110279.0,0.037016947638667475,0.005635798408703676,-0.031381149229963795
NEW,WORKIVA INC,98139A105,,105127.0,,5099711.0,0.0,0.005624143640425235,0.005624143640425235
TRIM,IREN LIMITED,Q4982L109,PUT,111500.0,-70.92568448500653,5098895.0,0.016843280635242968,0.0056232437264476425,-0.011220036908795326
TRIM,PLUG PWR INC,72919P202,,1870615.0,-8.383620066892252,5069367.0,0.005912079419637622,0.0055906791922192365,-0.00032140022741838567
ADD,VISTRA CORP,92840M102,CALL,31900.0,26.58730158730159,5060297.0,0.004853630392775889,0.005580676471904565,0.0007270460791286753
ADD,ISHARES INC,46434G772,CALL,46500.0,389.4736842105263,5050365.0,0.0008632027900599708,0.005569723107167484,0.004706520317107513
ADD,U HAUL HOLDING COMPANY,023586100,,77151.0,179.34030920742967,5048761.0,0.001690731553809451,0.005567954158613489,0.0038772226048040376
NEW,ALBERTSONS COMPANIES INC,013091103,,372317.0,,5037449.0,0.0,0.005555478880531948,0.005555478880531948
ADD,HERSHEY CO,427866108,CALL,28700.0,1410.5263157894735,5035415.0,0.0005060666328978209,0.005553235712602506,0.0050471690797046845
NEW,KEEL INFRASTRUCTURE CORP,486917107,CALL,876900.0,,5033406.0,0.0,0.005551020115566985,0.005551020115566985
ADD,TEXAS PACIFIC LAND CORPORATI,88262P102,CALL,11500.0,11.650485436893204,5032860.0,0.00626251612687959,0.005550417967243742,-0.0007120981596358484
ADD,CBOE GLOBAL MKTS INC,12503M108,PUT,20700.0,381.3953488372093,5023269.0,0.0015484723413620545,0.005539840669499748,0.003991368328137694
ADD,WIX COM LTD,M98068105,PUT,110600.0,101.0909090909091,5017922.0,0.0063469248397580455,0.005533943806707847,-0.0008129810330501988
TRIM,GENWORTH FINL INC,37247D106,,528501.0,-36.84608637670491,5004904.0,0.00870606905777839,0.0055195870908251125,-0.0031864819669532776
ADD,SPDR SERIES TRUST,78464A888,,43299.0,765.98,5003632.0,0.0006324055231596782,0.005518184283742393,0.004885778760582715
NEW,ITRON INC,465741AQ9,,5000000.0,,4997909.0,0.0,0.005511872754705913,0.005511872754705913
ADD,FLEX LTD,Y2573F102,PUT,30800.0,196.15384615384613,4991756.0,0.0008722276371125168,0.005505087006293987,0.00463285936918147
ADD,ETF SER SOLUTIONS,26922A842,CALL,150000.0,11.856823266219239,4983000.0,0.004231688516106578,0.005495430576406966,0.001263742060300388
NEW,PHREESIA INC,71944F106,,484115.0,,4981543.0,0.0,0.00549382374470923,0.00549382374470923
TRIM,YELP INC,985817105,,202912.0,-53.9105567884213,4975402.0,0.013954891404423098,0.0054870512303263844,-0.008467840174096714
ADD,SFL CORPORATION LTD,G7738W106,,487348.0,451.74803006974,4970950.0,0.0012210692372306314,0.005482141405536867,0.004261072168306236
ADD,ADECOAGRO S A,L00849106,,519039.0,429.01085460938697,4956822.0,0.0018881033188991423,0.0054665605419640245,0.0035784572230648823
NEW,QUEST DIAGNOSTICS INC,74834L100,,23380.0,,4955391.0,0.0,0.005464982383995965,0.005464982383995965
NEW,PAGAYA TECHNOLOGIES LTD,M7S64L123,CALL,271200.0,,4949400.0,0.0,0.005458375294976649,0.005458375294976649
ADD,TECHNIPFMC PLC,G87110105,CALL,74600.0,1281.4814814814815,4945980.0,0.0004782784574687078,0.0054546035966882055,0.004976325139219498
TRIM,SIMON PPTY GROUP INC NEW,828806109,CALL,22100.0,-33.433734939759034,4942665.0,0.00793427551499425,0.005450947696154233,-0.002483327818840017
TRIM,CVS HEALTH CORP,126650100,CALL,47700.0,-59.71283783783784,4934565.0,0.010894758462970108,0.0054420147265237095,-0.005452743736446398
ADD,FLUENCE ENERGY INC,34379V103,CALL,248200.0,14.64203233256351,4934216.0,0.0038167774507974215,0.005441629836844567,0.0016248523860471452
TRIM,LEVI STRAUSS & CO NEW,52736R102,,198700.0,-32.787833481603755,4933721.0,0.007003374841145312,0.005441083933144924,-0.0015622909080003876
ADD,NOVAGOLD RESOURCES INC,66987E206,,826287.0,63.327522000047445,4932958.0,0.005819574737349025,0.005440242469462443,-0.0003793322678865814
TRIM,MERCADOLIBRE INC,58733R102,PUT,2900.0,-3.3333333333333335,4922431.0,0.006645715950082333,0.005428632917450034,-0.0012170830326322987
TRIM,DEVON ENERGY CORP NEW,25179M103,PUT,119020.0,-33.20987654320987,4917906.0,0.011488645672417726,0.005423642585650267,-0.006065003086767459
ADD,FIRST COMWLTH FINL CORP PA,319829107,,241676.0,93.79350161978381,4913273.0,0.0028088837106827673,0.0054185331475887595,0.002609649436905992
ADD,US BANCORP,902973304,CALL,81000.0,201.11524163568774,4892400.0,0.0017925019507323493,0.005395513656835931,0.003603011706103582
TRIM,ARK ETF TR,00214Q203,CALL,37000.0,-42.81298299845441,4892140.0,0.00932146651100301,0.005395226919539149,-0.00392623959146386
ADD,SMITH & WESSON BRANDS INC,831754106,,324653.0,137.243138171933,4882781.0,0.002512421841122467,0.005384905479690745,0.002872483638568278
TRIM,GUARDANT HEALTH INC,40131M109,CALL,32500.0,-27.455357142857146,4875975.0,0.005301874712736678,0.0053773995795295924,7.552486679291478e-05
ADD,AEVA TECHNOLOGIES INC,00835Q202,CALL,169300.0,30.13066871637202,4862296.0,0.0021935810670381996,0.005362313889211577,0.0031687328221733776
NEW,THOMSON REUTERS CORP,884903881,PUT,59458.0,,4855935.0,0.0,0.005355298750962224,0.005355298750962224
TRIM,D R HORTON INC,23331A109,PUT,29800.0,-30.373831775700932,4853824.0,0.007524570008114181,0.0053529706646795044,-0.0021715993434346763
TRIM,EMERSON ELEC CO,291011104,PUT,33900.0,-45.67307692307692,4852785.0,0.010474726399127585,0.0053518248183281325,-0.005122901580799453
ADD,GALAXY DIGITAL INC.,36317J209,PUT,176900.0,19.20485175202156,4836446.0,0.0035079288377243426,0.005333805584896883,0.0018258767471725406
NEW,HESAI GROUP,428050108,,265324.0,,4834203.0,0.0,0.005331331924294258,0.005331331924294258
TRIM,EUPRAXIA PHARMACEUTICALS INC,29842P105,,730284.0,-24.524300441826217,4827716.0,0.008975394888075071,0.005324177828739542,-0.0036512170593355295
ADD,BITDEER TECHNOLOGIES GROUP,G11448100,CALL,303600.0,56.33367662203913,4818132.0,0.002152215903503489,0.005313608250845846,0.003161392347342357
ADD,NORDIC AMERICAN TANKERS LIMI,G65773106,,869477.0,1.7785675238767482,4816903.0,0.0064138655281171355,0.005312252865700672,-0.0011016126624164638
NEW,OLLIES BARGAIN OUTLET HLDGS,681116109,CALL,62500.0,,4805000.0,0.0,0.00529912581168683,0.00529912581168683
TRIM,BOFA FIN LLC,09709UV70,,3805000.0,-63.07617661329452,4800675.0,0.0158548869195661,0.005294356047038433,-0.010560530872527667
ADD,SMUCKER J M CO,832696405,PUT,42600.0,1421.4285714285713,4792500.0,0.0003459678448740968,0.005285340364726146,0.0049393725198520495
TRIM,ARGAN INC,04010E109,CALL,6000.0,-52.0,4791300.0,0.008722641516129424,0.005284016961817921,-0.0034386245543115024
ADD,DHT HOLDINGS INC,Y2065G121,CALL,289500.0,23.612297181895816,4785435.0,0.005482087225047443,0.005277548830103968,-0.00020453839494347526
TRIM,STANLEY BLACK & DECKER INC,854502101,PUT,50800.0,-25.622254758418737,4781296.0,0.006218224678468671,0.005272984192906346,-0.0009452404855623247
TRIM,APA CORPORATION,03743Q108,CALL,146800.0,-58.16471929324594,4781276.0,0.019080038497521202,0.005272962136191209,-0.013807076361329992
NEW,SHAKE SHACK INC,819047101,,85264.0,,4776489.0,0.0,0.005267682861423146,0.005267682861423146
NEW,EDGEWISE THERAPEUTICS INC,28036F105,,117262.0,,4764355.0,0.0,0.0052543010523494705,0.0052543010523494705
NEW,BW LPG LTD,Y10230103,,272670.0,,4752638.0,0.0,0.005241379125786405,0.005241379125786405
TRIM,GREEN PLAINS INC,393222104,,308628.0,-5.276823777472907,4746699.0,0.00686697460450304,0.005234829384226445,-0.0016321452202765954
NEW,ARCOSA INC,039653100,,32563.0,,4731078.0,0.0,0.005217601986868618,0.005217601986868618
TRIM,NEXTPOWER INC,65290E101,CALL,39700.0,-13.882863340563992,4729858.0,0.007120141807453511,0.005216256527245254,-0.001903885280208257
TRIM,SEA LTD,81141R100,CALL,49200.0,-30.21276595744681,4714836.0,0.007479841666908697,0.005199689728505783,-0.0022801519384029138
ADD,STELLANTIS N.V,N82405106,PUT,821400.0,211.49032992036405,4714836.0,0.0023953935078638543,0.005199689728505783,0.0028042962206419287
NEW,VESTIS CORPORATION,29430C102,,324529.0,,4712161.0,0.0,0.005196739642856197,0.005196739642856197
NEW,MADISON SQUARE GRDN SPRT COR,55825T103,CALL,11700.0,,4701528.0,0.0,0.005185013190253561,0.005185013190253561
ADD,KEYSIGHT TECHNOLOGIES INC,49338L103,CALL,13400.0,63.41463414634146,4690938.0,0.0029665584483624515,0.00517333415958847,0.0022067757112260184
TRIM,FRANCO NEV CORP,351858105,CALL,22500.0,-49.095022624434385,4689900.0,0.013990319438309671,0.005172189416072854,-0.008818130022236817
ADD,DELTA AIR LINES INC,247361702,CALL,50000.0,40.44943820224719,4683000.0,0.0030322256134435416,0.005164579849350557,0.002132354235907015
TRIM,EBAY INC.,278642103,CALL,41900.0,-42.12707182320442,4682325.0,0.008442982722817582,0.005163835435214681,-0.003279147287602901
TRIM,AES CORP,00130H105,,319010.0,-14.290703922622248,4676687.0,0.006719049879042248,0.005157617647217534,-0.0015614322318247146
NEW,ATLAS ENERGY SOLUTIONS INC,642045108,,280439.0,,4658092.0,0.0,0.00513711041631882,0.00513711041631882
TRIM,BOEING CO,097023105,,21500.0,-91.10401271091764,4654105.0,0.06162874845634136,0.00513271341015624,-0.05649603504618512
NEW,ASSURED GUARANTY LTD,G0585R106,,57998.0,,4649120.0,0.0,0.0051272157739083194,0.0051272157739083194
TRIM,MATTEL INC,577081102,,334904.0,-84.92276441796893,4648468.0,0.04135087803717613,0.005126496724994851,-0.03622438131218128
NEW,DIAGEO PLC,25243Q205,PUT,57800.0,,4645964.0,0.0,0.005123735224259686,0.005123735224259686
TRIM,PROGRESSIVE CORP,743315103,CALL,21200.0,-5.777777777777778,4631140.0,0.005714711498179555,0.005107386787000072,-0.0006073247111794827
NEW,MOODYS CORP,615369105,PUT,10200.0,,4619784.0,0.0,0.00509486298414523,0.00509486298414523
ADD,THE CIGNA GROUP,125523100,PUT,16700.0,192.98245614035088,4603856.0,0.0019480485977030218,0.005077297016210049,0.003129248418507027
ADD,DELTA AIR LINES INC,247361702,PUT,49000.0,26.614987080103358,4589340.0,0.0032962677314681194,0.005061288252363546,0.0017650205208954261
ADD,AURA MINERALS INC,G06973112,,72893.0,532.2029488291414,4588614.0,0.0012054243753114604,0.005060487593604069,0.003855063218292609
ADD,GLOBAL X FDS,37954Y319,,60666.0,810.0810081008101,4580283.0,0.000545484356409836,0.005051299868913712,0.004505815512503876
ADD,KINDERCARE LEARNING COMPANIE,49456W105,,1075535.0,758.7517166491009,4571024.0,0.00035302090890366333,0.005041088712640995,0.004688067803737332
ADD,ZOETIS INC,98978V103,PUT,63500.0,994.8275862068966,4563110.0,0.0008784210088689063,0.005032360870461247,0.004153939861592341
ADD,ESAB CORPORATION,29605J106,,45994.0,4.240418829182059,4536388.0,0.0054642719924714,0.0050028908933665754,-0.00046138109910482446
TRIM,LGI HOMES INC,50187T106,,71200.0,-23.79566106193743,4534016.0,0.004732030700306106,0.005000274966951317,0.0002682442666452102
TRIM,INTERCORP FINL SVCS INC,P5626F128,,79554.0,-3.778514235951523,4531396.0,0.00531758235397237,0.0049973855372683566,-0.00032019681670401347
ADD,HUMANA INC,444859102,PUT,11400.0,2.7027027027027026,4528308.0,0.002465854962790292,0.00499397998045119,0.002528125017660898
NEW,TANDEM DIABETES CARE INC,875372203,CALL,300000.0,,4527000.0,0.0,0.004992537471281224,0.004992537471281224
ADD,CAPITAL ONE FINL CORP,14040H105,PUT,22400.0,128.57142857142858,4493888.0,0.0022905661425895395,0.004956020373700251,0.002665454231110711
NEW,AURORA INNOVATION INC,051774107,CALL,658500.0,,4490970.0,0.0,0.004952802298961749,0.004952802298961749
TRIM,VERTEX INC,92538JAB2,,5000000.0,-66.66666666666666,4483949.0,0.016690494996988683,0.0049450592891128724,-0.01174543570787581
ADD,HCA HEALTHCARE INC,40412C101,PUT,11500.0,15.0,4483735.0,0.006063200765398826,0.004944823282260905,-0.0011183774831379214
TRIM,SOLID BIOSCIENCES INC,83422E204,,448008.0,-78.1549343367581,4475600.0,0.018918444536795843,0.004935851713378893,-0.013982592823416951
ADD,WISDOMTREE INC,97717P104,,264070.0,39.443640626485156,4473346.0,0.0035326626072231223,0.004933365921582941,0.001400703314359819
NEW,NEUROGENE INC,64135M105,,141920.0,,4463384.0,0.0,0.004922379471773155,0.004922379471773155
NEW,ADT INC DEL,00090Q103,,686618.0,,4463017.0,0.0,0.0049219747310503895,0.0049219747310503895
NEW,UL SOLUTIONS INC,903731107,,43774.0,,4458820.0,0.0,0.004917346129378871,0.004917346129378871
ADD,TRAVELERS COMPANIES INC,89417E109,PUT,13500.0,650.0,4456620.0,0.000672666283207834,0.004914919890713789,0.004242253607505956
ADD,COMCAST CORP NEW,20030N101,PUT,181500.0,142.0,4455825.0,0.002758766597940796,0.004914043136287091,0.002155276538346295
TRIM,MANULIFE FINL CORP,56501R106,,110009.0,-52.91073461805169,4454653.0,0.010299410673505467,0.004912750612780057,-0.00538666006072541
TRIM,FMC CORP,302491303,PUT,386100.0,-8.874203445834317,4440150.0,0.009347858166942162,0.0048967561857983935,-0.0044511019811437685
ADD,NOMAD FOODS LTD,G6564A105,,404970.0,353.16399037654566,4434422.0,0.0011003010504021175,0.004890439142583129,0.0037901380921810117
TRIM,D-WAVE QUANTUM INC,26740W109,PUT,184800.0,-19.30131004366812,4433352.0,0.004233721797235538,0.004889259108323295,0.0006555373110877566
ADD,PNC FINL SVCS GROUP INC,693475105,PUT,18000.0,1.694915254237288,4431960.0,0.004718945697048347,0.004887723960949753,0.00016877826390140557
NEW,TRUSTMARK CORP,898402102,,95945.0,,4414429.0,0.0,0.004868390147296333,0.004868390147296333
NEW,GENEDX HOLDINGS CORP,81663L200,PUT,64200.0,,4407330.0,0.0,0.0048605611162584215,0.0048605611162584215
TRIM,UBER TECHNOLOGIES INC,90353T100,,61026.0,-41.23639865190178,4403636.0,0.009570554339590148,0.004856487240972601,-0.004714067098617547
ADD,MOTOROLA SOLUTIONS INC,620076307,CALL,10600.0,430.0,4402074.0,0.0011120138771702006,0.0048547646115203935,0.003742750734350193
TRIM,SOUTHERN CO,842587107,PUT,45900.0,-19.047619047619047,4393089.0,0.0070116604297155586,0.004844855632245054,-0.002166804797470504
TRIM,OKEANIS ECO TANKERS COR,Y64177101,,87559.0,-33.23496892752297,4388457.0,0.008500352768433554,0.004839747297019303,-0.0036606054714142505
TRIM,FUTU HLDGS LTD,36118L106,CALL,46800.0,-45.32710280373832,4387032.0,0.014998691069956207,0.004838175756065785,-0.010160515313890423
TRIM,CELLDEX THERAPEUTICS INC NEW,15117B202,,117217.0,-96.37092217531044,4361645.0,0.13126471558742178,0.004810178064706515,-0.12645453752271527
TRIM,BALCHEM CORP,057665200,,25803.0,-72.14190859721667,4359417.0,0.020112117649022983,0.0048077209466402425,-0.01530439670238274
ADD,DAVE INC,23834J201,PUT,11700.0,1.7391304347826086,4359303.0,0.002565028345946082,0.0048075952233639615,0.0022425668774178793
TRIM,SHERWIN WILLIAMS CO,824348106,,12658.0,-77.78245835746758,4358403.0,0.023398357345584757,0.004806602671182793,-0.018591754674401963
NEW,FULGENT GENETICS INC,359664109,,211708.0,,4344248.0,0.0,0.004790992031044514,0.004790992031044514
TRIM,T-MOBILE US INC,872590104,PUT,25900.0,-74.04809619238478,4344207.0,0.026855446467821866,0.0047909468147784825,-0.022064499653043385
TRIM,OSCAR HEALTH INC,687793109,CALL,152000.0,-49.75206611570248,4335040.0,0.004445384184702301,0.004780837119395396,0.0003354529346930946
ADD,DRAFTKINGS INC NEW,26142V105,CALL,171600.0,69.73293768545994,4334616.0,0.002800446939268654,0.0047803695170344895,0.0019799225777658355
ADD,ETORO GROUP LTD,G32089107,CALL,109800.0,130.18867924528303,4333806.0,0.0018352456968094427,0.004779476220071437,0.0029442305232619944
TRIM,FABRINET,G3323L100,CALL,7700.0,-53.04878048780488,4328016.0,0.010958101512129375,0.004773090801039249,-0.006185010711090126
ADD,KINDER MORGAN INC DEL,49456B101,CALL,135200.0,15.753424657534246,4322344.0,0.005017609967529052,0.004766835516626369,-0.00025077445090268286
ADD,NUCOR CORP,670346105,PUT,19400.0,28.47682119205298,4321350.0,0.003271455808126324,0.004765739297884055,0.0014942834897577308
ADD,ULTRA CLEAN HLDGS INC,90385V107,CALL,30300.0,1.0,4320477.0,0.0023899701436427543,0.004764776522268321,0.0023748063786255664
TRIM,TIM S A,88706T108,,201291.0,-46.77727687365318,4311653.0,0.012835999989067483,0.004755045099549835,-0.008080954889517648
NEW,INMODE LTD,M5425M103,,294483.0,,4305341.0,0.0,0.0047480840002525684,0.0047480840002525684
NEW,KE HLDGS INC,482497104,,295724.0,,4296870.0,0.0,0.004738741878556252,0.004738741878556252
ADD,KEURIG DR PEPPER INC,49271V100,PUT,130800.0,1008.4745762711865,4281084.0,0.00039806442790229547,0.004721332513298544,0.004323268085396249
ADD,HORMEL FOODS CORP,440452100,CALL,172400.0,766.3316582914573,4278968.0,0.0005774864333091117,0.004718998912837039,0.004141512479527927
ADD,RUBRIK INC.,781154109,,52944.0,156.13933236574746,4250344.0,0.0012968541219559517,0.0046874313421328305,0.003390577220176879
ADD,SUMMIT HOTEL PPTYS,866082100,,605740.0,442.5638637096485,4246237.0,0.000632233840947151,0.004682901995679428,0.004050668154732278
TRIM,GILEAD SCIENCES INC,375558103,CALL,33400.0,-31.416837782340863,4219756.0,0.008695984649608232,0.004653697802002158,-0.004042286847606074
TRIM,RAMACO RES INC,75134P600,,318660.0,-54.551289182505116,4215872.0,0.013887880249484239,0.004649414387922535,-0.009238465861561703
TRIM,KINROSS GOLD CORP,496902404,CALL,178300.0,-0.7790762381747357,4211446.0,0.007026727465680628,0.004644533236862695,-0.0023821942288179323
KEEP,BEYOND MEAT INC,08862EAB5,,5000000.0,0.0,4193750.0,0.005373076707355956,0.004625017455309396,-0.0007480592520465604
TRIM,UNION PAC CORP,907818108,PUT,15400.0,-2.5316455696202533,4188800.0,0.004911387363975318,0.004619558418312964,-0.00029182894566235403
ADD,ENI SPA,26874R108,,89386.0,110.34474644075773,4188628.0,0.0030821338888672896,0.004619368730562785,0.0015372348416954956
TRIM,ICHOR HOLDINGS,G4740B105,,37275.0,-58.70309435969023,4185237.0,0.005390136025712665,0.004615629014511292,-0.000774507011201373
ADD,HIGHPEAK ENERGY INC,43114Q105,,598103.0,54.206296618100914,4180740.0,0.0034288102431706963,0.004610669562112715,0.001181859318942019
ADD,GENERAL DYNAMICS CORP,369550108,CALL,11800.0,168.1818181818182,4180032.0,0.0019348431606543855,0.004609888754396863,0.0026750455937424775
ADD,KOSMOS ENERGY LTD,500688106,,1977722.0,0.6680247053086688,4172993.0,0.006997436430286631,0.004602125893504363,-0.0023953105367822683
ADD,STRYKER CORPORATION,863667101,PUT,13200.0,4.761904761904762,4155888.0,0.0053045114440305645,0.004583261887883363,-0.0007212495561472014
TRIM,DYCOM INDS INC,267475101,PUT,8200.0,-37.404580152671755,4145838.0,0.005686706798168971,0.004572178388526973,-0.0011145284096419975
NEW,TAPESTRY INC,876030107,PUT,28300.0,,4142554.0,0.0,0.004568556675901462,0.004568556675901462
TRIM,SUNCOKE ENERGY INC,86722A103,,514410.0,-33.41169130239488,4141001.0,0.006443367963250438,0.004566843971971066,-0.0018765239912793717
TRIM,CORVEL CORP,221006109,,66189.0,-31.868573016706296,4138136.0,0.006802194037116493,0.004563684347527678,-0.0022385096895888154
NEW,VALLEY NATL BANCORP,919794107,,282441.0,,4137761.0,0.0,0.004563270784118858,0.004563270784118858
TRIM,IDT CORP,448947507,,71130.0,-35.216219170097276,4136921.0,0.0069069855284956535,0.0045623444020831,-0.0023446411264125538
KEEP,PARAMOUNT SKYDANCE CORP,69932A204,PUT,419300.0,-0.33277870216306155,4134298.0,0.00486182757781879,0.0045594516638928695,-0.00030237591392592075
TRIM,SLM CORP,78442P106,,159304.0,-72.30550451219449,4132346.0,0.015778670266888378,0.004557298928495489,-0.011221371338392887
NEW,COLLEGIUM PHARMACEUTICAL INC,19459J104,,114006.0,,4127017.0,0.0,0.00455142191674721,0.00455142191674721
TRIM,PORTLAND GEN ELEC CO,736508847,,79609.0,-77.19162030060109,4126134.0,0.02359800710301679,0.004550448112773908,-0.019047558990242883
ADD,PLAINS GP HLDGS L P,72651A207,CALL,169900.0,171.84,4123473.0,0.001944236996342811,0.004547513466824918,0.0026032764704821067
TRIM,FERMI INC,314911108,CALL,450000.0,-82.1951412518794,4122000.0,0.018910688088179133,0.004545888989755071,-0.014364799098424062
ADD,CENOVUS ENERGY INC,15135U109,PUT,165600.0,25.454545454545453,4108536.0,0.004486748067026472,0.004531040409124779,4.429234209830761e-05
NEW,STRIDE INC,86333M108,CALL,47500.0,,4096400.0,0.0,0.004517656394379591,0.004517656394379591
NEW,KB FINL GROUP INC,48241A105,,39011.0,,4094595.0,0.0,0.0045156657758384676,0.0045156657758384676
NEW,ENACT HLDGS INC,29249E109,,89442.0,,4088394.0,0.0,0.004508827091310212,0.004508827091310212
ADD,CBL & ASSOC PPTYS INC,124830878,,76965.0,15.244669381887876,4086072.0,0.0032882383850061227,0.004506266306682795,0.001218027921676672
TRIM,ARHAUS INC,04035M102,,484772.0,-43.04003759950651,4081780.0,0.007392955092843469,0.004501532935614375,-0.0028914221572290937
TRIM,STMICROELECTRONICS N V,861012102,PUT,54300.0,-8.277027027027026,4066527.0,0.0026205367926456224,0.00448471138181507,0.0018641745891694473
NEW,TD SYNNEX CORPORATION,87162W100,PUT,15200.0,,4063568.0,0.0,0.004481448090810537,0.004481448090810537
NEW,FEDERAL RLTY INVT TR NEW,313745101,,32911.0,,4062534.0,0.0,0.0044803077586379495,0.0044803077586379495
NEW,G III APPAREL GROUP LTD,36237H101,,120503.0,,4062156.0,0.0,0.004479890886721858,0.004479890886721858
ADD,THE CIGNA GROUP,125523100,CALL,14700.0,425.0,4052496.0,0.0009569361532576247,0.0044692374933106415,0.003512301340053017
NEW,THOMSON REUTERS CORP,884903881,CALL,49614.0,,4051975.0,0.0,0.00446866291588132,0.00446866291588132
NEW,SONIDA SENIOR LIVING INC,140475203,,98769.0,,4029775.0,0.0,0.004444179962079146,0.004444179962079146
ADD,VICOR CORP,925815102,PUT,10600.0,85.96491228070175,4025668.0,0.0011757669137026673,0.004439650615625744,0.0032638837019230765
ADD,APPIAN CORP,03782L101,,175628.0,19.28980900372212,4021881.0,0.004547870778317757,0.004435474176614535,-0.00011239660170322269
NEW,MARVELL TECHNOLOGY INC,573874104,,13500.0,,4021515.0,0.0,0.004435070538727526,0.004435070538727526
ADD,SELECT SECTOR SPDR TR,81369Y605,,75000.0,200.0,4020750.0,0.0015813341105345069,0.004434226869373532,0.0028528927588390247
TRIM,UIPATH INC,90364P105,,368837.0,-81.0481753505068,4009258.0,0.027677504462560218,0.004421553080855758,-0.02325595138170446
TRIM,CHEMOURS CO,163851108,,195149.0,-67.9700822786576,4004457.0,0.017196715375151453,0.004416258366387099,-0.012780457008764354
ADD,E L F BEAUTY INC,26856L103,PUT,54000.0,15.631691648822269,3996000.0,0.0036264497812635087,0.004406931684391379,0.0007804819031278702
TRIM,EXPAND ENERGY CORPORATION,165167735,PUT,43800.0,-57.4757281553398,3994122.0,0.014487083201467492,0.0044048605588400055,-0.010082222642627486
TRIM,ANDERSONS INC,034164103,,58375.0,-40.69027879379013,3992850.0,0.009051592322594674,0.004403457751757286,-0.004648134570837388
ADD,BOK FINL CORP,05561Q201,,28735.0,113.19928772814959,3990717.0,0.0022113604257190888,0.004401105403087915,0.0021897449773688265
ADD,ETF SER SOLUTIONS,26922A842,PUT,120000.0,110.15761821366024,3986400.0,0.0018018599125256198,0.0043963444611255734,0.002594484548599954
ADD,ROYAL BK CDA,780087102,PUT,19200.0,106.4516129032258,3973824.0,0.0019276504446758232,0.004382475198647369,0.0024548247539715453
NEW,CAPRI HOLDINGS LIMITED,G1890L107,,213768.0,,3969672.0,0.0,0.004377896224584908,0.004377896224584908
TRIM,KRATOS DEFENSE & SEC SOLUTIO,50077B207,CALL,79600.0,-43.705799151343705,3968856.0,0.012773815154237502,0.004376996310607314,-0.008396818843630187
ADD,LEMONADE INC,52567D107,CALL,60900.0,26.348547717842326,3961545.0,0.0038707625381634186,0.004368933478388949,0.0004981709402255307
ADD,VARONIS SYS INC,922280102,CALL,94300.0,15.0,3956828.0,0.00225562240628756,0.004363731402123866,0.0021081089958363062
NEW,GAMING & LEISURE P,36467J108,,88850.0,,3956491.0,0.0,0.004363359746473806,0.004363359746473806
TRIM,FLYWIRE CORPORATION,302492103,,225092.0,-75.2491937284,3954866.0,0.0135626385475359,0.004361567638368917,-0.009201070909166983
ADD,S&P GLOBAL INC,78409V104,CALL,9700.0,10.227272727272728,3950422.0,0.004795560806204396,0.004356666636265456,-0.0004388941699389401
NEW,SPROTT INC,852066208,,35043.0,,3937608.0,0.0,0.004342534898877119,0.004342534898877119
ADD,EPAM SYS INC,29414B104,PUT,49600.0,1807.6923076923076,3935760.0,0.0004510373589407072,0.004340496858398451,0.0038894594994577443
NEW,NAVAN INC,639193101,,171277.0,,3917105.0,0.0,0.004319923457354327,0.004319923457354327
ADD,DIGITAL TURBINE INC,25400W102,CALL,303500.0,724.7282608695652,3915150.0,0.00013578781800355617,0.0043177674134496765,0.00418197959544612
TRIM,MARQETA INC,57142B104,,964280.0,-55.16000764476578,3914977.0,0.011241345132535626,0.00431757662286374,-0.006923768509671887
ADD,FERRARI N V,N3167Y103,CALL,10500.0,0.9615384615384616,3909045.0,0.004509707359925623,0.004311034601154078,-0.00019867275877154516
KEEP,DOUYU INTL HLDGS LTD,25985W204,,840519.0,-0.15454610249221926,3908413.0,0.005414313749836543,0.004310337608955746,-0.001103976140880797
ADD,ADC THERAPEUTICS SA,H0036K147,,3649144.0,7.894879231395373,3904584.0,0.016249572795271124,0.004306114850842749,-0.011943457944428373
ADD,ANTERO RESOURCES CORP,03674X106,PUT,111100.0,803.2520325203253,3904054.0,0.000668807277057597,0.004305530347891617,0.0036367230708340198
KEEP,ASTRAZENECA PLC,G0593M107,PUT,20550.0,0.4889975550122249,3896691.0,0.005167313013221095,0.004297410168213895,-0.0008699028450072002
ADD,POET TECHNOLOGIES INC,73044W302,PUT,379000.0,884.4155844155845,3896120.0,0.00029300003867785006,0.004296780448996731,0.0040037804103188815
ADD,HANMI FINL CORP,410495204,,120240.0,82.96635573748041,3895776.0,0.0022194410206027356,0.004296401073496373,0.0020769600528936375
ADD,YPF SOCIEDAD ANONIMA,984245100,PUT,85600.0,39.64110929853181,3892232.0,0.0036300358895684595,0.00429249262357408,0.0006624567340056202
ADD,UNITED AIRLS HLDGS INC,910047109,PUT,28500.0,185.0,3875715.0,0.0011796105453264095,0.004274277085378111,0.0030946665400517015
ADD,COCA COLA CONS INC,191098102,CALL,20300.0,133.33333333333331,3875676.0,0.002137235989855225,0.004274234074783593,0.0021369980849283684
ADD,WHEATON PRECIOUS METALS CORP,962879102,PUT,34500.0,59.72222222222222,3875040.0,0.0036255900889903317,0.0042735326712422346,0.0006479425822519028
ADD,ALLIENT INC,019330109,,37497.0,140.5504234026174,3859566.0,0.001180116623490202,0.0042564673907406645,0.0030763507672504626
NEW,JANUS INTERNATIONAL GROUP IN,47103N106,,694140.0,,3852477.0,0.0,0.004248649388060322,0.004248649388060322
NEW,INTERPRIVATE INVTS PARTNERS,G49097127,,387500.0,,3844000.0,0.0,0.0042393006493494645,0.0042393006493494645
TRIM,STONECO LTD,G85158106,CALL,354500.0,-36.60586552217453,3842780.0,0.010116315437476894,0.004237955189726101,-0.005878360247750793
NEW,FB FINL CORP,30257X104,,69343.0,,3838135.0,0.0,0.0042328325176355115,0.0042328325176355115
ADD,GARTNER INC,366651107,PUT,29600.0,23.333333333333332,3836752.0,0.004868805050426423,0.004231307295783781,-0.0006374977546426417
ADD,VITAL FARMS INC,92847W103,PUT,329300.0,390.0297619047619,3829759.0,0.0012156945590100989,0.0042235951653360965,0.0030079006063259976
TRIM,VOYAGER TECHNOLOGIES INC,92892B103,,118479.0,-20.350787557730705,3820948.0,0.00445769789921423,0.004213878079482449,-0.00024381981973178087
TRIM,MEDTRONIC PLC,G5960L103,PUT,48800.0,-26.506024096385545,3817624.0,0.007371521721698941,0.004210212253426665,-0.003161309468272276
TRIM,AMERICAN ELEC PWR CO INC,025537101,PUT,27900.0,-62.9973474801061,3816999.0,0.012662757262101103,0.00420952298107863,-0.008453234281022473
TRIM,PROGRESS SOFTWARE CORP,743312100,,113291.0,-65.4364566045104,3804312.0,0.010771718689851962,0.004195531303831415,-0.006576187386020547
TRIM,KODIAK SCIENCES INC,50015M109,,97597.0,-78.77047700463105,3802379.0,0.02245275478077501,0.004193399522313415,-0.018259355258461594
NEW,REVOLUTION MEDICINES INC,76155X100,CALL,20300.0,,3801784.0,0.0,0.004192743335038086,0.004192743335038086
TRIM,VICOR CORP,925815102,,10000.0,-65.59672480820174,3797800.0,0.005995792435192181,0.004188349637382777,-0.0018074427978094039
NEW,ARK ETF TR,00214Q104,PUT,46900.0,,3790458.0,0.0,0.00418025261725595,0.00418025261725595
ADD,FUELCELL ENERGY INC,35952H700,CALL,105100.0,112.32323232323232,3784651.0,0.00041413208930007807,0.004173848450015894,0.0037597163607158163
NEW,ISHARES TR,46429B697,,39222.0,,3783354.0,0.0,0.0041724180720392546,0.0041724180720392546
NEW,ATKORE INC,047649108,,49751.0,,3783066.0,0.0,0.00417210045534128,0.00417210045534128
ADD,LOGITECH INTL S A,H50430232,PUT,40200.0,28.434504792332266,3780408.0,0.003654084211427672,0.00416916911789956,0.0005150849064718883
TRIM,SYLVAMO CORP,871332102,,99900.0,-59.071802561392296,3776220.0,0.01320952795389435,0.004164550441749852,-0.009044977512144496
NEW,FIRSTCASH HOLDINGS INC,33768G107,,17400.0,,3763968.0,0.0,0.004151038498056869,0.004151038498056869
NEW,GOOSEHEAD INS INC,38267D109,,77577.0,,3762485.0,0.0,0.004149402992629453,0.004149402992629453
NEW,ANTERO RESOURCES CORP,03674X106,CALL,107000.0,,3759980.0,0.0,0.004146640389058532,0.004146640389058532
ADD,HERSHEY CO,427866108,PUT,21400.0,1026.3157894736842,3754630.0,0.0005060666328978209,0.0041407402177593595,0.0036346735848615387
ADD,RXSIGHT INC,78349D107,,778252.0,6.129083726188349,3751175.0,0.005787447101816706,0.004136929920219427,-0.0016505171815972795
ADD,INNODATA INC,457642205,CALL,49600.0,23.690773067331673,3748768.0,0.00198416207922916,0.004134275394552678,0.0021501133153235177
NEW,GRINDR INC,39854F101,,260820.0,,3747983.0,0.0,0.0041334096684835465,0.0041334096684835465
TRIM,VALARIS LTD,G9460G101,,51595.0,-6.379851572281396,3745797.0,0.006922485613623662,0.004130998869519062,-0.0027914867441046
ADD,ISHARES TR,464288810,PUT,75700.0,52.00803212851406,3740337.0,0.0034039586023021226,0.004124977386286636,0.0007210187839845131
TRIM,UNITED AIRLS HLDGS INC,910047109,CALL,27500.0,-75.1131221719457,3739725.0,0.013034696525856822,0.00412430245080344,-0.008910394075053382
ADD,CARLYLE GROUP INC,14316J108,PUT,88800.0,1712.2448979591836,3739368.0,0.0003037891126456937,0.004123908738438244,0.00382011962579255
TRIM,CENCORA INC,03073E105,PUT,13200.0,-19.018404907975462,3735336.0,0.006560415514667169,0.004119462104666605,-0.002440953410000564
TRIM,EMCOR GROUP INC,29084Q100,CALL,4500.0,-75.67567567567568,3734460.0,0.01749971526210374,0.004118496020543601,-0.01338121924156014
NEW,GENMAB A/S,372303206,,135647.0,,3726223.0,0.0,0.004109411962414389,0.004109411962414389
NEW,MAXLINEAR INC,57776J100,PUT,29100.0,,3725673.0,0.0,0.004108805402748118,0.004108805402748118
ADD,TEXAS PACIFIC LAND CORPORATI,88262P102,PUT,8500.0,7.59493670886076,3719940.0,0.0048032890681892,0.004102482845354071,-0.0007008062228351288
ADD,BANK NOVA SCOTIA B C,064149107,CALL,42800.0,76.13168724279835,3716752.0,0.002157857073516601,0.0040989670049612174,0.0019411099314446166
TRIM,JADE BIOSCIENCES INC,008064206,,167204.0,-36.740631443542746,3715273.0,0.004757936777450127,0.004097335910876829,-0.0006606008665732974
ADD,CLOROX CO DEL,189054109,CALL,38900.0,398.71794871794873,3712616.0,0.0010356204174377878,0.004094405676270866,0.0030587852588330787
NEW,VANGUARD INDEX FDS,922908553,,38396.0,,3702526.0,0.0,0.004083278063484202,0.004083278063484202
NEW,COSTAR GROUP INC,22160N109,,130616.0,,3699045.0,0.0,0.004079439092214592,0.004079439092214592
ADD,MCGRATH RENTCORP,580589109,,30552.0,181.42962417096538,3697709.0,0.0015338652599812938,0.004077965703643434,0.0025441004436621397
TRIM,TJX COS INC NEW,872540109,PUT,24400.0,-93.02657902257788,3696600.0,0.07159280227067534,0.004076742658789082,-0.06751605961188625
NEW,ROUNDHILL ETF TRUST,77926X320,,50000.0,,3692500.0,0.0,0.004072221032185978,0.004072221032185978
ADD,CENTERSPACE,15202L107,,65712.0,664.2707606420098,3692357.0,0.0006328603529018209,0.004072063326672747,0.003439202973770926
TRIM,CROCS INC,227046109,PUT,30500.0,-18.449197860962567,3679520.0,0.003978092107624789,0.004057906224062003,7.981411643721414e-05
KEEP,FTAI AVIATION LTD,G3730V105,CALL,13600.0,0.0,3679208.0,0.004268993523436076,0.004057562139305865,-0.00021143138413021092
ADD,MONDAY COM LTD,M7S64H106,PUT,50500.0,83.63636363636363,3655695.0,0.002434972663904067,0.00403163116215494,0.0015966584982508728
ADD,UNDER ARMOUR INC,904311107,PUT,571200.0,12.109911678115798,3649968.0,0.003857910715224167,0.004025315221775434,0.00016740450655126655
TRIM,FLAGSTAR BANK NATIONAL ASSOC,649445400,PUT,244300.0,-0.5698005698005698,3649842.0,0.0041458294728954305,0.004025176264470069,-0.00012065320842536125
ADD,TMC THE METALS COMPANY INC,87261Y106,,822415.0,407.76701426833864,3643298.0,0.0009690897164518967,0.004017959307277212,0.0030488695908253154
KEEP,EZCORP INC,302301106,CALL,105000.0,0.0,3629850.0,0.003414297971369988,0.00400312837201903,0.000588830400649042
ADD,GERDAU SA,373737105,,897585.0,1.9481323394284402,3626243.0,0.004072152179510462,0.003999150443444055,-7.30017360664071e-05
TRIM,CAVA GROUP INC,148929102,PUT,46100.0,-22.259696458684655,3617928.0,0.006146441014263664,0.003989980364125808,-0.0021564606501378557
ADD,DOORDASH INC,25809K105,CALL,19600.0,96.0,3616788.0,0.0019237376276828538,0.003988723131362995,0.002064985503680141
TRIM,RED CAT HLDGS INC,75644T100,CALL,339100.0,-7.727891156462585,3611415.0,0.006163359399460835,0.003982797594841415,-0.0021805618046194207
TRIM,ORIGIN BANCORP INC,68621T102,,70480.0,-26.212860403274775,3605052.0,0.005073819236394654,0.003975780250920547,-0.0010980389854741068
ADD,CARLYLE GROUP INC,14316J108,CALL,85300.0,1052.7027027027027,3591983.0,0.0004587835578730885,0.003961367290414214,0.0035025837325411255
NEW,BURFORD CAPITAL LIMITED,G17977110,,873318.0,,3580604.0,0.0,0.003948818122336963,0.003948818122336963
TRIM,LUMENTUM HLDGS INC,55024U109,,4159.0,-95.48513862654421,3568672.0,0.08294152950230453,0.003935659086086174,-0.07900587041621836
ADD,TEVA PHARMACEUTICAL INDS LTD,881624209,CALL,105200.0,34.52685421994885,3564176.0,0.003017742809485282,0.003930700736523355,0.0009129579270380729
TRIM,ALBANY INTL CORP,012348108,,47695.0,-26.82234530585943,3553278.0,0.004359819819915641,0.003918682032445152,-0.0004411377874704884
TRIM,OUSTER INC,68989M202,PUT,56700.0,-48.17184643510055,3544884.0,0.0025748206381128354,0.003909424829102114,0.0013346041909892787
NEW,JBS N.V.,N4732M103,CALL,298600.0,,3538410.0,0.0,0.0039022850704122365,0.0039022850704122365
ADD,MP MATERIALS CORP,553368101,PUT,63100.0,33.97027600849257,3534231.0,0.00291225049594006,0.003897676319784341,0.0009854258238442808
TRIM,MARA HOLDINGS INC,565788106,PUT,254300.0,-79.16598394232345,3532227.0,0.012760979987035286,0.003895466236927604,-0.008865513750107681
TRIM,ENERSYS,29275Y102,CALL,15100.0,-13.714285714285715,3530682.0,0.0038950081664459834,0.0038937623556832635,-1.24581076271996e-06
TRIM,VIAVI SOLUTIONS INC,925550105,PUT,73700.0,-47.01653486700216,3519175.0,0.005931041335648083,0.003881072024629136,-0.0020499693110189467
KEEP,REDWOOD TRUST INC,758075AF2,,3500000.0,0.0,3511555.0,0.004573363024456956,0.0038726684161619037,-0.0007006946082950523
TRIM,ANHEUSER BUSCH INBEV SA NV,03524A108,PUT,42600.0,-26.42487046632124,3510240.0,0.005146011606762317,0.0038712181871416395,-0.0012747934196206778
TRIM,TRICO BANCSHARES,896095106,,65139.0,-1.5863663146444273,3507735.0,0.0040314891193523545,0.003868455583570719,-0.00016303353578163557
TRIM,CVS HEALTH CORP,126650100,PUT,33900.0,-52.719665271966534,3506955.0,0.006597585994889837,0.0038675953716803724,-0.0027299906232094644
NEW,AGILON HEALTH INC,00857U206,,32669.0,,3501463.0,0.0,0.0038615385977037262,0.0038615385977037262
ADD,BLUE OWL CAPITAL INC,09581B103,PUT,399400.0,121.51968940654466,3494750.0,0.0021090506391583256,0.0038541352612679602,0.0017450846221096347
NEW,UNIFIRST CORP MASS,904708104,,13213.0,,3494310.0,0.0,0.0038536500135349446,0.0038536500135349446
TRIM,PAPA JOHNS INTL INC,698813102,,95000.0,-18.726312997801333,3493150.0,0.004853702140566199,0.003852370724056993,-0.0010013314165092059
NEW,UNITED BANKSHARES INC WEST V,909907107,,76145.0,,3489725.0,0.0,0.0038485935115897653,0.0038485935115897653
KEEP,VANGUARD INDEX FDS,922908744,PUT,16000.0,0.0,3486880.0,0.004021976131083593,0.003845455943861514,-0.00017652018722207887
ADD,PRA GROUP INC,69354N106,,183528.0,760.8658942727144,3485197.0,0.0004779978723601746,0.0038435998712827275,0.003365601998922553
NEW,SUNSTONE HOTEL INVS INC NEW,867892101,,303473.0,,3474766.0,0.0,0.0038320961915029764,0.0038320961915029764
NEW,RIVIAN AUTOMOTIVE INC,76954A103,,200251.0,,3474355.0,0.0,0.003831642926006909,0.003831642926006909
TRIM,INNOSPEC INC,45768S105,,42648.0,-74.43073491852225,3471121.0,0.015604244982592427,0.0038280763551692405,-0.011776168627423186
ADD,RUBRIK INC.,781154109,PUT,43200.0,11.053984575835475,3468096.0,0.002440620239969885,0.003824740277004755,0.0013841200370348704
TRIM,KIMBELL RTY PARTNERS LP,49435R102,,238620.0,-49.54283635994553,3467149.0,0.008767445448756841,0.0038236958915430137,-0.004943749557213828
TRIM,ADMA BIOLOGICS INC,000899104,,413935.0,-87.41363378321961,3464636.0,0.037964447676288815,0.0038209244652860383,-0.03414352321100278
ADD,TRANSDIGM GROUP INC,893641100,PUT,2600.0,766.6666666666667,3463304.0,0.0004454615306651988,0.0038194554880579073,0.0033739939573927086
TRIM,NAVIOS MARITIME PARTNERS LP,Y62267409,,49366.0,-9.828849069355398,3459076.0,0.004733211976425136,0.003814792698477926,-0.0009184192779472101
ADD,MCGRAW HILL INC,580907103,,364982.0,130.7369405933709,3456380.0,0.0027764857397262464,0.0038118194532774452,0.0010353337135511989
ADD,INTERNATIONAL PAPER CO,460146103,PUT,90600.0,20.961281708945258,3451860.0,0.0034258673025574517,0.0038068346356564626,0.0003809673330990109
NEW,HIVE DIGITAL TECHNOLOGIES LT,433921103,,946862.0,,3444146.0,0.0,0.0037983273606280853,0.0037983273606280853
TRIM,OKLO INC,02156V109,CALL,65800.0,-57.57575757575758,3443314.0,0.009854314287844524,0.003797409801278382,-0.006056904486566142
TRIM,ALARM COM HLDGS INC,011642105,,73687.0,-21.2560644595952,3442657.0,0.005178184084663579,0.003796685238186128,-0.0013814988464774507
TRIM,V2X INC,92242T101,,46166.0,-2.316920928461099,3442137.0,0.004147764100812713,0.003796111763592564,-0.000351652337220149
NEW,SUN CMNTYS INC,866674104,,28607.0,,3430265.0,0.0,0.0037830188974871852,0.0037830188974871852
TRIM,LSB INDS INC,502160104,,316954.0,-42.30129285706484,3426273.0,0.010486653188056055,0.0037786163771458213,-0.006708036810910234
ADD,MASTEC INC,576323109,CALL,8200.0,115.78947368421053,3411692.0,0.0015664233822554707,0.003762535928975123,0.0021961125467196523
ADD,TERNIUM SA,880890108,,79861.0,16.64159376049776,3410065.0,0.003521983717361825,0.00376074161519872,0.0002387578978368947
NEW,HERITAGE INSURANCE HLDGS INC,42727J102,,130487.0,,3403101.0,0.0,0.003753061466987984,0.003753061466987984
NEW,TOOTSIE ROLL INDS INC,890516107,,86035.0,,3402684.0,0.0,0.0037526015844773757,0.0037526015844773757
ADD,BYLINE BANCORP INC,124411109,,90304.0,88.56546251827105,3400849.0,0.0019370455615747898,0.0037505778808635476,0.0018135323192887578
ADD,GENERAL DYNAMICS CORP,369550108,PUT,9600.0,220.00000000000003,3400704.0,0.0013192112459007174,0.003750417969678803,0.002431206723778086
ADD,ISHARES TR,46432F396,CALL,9900.0,37.5,3394017.0,0.0022138395681164024,0.003743043306972716,0.0015292037388563136
TRIM,APOGEE ENTERPRISES INC,037598109,,74194.0,-49.44328604331057,3393634.0,0.0063062835601791385,0.0037426209208778404,-0.002563662639301298
TRIM,ROYAL GOLD INC,780287108,PUT,17000.0,-26.08695652173913,3393370.0,0.007499271224766712,0.003742329772238031,-0.0037569414525286814
TRIM,NUCOR CORP,670346105,CALL,15200.0,-25.853658536585368,3385800.0,0.004441380401760904,0.003733981305558641,-0.0007073990962022632
ADD,CIPHER DIGITAL INC,17253J106,PUT,138000.0,16.161616161616163,3381000.0,0.00195891454430334,0.0037286876939257385,0.0017697731496223983
NEW,XPENG INC,98422D105,,255010.0,,3376332.0,0.0,0.003723539656612741,0.003723539656612741
TRIM,AVISTA CORP,05379B107,,82508.0,-60.75850031152351,3375402.0,0.010813053104333682,0.003722514019358866,-0.007090539084974815
NEW,RUSH STREET INTERACTIVE INC,782011100,,113495.0,,3375341.0,0.0,0.003722446746377698,0.003722446746377698
TRIM,VIPSHOP HLDGS LTD,92763W103,,253956.0,-92.0358086920689,3367457.0,0.0642228897494162,0.003713751989270655,-0.06050913776014555
TRIM,FLEX LTD,Y2573F102,CALL,20700.0,-45.526315789473685,3354849.0,0.0031869855971418883,0.003699847436048231,0.0005128618389063427
TRIM,ARGENX SE,04016X101,CALL,3600.0,-18.181818181818183,3339972.0,0.00411665759008177,0.0036834405484935037,-0.0004332170415882663
ADD,AUTOMATIC DATA PROCESSING IN,053015103,PUT,14900.0,101.35135135135135,3336855.0,0.0019263410475026685,0.0036800030094393875,0.001753661961936719
TRIM,CROWN CASTLE INC,22822V101,,44012.0,-81.69499702624805,3333029.0,0.025047578959068336,0.003675783559833662,-0.021371795399234676
TRIM,INTERNATIONAL BANCSHARES COR,459044103,,43865.0,-51.36163040826736,3331547.0,0.007775174789982158,0.003674149157242003,-0.004101025632740155
TRIM,BLOOMIN BRANDS INC,094235108,,364309.0,-37.77027327108806,3329784.0,0.004050290884045159,0.0036722048578026684,-0.0003780860262424905
NEW,ETORO GROUP LTD,G32089107,,83397.0,,3291680.0,0.0,0.003630182404123477,0.003630182404123477
TRIM,AGNICO EAGLE MINES LTD,008474108,PUT,21200.0,-18.461538461538463,3288756.0,0.006761563007221917,0.0036269577123704336,-0.003134605294851483
TRIM,DANA INC,235825205,,120780.0,-78.23717122866827,3286424.0,0.02392683491327008,0.0036243858993854484,-0.02030244901388463
TRIM,COUSINS PPTYS INC,222795502,,109604.0,-87.77584210890257,3285928.0,0.02592743236132236,0.0036238388928500486,-0.022303593468472313
TRIM,ERO COPPER CORP,296006109,PUT,122700.0,-21.295702373316228,3282225.0,0.005327085092556801,0.0036197550920424155,-0.0017073300005143858
NEW,WILLIS LEASE FIN CORP,970646105,,14297.0,,3271154.0,0.0,0.003607545597378277,0.003607545597378277
TRIM,TRIPLE FLAG PRECIOUS METAL,89679M104,,109186.0,-6.873640666979402,3267846.0,0.00521009007077226,0.003603897416694602,-0.0016061926540776581
ADD,ZEBRA TECHNOLOGIES CORPORATI,989207105,PUT,12400.0,264.70588235294116,3264424.0,0.0009107766998775662,0.003600123512734645,0.0026893468128570785
ADD,SANFILIPPO JOHN B & SON INC,800422107,,37961.0,31.239412273120138,3264266.0,0.00293989133215693,0.003599949264685062,0.0006600579325281319
NEW,UPWORK INC,91688F104,,389875.0,,3259355.0,0.0,0.0035945332382831484,0.0035945332382831484
NEW,GARMIN LTD,H2906T109,CALL,13700.0,,3254298.0,0.0,0.0035889561978607342,0.0035889561978607342
ADD,TWFG INC,87318A101,,135139.0,108.97352631904498,3250093.0,0.0015236732301256715,0.0035843187735031604,0.0020606455433774887
ADD,ITURAN LOCATION AND CONTROL,M6158M104,,52980.0,146.61360145231112,3232310.0,0.0013489635170895627,0.003564707045239013,0.0022157435281494504
TRIM,CANADIAN NAT RES LTD MED TER,136385101,CALL,81800.0,-6.084959816303099,3231100.0,0.005437948240690931,0.0035633726139732186,-0.0018745756267177127
KEEP,AMC ENTMT HLDGS INC,00165C302,,1700104.0,0.23967609235400839,3230198.0,0.0021295231023969164,0.0035623778561205363,0.0014328547537236199
NEW,SELECTIVE INS GROUP INC,816300107,,33196.0,,3220344.0,0.0,0.00355151051257249,0.00355151051257249
TRIM,UNUSUAL MACHS INC,91532F102,CALL,144400.0,-10.36623215394165,3220120.0,0.0025593974256173002,0.003551263477362954,0.0009918660517456539
NEW,COMPASS INC,20464U100,CALL,260700.0,,3214431.0,0.0,0.003544989444742208,0.003544989444742208
ADD,UNDER ARMOUR INC,904311107,CALL,502400.0,29.75206611570248,3210336.0,0.0029318607044843915,0.003540473332317888,0.0006086126278334967
ADD,DUOLINGO INC,26603R106,CALL,27900.0,14.344262295081966,3209058.0,0.0030814497224382637,0.0035390639082206275,0.00045761418578236374
NEW,BLACKBERRY LTD,09228F103,PUT,253300.0,,3204245.0,0.0,0.003533755959722886,0.003533755959722886
TRIM,HAFNIA LTD,Y2990R101,,482485.0,-4.669841144392635,3203700.0,0.004928191721434319,0.0035331549142354,-0.0013950368071989185
TRIM,ISHARES TR,464288513,,40000.0,-71.42857142857143,3198800.0,0.01427063549262917,0.003527751019026812,-0.010742884473602358
ADD,TRANSDIGM GROUP INC,893641100,CALL,2400.0,200.0,3196896.0,0.001187897415107197,0.0035256512197457605,0.002337753804638564
ADD,CENOVUS ENERGY INC,15135U109,CALL,128800.0,65.55269922879178,3195528.0,0.002644462118292875,0.0035241425404303837,0.0008796804221375088
TRIM,BANK OF N T BUTTERFIELD & SO,G0772R208,,53606.0,-46.75129878515163,3189557.0,0.006768909468465429,0.0035175575081262045,-0.0032513519603392244
ADD,CANADIAN IMPERIAL BANK OF CO,136069101,PUT,27700.0,965.3846153846154,3185500.0,0.0003156262168362778,0.003513083303460645,0.003197457086624367
ADD,GENUINE PARTS CO,372460105,CALL,27000.0,321.875,3185460.0,0.0008671232943161874,0.0035130391900303703,0.002645915895714183
NEW,HORMEL FOODS CORP,440452100,PUT,127800.0,,3171996.0,0.0,0.003498190609400079,0.003498190609400079
ADD,LUMEXA IMAGING HOLDINGS INC,550249106,,280963.0,177.41760303323525,3169263.0,0.0011159228505315461,0.003495176559276595,0.002379253708745049
TRIM,DOXIMITY INC,26622P107,PUT,152800.0,-24.01790154152163,3169072.0,0.006003278548384689,0.003494965917647036,-0.002508312630737653
ADD,QXO INC,82846H405,PUT,183100.0,256.9200779727096,3163968.0,0.0012764008768754794,0.0034893370439440493,0.00221293616706857
TRIM,MORGAN STANLEY,617446448,CALL,15100.0,-55.325443786982255,3156504.0,0.007126690074529826,0.003481105477854886,-0.00364558459667494
TRIM,WASTE MGMT INC DEL,94106L109,CALL,14100.0,-56.88073394495413,3142608.0,0.009627186407934363,0.003465780472177633,-0.00616140593575673
TRIM,PAYCOM SOFTWARE INC,70432V102,CALL,25000.0,-16.666666666666664,3142000.0,0.004671549875495985,0.0034651099480374654,-0.0012064399274585198
ADD,LOGITECH INTL S A,H50430232,CALL,33400.0,96.47058823529412,3140936.0,0.0019846463768137517,0.0034639365307921723,0.0014792901539784206
ADD,UPSTREAM BIO INC,91678A107,,453011.0,154.26058551479503,3134836.0,0.0020544364774165757,0.0034572092326753583,0.0014027727552587826
ADD,FIFTH THIRD BANCORP,316773100,CALL,55486.0,43.42656258077858,3127746.0,0.0023027863287319564,0.0034493901271592585,0.001146603798427302
TRIM,GAMESTOP CORP,36467W109,CALL,141600.0,-17.338003502626968,3126528.0,0.005056620266088951,0.0034480468732074093,-0.0016085733928815414
TRIM,SCHEIN HENRY INC,806407102,,37402.0,-92.80916071627696,3123815.0,0.049113766018067724,0.0034450548797990625,-0.04566871113826866
ADD,GUIDEWIRE SOFTWARE INC,40171V100,PUT,25300.0,99.21259842519686,3113165.0,0.0024335466765716585,0.00343330967898856,0.0009997630024169016
NEW,JACOBS SOLUTIONS INC,46982L108,,24701.0,,3112326.0,0.0,0.0034323843997885587,0.0034323843997885587
TRIM,OPTIMUM COMMUNICATIONS INC,02156K103,,2144488.0,-59.2883769706662,3109508.0,0.008773422295931761,0.003429276608625742,-0.005344145687306019
ADD,ROKU INC,77543R102,CALL,22500.0,174.390243902439,3108150.0,0.000994070759585137,0.003427778957667934,0.002433708198082797
TRIM,FMC CORP,302491303,CALL,269800.0,-10.662251655629138,3102700.0,0.006662858547124223,0.0034217685027930758,-0.0032410900443311476
TRIM,FREEPORT MCMORAN INC,35671D857,,49300.0,-94.06232987912686,3100477.0,0.06252892185777956,0.003419316898905588,-0.05910960495887397
TRIM,FABRINET,G3323L100,PUT,5500.0,-60.99290780141844,3091440.0,0.009421294592745377,0.0034093505721708916,-0.006011944020574486
NEW,CONCENTRA GROUP HOLDINGS PAR,20603L102,,103773.0,,3087247.0,0.0,0.0034047263818423996,0.0034047263818423996
TRIM,DYCOM INDS INC,267475101,CALL,6100.0,-32.967032967032964,3084099.0,0.0039503077758273,0.0034012546548798216,-0.0005490531209474785
ADD,TRILOGY METALS INC NEW,89621C105,,877834.0,155.89769152958394,3081543.0,0.0015770049001156323,0.003398435806685301,0.0018214309065696687
ADD,ULTRAPAR PARTICIPACOES SA,90400P101,,611673.0,139.3929787483856,3070598.0,0.0018037650726004544,0.0033863652693265265,0.001582600196726072
ADD,ISHARES INC,464286400,,88988.0,1112.205421604686,3070086.0,0.0003610720359448615,0.0033858006174190165,0.0030247285814741552
TRIM,CAPITAL ONE FINL CORP,14040H105,CALL,15300.0,-92.72121788772597,3069486.0,0.04913030644615523,0.0033851389159649035,-0.045745167530190325
NEW,SILVERCORP METALS INC,82835P103,CALL,303300.0,,3063330.0,0.0,0.0033783498590457058,0.0033783498590457058
ADD,OCULIS HOLDING AG,H5870P102,,220403.0,292.6862294439396,3056990.0,0.0019121003923367045,0.003371357880347247,0.0014592574880105426
TRIM,DELTA AIR LINES INC,247361702,,32600.0,-88.9186129910567,3053316.0,0.025057341783392646,0.003367306061776563,-0.021690035721616083
TRIM,AVEPOINT INC,053604104,,272314.0,-60.92635505972665,3052640.0,0.008491552133225727,0.0033665605448049292,-0.005124991588420797
TRIM,ERO COPPER CORP,296006109,CALL,114000.0,-5.550952775476388,3049500.0,0.004124305135802475,0.0033630976405284053,-0.0007612074952740699
TRIM,PETROLEO BRASILEIRO S A,71654V101,,208044.0,-66.64459476142301,3045764.0,0.014983412634251835,0.0033589774461407966,-0.011624435188111038
TRIM,AUTOMATIC DATA PROCESSING IN,053015103,CALL,13600.0,-71.00213219616205,3045720.0,0.012208837179442588,0.0033589289213674946,-0.008849908258075093
TRIM,IHS HOLDING LIMITED,G4701H109,,369542.0,-36.008270359005614,3045026.0,0.0060892003709123585,0.0033581635533522377,-0.002731036817560121
TRIM,SYMBOTIC INC,87151X101,PUT,67700.0,-25.358324145534727,3043115.0,0.006182148352048228,0.0033560560342208883,-0.00282609231782734
TRIM,NOVA LTD,M7516K103,PUT,5600.0,-9.67741935483871,3040464.0,0.0034497055058878992,0.0033531324166294666,-9.657308925843265e-05
TRIM,ONEOK INC NEW,682680103,CALL,34900.0,-23.127753303964756,3034206.0,0.0052577113853798825,0.0033462308704630696,-0.0019114805149168129
NEW,ZOOMINFO TECHNOLOGIES INC,98980F104,,1035466.0,,3033915.0,0.0,0.0033459099452578253,0.0033459099452578253
ADD,V F CORP,918204108,CALL,181300.0,59.1747146619842,3024084.0,0.0024793486722107087,0.0033350679669321864,0.0008557192947214777
ADD,PROTO LABS INC,743713109,,37033.0,14.338201241162125,3018560.0,0.0023661665329969203,0.0033289759022113214,0.000962809369214401
ADD,IBOTTA INC,451051106,,88313.0,37.711487782438525,3016772.0,0.0024624174749081256,0.0033270040318780646,0.000864586556969939
ADD,BRASKEM SA,105532105,,1233885.0,2309.837506347408,3010679.0,0.0002400975742192069,0.003320284453611549,0.0030801868793923423
ADD,LUCID GROUP INC,549498202,CALL,450000.0,350.0,3010500.0,0.0012209936458086978,0.0033200870460110723,0.0020990934002023745
NEW,ARROW ELECTRS INC,042735100,PUT,14100.0,,3009081.0,0.0,0.0033185221220720955,0.0033185221220720955
TRIM,MELCO RESORTS AND ENTMNT LTD,585464100,,568426.0,-66.73416287341887,2995605.0,0.012434958027867328,0.003303660307412722,-0.009131297720454606
TRIM,PETROLEO BRASILEIRO S A,71654V408,PUT,185100.0,-63.6702649656526,2991216.0,0.013545117993384344,0.0032988199612758863,-0.010246298032108457
TRIM,FAIR ISAAC CORP,303250104,CALL,2500.0,-93.5064935064935,2986950.0,0.05265812479632189,0.003294115263937144,-0.04936400953238475
TRIM,VERSANT MEDIA GROUP INC,925283103,,82870.0,-54.492787049087596,2984149.0,0.008637220646923382,0.0032910262209821946,-0.005346194425941187
TRIM,NORTHWEST NAT HLDG CO,66765N105,,60666.0,-36.17665933742228,2976274.0,0.006481286670429194,0.0032823413893969637,-0.0031989452810322304
TRIM,KRISPY KREME INC,50101L106,,841258.0,-4.882196377812803,2969641.0,0.003841383099242077,0.0032750262798217464,-0.0005663568194203307
TRIM,PAN AMERN SILVER CORP,697900108,CALL,66100.0,-49.309815950920246,2960619.0,0.009127026155631691,0.003265076495623403,-0.0058619496600082885
TRIM,POSTAL REALTY TRUST INC,73757R102,,120110.0,-46.43876422532197,2959510.0,0.005332453364724627,0.003263853450769051,-0.002068599913955576
TRIM,ISHARES TR,464287234,CALL,43200.0,-79.74683544303798,2955312.0,0.015519696617764974,0.0032592237462617754,-0.0122604728715032
TRIM,BILL HOLDINGS INC,090043100,,81726.0,-96.22071232400342,2955212.0,0.10611323814072154,0.0032591134626860896,-0.10285412467803545
NEW,HUNT J B TRANS SVCS INC,445658107,CALL,10200.0,,2952186.0,0.0,0.0032557762816858475,0.0032557762816858475
NEW,PULSE BIOSCIENCES INC,74587B101,,106457.0,,2952053.0,0.0,0.003255629604530186,0.003255629604530186
NEW,CARNIVAL CORP LTD,G2004J103,PUT,103300.0,,2951281.0,0.0,0.003254778215325894,0.003254778215325894
NEW,JETBLUE AIRWAYS CORP,477143101,CALL,514800.0,,2949804.0,0.0,0.0032531493269130195,0.0032531493269130195
TRIM,TAKE-TWO INTERACTIVE SOFTWAR,874054109,PUT,11800.0,-39.795918367346935,2949764.0,0.004959566005168383,0.003253105213482745,-0.0017064607916856384
ADD,HORIZON BANCORP IND,440407104,,147606.0,560.0160972992309,2949168.0,0.00047477947148056134,0.00325244792337166,0.0027776684518910984
ADD,HEALTHCARE RLTY TR,42226K105,,146186.0,655.0929752066116,2948572.0,0.0004214234584903166,0.0032517906332605747,0.002830367174770258
TRIM,LIBERTY ENERGY INC,53115L104,,112505.0,-83.37063073502979,2946506.0,0.024963704510985583,0.003249512174586913,-0.02171419233639867
TRIM,BWX TECHNOLOGIES INC,05605H100,CALL,15100.0,-28.436018957345972,2939215.0,0.005528089089530929,0.003241471399083685,-0.0022866176904472436
TRIM,HUBSPOT INC,443573100,PUT,16100.0,-21.07843137254902,2938411.0,0.006379967259616814,0.0032405847191351736,-0.00313938254048164
TRIM,INVESCO EXCH TRADED FD TR II,46138E628,PUT,31600.0,-68.33667334669339,2938168.0,0.010116663926744113,0.0032403167300462583,-0.006876347196697856
TRIM,CNO FINL GROUP INC,12621E103,,57555.0,-42.45996041029333,2934154.0,0.005262018815219556,0.003235889947318244,-0.0020261288679013123
ADD,BRITISH AMERN TOB PLC,110448107,PUT,47400.0,11.267605633802818,2927424.0,0.0031912674027707367,0.003228467862674611,3.720045990387435e-05
ADD,SELECT SECTOR SPDR TR,81369Y860,CALL,66300.0,12.755102040816327,2919189.0,0.0030759353922687354,0.0032193860102169127,0.00014345061794817726
TRIM,PILGRIMS PRIDE CORP,72147K108,,103845.0,-7.59394548803602,2919083.0,0.005436728528255665,0.0032192691096266865,-0.0022174594186289785
TRIM,ABBVIE INC,00287Y109,CALL,11600.0,-34.090909090909086,2919024.0,0.004904248458839489,0.0032192040423170316,-0.0016850444165224573
TRIM,FUTU HLDGS LTD,36118L106,PUT,31100.0,-5.47112462006079,2915314.0,0.005764683834130365,0.0032151125216591005,-0.0025495713124712646
NEW,TILRAY BRANDS INC,88688T209,,648506.0,,2911884.0,0.0,0.0032113297950130894,0.0032113297950130894
TRIM,BAUSCH PLUS LOMB CORP,071705107,,175819.0,-37.90342518489218,2911567.0,0.005767881735641319,0.0032109801960781663,-0.0025569015395631523
NEW,PRIMERICA INC,74164M108,,10211.0,,2901966.0,0.0,0.0032003918699766046,0.0032003918699766046
TRIM,CARGURUS INC,141788109,,84633.0,-32.098587142272606,2885139.0,0.005437490848527706,0.00318183445269601,-0.002255656395831696
TRIM,TABOOLA.COM LTD,M8744T106,,576970.0,-21.075778032208774,2884850.0,0.002903521608522542,0.0031815157331622794,0.0002779941246397375
ADD,AUTOZONE INC,053332102,PUT,900.0,80.0,2876346.0,0.0021638236710071895,0.0031721372178859873,0.0010083135468787977
NEW,GOODYEAR TIRE & RUBR CO,382550101,,435144.0,,2871950.0,0.0,0.003167289151898854,0.003167289151898854
ADD,GLOBAL PMTS INC,37940X102,CALL,39500.0,176.22377622377624,2866120.0,0.0012330242127910102,0.003160859619436391,0.0019278354066453807
NEW,COGNIZANT TECHNOLOGY SOLUTIO,192446102,CALL,73700.0,,2854401.0,0.0,0.0031479354872018103,0.0031479354872018103
ADD,XPENG INC,98422D105,CALL,215500.0,70.49050632911393,2853220.0,0.002770879162397748,0.003146633038172965,0.00037575387577521704
TRIM,TRUIST FINL CORP,89832Q109,CALL,57100.0,-12.153846153846153,2844722.0,0.0038283211577740603,0.0031372611399112143,-0.000691060017862846
ADD,KROGER CO,501044101,PUT,51000.0,3.6585365853658534,2832030.0,0.004561253022421085,0.003123263948485214,-0.0014379890739358715
TRIM,ABBOTT LABORATORIES,002824100,PUT,31200.0,-50.55467511885895,2831088.0,0.008300293023628327,0.0031222250772022573,-0.005178067946426069
TRIM,SHERWIN WILLIAMS CO,824348106,PUT,8200.0,-52.046783625730995,2823424.0,0.0070228338668457775,0.0031137729439617225,-0.0039090609228840546
ADD,CDW CORP,12514G108,PUT,20000.0,127.27272727272727,2812800.0,0.001364458477375408,0.0031020564168808985,0.0017375979395054906
ADD,PULTE GROUP INC,745867101,CALL,20300.0,89.7196261682243,2785363.0,0.0016123099377902436,0.003071797912220076,0.0014594879744298326
ADD,CDW CORP,12514G108,CALL,19700.0,10.674157303370785,2770608.0,0.002759927374691166,0.0030555255706276848,0.00029559819593651896
TRIM,BWX TECHNOLOGIES INC,05605H100,PUT,14200.0,-65.78313253012048,2764030.0,0.01087278185855609,0.003048271117019095,-0.007824510741536995
ADD,LITHIA MTRS INC,536797103,PUT,9500.0,493.75,2759655.0,0.0005119102341764499,0.003043446210582855,0.002531535976406405
ADD,DUTCH BROS INC,26701L100,CALL,38400.0,814.2857142857142,2757504.0,0.0002726057292822752,0.003041074010869861,0.0027684682815875858
ADD,CANADA GOOSE HLDGS INC,135086106,,289959.0,148.82776967304557,2756703.0,0.0016378790565619165,0.00304019063942862,0.0014023115828667037
TRIM,ROCKET LAB CORP,773121108,PUT,27100.0,-84.20745920745921,2754715.0,0.014119134908547758,0.003037998201943993,-0.011081136706603765
ADD,SYNAPTICS INC,87157D109,,22163.0,571.6060606060606,2753309.0,0.000296128754819576,0.0030364476148698554,0.0027403188600502795
TRIM,CENTURY ALUM CO,156431108,CALL,59700.0,-15.796897038081806,2746797.0,0.005331272088605597,0.0030292659484212176,-0.00230200614018438
ADD,WABASH NATL CORP,929566107,,202969.0,27.885100055446344,2740082.0,0.0017528202978488372,0.0030218604063139386,0.0012690401084651014
ADD,BANCFIRST CORP,05945F103,,24643.0,54.230817373889096,2738577.0,0.0022211232500433937,0.003020200638499872,0.0007990773884564784
NEW,GAP INC,364760108,,146518.0,,2736956.0,0.0,0.0030184129417380103,0.0030184129417380103
ADD,MEIRAGTX HLDGS PLC,G59665102,,202393.0,185.2493904415599,2734329.0,0.0007872436607010406,0.003015515792204753,0.0022282721315037123
TRIM,MADDEN STEVEN LTD,556269108,,64938.0,-66.39046026923654,2733890.0,0.008396778427068579,0.003015031647307494,-0.005381746779761085
ADD,INSTEEL INDS INC,45774W108,,90343.0,148.63221047996478,2728359.0,0.0015646822171299156,0.0030089318627363306,0.001444249645606415
TRIM,STANLEY BLACK & DECKER INC,854502101,CALL,28900.0,-47.35883424408014,2720068.0,0.0049982508762508055,0.002999788251476248,-0.0019984626247745575
TRIM,BRITISH AMERN TOB PLC,110448107,CALL,44000.0,-60.502692998204665,2717440.0,0.008345239170625823,0.002996889999107234,-0.00534834917151859
TRIM,CUMMINS INC,231021106,CALL,3800.0,-56.32183908045977,2710198.0,0.005997056989996392,0.0029889032625560925,-0.0030081537274402994
NEW,TREKOR METALS LTD,89472Y107,CALL,393100.0,,2704528.0,0.0,0.0029826501838147263,0.0029826501838147263
ADD,BANK OF NY MELLON CORP,064058100,PUT,18600.0,1.0869565217391304,2689746.0,0.0027966161197503243,0.0029663480656569002,0.00016973194590657594
NEW,VISHAY INTERTECHNOLOGY INC,928298108,CALL,50000.0,,2689000.0,0.0,0.0029655253501822865,0.0029655253501822865
TRIM,ALLSTATE CORP,020002101,PUT,11300.0,-58.75912408759124,2688722.0,0.00727870570524882,0.002965218761841881,-0.004313486943406939
ADD,UNIVERSAL INS HLDGS INC,91359V107,,64916.0,2.2250917279498608,2684926.0,0.002779281341127248,0.0029610323973088605,0.00018175105618161227
ADD,GIGACLOUD TECHNOLOGY INC,G38644103,,84803.0,137.80987100392596,2679775.0,0.0020733202395840197,0.002955351690325302,0.0008820314507412821
TRIM,TANGER INC,875465106,,67851.0,-29.061026482796116,2678079.0,0.004164043161949803,0.0029534812808816764,-0.0012105618810681262
KEEP,INVESCO DB MULTI-SECTOR COMM,46140H106,CALL,100000.0,0.0,2667000.0,0.0025816392406133536,0.0029412629635314834,0.00035962372291812976
NEW,ANDERSEN GROUP INC,033853102,,70663.0,,2665408.0,0.0,0.00293950724900657,0.00293950724900657
NEW,TERADYNE INC,880770102,CALL,5500.0,,2661120.0,0.0,0.0029347782892811774,0.0029347782892811774
ADD,GRUPO SUPERVIELLE S.A.,40054A108,,274547.0,319.2645419421835,2652124.0,0.0007911539152729275,0.002924857178812513,0.0021337032635395854
TRIM,CHEMOURS CO,163851108,PUT,129200.0,-28.65819988956378,2651184.0,0.005111559855308177,0.002923820513201069,-0.0021877393421071076
ADD,GENEDX HOLDINGS CORP,81663L200,CALL,38600.0,459.42028985507244,2649890.0,0.0005677274526164308,0.002922393443731699,0.002354665991115268
ADD,COASTAL FINL CORP WA,19046P209,,34182.0,140.0927161621128,2649447.0,0.0013881096239668335,0.0029219048874914123,0.0015337952635245788
ADD,ENOVIX CORPORATION,293594107,PUT,436300.0,32.1320411871593,2648341.0,0.002191428633328904,0.0029206851511443315,0.0007292565178154274
TRIM,PANGAEA LOGISTICS SOLUTION L,G6891L105,,407356.0,-26.05815063694152,2647814.0,0.0049973245610294825,0.0029201039567004687,-0.0020772206043290138
NEW,ABSCI CORPORATION,00091E109,,227923.0,,2641628.0,0.0,0.0029132818147085656,0.0029132818147085656
ADD,PARKER-HANNIFIN CORP,701094104,CALL,2700.0,285.7142857142857,2640924.0,0.0008028936474623767,0.00291250541833574,0.0021096117708733634
ADD,VITAL FARMS INC,92847W103,CALL,226600.0,101.06477373558118,2635358.0,0.0020388210833398534,0.002906367034513087,0.0008675459511732334
TRIM,AVNET INC,053807103,,29590.0,-51.1159571128843,2628184.0,0.004778812822009211,0.002898455290793411,-0.0018803575312158001
ADD,CENTRAL PUERTO S A,155038201,,176109.0,10.994233132700975,2616980.0,0.003421257507030044,0.002886099118973611,-0.0005351583880564329
TRIM,EASTMAN KODAK CO,277461406,,282597.0,-20.560802833530108,2614022.0,0.004124789433387067,0.002882836930804835,-0.001241952502582232
ADD,PAN AMERN SILVER CORP,697900108,PUT,58300.0,11.685823754789272,2611257.0,0.0036536101635274106,0.0028797875899371317,-0.000773822573590279
NEW,BIOCRYST PHARMACEUTICALS INC,09058V103,,260917.0,,2609170.0,0.0,0.002877485971712576,0.002877485971712576
TRIM,UNITED RENTALS INC,911363109,CALL,2300.0,-71.60493827160494,2605647.0,0.007560853890642305,0.0028736006813411766,-0.004687253209301128
ADD,BUILD-A-BEAR WORKSHOP INC,120076104,,85101.0,40.215510849686126,2604942.0,0.002912131343359724,0.002872823182132594,-3.930816122712979e-05
TRIM,STRATEGY INC,594972AS0,,3000000.0,-96.57142857142857,2598750.0,0.09374852760562027,0.0028659944231261497,-0.09088253318249412
TRIM,ARDMORE SHIPPING CORP,Y0207T100,,184678.0,-40.571954472758634,2587339.0,0.006071752845761652,0.002853409964304681,-0.003218342881456971
ADD,CANADIAN SOLAR INC,136635109,PUT,161500.0,50.37243947858473,2587230.0,0.0019057878679999787,0.002853289755207184,0.0009475018872072052
ADD,FIGS INC,30260D103,,252691.0,4.978230885554281,2585029.0,0.00455503274524333,0.0028508624137063465,-0.0017041703315369837
NEW,LENNAR CORP,526057302,,29118.0,,2583058.0,0.0,0.002848688724429586,0.002848688724429586
TRIM,MERITAGE HOMES CORP,59001A102,,30710.0,-87.77891414995602,2575034.0,0.01990948395224039,0.002839839570316584,-0.017069644381923807
NEW,EASTERLY GOVT PPTYS INC,27616P301,,103131.0,,2571056.0,0.0,0.002835452489675816,0.002835452489675816
TRIM,FIRST TR EXCHANGE-TRADED FD,33733E302,PUT,9700.0,-42.94117647058823,2567784.0,0.005097308950457883,0.0028318440110793874,-0.002265464939378495
TRIM,MODINE MFG CO,607828100,CALL,9600.0,-41.104294478527606,2563392.0,0.004525713523217427,0.0028270003564352815,-0.001698713166782145
NEW,CARNIVAL CORP LTD,G2004J103,CALL,89600.0,,2559872.0,0.0,0.002823118374571153,0.002823118374571153
TRIM,JAZZ INVESTMENTS I LTD,472145AH4,,1500000.0,-62.5,2558890.0,0.007257716914162107,0.0028220353898579216,-0.0044356815243041855
ADD,FORUM ENERGY TECHNOLOGIES IN,34984V209,,50867.0,21.345929053651087,2555049.0,0.003150457003400386,0.0028177993977158426,-0.0003326576056845434
KEEP,AI INFRASTRUCTURE ACQUISI,G01336125,,246180.0,0.0,2552887.0,0.0032297818728511726,0.0028154150668095227,-0.00041436680604164987
ADD,MAPLEBEAR INC,565394103,CALL,53800.0,72.9903536977492,2547430.0,0.0014926179678163775,0.002809396892084367,0.0013167789242679894
TRIM,ALLSTATE CORP,020002101,CALL,10700.0,-69.42857142857143,2545958.0,0.00929761677677769,0.002807773517850277,-0.006489843258927414
ADD,PARAMOUNT SKYDANCE CORP,69932A204,CALL,257800.0,34.270833333333336,2541908.0,0.002218851663753762,0.002803307033035015,0.0005844553692812529
TRIM,INDEPENDENT BK CORP MICH,453838609,,70411.0,-28.99540155701666,2539725.0,0.004230763482095798,0.002800899542577801,-0.0014298639395179972
ADD,BOYD GROUP SERVICES INC,103310108,,26847.0,54.83591902647211,2539489.0,0.002832103089321793,0.002800639273339184,-3.1463815982608976e-05
ADD,CHENIERE ENERGY INC,16411R208,CALL,10600.0,23.25581395348837,2533506.0,0.0031265842073853246,0.002794041007005922,-0.00033254320037940256
ADD,EVERPURE INC,74624M102,CALL,32100.0,113.99999999999999,2529159.0,0.0011346400553286283,0.0027892469799708744,0.001654606924642246
TRIM,FLUENCE ENERGY INC,34379V103,PUT,127000.0,-57.69487008660893,2524760.0,0.005292363005678457,0.002784395605476471,-0.0025079674002019864
TRIM,CROCS INC,227046109,CALL,20900.0,-65.33996683250415,2521376.0,0.006413875777801466,0.0027806636092752744,-0.0036332121685261915
NEW,TERADYNE INC,880770102,PUT,5200.0,,2515968.0,0.0,0.0027746994735022043,0.0027746994735022043
NEW,BENCHMARK ELECTRS INC,08160H101,,25474.0,,2513520.0,0.0,0.0027719997315694238,0.0027719997315694238
TRIM,ROBLOX CORP,771049103,PUT,46200.0,-39.44954128440367,2512356.0,0.005529099964647973,0.002770716030748445,-0.0027583839338995277
TRIM,CERTARA INC,15687V109,,382532.0,-65.81382650247953,2505585.0,0.008171704327656038,0.0027632487298387817,-0.005408455597817256
ADD,INNODATA INC,457642205,PUT,33100.0,10.333333333333334,2501698.0,0.0014844105330891473,0.0027589620072518877,0.0012745514741627404
ADD,PATRICK INDS INC,703343103,,27805.0,31.06910530781559,2496333.0,0.003018838244498049,0.002753045293416362,-0.00026579295108168687
TRIM,ABBVIE INC,00287Y109,PUT,9900.0,-56.00000000000001,2491236.0,0.006269635813857301,0.0027474241395636736,-0.0035222116742936274
NEW,GRID DYNAMICS HLDGS INC,39813G109,,438027.0,,2487993.0,0.0,0.002743847643204194,0.002743847643204194
NEW,ARROW ELECTRS INC,042735100,CALL,11600.0,,2475556.0,0.0,0.002730131674896192,0.002730131674896192
ADD,NEXTDECADE CORP,65342K105,CALL,327500.0,419.8412698412699,2469350.0,0.0006182865829951325,0.0027232874761891515,0.002105000893194019
NEW,INHIBRX BIOSCIENCES INC,45720N103,,26011.0,,2464542.0,0.0,0.0027179850418701944,0.0027179850418701944
TRIM,FIRST TR EXCHANGE-TRADED FD,33733E302,CALL,9300.0,-39.61038961038961,2461896.0,0.004617562225708905,0.002715066938457557,-0.0019024952872513483
TRIM,RH,74967X103,PUT,14900.0,-49.66216216216216,2454477.0,0.005302510193165136,0.0027068849999774517,-0.002595625193187684
ADD,FASTLY INC,31188V100,CALL,133500.0,357.1917808219178,2451060.0,0.0010871737671964976,0.0027031166101962796,0.001615942842999782
ADD,QUANTUM COMPUTING INC,74766W108,CALL,251300.0,362.7992633517495,2437610.0,0.00047655266686964765,0.0026882834692665836,0.002211730802396936
ADD,INTELLIA THERAPEUTICS INC,45826J105,CALL,143700.0,432.2222222222222,2431404.0,0.000443478216747348,0.0026814392705595434,0.0022379610538121953
ADD,COSTAMARE INC,Y1771G102,,172920.0,167.57032773187262,2424338.0,0.0013993112477289587,0.002673646633101608,0.0012743353853726493
TRIM,CLEANSPARK INC,18452B209,PUT,166500.0,-86.41814177339097,2422575.0,0.013366112381403434,0.0026717023336622733,-0.010694410047741161
NEW,KULICKE & SOFFA INDS INC,501242101,CALL,18100.0,,2421056.0,0.0,0.0026700271261476108,0.0026700271261476108
NEW,DRDGOLD LIMITED,26152H301,,113591.0,,2419488.0,0.0,0.002668297879680863,0.002668297879680863
NEW,KEEL INFRASTRUCTURE CORP,486917107,PUT,421300.0,,2418262.0,0.0,0.002666945803042959,0.002666945803042959
TRIM,SELECT SECTOR SPDR TR,81369Y100,CALL,47500.0,-65.37900874635568,2414425.0,0.008783830850368855,0.0026627142222439074,-0.006121116628124947
TRIM,CENTRUS ENERGY CORP,15643U104,CALL,14300.0,-55.0314465408805,2400541.0,0.007072489743792899,0.0026474024505957366,-0.004425087293197162
ADD,CONAGRA BRANDS INC,205887102,PUT,178000.0,41.269841269841265,2395880.0,0.0025377193432593956,0.0026422621331330374,0.00010454278987364176
TRIM,ENERGY FUELS INC,292671708,CALL,165200.0,-70.13198336647984,2395400.0,0.01293263529414106,0.0026417327719697467,-0.010290902522171314
ADD,OLIN CORP,680665205,CALL,120600.0,1575.0,2390292.0,0.00027425080361723675,0.002636099486923733,0.002361848683306496
TRIM,AMGEN INC,031162100,PUT,6600.0,-64.13043478260869,2389992.0,0.008294608292456812,0.0026357686361966766,-0.005658839656260135
NEW,AMER SPORTS INC,G0260P102,CALL,70500.0,,2385720.0,0.0,0.002631057321843393,0.002631057321843393
NEW,ZETA GLOBAL HOLDINGS CORP,98956A105,CALL,121200.0,,2385216.0,0.0,0.0026305014926219384,0.0026305014926219384
TRIM,SPRINKLR INC,85208T107,,462092.0,-4.018178910220859,2384395.0,0.0037009329560789214,0.0026295960644655606,-0.0010713368916133608
TRIM,FULCRUM THERAPEUTICS INC,359616109,,651427.0,-68.60373375488889,2384223.0,0.020389361360464573,0.002629406376715382,-0.01775995498374919
TRIM,SIX FLAGS ENTERTAINMENT CORP,83001C108,CALL,111900.0,-15.098634294385432,2383470.0,0.002997328000721047,0.00262857594139047,-0.0003687520593305769
ADD,FERRARI N V,N3167Y103,PUT,6400.0,23.076923076923077,2382656.0,0.0022548536799628116,0.002627678233084391,0.00037282455312157925
ADD,DOCUSIGN INC,256163106,CALL,53600.0,186.63101604278074,2380912.0,0.0011358789859220145,0.002625754887524436,0.0014898759016024215
TRIM,ALCOA CORP,013872106,CALL,45600.0,-12.476007677543185,2377584.0,0.004427598419968707,0.0026220846501256233,-0.0018055137698430837
NEW,ALLIED GOLD CORP,01921D204,,100031.0,,2373113.0,0.0,0.0026171538714567263,0.0026171538714567263
ADD,ENOVIX CORPORATION,293594107,CALL,390500.0,14.852941176470589,2370335.0,0.002256468005244783,0.0026140901937241837,0.00035762218847940064
TRIM,DORIAN LPG LTD,Y2106R110,,68144.0,-62.19556847559555,2370048.0,0.007898261967890329,0.0026137736798619664,-0.005284488288028362
TRIM,KONINKLIJKE PHILIPS N V,500472303,,87026.0,-45.71291334751446,2366237.0,0.005627604555901232,0.0026095707727925932,-0.0030180337831086385
NEW,BANDWIDTH INC,05988J103,CALL,37300.0,,2361090.0,0.0,0.002603894477152062,0.002603894477152062
ADD,ARES MANAGEMENT CORPORATION,03990B101,PUT,21200.0,748.0,2359772.0,0.00034945017512520704,0.0026024409396245276,0.0022529907644993205
NEW,ZETA GLOBAL HOLDINGS CORP,98956A105,PUT,119700.0,,2355696.0,0.0,0.0025979457810795877,0.0025979457810795877
ADD,UPSTART HLDGS INC,91680M107,PUT,66400.0,103.05810397553516,2352552.0,0.0010746217475238976,0.0025944784654600367,0.0015198567179361391
TRIM,STONECO LTD,G85158106,PUT,216600.0,-27.824058647117628,2347944.0,0.005429016922007896,0.00258939659829245,-0.002839620323715446
ADD,PVH CORPORATION,693656100,CALL,31600.0,247.25274725274727,2346616.0,0.0008133329509524598,0.002587932032407347,0.001774599081454887
ADD,UNITED CMNTY BKS BLAIRSVLE G,90984P303,,66857.0,188.923941227312,2346012.0,0.0009335912159855572,0.0025872659196102066,0.0016536747036246494
ADD,LIBERTY LATIN AMERICA LTD,G9001E128,,300000.0,13.368401959005984,2337000.0,0.0029903249039025894,0.0025773271637694324,-0.00041299774013315704
ADD,LYFT INC,55087P104,CALL,159900.0,156.25,2336139.0,0.0010633022523919775,0.0025763776221827805,0.001513075369790803
ADD,CONAGRA BRANDS INC,205887102,CALL,173500.0,41.05691056910569,2335310.0,0.002477297454134172,0.002575463371340348,9.816591720617591e-05
ADD,RAYONIER ADVANCED MATLS INC,75508B104,,296935.0,82.05925271922403,2333909.0,0.0023132192261693337,0.0025739182984449945,0.0002606990722756608
ADD,CENTRAL PAC FINL CORP,154760409,,61078.0,408.5171925734743,2333180.0,0.0004918208528896919,0.002573114331178247,0.002081293478288555
ADD,ALGOMA STL GROUP INC,015658107,,575225.0,678.2144596569078,2328720.0,0.00039344694511164003,0.0025681956837026758,0.0021747487385910358
ADD,UNIVERSAL HEALTH RLTY INCOME,91359E105,,52970.0,498.5310734463277,2323264.0,0.0004588783674531408,0.0025621786118132763,0.0021033002443601356
TRIM,ELEVANCE HEALTH INC FORMERLY,036752103,PUT,6000.0,-61.78343949044586,2320380.0,0.00588866785941741,0.0025589980334905075,-0.0033296698259269023
TRIM,HELEN OF TROY LTD,G4388N106,CALL,79700.0,-12.030905077262693,2316879.0,0.0016738400740336462,0.002555137005505759,0.0008812969314721127
TRIM,SYMBOTIC INC,87151X101,CALL,51400.0,-37.62135922330097,2310430.0,0.00561641702545506,0.002548024817709803,-0.0030683922077452573
KEEP,KAZIA THERAPEUTICS LTD,48669G303,,200300.0,0.15,2304224.0,0.001906441285376015,0.0025411806190027628,0.0006347393336267478
NEW,COGNIZANT TECHNOLOGY SOLUTIO,192446102,PUT,59300.0,,2296689.0,0.0,0.0025328707515748627,0.0025328707515748627
TRIM,KINDER MORGAN INC DEL,49456B101,PUT,71800.0,-35.37353735373537,2295446.0,0.004772743727675322,0.002531499926729092,-0.0022412438009462303
NEW,AMERIPRISE FINL INC,03076C106,CALL,5000.0,,2293800.0,0.0,0.0025296846590733093,0.0025296846590733093
TRIM,ROCKET PHARMACEUTICALS INC,77313F106,,670527.0,-33.750639742482655,2293202.0,0.0046423523684715,0.0025290251632907102,-0.0021133272051807894
ADD,TWILIO INC,90138F102,CALL,11100.0,455.0,2290263.0,0.0003224038205994761,0.002525783929001314,0.002203380108401838
NEW,ZOETIS INC,98978V103,CALL,31800.0,,2285148.0,0.0,0.0025201429241050025,0.0025201429241050025
ADD,MOTOROLA SOLUTIONS INC,620076307,PUT,5500.0,1000.0,2284095.0,0.00027800346929255016,0.0025189816380530345,0.002240978168760484
ADD,PAMPA ENERGIA SA,697660207,,27787.0,0.970203488372093,2282146.0,0.0031204138974186774,0.0025168322111629245,-0.0006035816862557529
TRIM,U S PHYSICAL THERAPY,90337L108,,33223.0,-86.23747939122293,2281756.0,0.023184137661877664,0.0025164021052177512,-0.020667735556659912
TRIM,BRAZE INC,10576N102,,105174.0,-96.61798730145459,2281224.0,0.09406967583988933,0.0025158153965951047,-0.09155386044329422
TRIM,CAPRICOR THERAPEUTICS INC,14070B309,,94723.0,-88.4649997138261,2280930.0,0.031983937520432625,0.0025154911628825897,-0.029468446357550034
TRIM,RED CAT HLDGS INC,75644T100,PUT,214000.0,-40.02242152466368,2279100.0,0.0059839092074221115,0.0025134729734475453,-0.003470436233974566
TRIM,BORR DRILLING LTD,G1466R173,,551664.0,-79.54827544787639,2278372.0,0.019940728833709787,0.002512670109016555,-0.017428058724693232
TRIM,CONMED CORP,207410101,,69585.0,-48.11503646151781,2277517.0,0.006075847594651479,0.002511727184444444,-0.0035641204102070346
TRIM,ARK ETF TR,00214Q203,PUT,17200.0,-74.36661698956782,2274184.0,0.009667239611874837,0.0025080514328668477,-0.007159188179007989
TRIM,VANECK ETF TRUST,92189F601,PUT,19600.0,-57.48373101952278,2273208.0,0.00786670831468049,0.0025069750651681576,-0.005359733249512333
TRIM,INTERACTIVE BROKERS GROUP IN,45841N107,PUT,26100.0,-70.40816326530613,2271744.0,0.007579095766328585,0.002505360513620122,-0.005073735252708463
NEW,GREENBRIER COS INC,393657101,,46255.0,,2266958.0,0.0,0.0025000823416878155,0.0025000823416878155
TRIM,VANGUARD WORLD FD,92204A405,,17219.0,-27.462296739405172,2266020.0,0.003674240215662575,0.0024990478817478855,-0.0011751923339146896
TRIM,STEPAN CO,858586100,,40667.0,-12.656786941580755,2265965.0,0.002981465333009864,0.0024989872257812585,-0.0004824781072286055
TRIM,VANECK ETF TRUST,92189F643,,21666.0,-35.89940828402367,2252397.0,0.004187585405645221,0.002484023950232254,-0.001703561455412967
TRIM,ORACLE CORP,68389X204,,50000.0,-33.33333333333333,2247500.0,0.004325046484615647,0.002478623363530937,-0.0018464231210847102
ADD,ASTRAZENECA PLC,G0593M107,CALL,11850.0,7.239819004524888,2246997.0,0.0027921177895400048,0.002478068637145239,-0.0003140491523947659
ADD,MESA LABS INC,59064R109,,22514.0,38.04647740511374,2241269.0,0.0018475594113213705,0.002471751593929975,0.0006241921826086044
TRIM,KORNIT DIGITAL LTD,M6372Q113,,137893.0,-10.866558072189472,2240761.0,0.0029057355403378175,0.002471191353365493,-0.0004345441869723246
TRIM,GEN DIGITAL INC,668771108,,89883.0,-65.76733380305829,2237188.0,0.006334431755770344,0.002467250921206251,-0.0038671808345640928
ADD,TRIPADVISOR INC,896945201,CALL,162900.0,142.41071428571428,2233359.0,0.0009177977336436016,0.0024630281630932545,0.0015452304294496528
TRIM,CLOUDFLARE INC,18915M107,CALL,9100.0,-78.68852459016394,2232048.0,0.011288384777557522,0.0024615823454160178,-0.008826802432141505
TRIM,LITHIUM ARGENTINA AG,H5012F103,,269516.0,-61.28605964322087,2228568.0,0.005958460522441316,0.0024577444769821634,-0.003500716045459153
ADD,POOL CORP,73278L105,CALL,10300.0,30.37974683544304,2213470.0,0.002047895897603508,0.0024410938627251713,0.0003931979651216632
TRIM,RADIAN GROUP INC,750236101,,58730.0,-88.70589954731291,2212359.0,0.0220391249260071,0.002439868612199306,-0.019599256313807795
ADD,EVERSPIN TECHNOLOGIES INC,30041T104,,91452.0,149.4190803469154,2211309.0,0.00041292647018076437,0.0024387106346546086,0.0020257841644738444
ADD,ABACUS GLOBAL MGMT INC,00258Y104,,206298.0,233.00726392251815,2209452.0,0.0006254434250785401,0.002436662668654129,0.001811219243575589
TRIM,ONEOK INC NEW,682680103,PUT,25400.0,-78.08455565142364,2208276.0,0.013422219153425735,0.002435365733804068,-0.010986853419621667
ADD,ARDAGH METAL PACKAGING S A,L02235106,,464206.0,51.86707059339278,2200336.0,0.0015860707459054986,0.0024266092178946417,0.0008405384719891431
TRIM,COEUR MNG INC,192108504,,134492.0,-89.1303258509966,2194920.0,0.029713857934397635,0.002420636259435517,-0.02729322167496212
ADD,AFLAC INC,001055102,PUT,18700.0,128.0487804878049,2192575.0,0.0011526051895379983,0.0024180501095856922,0.001265444920047694
TRIM,SIMON PPTY GROUP INC NEW,828806109,PUT,9800.0,-19.00826446280992,2191770.0,0.002891708847332242,0.002417162326801424,-0.00047454652053081784
NEW,STEEL DYNAMICS INC,858119100,PUT,9500.0,,2179870.0,0.0,0.0024040385812948537,0.0024040385812948537
TRIM,LIBERTY GLOBAL LTD,G61188127,,197997.0,-12.626924553530058,2177967.0,0.0034056459565849446,0.002401939884849559,-0.0010037060717353855
TRIM,SIONNA THERAPEUTICS INC,829401108,,49328.0,-63.87523892522098,2169939.0,0.0070136655242126105,0.0023930863193935294,-0.0046205792048190815
TRIM,FIREFLY AEROSPACE INC,31816X106,CALL,73800.0,-29.37799043062201,2169720.0,0.0038117486994230262,0.002392844798362778,-0.0014189039010602481
TRIM,VANECK ETF TRUST,92189F601,CALL,18700.0,-30.74074074074074,2168826.0,0.004607399663695732,0.00239185886319615,-0.0022155408004995818
TRIM,EQUINOR ASA,29446M102,CALL,69000.0,-76.49063032367974,2166600.0,0.015868689400726957,0.0023894039508013916,-0.013479285449925566
ADD,ZILLOW GROUP INC,98954M200,PUT,68700.0,119.4888178913738,2165424.0,0.001659416205760284,0.0023881070159513305,0.0007286908101910466
ADD,KEURIG DR PEPPER INC,49271V100,CALL,65900.0,339.33333333333337,2156907.0,0.0005060141032656298,0.002378714163810199,0.001872700060544569
NEW,DANAHER CORP DEL,235851102,,11318.0,,2155853.0,0.0,0.002377551774922474,0.002377551774922474
NEW,SPDR SERIES TRUST,78464A508,,35399.0,,2151905.0,0.0,0.002373197779354412,0.002373197779354412
ADD,TWILIO INC,90138F102,PUT,10400.0,38.666666666666664,2145832.0,0.0012090143272480353,0.0023665002578030334,0.001157485930554998
TRIM,GEOPARK LTD,G38327105,,235385.0,-48.27930952652997,2142004.0,0.0055393470865568685,0.0023622786025257934,-0.003177068484031075
TRIM,LUCID GROUP INC,549498202,PUT,320000.0,-68.7041564792176,2140800.0,0.012484660028393935,0.0023609507882745404,-0.010123709240119395
TRIM,MACOM TECH SOLUTIONS HLDGS I,55405Y100,PUT,5600.0,-6.666666666666667,2130072.0,0.0017071105493687566,0.0023491195662750032,0.0006420090169062466
TRIM,THREDUP INC,88556E102,,310720.0,-31.26500094015109,2128432.0,0.0018997021179290542,0.0023473109156337615,0.00044760879770470736
ADD,SANMINA CORP,801056102,CALL,8400.0,342.10526315789474,2125872.0,0.00031558265567787534,0.002344487656096213,0.002028905000418338
ADD,WEIS MKTS INC,948849104,,27135.0,35.27593598883294,2124942.0,0.0017576094628520198,0.0023434620188423384,0.0005858525559903187
TRIM,LAS VEGAS SANDS CORP,517834107,PUT,46000.0,-5.154639175257731,2124740.0,0.003348033762176676,0.002343239246019454,-0.0010047945161572223
TRIM,HCI GROUP INC,40416E103,,12097.0,-37.236691916571544,2119999.0,0.0038179471960215804,0.0023380107016962057,-0.0014799364943253747
TRIM,CUSTOM TRUCK ONE SOURCE INC,23204X103,,179100.0,-26.049490274124754,2115171.0,0.0020386391514429962,0.0023326862106621115,0.00029404705921911526
ADD,CERAGON NETWORKS LTD,M22013102,,813929.0,1929.7987480984564,2108076.0,0.00011097076981959555,0.002324861590967227,0.0022138908211476317
NEW,SILVACO GROUP INC,82728C102,,152451.0,,2102299.0,0.0,0.0023184905087998775,0.0023184905087998775
TRIM,METROPOLITAN BK HLDG CORP,591774104,,21270.0,-29.382470119521916,2100625.0,0.0032141664787744503,0.0023166443617429026,-0.0008975221170315476
TRIM,PROTARA THERAPEUTICS INC,74365U107,,548932.0,-52.379167772751956,2096920.0,0.007694489274936565,0.002312558355263756,-0.005381930919672809
ADD,ULTRA CLEAN HLDGS INC,90385V107,PUT,14700.0,59.78260869565217,2096073.0,0.0007329241773837779,0.0023116242533777003,0.0015787000759939222
TRIM,BLACK ROCK COFFEE BAR INC,092244102,,252476.0,-66.59075541181966,2093026.0,0.01250939892273488,0.002308263912826564,-0.010201135009908316
NEW,BLACKSKY TECHNOLOGY INC,09263B207,,74874.0,,2090482.0,0.0,0.0023054582986611256,0.0023054582986611256
TRIM,POWELL INDS INC,739128106,CALL,7300.0,-23.958333333333336,2090428.0,0.006655079036717769,0.0023053987455302553,-0.004349680291187513
NEW,TRINITY INDS INC,896522109,,60444.0,,2090154.0,0.0,0.002305096568532877,0.002305096568532877
TRIM,CALERES INC,129500104,,168137.0,-15.029967960056196,2079855.0,0.002672136265983817,0.0022937384630730305,-0.0003783978029107864
ADD,GUIDEWIRE SOFTWARE INC,40171V100,CALL,16900.0,113.9240506329114,2079545.0,0.001513781003536701,0.002293396583988406,0.0007796155804517049
NEW,SANA BIOTECHNOLOGY INC,799566104,,595091.0,,2076868.0,0.0,0.0022904442926673057,0.0022904442926673057
NEW,REVOLVE GROUP INC,76156B107,,90673.0,,2075505.0,0.0,0.0022889411275307126,0.0022889411275307126
NEW,PENUMBRA INC,70975L107,,6557.0,,2070373.0,0.0,0.0022832813744265343,0.0022832813744265343
NEW,GARMIN LTD,H2906T109,PUT,8700.0,,2066598.0,0.0,0.002279118169444408,0.002279118169444408
ADD,POOL CORP,73278L105,PUT,9600.0,71.42857142857143,2063040.0,0.0014516730413391956,0.0022751942798215187,0.0008235212384823231
TRIM,HELEN OF TROY LTD,G4388N106,PUT,70800.0,-13.447432762836186,2058156.0,0.0015112595811915262,0.0022698080299850404,0.0007585484487935142
TRIM,MID-AMER APT CMNTYS INC,59522J103,,14805.0,-90.90830933241628,2057007.0,0.025478336036351645,0.0022685408717004144,-0.02320979516465123
ADD,OIL DRI CORP AMER,677864100,,20118.0,151.00436681222706,2056261.0,0.0006684024145265628,0.0022677181562258007,0.0015993157416992379
TRIM,RYAN SPECIALTY HOLDINGS INC,78351F107,,54342.0,-93.82464641322208,2051954.0,0.03803990072748395,0.0022629682426210276,-0.035776932484862925
TRIM,WASTE MGMT INC DEL,94106L109,PUT,9200.0,-62.601626016260155,2050496.0,0.007242470508721264,0.002261360308087534,-0.0049811102006337305
TRIM,STURM RUGER & CO INC,864159108,,54092.0,-19.144992526158443,2047382.0,0.0034362335770466838,0.002257926077540688,-0.001178307499505996
ADD,IPERIONX LTD,44916E100,,68808.0,180.19709247872296,2045662.0,0.0008192880175481775,0.002256029200038898,0.0014367411824907205
ADD,TUTOR PERINI CORP,901109108,,24637.0,58.24394630355193,2044132.0,0.0015397216733653353,0.0022543418613309102,0.000714620187965575
TRIM,ARGENX SE,04016X101,PUT,2200.0,-18.51851851851852,2041094.0,0.0025261307939138133,0.002250991446301586,-0.0002751393476122274
TRIM,EVE HLDG INC,29970N104,,813157.0,-15.201011968635648,2041024.0,0.0030468839432459525,0.002250914247798606,-0.0007959696954473465
NEW,NETAPP INC,64110D104,CALL,13100.0,,2027356.0,0.0,0.002235840688673916,0.002235840688673916
ADD,FORWARD AIR CORP,34986A104,CALL,150000.0,400.0,2026500.0,0.0006422708443272825,0.002234896661266048,0.0015926258169387656
NEW,BULLISH,G16910120,,86312.0,,2022290.0,0.0,0.00223025372272969,0.00223025372272969
TRIM,INTERPARFUMS INC,458334109,,18070.0,-73.26646250351368,2021310.0,0.00786682234241866,0.0022291729436879726,-0.005637649398730687
TRIM,DOXIMITY INC,26622P107,CALL,97400.0,-35.196274118429805,2020076.0,0.004486786503342709,0.002227812044364014,-0.0022589744589786953
KEEP,TOTALENERGIES SE,F92124100,,25905.0,0.0,2014373.0,0.0030196044084017143,0.002221522572042671,-0.0007980818363590432
NEW,UNITED STS LIME & MINERALS I,911922102,,19236.0,,2013432.0,0.0,0.002220484803595471,0.002220484803595471
TRIM,BLACKSKY TECHNOLOGY INC,09263B207,CALL,72100.0,-45.33737680060652,2013032.0,0.004251830427025528,0.002220043669292729,-0.0020317867577327987
NEW,DISCIPLINED GROWTH,G2775W127,,200000.0,,2008000.0,0.0,0.0022144941997642364,0.0022144941997642364
ADD,WESTERN COPPER & GOLD CORP,95805V108,,895668.0,141.14370330483948,2006122.0,0.0012042905039824565,0.002212423074212863,0.0010081325702304066
TRIM,LYONDELLBASELL INDUSTRIES NV,N53745100,PUT,38100.0,-66.0427807486631,2005965.0,0.011580646838963612,0.002212249928999037,-0.009368396909964575
ADD,FORESTAR GROUP INC,346232101,,63180.0,27.38930558916042,1999647.0,0.0015529886085199514,0.0022052822126872288,0.0006522936041672774
TRIM,ARROWHEAD PHARMACEUTICALS IN,04280A100,CALL,24500.0,-29.799426934097422,1996995.0,0.0028035833426736274,0.0022023574922600503,-0.0006012258504135772
ADD,BITDEER TECHNOLOGIES GROUP,G11448100,PUT,125700.0,65.39473684210526,1994859.0,0.0008422678098159895,0.0022000018350834087,0.0013577340252674192
ADD,SAFETY INS GROUP INC,78648T100,,26606.0,45.308574549426545,1991725.0,0.0017040587058595054,0.002196545547821426,0.0004924868419619206
NEW,PURECYCLE TECHNOLOGIES INC,74623VAD5,,2000000.0,,1983750.0,0.0,0.00218775043266051,0.00218775043266051
NEW,L3HARRIS TECHNOLOGIES INC,502431109,CALL,6800.0,,1976012.0,0.0,0.002179216689573968,0.002179216689573968
TRIM,VANGUARD INDEX FDS,922908595,PUT,5400.0,-27.027027027027028,1974780.0,0.0028656195570808227,0.0021778579959215233,-0.0006877615611592994
ADD,RIO TINTO PLC,767204100,CALL,20800.0,0.9708737864077669,1974544.0,0.0024621971066950306,0.002177597726682905,-0.00028459938001212546
NEW,PRIME MEDICINE INC,74168J101,,533553.0,,1968811.0,0.0,0.0021712751692888575,0.0021712751692888575
NEW,NORTHERN OIL & GAS INC,665531307,,108021.0,,1960581.0,0.0,0.0021621988310099433,0.0021621988310099433
TRIM,MANPOWERGROUP INC WIS,56418H100,,58044.0,-80.84324823841978,1960146.0,0.011436383813229705,0.0021617190974557113,-0.009274664715773994
ADD,ALAMOS GOLD INC,011532108,CALL,64600.0,26.91552062868369,1959964.0,0.0028974409832937826,0.002161518381347964,-0.0007359226019458187
ADD,OBSIDIAN ENERGY LTD,674482203,,240089.0,13.788413050484369,1956675.0,0.002560768320896435,0.002157891154543669,-0.00040287716635276603
NEW,PLEXUS CORP,729132100,CALL,6500.0,,1954355.0,0.0,0.0021553325755877656,0.0021553325755877656
NEW,PLEXUS CORP,729132100,PUT,6500.0,,1954355.0,0.0,0.0021553325755877656,0.0021553325755877656
TRIM,ROBLOX CORP,771049103,CALL,35900.0,-79.48571428571428,1952242.0,0.012681421937265992,0.002153002283633532,-0.010528419653632461
TRIM,BUILDERS FIRSTSOURCE INC,12008R107,PUT,21800.0,-12.8,1950664.0,0.0026370515965223004,0.002151262008809215,-0.00048578958771308516
ADD,BILL HOLDINGS INC,090043100,CALL,53900.0,4.660194174757281,1949024.0,0.0025271237320832803,0.0021494533581679735,-0.0003776703739153068
ADD,CARDINAL HEALTH INC,14149Y108,PUT,8200.0,18.84057971014493,1947992.0,0.001868054936349704,0.0021483152316668992,0.00028026029531719523
ADD,TAPESTRY INC,876030107,CALL,13300.0,95.58823529411765,1946854.0,0.0012293830124327854,0.0021470602045755988,0.0009176771921428134
NEW,OXFORD INDS INC,691497309,,55787.0,,1945293.0,0.0,0.0021453386779591486,0.0021453386779591486
TRIM,EBAY INC.,278642103,PUT,17400.0,-76.39077340569878,1944450.0,0.008594583241321212,0.00214440898741612,-0.006450174253905093
ADD,BROOKFIELD ASSET MANAGMT LTD,113004105,CALL,43100.0,515.7142857142858,1933035.0,0.00039864865990910423,0.0021318201172516238,0.0017331714573425195
TRIM,RIGETTI COMPUTING INC,76655K103,PUT,99700.0,-50.1001001001001,1926204.0,0.0035940415606226577,0.0021242866461965494,-0.0014697549144261084
ADD,LAS VEGAS SANDS CORP,517834107,CALL,41700.0,48.39857651245551,1926123.0,0.0019397886333436002,0.0021241973165002444,0.00018440868315664416
ADD,DARLING INGREDIENTS INC,237266101,CALL,35200.0,382.1917808219178,1922624.0,0.0005784729654258721,0.0021203384941870093,0.0015418655287611372
TRIM,UPBOUND GROUP INC,76009N100,,90403.0,-47.91913908124114,1918352.0,0.004014231213361753,0.002115627179833726,-0.0018986040335280266
ADD,NUSCALE PWR CORP,67079K100,CALL,191000.0,176.81159420289856,1915730.0,0.0009582942364313469,0.002112735544479253,0.0011544413080479062
ADD,VANDA PHARMACEUTICALS INC,921659108,,311362.0,92.67927423946138,1905535.0,0.0014306355642519145,0.0021014921339381192,0.0006708565696862047
NEW,MOODYS CORP,615369105,CALL,4200.0,,1902264.0,0.0,0.002097884758177448,0.002097884758177448
TRIM,MEDIWOUND LTD,M68830112,,129248.0,-26.345602607719442,1899946.0,0.003621939920158318,0.002095328384893059,-0.001526611535265259
TRIM,MICROCHIP TECHNOLOGY INC.,595017104,PUT,20800.0,-4.587155963302752,1896960.0,0.0018045824849257704,0.0020920353173230904,0.00028745283239732
NEW,MALIBU BOATS INC,56117J100,,68967.0,,1891765.0,0.0,0.0020863060855662303,0.0020863060855662303
TRIM,BRANDYWINE RLTY TR,105368203,,596291.0,-55.86253299442036,1890242.0,0.00469073215971954,0.0020846264667085403,-0.0026061056930109998
ADD,GRANITE RIDGE RESOURCES INC,387432107,,427319.0,23.073267532048604,1884477.0,0.0026112416101688727,0.0020782686185702734,-0.0005329729915985993
TRIM,MANITOWOC CO INC,563571405,,135540.0,-27.97168608111555,1882651.0,0.0028087338090494415,0.0020762548404782565,-0.000732478968571185
KEEP,SWEETGREEN INC,87043Q108,CALL,213600.0,0.0,1881816.0,0.0014203295066581212,0.002075333972621283,0.0006550044659631618
TRIM,MORGAN STANLEY,617446448,PUT,9000.0,-67.62589928057554,1881360.0,0.005861597161891396,0.002074831079516157,-0.0037867660823752386
NEW,LIBERTY GLOBAL LTD,G61188101,,165082.0,,1876982.0,0.0,0.002070002864572647,0.002070002864572647
NEW,PACKAGING CORP AMER,695156109,,7866.0,,1874310.0,0.0,0.0020670560874303315,0.0020670560874303315
ADD,BANCO SANTANDER BRASIL S A,05967A107,,356801.0,84.32088688680415,1873205.0,0.0014707092675610484,0.002065837453919007,0.0005951281863579587
ADD,CERIBELL INC,15678C102,,96251.0,23.822572137959426,1872082.0,0.0018255277148540815,0.002064598969364059,0.00023907125450997753
NEW,CYTEK BIOSCIENCES INC,23285D109,,422361.0,,1871059.0,0.0,0.0020634707683847967,0.0020634707683847967
TRIM,NEXA RES S A,L67359106,,152677.0,-58.159565692800555,1868766.0,0.004951011362384475,0.002060941965994329,-0.002890069396390146
NEW,PROSHARES TR II,74347Y730,,87500.0,,1862875.0,0.0,0.002054445160550698,0.002054445160550698
TRIM,HAMILTON INSURANCE GROUP LTD,G42706104,,54754.0,-71.98753728327101,1858351.0,0.007470304335639651,0.0020494559315866875,-0.005420848404052964
ADD,DARLING INGREDIENTS INC,237266101,PUT,34000.0,844.4444444444445,1857080.0,0.00028527433911412867,0.0020480542273397253,0.0017627798882255967
ADD,COCA COLA CONS INC,191098102,PUT,9700.0,781.8181818181819,1851924.0,0.00027022524009663764,0.002042368006177382,0.0017721427660807444
ADD,ZEBRA TECHNOLOGIES CORPORATI,989207105,CALL,7000.0,118.75,1842820.0,0.0008572015998847682,0.002032327789446977,0.0011751261895622087
ADD,AMTECH SYS INC,032332504,,79684.0,167.77337186638889,1839107.0,0.0004453141914529554,0.0020282329602817756,0.00158291876882882
TRIM,FIGMA INC,316841105,CALL,101000.0,-33.59631821170282,1827090.0,0.004119596687063391,0.0020149801829916526,-0.0021046165040717385
ADD,TRACTOR SUPPLY CO,892356106,CALL,57800.0,265.82278481012656,1827058.0,0.0009170136327923582,0.0020149448922474333,0.0010979312594550752
ADD,PVH CORPORATION,693656100,PUT,24600.0,143.56435643564356,1826796.0,0.000902710198309873,0.0020146559492791372,0.0011119457509692642
TRIM,NRG ENERGY INC,629377508,CALL,12500.0,-62.46246246246246,1825750.0,0.006234962412979525,0.0020135023830774672,-0.004221460029902058
TRIM,MADRIGAL PHARMACEUTICALS INC,558868105,CALL,3400.0,-30.612244897959183,1825630.0,0.0032863088819310047,0.002013370042786645,-0.0012729388391443598
ADD,PERPETUA RESOURCES CORP,714266103,CALL,87900.0,32.779456193353475,1824804.0,0.002385029795795705,0.0020124591004514825,-0.0003725706953442223
ADD,SEZZLE INC,78435P105,CALL,10600.0,165.0,1819278.0,0.000324351260622172,0.0020063648300591035,0.0016820135694369316
NEW,FRANKLIN RESOURCES INC,354613101,CALL,54600.0,,1816542.0,0.0,0.0020033474714283494,0.0020033474714283494
NEW,PARK AEROSPACE CORP,70014A104,,47495.0,,1812409.0,0.0,0.001998789451245269,0.001998789451245269
ADD,VAREX IMAGING CORP,92214X106,,173680.0,158.4793058800768,1811482.0,0.0009133980566449583,0.0019977671224986645,0.0010843690658537061
TRIM,ILLUMINA INC,452327109,PUT,10300.0,-34.394904458598724,1811049.0,0.002479375577632075,0.0019972895946159465,-0.0004820859830161283
TRIM,ACCEL ENTERTAINMENT INC,00436Q106,,143276.0,-47.91800710294914,1806710.0,0.003845307447129917,0.0019925043902669537,-0.0018528030568629632
ADD,LITHIA MTRS INC,536797103,CALL,6200.0,313.3333333333333,1801038.0,0.00047991584454042184,0.001986249105854074,0.0015063332613136522
TRIM,GLOBAL X FDS,37954Y384,CALL,47100.0,-51.141078838174266,1798749.0,0.0031013033609854322,0.0019837247148066337,-0.0011175786461787986
ADD,FIVE BELOW INC,33829M101,CALL,10000.0,69.49152542372882,1797900.0,0.0017271128083387098,0.001982788407249064,0.00025567559891035417
ADD,NAVIENT CORPORATION,63938C108,,210351.0,22.6801117442247,1790087.0,0.0017969836252056325,0.001974171951480758,0.00017718832627512562
ADD,RANGER ENERGY SVCS INC,75282U104,,111798.0,27.975366018383912,1789886.0,0.0019183988233574761,0.0019739502814936304,5.555145813615427e-05
TRIM,MCCORMICK & CO INC,579780206,,35499.0,-81.69428071966709,1789860.0,0.01253213016015769,0.001973921607763952,-0.010558208552393738
TRIM,IBEX LTD,G4690M101,,58912.0,-44.59148067680558,1789157.0,0.003653478198841662,0.0019731463142268835,-0.0016803318846147783
ADD,TEEKAY CORPORATION LTD,G8726T105,,178769.0,25.78824787677932,1787690.0,0.002223250059541864,0.0019715284541715773,-0.0002517216053702868
TRIM,BIGLARI HLDGS INC,08986R309,,4189.0,-19.81240428790199,1784640.0,0.0022059601232877315,0.0019681648051131707,-0.00023779531817456076
NEW,CORSAIR GAMING INC,22041X102,,184413.0,,1783274.0,0.0,0.0019666583314693073,0.0019666583314693073
NEW,STRIVE INC,862945300,,163419.0,,1782901.0,0.0,0.0019662469737320005,0.0019662469737320005
ADD,DIGI PWR X INC,25380B102,,326685.0,113.45961592493612,1780433.0,0.00039804264732309425,0.001963525175084083,0.0015654825277609885
NEW,TITAN INTL INC ILL,88830M102,,230483.0,,1777024.0,0.0,0.001959765607988965,0.001959765607988965
ADD,VIEMED HEALTHCARE INC,92663R105,,155842.0,20.360830713860935,1776599.0,0.001527846132858514,0.001959296902792302,0.00043145076993378806
NEW,TRACTOR SUPPLY CO,892356106,PUT,56200.0,,1776482.0,0.0,0.00195916787100875,0.00195916787100875
TRIM,HDFC BANK LTD,40415F101,,68765.0,-96.06048853035855,1776200.0,0.055641131425612875,0.001958856871325317,-0.053682274554287555
TRIM,POWELL INDS INC,739128106,PUT,6200.0,-34.73684210526316,1775432.0,0.006585755296751959,0.0019580098934640524,-0.004627745403287907
TRIM,NURIX THERAPEUTICS INC,67080M103,,73069.0,-83.73012161939496,1772654.0,0.008918689790730006,0.0019549462157315103,-0.006963743574998496
ADD,GUARDANT HEALTH INC,40131M109,PUT,11800.0,16.831683168316832,1770354.0,0.0011952887187196527,0.0019524096934907442,0.0007571209747710916
NEW,INGLES MKTS INC,457030104,,19954.0,,1767525.0,0.0,0.0019492897711346025,0.0019492897711346025
ADD,TRIPADVISOR INC,896945201,PUT,128600.0,35.79725448785639,1763106.0,0.001293384603810254,0.0019444163399250614,0.0006510317361148074
ADD,JAZZ PHARMACEUTICALS PLC,G50871105,PUT,7300.0,62.22222222222222,1759081.0,0.0010899578377026279,0.0019399774260037213,0.0008500195883010934
TRIM,QUANTUMSCAPE CORP,74767V109,CALL,231800.0,-36.63203936577364,1752408.0,0.002990094286005165,0.0019326182029982299,-0.001057476083006935
TRIM,AMERICAN CENTY ETF TR,025072802,CALL,17000.0,-7.103825136612022,1751850.0,0.0023413328290759236,0.0019320028206459051,-0.00040933000843001847
TRIM,AMALGAMATED FINANCIAL CORP,022671101,,37982.0,-39.87335760645877,1743374.0,0.0031459074247684165,0.0019226551847708045,-0.001223252239997612
TRIM,VERA THERAPEUTICS INC,92337R101,,40563.0,-96.64969336554545,1740558.0,0.062404520157856073,0.0019195495992795017,-0.06048497055857657
TRIM,ORION GROUP HLDGS INC,68628V308,,103295.0,-29.506384314581897,1737422.0,0.0020463341019537275,0.0019160911063460055,-0.00013024299560772195
TRIM,FRESENIUS MEDICAL CARE AG,358029106,,76829.0,-84.9327426373829,1737104.0,0.01473840802365965,0.0019157404045753255,-0.012822667619084325
NEW,CRINETICS PHARMACEUTICALS IN,22663K107,,46381.0,,1735577.0,0.0,0.0019140563743746085,0.0019140563743746085
ADD,DANAHER CORP DEL,235851102,PUT,9100.0,12.345679012345679,1733368.0,0.0019676319008259872,0.0019116202101877166,-5.6011690638270656e-05
ADD,OMNICOM GROUP INC,681919106,CALL,23800.0,7.207207207207207,1733354.0,0.0021420328421216553,0.0019116047704871206,-0.00023042807163453465
ADD,JINKOSOLAR HLDG CO LTD,47759T100,,103105.0,38.10678311187313,1732164.0,0.0024304679276410408,0.0019102923959364634,-0.0005201755317045774
TRIM,MATIV HOLDINGS INC,808541106,,228286.0,-30.65894745794631,1728125.0,0.003669682949767358,0.0019058380423145273,-0.0017638449074528308
NEW,ADIENT PLC,G0084W101,,94007.0,,1727849.0,0.0,0.0019055336596456355,0.0019055336596456355
NEW,SAP SE,803054204,PUT,11200.0,,1726032.0,0.0,0.0019035298070754303,0.0019035298070754303
ADD,HERBALIFE LTD,G4412G101,,131175.0,1.4925026693282577,1724951.0,0.002437504335933571,0.0019023376416222705,-0.0005351666943113004
TRIM,CAMPING WORLD HLDGS INC,13462K109,PUT,225900.0,-25.910134470318134,1723617.0,0.0026680786721996865,0.0019008664587226263,-0.0007672122134770602
TRIM,REALTY INCOME CORP,756109104,CALL,27600.0,-66.74698795180723,1710096.0,0.006505910255821426,0.0018859550164541938,-0.004619955239367232
TRIM,CAMPING WORLD HLDGS INC,13462K109,CALL,224100.0,-1.9256017505470462,1709883.0,0.0019995276372503394,0.0018857201124379839,-0.00011380752481235552
NEW,COASTALSOUTH BANCSHARES INC,19058X207,,63549.0,,1706291.0,0.0,0.001881758726399362,0.001881758726399362
TRIM,GOLD COM INC,00181T107,CALL,41000.0,-10.869565217391305,1706010.0,0.0023621422506868626,0.0018814488295516858,-0.0004806934211351768
TRIM,GOLD FIELDS LTD,38059T106,CALL,50700.0,-45.71734475374733,1703013.0,0.005432793930683494,0.001878143630788392,-0.0035546502998951017
NEW,BANDWIDTH INC,05988J103,PUT,26900.0,,1702770.0,0.0,0.0018778756416994763,0.0018778756416994763
NEW,NEWSMAX INC,65250K105,,205413.0,,1700820.0,0.0,0.0018757251119736096,0.0018757251119736096
TRIM,UNITED RENTALS INC,911363109,PUT,1500.0,-71.69811320754717,1699335.0,0.004947225385235089,0.0018740874008746806,-0.0030731379843604084
TRIM,ANGLOGOLD ASHANTI PLC,G0378L100,PUT,21000.0,-62.365591397849464,1698690.0,0.006960417132907831,0.0018733760718115092,-0.005087041061096321
NEW,AZENTA INC,114340102,,66558.0,,1698560.0,0.0,0.0018732327031631183,0.0018732327031631183
ADD,GARTNER INC,366651107,CALL,13100.0,11.965811965811966,1698022.0,0.0023735424620828813,0.0018726393775259304,-0.0005009030845569509
NEW,VANGUARD INDEX FDS,922908553,CALL,17600.0,,1697168.0,0.0,0.0018716975557895763,0.0018716975557895763
ADD,SANDRIDGE ENERGY INC,80007P869,,123840.0,7.152127641164968,1696608.0,0.0024150972447776965,0.0018710799677657377,-0.0005440172770119589
NEW,HOVNANIAN ENTERPRISES INC,442487401,,11910.0,,1696103.0,0.0,0.0018705230357085262,0.0018705230357085262
NEW,PENGUIN SOLUTIONS INC,706915105,CALL,22300.0,,1695023.0,0.0,0.001869331973091123,0.001869331973091123
TRIM,ZOOM COMMUNICATIONS INC,98980L101,PUT,19600.0,-65.12455516014235,1691676.0,0.005788404166091018,0.0018656407818129302,-0.003922763384278088
TRIM,PRECISION DRILLING CORP,74022D407,,22011.0,-35.03438505356985,1687364.0,0.0042689666180147105,0.001860885354029373,-0.0024080812639853373
NEW,NATIONAL PRESTO INDS INC,637215104,,13477.0,,1684490.0,0.0,0.0018577158040641727,0.0018577158040641727
KEEP,NOVA LTD,M7516K103,CALL,3100.0,0.0,1683114.0,0.0017248527529439496,0.0018561983020627404,0.00013134554911879075
NEW,ETORO GROUP LTD,G32089107,PUT,42600.0,,1681422.0,0.0,0.0018543323039621421,0.0018543323039621421
ADD,GOODYEAR TIRE & RUBR CO,382550101,CALL,253800.0,94.18515684774292,1675080.0,0.0011102214636229955,0.00184733811959217,0.0007371166559691745
ADD,SAFE BULKERS INC,Y7388L103,,265315.0,98.48507518515748,1674138.0,0.0010840719564761377,0.0018462992483092126,0.0007622272918330749
TRIM,MCEWEN INC.,58039P305,CALL,92200.0,-69.51058201058201,1671586.0,0.007911485341886543,0.0018434848114577194,-0.006068000530428823
NEW,WINNEBAGO INDS INC,974637100,,53443.0,,1669559.0,0.0,0.001841249363378575,0.001841249363378575
TRIM,TELEFONICA BRASIL SA,87936R205,,126575.0,-70.19681989531507,1665727.0,0.008657171657471685,0.0018370232967583075,-0.006820148360713377
ADD,ALAMOS GOLD INC,011532108,PUT,54800.0,2.2388059701492535,1662632.0,0.003051136281032352,0.0018336100200908425,-0.0012175262609415097
NEW,OVINTIV INC,69047Q102,CALL,31500.0,,1658475.0,0.0,0.0018290255318495975,0.0018290255318495975
TRIM,LIONSGATE STUDIOS CORP,53626N102,,108163.0,-97.97887595284125,1655976.0,0.06575440655047539,0.0018262695452932176,-0.06392813700518217
NEW,SYSCO CORP,871829107,CALL,19800.0,,1654884.0,0.0,0.0018250652486467322,0.0018250652486467322
NEW,PATHWARD FINANCIAL INC,59100U108,,18980.0,,1652399.0,0.0,0.0018223247017909482,0.0018223247017909482
TRIM,DOUBLEVERIFY HLDGS INC,25862V105,,152349.0,-65.63212712248668,1651463.0,0.005395492766985619,0.0018212924475225322,-0.0035742003194630867
NEW,ISHARES TR,464287341,,33590.0,,1650277.0,0.0,0.0018199844843149026,0.0018199844843149026
ADD,SKYWATER TECHNOLOGY INC,83089J108,PUT,47300.0,17.3697270471464,1646986.0,0.0014152546317042405,0.001816355051839094,0.0004011004201348535
TRIM,FLUTTER ENTMT PLC,G3643J108,CALL,16100.0,-35.34136546184739,1644937.0,0.0032524234255360955,0.0018140953413732985,-0.001438328084162797
NEW,CORTEVA INC,22052L104,PUT,19400.0,,1642986.0,0.0,0.0018119437088116753,0.0018119437088116753
TRIM,LYONDELLBASELL INDUSTRIES NV,N53745100,CALL,31200.0,-65.93886462882097,1642680.0,0.009454431822184198,0.0018116062410700774,-0.007642825581114121
TRIM,AIR PRODUCTS AND CHEMICALS I,009158106,CALL,5600.0,-16.417910447761194,1641808.0,0.0024935982958504614,0.0018106445682901,-0.0006829537275603614
ADD,FORMFACTOR INC,346375108,CALL,10200.0,100.0,1631286.0,0.0006337495130174465,0.001799040530456475,0.0011652910174390285
NEW,ETON PHARMACEUTICALS INC,29772L108,,44918.0,,1626032.0,0.0,0.0017932462313899602,0.0017932462313899602
TRIM,UNITED FIRE GROUP INC,910340108,,30991.0,-28.195088044485633,1625168.0,0.002049309072830504,0.001792293381296038,-0.00025701569153446574
NEW,SONIC AUTOMOTIVE INC,83545G102,,19111.0,,1620422.0,0.0,0.0017870593227940054,0.0017870593227940054
NEW,EXCHANGE LISTED FDS TR,30151E491,,40000.0,,1620000.0,0.0,0.001786593926104613,0.001786593926104613
ADD,KARAT PACKAGING INC,48563L101,,48378.0,97.57412398921834,1618728.0,0.0008758983053131904,0.001785191119021894,0.0009092928137087035
TRIM,BANCO SANTANDER SA,05964H105,,117150.0,-95.82646204752383,1616670.0,0.04056649916324531,0.0017829214830342869,-0.038783577680211026
TRIM,CHEWY INC,16679L109,PUT,82000.0,-41.92634560906516,1611300.0,0.00488448706745129,0.001776999255019977,-0.003107487812431313
ADD,IONIS PHARMACEUTICALS INC,462222100,CALL,20300.0,1.5,1609587.0,0.0019241219908452281,0.0017751100973684851,-0.000149011893476743
NEW,BIOVENTUS INC,09075A108,,169713.0,,1602091.0,0.0,0.0017668432405351022,0.0017668432405351022
TRIM,YUANBAO INC,987910106,,104705.0,-9.346320346320345,1595704.0,0.002610363980948119,0.0017597994285560713,-0.0008505645523920475
TRIM,COLGATE PALMOLIVE CO,194162103,CALL,17400.0,-12.121212121212121,1595232.0,0.002162111973724083,0.0017592788900788357,-0.0004028330836452474
ADD,RIGETTI COMPUTING INC,76655K111,,177907.0,27.634373116767584,1593157.0,0.0009804335545841006,0.001756990505883362,0.0007765569512992614
TRIM,GLOBAL X FDS,37954Y848,,20557.0,-90.39284779601451,1592345.0,0.024695279371699397,0.0017560950032487962,-0.0229391843684506
TRIM,MONDELEZ INTL INC,609207105,PUT,27500.0,-25.271739130434785,1590600.0,0.0027176423019878394,0.0017541705548530847,-0.0009634717471347547
NEW,ISHARES TR,464287796,,27904.0,,1579087.0,0.0,0.0017414736067844167,0.0017414736067844167
NEW,LIVE OAK BANCSHARES INC,53803X105,,38616.0,,1577077.0,0.0,0.0017392569069131386,0.0017392569069131386
ADD,ALTA EQUIPMENT GROUP INC,02128L106,,243692.0,36.52595310793019,1576687.0,0.0012280633655753004,0.0017388268009679653,0.0005107634353926649
TRIM,KRATOS DEFENSE & SEC SOLUTIO,50077B207,PUT,31600.0,-56.171983356449374,1575576.0,0.0065133809944874395,0.0017376015504420997,-0.0047757794440453395
ADD,W & T OFFSHORE INC,92922P106,,498789.0,44.32760890637885,1571185.0,0.0015098797174386027,0.0017327589986337506,0.00022287928119514794
TRIM,FASTENAL CO,311900104,CALL,32600.0,-85.77040593627237,1565778.0,0.01361957554398893,0.0017267959656964375,-0.011892779578292493
ADD,HARMONY GOLD MNG LTD,413216300,CALL,102700.0,8.907741251325557,1562067.0,0.0018569750275889971,0.0017227033422027498,-0.00013427168538624737
NEW,UNUSUAL MACHS INC,91532F102,PUT,70000.0,,1561000.0,0.0,0.0017215266164501857,0.0017215266164501857
ADD,ARCTURUS THERAPEUTICS HLDGS,03969T109,,231582.0,262.72535045814084,1556231.0,0.0006314868952016038,0.0017162671927257456,0.0010847802975241416
ADD,VERTICAL AEROSPACE LTD,G9471C206,,894057.0,100.77272359804898,1555659.0,0.001260879011168268,0.0017156363706728247,0.00045475735950455663
ADD,HF SINCLAIR CORP,403949100,CALL,22300.0,248.4375,1553195.0,0.0005115822442778906,0.0017129189833679345,0.0012013367390900438
ADD,GLOBAL X FDS,37954Y830,PUT,20100.0,8.64864864864865,1547097.0,0.001809677859248311,0.0017061938909226349,-0.00010348396832567607
TRIM,PERPETUA RESOURCES CORP,714266103,PUT,74200.0,-23.662551440329217,1540392.0,0.0035018866488118203,0.001698799377172924,-0.0018030872716388964
NEW,BEST BUY INC,086516101,PUT,20300.0,,1540364.0,0.0,0.001698768497771732,0.001698768497771732
NEW,XEROX HOLDINGS CORP,98421M106,,491602.0,,1538714.0,0.0,0.0016969488187729218,0.0016969488187729218
TRIM,FIRST MERCHANTS CORP,320817109,,35203.0,-66.34029736577904,1538019.0,0.005189641950533954,0.001696182347921908,-0.0034934596026120457
TRIM,CORE SCIENTIFIC INC NEW,21874A106,PUT,60000.0,-53.41614906832298,1535400.0,0.00246869796898132,0.0016932940210747053,-0.0007754039479066146
ADD,GENUINE PARTS CO,372460105,PUT,13000.0,251.35135135135135,1533740.0,0.0005013056545265459,0.0016914633137183267,0.0011901576591917809
NEW,FVCBANKCORP INC,36120Q101,,87617.0,,1533298.0,0.0,0.001690975860313797,0.001690975860313797
ADD,SEZZLE INC,78435P105,PUT,8900.0,43.54838709677419,1527507.0,0.0005027444539643666,0.0016845893384458512,0.0011818448844814846
NEW,SPRUCE BIOSCIENCES INC,85209E208,,28278.0,,1527012.0,0.0,0.001684043434746208,0.001684043434746208
NEW,IMMERSION CORP,452521107,,224693.0,,1521172.0,0.0,0.0016776028739261767,0.0016776028739261767
NEW,GORILLA TECHNOLOGY GROUP INC,G4000K175,CALL,76500.0,,1520820.0,0.0,0.0016772146757397638,0.0016772146757397638
ADD,COEUR MNG INC,192108504,CALL,93050.0,25.067204301075268,1518576.0,0.0017891951463253899,0.0016747399123013818,-0.00011445523402400814
TRIM,LIGHTSPEED COMMERCE INC,53229C107,,144680.0,-54.22402637465552,1517497.0,0.0036217387701033424,0.0016735499525197357,-0.0019481888175836067
TRIM,ALASKA AIR GROUP INC,011659109,PUT,29000.0,-56.45645645645646,1513800.0,0.003138386718891295,0.0016694727687266437,-0.0014689139501646512
NEW,WESTROCK COFFEE CO,96145W103,,186642.0,,1513667.0,0.0,0.0016693260915709822,0.0016693260915709822
TRIM,SITE CTRS CORP,82981J851,,381221.0,-23.491386230813692,1513447.0,0.0034473134858073904,0.001669083467704474,-0.0017782300181029165
TRIM,PHILLIPS EDISON & CO INC,71844V201,,36228.0,-34.389771266095586,1507809.0,0.0026472628445360414,0.0016628656797073272,-0.0009843971648287142
ADD,GERMAN AMERN BANCORP INC,373865104,,31758.0,4.484290179305807,1507235.0,0.0016274025979661371,0.0016622326519828926,3.4830054016755495e-05
ADD,HARLEY DAVIDSON INC,412822108,CALL,61500.0,22.023809523809522,1504290.0,0.0013056662880586507,0.001658984800678956,0.0003533185126203052
NEW,COMPASS THERAPEUTICS INC,20454B104,,686577.0,,1503604.0,0.0,0.0016582282553497534,0.0016582282553497534
NEW,NETAPP INC,64110D104,PUT,9700.0,,1501172.0,0.0,0.0016555461587890827,0.0016555461587890827
ADD,THE CAMPBELLS COMPANY,134429109,PUT,67200.0,286.2068965517241,1496544.0,0.0004964665223122547,0.0016504422349063593,0.0011539757125941046
TRIM,ENERSYS,29275Y102,PUT,6400.0,-18.9873417721519,1496448.0,0.0017583179722813296,0.0016503363626737013,-0.00010798160960762831
TRIM,VANECK ETF TRUST,92189F601,,12900.0,-36.21755253399258,1496142.0,0.003451283957274716,0.0016499988949321036,-0.0018012850623426123
TRIM,GLOBAL X FDS,37954Y632,CALL,22700.0,-29.721362229102166,1489347.0,0.0019313492995084044,0.001642505125964276,-0.0002888441735441284
NEW,PARKE BANCORP INC,700885106,,44848.0,,1487160.0,0.0,0.0016400932241640348,0.0016400932241640348
ADD,TRAVELERS COMPANIES INC,89417E109,CALL,4500.0,7.142857142857142,1485540.0,0.0015695546608182794,0.00163830663023793,6.87519694196506e-05
TRIM,JEFFERIES FINANCIAL GROUP IN,47233W109,PUT,29700.0,-49.915682967959526,1484406.0,0.003135520650910525,0.0016370560144896569,-0.001498464636420868
NEW,ARES MANAGEMENT CORPORATION,03990B101,CALL,13300.0,,1480423.0,0.0,0.0016326634196701043,0.0016326634196701043
TRIM,ALTIMMUNE INC,02155H200,,486884.0,-26.816165606225262,1480127.0,0.002625315707964475,0.0016323369802860757,-0.0009929787276783991
NEW,ISHARES TR,46432F388,PUT,7400.0,,1478594.0,0.0,0.0016306463330708174,0.0016306463330708174
NEW,COLONY BANKCORP INC,19623P101,,73534.0,,1477298.0,0.0,0.0016292170579299335,0.0016292170579299335
TRIM,DIVERSIFIED ENERGY CO,25520W107,,106198.0,-69.669413226327,1471904.0,0.007823525113387748,0.0016232683618574593,-0.006200256751530289
NEW,PERMIAN RESOURCES CORP,71424F105,CALL,79900.0,,1470959.0,0.0,0.0016222261820672316,0.0016222261820672316
NEW,STEEL DYNAMICS INC,858119100,CALL,6400.0,,1468544.0,0.0,0.0016195628337144275,0.0016195628337144275
ADD,EHANG HLDGS LTD,26853E102,CALL,224200.0,7.944150216658643,1468510.0,0.002583903139639738,0.0016195253372986945,-0.0009643778023410434
TRIM,RAMACO RES INC,75134P600,CALL,110800.0,-42.590673575129536,1465884.0,0.003822850388762934,0.0016166292906011942,-0.00220622109816174
TRIM,HUNTINGTON INGALLS INDS INC,446413106,CALL,5200.0,-36.58536585365854,1455428.0,0.003991201453882832,0.0016050980399275213,-0.0023861034139553107
TRIM,BANNER CORP,06652V208,,21854.0,-57.84336419753087,1451980.0,0.004030241220285179,0.0016012954622378862,-0.0024289457580472934
TRIM,NEXPOINT RESIDENTIAL TR INC,65341D102,,51945.0,-50.852477008666696,1450304.0,0.0033853426131377987,0.0015994471095093978,-0.001785895503628401
ADD,ISHARES INC,464286806,CALL,35000.0,422.3880597014926,1447950.0,0.00034053166854758446,0.001596851034137762,0.0012563193655901776
TRIM,JANUS HENDERSON GROUP PLC,G4474Y214,,27844.0,-79.63473592592322,1446496.0,0.008998532269239457,0.0015952475109472953,-0.007403284758292162
TRIM,SHERWIN WILLIAMS CO,824348106,CALL,4200.0,-68.42105263157895,1446144.0,0.005462204118657827,0.0015948593127608822,-0.0038673448058969447
ADD,PENNYMAC FINL SVCS INC NEW,70932M107,CALL,16600.0,30.708661417322837,1445860.0,0.0014221180765737025,0.0015945461074059356,0.0001724280308322331
TRIM,DUKE ENERGY CORP NEW,26441C204,PUT,11400.0,-73.54988399071925,1443012.0,0.007230529626476838,0.0015914052311704133,-0.0056391243953064244
ADD,XPENG INC,98422D105,PUT,108900.0,69.89079563182527,1441836.0,0.0014051689423235415,0.0015901082963203522,0.00018493935399681066
ADD,HINGHAM INSTN SVGS MASS,433323102,,4671.0,53.60078921407432,1434698.0,0.001113678169663281,0.0015822362546879234,0.0004685580850246425
TRIM,DOLE PLC,G27907107,,104521.0,-59.705698666892836,1434028.0,0.004749114361663098,0.001581497354730831,-0.0031676170069322674
ADD,IMPERIAL PETE INC,Y3894J187,,310744.0,21.401447078495416,1432530.0,0.0014035994594105135,0.0015798453067670624,0.00017624584735654886
NEW,LINDSAY CORP,535555106,,11570.0,,1432366.0,0.0,0.001579664441702938,0.001579664441702938
TRIM,BUILDERS FIRSTSOURCE INC,12008R107,CALL,16000.0,-15.343915343915343,1431680.0,0.001993611006970859,0.0015789078963737361,-0.0004147031105971228
NEW,TRANSPORTADORA DE GAS DEL SU,893870204,,48070.0,,1429121.0,0.0,0.0015760857396719446,0.0015760857396719446
TRIM,BLOCK H & R INC,093671105,PUT,37500.0,-59.54692556634305,1428000.0,0.0037697032130909127,0.0015748494607885108,-0.002194853752302402
TRIM,UNITED STS BRENT OIL FD LP,91167Q100,CALL,35000.0,-50.0,1424150.0,0.0015721734551645886,0.00157060354312462,-1.5699120399685976e-06
TRIM,SATELLOGIC INC,80401C100,,246653.0,-68.87784972720344,1410855.0,0.005523777816059631,0.001555941341737237,-0.0039678364743223945
KEEP,GOLD ROYALTY CORP,38071H122,,1422509.0,0.0,1408284.0,0.0030071805097832394,0.0015531059510063632,-0.0014540745587768762
TRIM,GITLAB INC,37637K108,PUT,46100.0,-29.832572298325722,1407433.0,0.0018215585245972975,0.00155216743777728,-0.00026939108682001744
ADD,DIAMONDBACK ENERGY INC,25278X109,PUT,8000.0,110.5263157894737,1406240.0,0.0009629604052225696,0.0015508517547193526,0.000587891349496783
NEW,KULICKE & SOFFA INDS INC,501242101,PUT,10500.0,,1404480.0,0.0,0.001548910763787288,0.001548910763787288
NEW,ALAMAR BIOSCIENCES INC,010911105,,51800.0,,1403262.0,0.0,0.0015475675098354392,0.0015475675098354392
NEW,NOVO-NORDISK A S,670100205,,29198.0,,1399752.0,0.0,0.001543696556328879,0.001543696556328879
TRIM,CHUBB LIMITED,H1467J104,PUT,4100.0,-58.16326530612245,1397034.0,0.004092332526745649,0.0015406990487417478,-0.0025516334780039006
TRIM,VEON LTD,91822M502,,26708.0,-13.524364578274243,1394425.0,0.0018321003249306806,0.001537821750252114,-0.0002942785746785665
ADD,ETSY INC,29786A106,PUT,18500.0,134.17721518987344,1393605.0,0.0005058757325271751,0.0015369174249314933,0.0010310416924043182
ADD,WIX COM LTD,M98068105,CALL,30700.0,72.47191011235955,1392859.0,0.002054095675412604,0.0015360947094568795,-0.0005180009659557245
TRIM,CRISPR THERAPEUTICS AG,H17182108,CALL,25500.0,-3.041825095057034,1390770.0,0.0016029109772596531,0.0015337908855608102,-6.912009169884295e-05
NEW,DIAMONDBACK ENERGY INC,25278X109,CALL,7900.0,,1388662.0,0.0,0.0015314661077853605,0.0015314661077853605
ADD,DICKS SPORTING GOODS INC,253393102,CALL,6100.0,5.172413793103448,1383541.0,0.0014734971816988025,0.0015258184858745075,5.2321304175704944e-05
ADD,DICKS SPORTING GOODS INC,253393102,PUT,6100.0,24.489795918367346,1383541.0,0.0012448510672972643,0.0015258184858745075,0.0002809674185772432
NEW,ISHARES TR,464287663,,12551.0,,1382493.0,0.0,0.0015246627140013238,0.0015246627140013238
ADD,INTERCONTINENTAL EXCHANGE IN,45866F104,PUT,11200.0,86.66666666666667,1378832.0,0.0012090527635642727,0.001520625232295479,0.00031157246873120617
NEW,SMURFIT WESTROCK PLC,G8267P108,CALL,29800.0,,1378548.0,0.0,0.001520312026940532,0.001520312026940532
TRIM,NEWMARK GROUP INC,65158N102,,91069.0,-73.98638033375038,1376053.0,0.006723445712409268,0.0015175604517271796,-0.005205885260682088
NEW,SOLARIS ENERGY INFRAS INC,83418M103,PUT,17100.0,,1375866.0,0.0,0.0015173542214406478,0.0015173542214406478
NEW,ISHARES INC,464286806,PUT,33200.0,,1373484.0,0.0,0.00151472726666782,0.00151472726666782
NEW,GH RESEARCH PLC,G3855L106,,50882.0,,1367708.0,0.0,0.0015083572873362272,0.0015083572873362272
TRIM,CULLINAN THERAPEUTICS INC,230031106,,75009.0,-91.7151548086099,1365914.0,0.016483277128889508,0.0015063787999884297,-0.014976898328901079
NEW,OPERA LTD,68373M107,,68854.0,,1365375.0,0.0,0.001505784371515485,0.001505784371515485
ADD,OKTA INC,679295105,CALL,10000.0,100.0,1364500.0,0.0005042204085078835,0.0015048193902282372,0.0010005989817203536
TRIM,MYRIAD GENETICS INC,62855J104,,238776.0,-75.07299814907805,1363411.0,0.00552272850462635,0.0015036184020890224,-0.004019110102537327
ADD,ALCON AG,H01301128,PUT,20300.0,497.05882352941177,1362130.0,0.00032823332856215143,0.0015022056694844917,0.0011739723409223402
TRIM,BANK OF NY MELLON CORP,064058100,CALL,9400.0,-40.12738853503185,1359334.0,0.0023862431021782655,0.001499122140708326,-0.0008871209614699396
ADD,INVESCO EXCHANGE TRADED FD T,46137V266,,21234.0,11.3126441602013,1355791.0,0.0011423426931026072,0.0014952147936217897,0.00035287210051918256
ADD,SHAKE SHACK INC,819047101,PUT,24200.0,6.140350877192982,1355684.0,0.002584350282118633,0.0014950967901958064,-0.0010892534919228268
TRIM,CUMMINS INC,231021106,PUT,1900.0,-75.9493670886076,1355099.0,0.005445603473674884,0.0014944516312780463,-0.003951151842396838
KEEP,FTAI AVIATION LTD,G3730V105,,5000.0,0.0,1352650.0,0.0015694829130279695,0.001491750786509509,-7.773212651846048e-05
TRIM,FTAI AVIATION LTD,G3730V105,PUT,5000.0,-7.4074074074074066,1352650.0,0.0016950415460702068,0.001491750786509509,-0.00020329075956069783
ADD,PLAYTIKA HLDG CORP,72815L107,,362830.0,127.5837844279827,1349728.0,0.0005678414803546018,0.0014885283004279796,0.0009206868200733778
ADD,LINDE PLC,G54950103,CALL,2600.0,225.0,1349244.0,0.0005081383503430178,0.001487994527921662,0.0009798561775786442
NEW,ACADIAN ASSET MANAGEMENT INC,10948W103,,18848.0,,1348009.0,0.0,0.0014866325257619465,0.0014866325257619465
ADD,NUTRIEN LTD,67077M108,PUT,21400.0,345.83333333333337,1347130.0,0.00046406470772411,0.0014856631331316712,0.0010215984254075613
TRIM,HOWMET AEROSPACE INC,443201108,PUT,5000.0,-82.07885304659499,1344300.0,0.008237971099270434,0.0014825421079397725,-0.006755428991330662
NEW,FEDEX FGHT HLDG CO INC,314352105,PUT,8900.0,,1343900.0,0.0,0.0014821009736370305,0.0014821009736370305
TRIM,DESCARTES SYS GROUP INC,249906108,,19339.0,-84.909561933299,1340802.0,0.011750308582467207,0.0014786843884622945,-0.010271624194004913
TRIM,SELECT SECTOR SPDR TR,81369Y852,CALL,12500.0,-83.91248391248392,1339125.0,0.01103611954682809,0.0014768349328980494,-0.00955928461393004
TRIM,DOMINION ENERGY INC,25746U109,PUT,19600.0,-48.55643044619423,1338484.0,0.0030176889986425494,0.0014761280151779053,-0.0015415609834646441
TRIM,RH,74967X103,CALL,8100.0,-17.346938775510203,1334313.0,0.0017555608071965654,0.0014715280872360645,-0.000284032719960501
ADD,VTEX,G9470A102,,333317.0,53.74967710985645,1333268.0,0.0011110247826323577,0.0014703756238701512,0.00035935084123779343
TRIM,ABERCROMBIE & FITCH CO,002896207,,14806.0,-52.878648037936415,1332688.0,0.003678274747656963,0.0014697359791311757,-0.002208538768525787
NEW,SELECT MED HLDGS CORP,81619Q105,,80629.0,,1331185.0,0.0,0.001468078416988623,0.001468078416988623
ADD,CANDEL THERAPEUTICS INC,137404109,,129183.0,20.494165710608055,1330585.0,0.0006730634584756206,0.0014674167155345101,0.0007943532570588895
TRIM,CLARITEV CORPORATION,62548M209,,39000.0,-56.397298868565805,1330290.0,0.0018725084241910798,0.001467091378986238,-0.00040541704520484175
TRIM,TELOS CORP MD,87969B101,,289121.0,-11.364235568227107,1329957.0,0.0017510765703021998,0.0014667241346792055,-0.00028435243562299436
NEW,CHRONOSCALE CORP,170924104,,59793.0,,1328600.0,0.0,0.0014652275865571535,0.0014652275865571535
TRIM,REALTY INCOME CORP,756109104,PUT,21400.0,-64.09395973154362,1325944.0,0.0046717138704452646,0.0014622984547869474,-0.003209415415658317
ADD,BEL FUSE INC,077347201,,4533.0,20.944503735325508,1320146.0,0.0008653167874530288,0.0014559042130687038,0.000590587425615675
NEW,ISHARES TR,46432F388,CALL,6600.0,,1318746.0,0.0,0.0014543602430091074,0.0014543602430091074
TRIM,PROLOGIS INC.,74340W103,PUT,9700.0,-31.20567375886525,1314059.0,0.0023878407717232014,0.0014491912518167294,-0.000938649519906472
NEW,DAVITA INC,23918K108,CALL,5900.0,,1312632.0,0.0,0.0014476175051916977,0.0014476175051916977
NEW,PAR TECHNOLOGY CORP,698884103,,75246.0,,1310785.0,0.0,0.0014455805675487872,0.0014455805675487872
TRIM,SHARKNINJA INC,G8068L108,CALL,8600.0,-42.281879194630875,1309522.0,0.0020216349251395618,0.0014441876859878796,-0.0005774472391516822
NEW,LEVI STRAUSS & CO NEW,52736R102,CALL,52700.0,,1308541.0,0.0,0.001443105804110405,0.001443105804110405
NEW,NATIONAL BEVERAGE CORP,635017106,,41891.0,,1306999.0,0.0,0.0014414052313733352,0.0014414052313733352
NEW,VERTEX PHARMACEUTICALS INC,92532F100,,2625.0,,1303916.0,0.0,0.0014380051887349522,0.0014380051887349522
TRIM,SCHOLASTIC CORP,807066105,,28322.0,-6.878411257973302,1302812.0,0.0015220409678961223,0.0014367876580593847,-8.525330983673762e-05
NEW,PATRIA INVESTMENTS LIMITED,G69451105,,117596.0,,1291204.0,0.0,0.001423985940593815,0.001423985940593815
ADD,GRUPO FINANCIERO GALICIA S.A,399909100,PUT,25800.0,14.15929203539823,1290774.0,0.0013525047830255704,0.0014235117212183677,7.10069381927973e-05
TRIM,CRACKER BARREL OLD CTRY STOR,22410J106,PUT,24200.0,-86.19509412435823,1289860.0,0.006313399403525227,0.0014225037293366025,-0.004890895674188624
NEW,DISNEY WALT CO,254687106,,13400.0,,1289750.0,0.0,0.0014223824174033485,0.0014223824174033485
TRIM,STMICROELECTRONICS N V,861012102,CALL,17200.0,-20.37037037037037,1288108.0,0.0009561418027220514,0.001420571561090593,0.0004644297583685417
TRIM,SOLID POWER INC,83422N105,,497280.0,-13.429951690821257,1287955.0,0.002207878095467979,0.0014204028272197943,-0.0007874752682481847
ADD,BLUE OWL CAPITAL INC,09581B103,CALL,147000.0,30.782918149466195,1286250.0,0.0013147936319544966,0.001418522492254357,0.00010372886029986041
ADD,BILIBILI INC,090040106,PUT,75100.0,308.15217391304344,1278953.0,0.0005318356205139283,0.0014104750997365884,0.0008786394792226601
NEW,L3HARRIS TECHNOLOGIES INC,502431109,PUT,4400.0,,1278596.0,0.0,0.0014100813873713911,0.0014100813873713911
TRIM,VANGUARD WORLD FD,92204A306,PUT,8500.0,-88.72679045092838,1276105.0,0.016716230673130716,0.001407334223501066,-0.01530889644962965
NEW,ENLIGHT RENEWABLE ENERGY LTD,M4056D110,,14297.0,,1272719.0,0.0,0.001403600021628356,0.001403600021628356
TRIM,DAMORA THERAPEUTICS INC,36322Q206,,48754.0,-95.91575159084131,1268092.0,0.03961123370853348,0.0013984972005813895,-0.03821273650795209
TRIM,NORTHPOINTE BANCSHARES INC.,66661N886,,66022.0,-4.7768771454120635,1266302.0,0.0015332310607633765,0.0013965231245766194,-0.00013670793618675704
KEEP,ZILLOW GROUP INC,98954M200,CALL,40100.0,-0.24875621890547264,1263952.0,0.0021312629863119302,0.001393931460548011,-0.0007373315257639193
NEW,LEVI STRAUSS & CO NEW,52736R102,PUT,50800.0,,1261364.0,0.0,0.001391077321609271,0.001391077321609271
TRIM,MONDELEZ INTL INC,609207105,CALL,21800.0,-43.08093994778068,1260912.0,0.002828415765384083,0.0013905788398471727,-0.0014378369255369102
ADD,ARROWHEAD PHARMACEUTICALS IN,04280A100,PUT,15400.0,33.91304347826087,1255254.0,0.0009238168607663815,0.0013843389951348887,0.0004605221343685072
TRIM,MODINE MFG CO,607828100,PUT,4700.0,-53.92156862745098,1254994.0,0.002832041591215813,0.0013840522578381065,-0.0014479893333777063
NEW,VANGUARD WORLD FD,92204A306,,8344.0,,1252685.0,0.0,0.0013815058100755291,0.0013815058100755291
NEW,HYCROFT MINING HOLDING CORP,44862P208,CALL,53400.0,,1249560.0,0.0,0.001378059448335358,0.001378059448335358
NEW,CIMPRESS PLC,G2143T103,,12285.0,,1249385.0,0.0,0.0013778664520779085,0.0013778664520779085
NEW,AVIS BUDGET GROUP INC,053774105,,8447.0,,1248720.0,0.0,0.0013771330662996001,0.0013771330662996001
TRIM,WHEATON PRECIOUS METALS CORP,962879102,CALL,11100.0,-61.986301369863014,1246752.0,0.0049012606758573,0.00137496268553011,-0.00352629799032719
NEW,SELECT SECTOR SPDR TR,81369Y308,,15000.0,,1246050.0,0.0,0.001374188494828798,0.001374188494828798
NEW,SEABOARD CORP DEL,811543107,,279.0,,1245548.0,0.0,0.0013736348712788569,0.0013736348712788569
NEW,TAKEDA PHARMACEUTICAL CO LTD,874060205,,77658.0,,1244858.0,0.0,0.0013728739146066273,0.0013728739146066273
TRIM,OOMA INC,683416101,,64736.0,-24.357041866769492,1244226.0,0.00159536849080333,0.001372176922408295,-0.000223191568395035
TRIM,MONOLITHIC PWR SYS INC,609839105,CALL,900.0,-40.0,1244124.0,0.0021012173179091394,0.001372064433161096,-0.0007291528847480433
NEW,SOUTHERN MO BANCORP INC,843380106,,16304.0,,1242528.0,0.0,0.0013703043072931557,0.0013703043072931557
TRIM,VIRGIN GALACTIC HOLDINGS INC,92766K403,,429627.0,-16.605943200104043,1241622.0,0.0016039218523766973,0.0013693051380974455,-0.00023461671427925184
TRIM,USA RARE EARTH INC,91733P107,PUT,57500.0,-72.47486835806606,1240850.0,0.00405080593068274,0.0013684537488931536,-0.0026823521817895867
ADD,BABCOCK & WILCOX ENTERPRISES,05614L209,CALL,87900.0,408.09248554913296,1239390.0,0.00032560300332097066,0.0013668436086881459,0.0010412406053671751
TRIM,JBG SMITH PPTYS,46590V100,,84341.0,-41.492025833662844,1237282.0,0.0026983254906574536,0.0013645188309126962,-0.0013338066597447574
TRIM,DARDEN RESTAURANTS INC,237194105,CALL,6000.0,-77.94117647058823,1236060.0,0.006831783594566599,0.0013631711656178196,-0.00546861242894878
ADD,AVIDBANK HLDGS INC,05368J103,,37305.0,415.97510373443987,1232184.0,0.0002639998380767169,0.001358896574224251,0.001094896736147534
ADD,PHOTRONICS INC,719405102,CALL,37800.0,563.1578947368421,1229634.0,0.0002951101924392844,0.0013560843430442712,0.0010609741506049867
NEW,RENEW ENERGY GLOBAL PLC,G7500M104,,196695.0,,1229344.0,0.0,0.0013557645206747836,0.0013557645206747836
NEW,STELLAR BANCORP INC,858927106,,31220.0,,1227570.0,0.0,0.0013538080900421232,0.0013538080900421232
NEW,FEDEX FGHT HLDG CO INC,314352105,CALL,8100.0,,1223100.0,0.0,0.0013488784142089828,0.0013488784142089828
ADD,NORTHROP GRUMMAN CORP,666807102,CALL,2400.0,100.0,1222344.0,0.0010489116955926874,0.0013480446703768006,0.00029913297478411315
TRIM,NWPX INFRASTRUCTURE INC,667746101,,8141.0,-74.17441233385146,1220662.0,0.0031445788094371435,0.0013461897006337709,-0.0017983891088033726
TRIM,MACOM TECH SOLUTIONS HLDGS I,55405Y100,CALL,3200.0,-39.62264150943396,1217184.0,0.0015079476519424017,0.0013423540378714302,-0.0001655936140709715
TRIM,MONARCH CASINO & RESORT INC,609027107,,9219.0,-78.23037687730235,1213313.0,0.005186941158713004,0.0013380849606566458,-0.003848856198056358
NEW,TARGA RES CORP,87612G101,CALL,4500.0,,1206630.0,0.0,0.0013307147092935859,0.0013307147092935859
ADD,EPAM SYS INC,29414B104,CALL,15200.0,126.86567164179105,1206120.0,0.0011622885788087453,0.00133015226305759,0.00016786368424884473
NEW,INSULET CORP,45784P101,PUT,7900.0,,1202775.0,0.0,0.001326463277450911,0.001326463277450911
NEW,BANK MONTREAL MEDIUM,063671101,PUT,6800.0,,1201560.0,0.0,0.0013251233320063325,0.0013251233320063325
NEW,MKS INC.,55306N104,CALL,2700.0,,1200960.0,0.0,0.0013244616305522197,0.0013244616305522197
ADD,TC ENERGY CORP,87807B107,CALL,18100.0,201.66666666666666,1199849.0,0.0004812226792924941,0.0013232363800263541,0.00084201370073386
TRIM,IRIDIUM COMMUNICATIONS INC,46269C102,CALL,21800.0,-56.39999999999999,1195730.0,0.0017770390207100357,0.0013186937995438696,-0.0004583452211661661
TRIM,PAGERDUTY INC,69553P100,,123781.0,-81.06863901162515,1194487.0,0.005202167064785187,0.0013173229746980993,-0.003884844090087088
ADD,FATE THERAPEUTICS INC,31189P102,,442228.0,925.5989239082538,1194016.0,6.629367703576017e-05,0.0013168035390566206,0.0012505098620208604
TRIM,CME GROUP INC,12572Q105,PUT,5400.0,-65.38461538461539,1192482.0,0.005903126320375386,0.0013151117890056055,-0.00458801453136978
NEW,RBB BANCORP,74930B105,,43477.0,,1191922.0,0.0,0.0013144942009817669,0.0013144942009817669
ADD,RISKIFIED LTD,M8216R109,,235853.0,21.034049213558102,1188699.0,0.000978679577353133,0.0013109397613374242,0.00033226018398429115
TRIM,ROCKWELL AUTOMATION INC,773903109,CALL,2400.0,-7.6923076923076925,1188192.0,0.0011954821815113811,0.0013103806236086988,0.00011489844209731774
ADD,ORION S.A.,L72967109,,179165.0,174.91522302864772,1187864.0,0.0005427361597988605,0.0013100188934804507,0.0007672827336815902
ADD,UWM HOLDINGS CORPORATION,91823B109,CALL,517600.0,9.313621964097148,1185304.0,0.002196084552435797,0.0013071956339429024,-0.0008888889184928944
NEW,CONCRETE PUMPING HLDGS INC,206704108,,98046.0,,1181454.0,0.0,0.001302949716279012,0.001302949716279012
TRIM,MADRIGAL PHARMACEUTICALS INC,558868105,PUT,2200.0,-51.11111111111111,1181290.0,0.00301803876912031,0.0013027688512148878,-0.0017152699179054224
ADD,PONY AI INC,732908108,CALL,169900.0,110.53283767038413,1180805.0,0.0009760364400065398,0.0013022339758728132,0.0003261975358662734
NEW,BROOKFIELD ASSET MANAGMT LTD,113004105,PUT,26300.0,,1179555.0,0.0,0.001300855431176745,0.001300855431176745
TRIM,QCR HLDGS INC,74727A104,,12069.0,-39.57947434292866,1174917.0,0.002186852149275569,0.0012957404789364529,-0.000891111670339116
TRIM,ARVINAS INC,04335A105,,141266.0,-38.5284173241024,1173920.0,0.003120969942793579,0.0012946409516868685,-0.0018263289911067103
NEW,ARDENT HEALTH INC,03980N107,,119079.0,,1171737.0,0.0,0.0012922334612296548,0.0012922334612296548
TRIM,LEGACY HOUSING CORP,52472M101,,44576.0,-1.6286357417133777,1171012.0,0.001186099876717827,0.001291433905305935,0.00010533402858810812
NEW,WEBSTER FINL CORP,947890109,,15297.0,,1168997.0,0.0,0.001289211691255873,0.001289211691255873
ADD,THE CAMPBELLS COMPANY,134429109,CALL,52400.0,45.55555555555556,1166948.0,0.001027172115128803,0.0012869519807900778,0.0002597798656612748
TRIM,GIGACLOUD TECHNOLOGY INC,G38644103,CALL,36700.0,-8.020050125313283,1159720.0,0.0023198392410359583,0.001278980683939532,-0.0010408585570964263
TRIM,AMERICOLD REALTY TRUST INC,03064D108,PUT,73700.0,-51.95567144719687,1158564.0,0.002252322007933307,0.0012777058058046078,-0.0009746162021286992
ADD,MGP INGREDIENTS INC NEW,55303J106,,66044.0,43.215873360078064,1157091.0,0.0010865370055574977,0.001276081328734761,0.00018954432317726342
TRIM,GOODYEAR TIRE & RUBR CO,382550101,PUT,175300.0,-2.665186007773459,1156980.0,0.0015298461025134008,0.00127595891396575,-0.00025388718854765075
NEW,DAVITA INC,23918K108,PUT,5200.0,,1156896.0,0.0,0.0012758662757621742,0.0012758662757621742
TRIM,HOWMET AEROSPACE INC,443201108,CALL,4300.0,-87.3900293255132,1156098.0,0.01006863134355275,0.0012749862128282042,-0.008793645130724547
NEW,VIRGIN GALACTIC HOLDINGS INC,92766K403,PUT,400000.0,,1156000.0,0.0,0.0012748781349240324,0.0012748781349240324
TRIM,IMMUNITYBIO INC,45256X103,CALL,132000.0,-17.55153029356652,1155660.0,0.00157328426470385,0.001274503170766702,-0.0002987810939371481
NEW,GOGO INC,38046C109,,372600.0,,1155060.0,0.0,0.001273841469312589,0.001273841469312589
ADD,NRG ENERGY INC,629377508,PUT,7900.0,21.53846153846154,1153874.0,0.0012170347052362436,0.0012725335061049593,5.549880086871571e-05
TRIM,UNITED STATES ANTIMONY CORP,911549103,CALL,158800.0,-68.53576382009115,1152888.0,0.005645053362262479,0.0012714461100487007,-0.004373607252213778
NEW,XENCOR INC,98401F105,,71572.0,,1152309.0,0.0,0.0012708075681454817,0.0012708075681454817
NEW,GCM GROSVENOR INC,36831E108,,93371.0,,1148463.0,0.0,0.0012665660618246186,0.0012665660618246186
TRIM,VANECK ETF TRUST,92189F676,,1750.0,-61.09381947532236,1147808.0,0.002209489858328868,0.0012658437044038788,-0.0009436461539249891
NEW,UNITI GROUP LLC,912932100,CALL,100000.0,,1147000.0,0.0,0.0012649526131123402,0.0012649526131123402
ADD,OSCAR HEALTH INC,687793109,PUT,40200.0,28.02547770700637,1146504.0,0.00046143822611455297,0.0012644056065769403,0.0008029673804623873
NEW,KLARNA GROUP PLC,G5279N105,PUT,56600.0,,1145584.0,0.0,0.001263390997680634,0.001263390997680634
NEW,ALLOT LTD,M0854Q105,,128828.0,,1140128.0,0.0,0.0012573739257912347,0.0012573739257912347
TRIM,IRADIMED CORP,46266A109,,11909.0,-16.83078427264474,1138024.0,0.0017659527058966225,0.0012550535593588122,-0.0005108991465378103
NEW,MOVADO GROUP INC,624580106,,28937.0,,1137513.0,0.0,0.0012544900102870594,0.0012544900102870594
TRIM,VANGUARD INDEX FDS,922908595,CALL,3100.0,-34.04255319148936,1133670.0,0.0018200556646324143,0.001250251812473467,-0.0005698038521589474
TRIM,BLOCK H & R INC,093671105,CALL,29700.0,-53.37519623233909,1130976.0,0.002590400158294403,0.0012472807729445004,-0.0013431193853499024
ADD,N-ABLE INC,62878D100,,308009.0,1171.923521638586,1130393.0,0.0001448908188991184,0.001246637819698254,0.0011017470007991356
NEW,EMPIRE ST RLTY TR INC,292104106,,208477.0,,1127861.0,0.0,0.0012438454395618979,0.0012438454395618979
TRIM,UIPATH INC,90364P105,CALL,103600.0,-38.29660512209649,1126132.0,0.0023877792736172214,0.0012419386365382962,-0.0011458406370789252
ADD,ISHARES TR,464287523,,1755.0,50.0,1124534.0,0.0004926664518469152,0.0012401763049988425,0.0007475098531519273
ADD,NORTHROP GRUMMAN CORP,666807102,PUT,2200.0,633.3333333333333,1120482.0,0.00026222792389817186,0.0012357076145120673,0.0009734796906138955
TRIM,GLOBAL SHIP LEASE INC,Y27183600,,29744.0,-81.81529168653631,1118374.0,0.0078020110259791236,0.0012333828367366176,-0.006568628189242506
ADD,CONSOLIDATED EDISON INC,209115104,CALL,10100.0,172.97297297297297,1117363.0,0.000536527413515976,0.0012322678697864373,0.0006957404562704613
KEEP,EMBRAER S.A.,29082A107,CALL,17500.0,0.0,1116500.0,0.0013304730865582816,0.0012313161225282717,-9.915696403000988e-05
NEW,BANK OF MARIN BANCORP,063425102,,40302.0,,1116365.0,0.0,0.0012311672397010965,0.0012311672397010965
NEW,BANK MONTREAL MEDIUM,063671101,CALL,6300.0,,1113210.0,0.0,0.0012276877928882198,0.0012276877928882198
NEW,HIMAX TECHNOLOGIES INC,43289P106,CALL,72500.0,,1112150.0,0.0,0.0012265187869859538,0.0012265187869859538
ADD,V F CORP,918204108,PUT,66500.0,454.1666666666667,1109220.0,0.000261213205149504,0.0012232874782183696,0.0009620742730688656
NEW,AMPHASTAR PHARMACEUTICALS IN,03209R103,,54964.0,,1109174.0,0.0,0.0012232367477735544,0.0012232367477735544
TRIM,INGEVITY CORP,45688C107,,14842.0,-78.24583003547035,1108252.0,0.006226347553300178,0.0012222199332057343,-0.005004127620094444
TRIM,EL POLLO LOCO HLDGS INC,268603107,,65345.0,-11.205174545800437,1108251.0,0.0013067975969665723,0.0012222188303699774,-8.457876659659488e-05
TRIM,SKYWATER TECHNOLOGY INC,83089J108,,31754.0,-23.805638872225554,1105674.0,0.0014635421757933106,0.0012193768226245627,-0.0002441653531687479
TRIM,INOGEN INC,45780L104,,171342.0,-73.32642138593886,1105156.0,0.005086177793275526,0.0012188055537025121,-0.0038673722395730138
NEW,TSS INC DEL,87288V101,,89742.0,,1103827.0,0.0,0.0012173398849816522,0.0012173398849816522
TRIM,IONIS PHARMACEUTICALS INC,462222100,PUT,13900.0,-18.71345029239766,1102131.0,0.0016451243021726701,0.0012154694755380268,-0.00042965482663464335
NEW,TEUCRIUM COMMODITY TR,88166A870,,50000.0,,1101500.0,0.0,0.0012147735861754514,0.0012147735861754514
TRIM,INVESCO EXCH TRADED FD TR II,46138E628,,11779.0,-94.39244772822487,1095211.0,0.02129324642884077,0.0012078378521005921,-0.02008540857674018
NEW,ISHARES TR,464287523,PUT,1700.0,,1089292.0,0.0,0.0012013101672557693,0.0012013101672557693
TRIM,ROCKWELL AUTOMATION INC,773903109,PUT,2200.0,-29.03225806451613,1089176.0,0.0014253826010328006,0.001201182238307974,-0.00022420036272482666
TRIM,CHEMOURS CO,163851108,CALL,53000.0,-64.09214092140921,1087560.0,0.004166020069814947,0.001199400055724897,-0.00296662001409005
ADD,CONCENTRIX CORP,20602D101,CALL,48500.0,275.968992248062,1086643.0,0.0004521955732699948,0.001198388755335861,0.0007461931820658662
TRIM,CALEDONIA MNG CORP,G1757E113,,56858.0,-31.031052886948086,1085988.0,0.0023860240151757123,0.0011976663979151212,-0.001188357617260591
TRIM,ECOVYST INC,27923Q109,,87219.0,-91.68968497237327,1085877.0,0.01729239233474018,0.0011975439831461104,-0.016094848351594068
ADD,ATI INC,01741R102,CALL,5500.0,22.22222222222222,1084050.0,0.0008386419839842595,0.001195529102218337,0.00035688711823407744
TRIM,RUBRIK INC.,781154109,CALL,13500.0,-8.16326530612245,1083780.0,0.0009222909390117558,0.001195231336563986,0.00027294039755223023
ADD,SABRE CORP,78573M104,,517546.0,3.5092,1081671.0,0.0009288776424043084,0.0011929054559527794,0.000264027813548471
TRIM,FIDELITY NATL INFORMATION SV,31620M106,CALL,27800.0,-37.94642857142857,1080864.0,0.0026925510747480516,0.0011920154674969978,-0.0015005356072510538
ADD,ISHARES TR,464287168,CALL,6900.0,81.57894736842105,1078470.0,0.0007371547345909767,0.0011893752786950875,0.00045222054410411086
TRIM,KRAFT HEINZ CO,500754106,PUT,45600.0,-80.25119099177132,1077072.0,0.0066532507492754085,0.0011878335143070047,-0.005465417234968404
TRIM,ARK ETF TR,00214Q302,PUT,25600.0,-29.085872576177284,1076736.0,0.0012219699282411283,0.0011874629614927015,-3.4506966748426874e-05
NEW,BRIGHTHOUSE FINL INC,10922N103,,16933.0,,1071859.0,0.0,0.0011820844315065212,0.0011820844315065212
TRIM,SASOL LTD,803866300,,109125.0,-91.80336488302379,1071608.0,0.0221062027038941,0.0011818076197315506,-0.02092439508416255
ADD,TREDEGAR CORP,894650100,,134311.0,70.85087708139875,1069116.0,0.0008007219955949625,0.0011790593530254688,0.0003783373574305063
NEW,CASS INFORMATION SYS INC,14808P109,,20805.0,,1067713.0,0.0,0.0011775120744586015,0.0011775120744586015
NEW,SIX FLAGS ENTERTAINMENT CORP,83001C108,,50000.0,,1065000.0,0.0,0.0011745200810502547,0.0011745200810502547
TRIM,LI AUTO INC,50202M102,CALL,90700.0,-26.20016273393003,1064818.0,0.002807525627509045,0.0011743193649425073,-0.0016332062625665379
NEW,VISHAY PRECISION GROUP INC,92835K103,CALL,7100.0,,1064361.0,0.0,0.0011738153690016245,0.0011738153690016245
TRIM,ACADIA HEALTHCARE COMPANY IN,00404A109,PUT,36000.0,-29.273084479371313,1063080.0,0.0015253464910925405,0.0011724026363970938,-0.00035294385469544667
ADD,RESTAURANT BRANDS INTL INC,76131D103,CALL,14600.0,160.71428571428572,1058646.0,0.0005302161703897917,0.0011675126626512,0.0006372964922614084
ADD,FUNKO INC,361008105,,179233.0,593.9215610360447,1053890.0,0.00010424057084642337,0.0011622675757915991,0.0010580270049451758
TRIM,SEANERGY MARITIME HLDGS CORP,Y73760400,,78372.0,-54.5935423317362,1052536.0,0.002854894543640041,0.0011607743361768178,-0.0016941202074632234
TRIM,CORPORACION AMER ARPTS S A,L1995B107,,41796.0,-79.09049977487618,1052423.0,0.006476798589903205,0.0011606497157362933,-0.005316148874166912
ADD,AMERICAN INTL GROUP INC,026874784,PUT,14100.0,33.0188679245283,1050873.0,0.0010219575882259263,0.0011589403203131686,0.0001369827320872423
NEW,CLOROX CO DEL,189054109,PUT,11000.0,,1049840.0,0.0,0.0011578010909763375,0.0011578010909763375
TRIM,GILEAD SCIENCES INC,375558103,PUT,8300.0,-33.064516129032256,1048622.0,0.0022141726828571267,0.0011564578370244884,-0.0010577148458326383
TRIM,ELECTRONIC ARTS INC,285512109,CALL,5100.0,-69.46107784431138,1045704.0,0.004362046563836328,0.0011532397622859866,-0.0032088068015503415
ADD,PUBMATIC INC,74467Q103,,79362.0,255.8355378200242,1041229.0,0.00023374276993462015,0.0011483045722740619,0.0009145618023394417
NEW,FIVE STAR BANCORP,33830T103,,21333.0,,1038704.0,0.0,0.0011455199119880036,0.0011455199119880036
NEW,STRIVE INC,862945300,PUT,95000.0,,1036450.0,0.0,0.0011430341201920532,0.0011430341201920532
ADD,ISHARES TR,464287515,,11427.0,357.08000000000004,1035286.0,0.0002564022595671203,0.0011417504193710743,0.0008853481598039539
TRIM,OMNICOM GROUP INC,681919106,PUT,14200.0,-14.457831325301203,1034186.0,0.0016017002332981746,0.001140537300038534,-0.00046116293325964056
TRIM,LIONSGATE STUDIOS CORP,53626N102,CALL,67500.0,-95.47890154052244,1033425.0,0.01834420597220879,0.0011396980420275676,-0.017204507930181225
TRIM,CITY HLDG CO,177835105,,7778.0,-74.99196193170857,1031674.0,0.004762658038294623,0.0011377669766173151,-0.003624891061677308
TRIM,TRANE TECHNOLOGIES PLC,G8994E103,PUT,2100.0,-32.25806451612903,1031436.0,0.0016551882109741678,0.0011375045017071837,-0.000517683709266984
ADD,STRIVE INC,862945300,CALL,94500.0,192.56965944272446,1030995.0,0.0004146586668325308,0.0011370181511384107,0.0007223594843058798
TRIM,NATURAL GAS SVCS GROUP INC,63886Q109,,23832.0,-36.05752461699445,1028112.0,0.001802160997002813,0.0011338386756513986,-0.0006683223213514143
TRIM,FASTENAL CO,311900104,PUT,21400.0,-42.00542005420054,1027842.0,0.002193637440302015,0.001133540909997048,-0.001060096530304967
NEW,URANIUM ENERGY CORP,916896103,PUT,96400.0,,1027624.0,0.0,0.0011333004918020536,0.0011333004918020536
NEW,BROOKFIELD RENEWABLE CORP,11285B108,,27655.0,,1027016.0,0.0,0.001132629967661886,0.001132629967661886
NEW,FIVE BELOW INC,33829M101,PUT,5700.0,,1024803.0,0.0,0.0011301893921319664,0.0011301893921319664
NEW,DIVERSIFIED HEALTHCARE TR,25525P107,,110000.0,,1023000.0,0.0,0.0011282009792623574,0.0011282009792623574
ADD,JOHNSON CONTROLS INTERNATION,G51502105,CALL,7000.0,191.66666666666669,1022770.0,0.0004026588489032084,0.0011279473270382808,0.0007252884781350725
TRIM,OPPENHEIMER HLDGS INC,683797104,,9681.0,-2.8012048192771086,1021733.0,0.001138140322527316,0.0011268036863584226,-1.1336636168893417e-05
NEW,HESAI GROUP,428050108,CALL,55900.0,,1018498.0,0.0,0.0011232360126849975,0.0011232360126849975
ADD,WILLIAMS COS INC,969457100,CALL,13700.0,128.33333333333334,1018458.0,0.0005594790191518805,0.0011231918992547234,0.0005637128801028429
ADD,GALIANO GOLD INC,36352H100,,544289.0,2.24365777832045,1016840.0,0.0017071451420533706,0.0011214075110001324,-0.0005857376310532381
NEW,ROCKET LAB CORP,773121108,,10000.0,,1016500.0,0.0,0.0011210325468428018,0.0011210325468428018
TRIM,FACTSET RESH SYS INC,303075105,CALL,4400.0,-8.333333333333332,1012352.0,0.0013344474016572306,0.0011164579841233687,-0.0002179894175338619
NEW,CENTRAL BANCOMPANY,152413100,,33269.0,,1010712.0,0.0,0.0011146493334821268,0.0011146493334821268
TRIM,LG DISPLAY CO LTD,50186V102,,259796.0,-19.602400205484326,1010606.0,0.001606354871194526,0.0011145324328919004,-0.0004918224383026256
NEW,TE CONNECTIVITY PLC,G87052109,CALL,5000.0,,1008050.0,0.0,0.0011117135846973798,0.0011117135846973798
NEW,BANCO SANTANDER CHILE NEW,05965X109,,30600.0,,1007658.0,0.0,0.0011112812730806926,0.0011112812730806926
NEW,VERTIV HOLDINGS CO,92537N108,,3000.0,,1004460.0,0.0,0.0011077544043302714,0.0011077544043302714
ADD,ECOLAB INC,278865100,CALL,3600.0,300.0,1002996.0,0.0003067448653643513,0.001106139852782236,0.0007993949874178847
TRIM,BLACKSKY TECHNOLOGY INC,09263B207,PUT,35900.0,-50.75445816186557,1002328.0,0.002349950251176353,0.001105403158496657,-0.001244547092679696
TRIM,T1 ENERGY INC,35834F104,PUT,105000.0,-36.86109440769693,995400.0,0.0009353567241113961,0.0010977627123731676,0.00016240598826177148
ADD,IAMGOLD CORP,450913108,PUT,62600.0,13.405797101449277,991584.0,0.001331003507722358,0.0010935542911250102,-0.00023744921659734773
TRIM,CENTRUS ENERGY CORP,15643U104,PUT,5900.0,-3.278688524590164,990433.0,0.0013566725609162479,0.0010922849271688705,-0.0002643876337473773
NEW,BIOLIFE SOLUTIONS INC,09062W204,,35019.0,,988937.0,0.0,0.0010906350848766157,0.0010906350848766157
ADD,HARMONY GOLD MNG LTD,413216300,PUT,65000.0,150.965250965251,988650.0,0.0005100281358913577,0.0010903185710143984,0.0005802904351230407
ADD,VIKING THERAPEUTICS INC,92686J106,CALL,25300.0,33.1578947368421,986953.0,0.0007921212292315693,0.0010884470587350162,0.0002963258295034469
TRIM,MP MATERIALS CORP,553368101,CALL,17600.0,-91.46459747817653,985776.0,0.012749597712586845,0.0010871490210491981,-0.011662448691537647
NEW,PORCH GROUP INC,733245104,,65372.0,,983195.0,0.0,0.001084302601960756,0.001084302601960756
NEW,TEUCRIUM COMMODITY TR,88166A409,CALL,100000.0,,979000.0,0.0,0.0010796762059607507,0.0010796762059607507
NEW,INVESCO ACTVELY MNGD ETC FD,46090F100,,61623.0,,978573.0,0.0,0.0010792052950925738,0.0010792052950925738
TRIM,ARK ETF TR,00214Q104,CALL,12100.0,-79.83333333333333,977922.0,0.00519582122897439,0.0010784873490148614,-0.004117333879959528
ADD,STRYKER CORPORATION,863667101,CALL,3100.0,181.8181818181818,976004.0,0.0004630922689233033,0.001076372110033214,0.0006132798411099107
NEW,TRANSCAT INC,893529107,,10519.0,,975848.0,0.0,0.0010762000676551448,0.0010762000676551448
TRIM,MACYS INC,55616P104,CALL,41400.0,-39.29618768328446,974970.0,0.0015806781307373884,0.0010752317778606262,-0.0005054463528767622
ADD,QUANTERIX CORP,74766Q101,,225653.0,141.97934650895948,974821.0,0.0004205586413749747,0.001075067455332855,0.0006545088139578803
TRIM,WYNN RESORTS LTD,983134107,,10000.0,-64.74901297236323,970900.0,0.0036908728909090475,0.0010707432363302276,-0.0026201296545788197
NEW,EMPRESA DIST Y COMERCIAL NOR,29244A102,,38862.0,,969996.0,0.0,0.001069746272806031,0.001069746272806031
TRIM,ALASKA AIR GROUP INC,011659109,CALL,18500.0,-50.534759358288774,965700.0,0.0017623973466446609,0.0010650084903945831,-0.0006973888562500777
ADD,REDWIRE CORPORATION,75776W103,CALL,78900.0,36.50519031141869,964947.0,0.0006294587389148093,0.0010641780550696715,0.00043471931615486224
ADD,SCRIPPS E W CO OHIO,811054402,,348009.0,77.91416374837044,963985.0,0.000932274131549155,0.0010631171270715774,0.00013084299552242236
NEW,DXP ENTERPRISES INC,233377407,,5711.0,,963674.0,0.0,0.0010627741451511956,0.0010627741451511956
TRIM,BROOKFIELD CORP,11271J107,CALL,22600.0,-14.716981132075471,962534.0,0.0013740406510133966,0.0010615169123883812,-0.0003125237386250154
TRIM,NPK INTERNATIONAL INC,651718504,,60425.0,-80.13531328180733,961362.0,0.005647078956128191,0.0010602243888813475,-0.004586854567246844
KEEP,CRISPR THERAPEUTICS AG,H17182108,PUT,17600.0,0.0,959904.0,0.0010726704638695777,0.0010586164543478532,-1.4054009521724444e-05
ADD,INSULET CORP,45784P101,CALL,6300.0,96.875,959175.0,0.0008603175039210816,0.0010578124870811063,0.00019749498316002474
NEW,CHIME FINL INC,16935C109,CALL,46800.0,,958464.0,0.0,0.0010570283708579826,0.0010570283708579826
TRIM,JBT MAREL CORPORATION,477839104,,6602.0,-96.98161169682616,957290.0,0.03583352933561248,0.001055733641679435,-0.03477779569393304
TRIM,TTM TECHNOLOGIES INC,87305R109,PUT,5100.0,-85.30259365994236,953802.0,0.004331098923212499,0.001051886950559526,-0.0032792119726529727
TRIM,NEXTPOWER INC,65290E101,PUT,8000.0,-68.12749003984064,953120.0,0.003876693261758853,0.001051134816573351,-0.002825558445185502
TRIM,DANAHER CORP DEL,235851102,CALL,5000.0,-99.58851123364332,952400.0,0.2951690768757601,0.0010503407748284157,-0.2941187361009317
ADD,OIL STS INTL INC,678026105,,118762.0,68.83271967359936,951284.0,0.0010490462226995184,0.0010491100101237658,6.378742424734997e-08
ADD,AMERISAFE INC,03071H100,,28026.0,4.954499494438827,948120.0,0.0011402914750260702,0.0010456206377890776,-9.467083723699267e-05
NEW,OMNICOM GROUP INC,681919106,,13000.0,,946790.0,0.0,0.001044153866232461,0.001044153866232461
NEW,KEYSIGHT TECHNOLOGIES INC,49338L103,PUT,2700.0,,945189.0,0.0,0.0010423882261857364,0.0010423882261857364
NEW,VANGUARD INDEX FDS,922908553,PUT,9800.0,,945014.0,0.0,0.0010421952299282868,0.0010421952299282868
NEW,VIATRIS INC,92556V106,CALL,59500.0,,944860.0,0.0,0.0010420253932217312,0.0010420253932217312
TRIM,ENOVIX CORPORATION,293594107,,155490.0,-77.68234552821608,943824.0,0.0046238542506769715,0.0010408828553776298,-0.0035829713952993418
ADD,NOVAVAX INC,670002401,CALL,100000.0,185.71428571428572,942000.0,0.000365016883201362,0.0010388712829571267,0.0006738543997557647
NEW,GALLAGHER ARTHUR J & CO,363576109,PUT,4100.0,,941237.0,0.0,0.0010380298192746466,0.0010380298192746466
TRIM,SOUTHERN COPPER CORP,84265V105,PUT,5400.0,-57.14285714285714,941004.0,0.002777608080160379,0.0010377728585432996,-0.0017398352216170796
TRIM,BECTON DICKINSON & CO,075887109,CALL,6200.0,-25.301204819277107,938246.0,0.0016719912872226264,0.0010347312375258942,-0.0006372600496967321
TRIM,AIR PRODUCTS AND CHEMICALS I,009158106,PUT,3200.0,-3.0303030303030303,938176.0,0.001228190205418884,0.0010346540390229143,-0.00019353616639596971
TRIM,TRANE TECHNOLOGIES PLC,G8994E103,CALL,1900.0,-34.48275862068966,933204.0,0.001548401874782286,0.001029170739639833,-0.000519231135142453
NEW,PBF ENERGY INC,69318G106,PUT,20400.0,,928608.0,0.0,0.0010241021065013286,0.0010241021065013286
ADD,QUICKLOGIC CORP,74837P405,,46420.0,149.44919125154493,927007.0,0.00022363786239580256,0.0010223364664546043,0.0007986986040588017
NEW,ALCON AG,H01301128,CALL,13800.0,,925980.0,0.0,0.0010212038541323144,0.0010212038541323144
TRIM,NATURAL GROCERS BY VITAMIN,63888U108,,29792.0,-57.4217521795055,924148.0,0.0023173575362175625,0.0010191834590257568,-0.0012981740771918057
TRIM,AKAMAI TECHNOLOGIES INC,00971T101,PUT,7800.0,-25.0,922038.0,0.001530329118887451,0.0010168564755787934,-0.0005134726433086577
TRIM,PRIMORIS SVCS CORP,74164F103,PUT,9300.0,-27.34375,921816.0,0.0023457837544962165,0.0010166116460407716,-0.001329172108455445
NEW,ISHARES TR,464287606,,7836.0,,920730.0,0.0,0.0010154139664088273,0.0010154139664088273
NEW,SYNCHRONY FINANCIAL,87165B103,PUT,12100.0,,920205.0,0.0,0.0010148349776364788,0.0010148349776364788
TRIM,HIMALAYA SHIPPING LTD,G4660A103,,68835.0,-26.974814877681357,919636.0,0.001606234437403649,0.0010142074640908283,-0.0005920269733128206
TRIM,MARKETAXESS HLDGS INC,57060D108,,8100.0,-96.79620290714921,919269.0,0.05344066128949439,0.0010138027233680626,-0.052426858566126326
NEW,GORILLA TECHNOLOGY GROUP INC,G4000K175,,46237.0,,919192.0,0.0,0.0010137178050147848,0.0010137178050147848
TRIM,TELECOM ARGENTINA SA,879273209,,70644.0,-8.756974581525109,918372.0,0.001159607005145915,0.001012813479694164,-0.000146793525451751
TRIM,BANCO BILBAO VIZCAYA ARGENTA,05946K101,,36590.0,-87.23899934782533,916945.0,0.007957133592260643,0.0010112397330691322,-0.006945893859191511
NEW,F5 INC,315616102,CALL,2200.0,,915112.0,0.0,0.0010092182351268176,0.0010092182351268176
NEW,HYLIION HOLDINGS CORP,449109107,,175442.0,,914053.0,0.0,0.0010080503320603084,0.0010080503320603084
TRIM,EMCOR GROUP INC,29084Q100,PUT,1100.0,-93.33333333333333,912868.0,0.01560785415268712,0.0010067434716884358,-0.014601110680998685
NEW,SPIRE INC,84857L101,,11664.0,,910842.0,0.0,0.0010045091264450482,0.0010045091264450482
TRIM,HILLTOP HLDGS INC,432748101,,23414.0,-63.74812268722808,907995.0,0.0029640882744389266,0.0010013693530452827,-0.001962718921393644
NEW,DANAOS CORPORATION,Y1968P121,,7416.0,,907496.0,0.0,0.0010008190380026121,0.0010008190380026121
ADD,GRUPO FINANCIERO GALICIA S.A,399909100,CALL,18000.0,57.89473684210527,900540.0,0.0006822369259509515,0.0009931477124779308,0.00031091078652697936
ADD,AMERICAN BATTERY TECHNOLOGY,02451V309,,317774.0,14.65983510436775,899300.0,0.000990676832861373,0.0009917801961394311,1.1033632780581542e-06
TRIM,GOLAR LNG LTD,G9456A100,CALL,18000.0,-70.0,897120.0,0.004159578143213555,0.0009893760141894878,-0.0031702021290240675
KEEP,GLOBAL X FDS,37960A529,,15000.0,0.0,895650.0,0.0013614143211294043,0.0009877548456269114,-0.000373659475502493
TRIM,EOG RES INC,26875P101,PUT,6900.0,-83.25242718446601,895137.0,0.007631253847462763,0.0009871890908836449,-0.006644064756579119
TRIM,OWENS CORNING NEW,690742101,PUT,5600.0,-66.86390532544378,890176.0,0.0023432290206769697,0.000981717922693889,-0.0013615110979830808
NEW,GLOBAL X FDS,37954Y830,,11500.0,,885155.0,0.0,0.0009761805843587215,0.0009761805843587215
NEW,TARGA RES CORP,87612G101,PUT,3300.0,,884862.0,0.0,0.0009758574534819629,0.0009758574534819629
NEW,IES HOLDINGS INC,44951W106,PUT,1200.0,,881592.0,0.0,0.0009722511805570482,0.0009722511805570482
TRIM,CENTURY ALUM CO,156431108,PUT,19100.0,-0.5208333333333333,878791.0,0.0014437295359834622,0.0009691621376020981,-0.0004745673983813641
ADD,ISHARES TR,464287390,CALL,26000.0,52.046783625730995,877500.0,0.0007781970330692934,0.0009677383766399986,0.0001895413435707052
NEW,RUSH ENTERPRISES INC,781846308,,11455.0,,876308.0,0.0,0.000966423796417828,0.000966423796417828
ADD,ONE STOP SYS INC,68247W109,CALL,48100.0,147.93814432989691,874458.0,0.0001881560176664992,0.0009643835502676466,0.0007762275326011474
ADD,VIANT TECHNOLOGY INC,92557A101,,68980.0,24.454227257965574,873287.0,0.0007953383489006413,0.0009630921295963698,0.00016775378069572853
NEW,AMERIPRISE FINL INC,03076C106,PUT,1900.0,,871644.0,0.0,0.0009612801704478576,0.0009612801704478576
NEW,JEFFERSON CAPITAL INC,47248R103,,44736.0,,871010.0,0.0,0.0009605809725780117,0.0009605809725780117
NEW,CREXENDO INC,226552107,,116581.0,,870860.0,0.0,0.0009604155472144834,0.0009604155472144834
TRIM,BAR HBR BANKSHARES,066849100,,23052.0,-24.307995403053688,870444.0,0.0012661755355457846,0.0009599567675396319,-0.00030621876800615273
ADD,QUANTUM COMPUTING INC,74766W108,PUT,89200.0,107.44186046511628,865240.0,0.0003773805649243987,0.0009542176102609601,0.0005768370453365614
NEW,ECOLAB INC,278865100,PUT,3100.0,,863691.0,0.0,0.0009525093176735922,0.0009525093176735922
TRIM,GOLD COM INC,00181T107,PUT,20700.0,-25.27075812274368,861327.0,0.0014224204422614369,0.0009499022139443877,-0.0004725182283170492
TRIM,ISHARES INC,464286509,,14929.0,-73.53624164642902,860508.0,0.003960052663204028,0.0009489989914595237,-0.003011053671744504
TRIM,IMPINJ INC,453204109,PUT,6000.0,-11.76470588235294,859380.0,0.0008947461935854798,0.0009477549927257915,5.3008799140311764e-05
TRIM,FIGMA INC,316841105,PUT,47400.0,-36.715620827770366,857466.0,0.0020286508340634324,0.0009456441650871716,-0.0010830066689762607
NEW,HF SINCLAIR CORP,403949100,PUT,12300.0,,856695.0,0.0,0.0009447938787186367,0.0009447938787186367
TRIM,INVESCO LTD,G491BT108,CALL,32400.0,-3.857566765578635,855036.0,0.001048764356380444,0.0009429642741980147,-0.00010580008218242934
TRIM,TXNM ENERGY INC,69349H107,,15048.0,-90.0004651564587,854425.0,0.011271411300307078,0.0009422904415505765,-0.010329120858756502
NEW,GALLAGHER ARTHUR J & CO,363576109,CALL,3700.0,,849409.0,0.0,0.0009367586173941933,0.0009367586173941933
NEW,INDEPENDENCE RLTY TR INC,45378A106,,50594.0,,844414.0,0.0,0.0009312499527887041,0.0009312499527887041
ADD,UNION PAC CORP,907818108,CALL,3100.0,6.896551724137931,843200.0,0.0009014571744005332,0.0009299111101798824,2.84539357793492e-05
ADD,TRANSOCEAN LTD,H8817H100,CALL,172300.0,22.37215909090909,842547.0,0.00119601516509654,0.0009291909584306564,-0.00026682420666588366
NEW,TEUCRIUM COMMODITY TR,88166A102,,50000.0,,837500.0,0.0,0.0009236249463658108,0.0009236249463658108
TRIM,ABERCROMBIE & FITCH CO,002896207,CALL,9300.0,-25.0,837093.0,0.0014515961687067208,0.0009231760922127708,-0.00052842007649395
ADD,DIANA SHIPPING INC,Y2066G104,,398425.0,10.54464236168914,836693.0,0.0011544347581908994,0.000922734957910029,-0.00023169980028087036
KEEP,SCHOLAR ROCK HLDG CORP,80706P103,CALL,15200.0,0.0,836000.0,0.0009573615151573188,0.0009219706927305286,-3.539082242679024e-05
NEW,LINCOLN NATL CORP IND,534187109,CALL,23400.0,,827190.0,0.0,0.0009122547097126387,0.0009122547097126387
TRIM,VOYAGER THERAPEUTICS INC,92915B106,,236083.0,-11.982566744835454,826291.0,0.0013264898029855434,0.0009112632603672264,-0.000415226542618317
NEW,KLARNA GROUP PLC,G5279N105,CALL,40800.0,,825792.0,0.0,0.0009107129453245559,0.0009107129453245559
NEW,FRANKLIN RESOURCES INC,354613101,PUT,24800.0,,825096.0,0.0,0.000909945371637785,0.000909945371637785
NEW,AIRSHIP AI HLDGS INC,008940108,,344657.0,,823730.0,0.0,0.0009084388979939214,0.0009084388979939214
ADD,ENEL CHILE SA,29278D105,,182745.0,797.0840901281233,822353.0,0.00010283252046159255,0.0009069202931567325,0.00080408777269514
ADD,DOCUSIGN INC,256163106,PUT,18500.0,6.321839080459771,821770.0,0.001056914136633318,0.0009062773399104862,-0.0001506367967228319
TRIM,INTERDIGITAL INC,45867G101,CALL,2900.0,-70.10309278350515,821077.0,0.003753178159529905,0.0009055130747309861,-0.002847665084798919
ADD,C4 THERAPEUTICS INC,12529R107,,173965.0,2.8794294365330937,812417.0,0.0005697825143245915,0.0008959625170766243,0.0003261800027520328
NEW,EXCHANGE LISTED FDS TR,30151E491,PUT,20000.0,,810000.0,0.0,0.0008932969630523065,0.0008932969630523065
NEW,OVINTIV INC,69047Q102,PUT,15300.0,,805545.0,0.0,0.0008883838297555188,0.0008883838297555188
ADD,NORTH AMERN CONSTR GROUP LTD,656811106,,60535.0,135.09650860227583,805495.0,0.0004448824235005551,0.0008883286879676761,0.00044344626446712096
TRIM,CERENCE INC,156727109,,70951.0,-46.571030535788246,803165.0,0.001073572436090616,0.0008857590806542045,-0.00018781335543641142
TRIM,DAKTRONICS INC,234264109,,41015.0,-64.28695818748585,802253.0,0.002876623874419596,0.0008847532944439531,-0.001991870579975643
ADD,MKS INC.,55306N104,PUT,1800.0,63.63636363636363,800640.0,0.0003238784939324518,0.0008829744203681465,0.0005590959264356947
TRIM,ISHARES TR,464287556,PUT,4200.0,-48.78048780487805,798798.0,0.0017739256790948045,0.0008809429969040202,-0.0008929826821907843
NEW,NEW ERA ENERGY & DIGITAL INC,64428N109,PUT,125000.0,,797500.0,0.0,0.0008795115160916227,0.0008795115160916227
ADD,CAPITAL CITY BANK,139674105,,16085.0,215.4540105903118,794921.0,0.00028392009957203026,0.0008766673026746944,0.000592747203102664
TRIM,VERTEX PHARMACEUTICALS INC,92532F100,PUT,1600.0,-55.55555555555556,794768.0,0.002059602318318885,0.0008764985688038957,-0.0011831037495149892
ADD,GLOBAL X FDS,37954Y632,PUT,12100.0,16.346153846153847,793881.0,0.0006218585979841301,0.0008755203534875655,0.0002536617555034354
ADD,PONY AI INC,732908108,PUT,113600.0,294.44444444444446,789520.0,0.0003483252722699919,0.0008707108867519222,0.0005223856144819304
ADD,CUSTOMERS BANCORP INC,23204G100,,9949.0,72.3964650840409,786966.0,0.0005132081004547335,0.0008678942442289154,0.0003546861437741819
NEW,MCCORMICK & CO INC,579780206,CALL,15600.0,,786552.0,0.0,0.0008674376702255774,0.0008674376702255774
TRIM,VICTORIAS SECRET AND CO,926400102,CALL,9400.0,-22.31404958677686,784712.0,0.0007187027403759328,0.0008654084524329647,0.00014670571205703195
KEEP,PENNYMAC FINL SVCS INC NEW,70932M107,PUT,9000.0,0.0,783900.0,0.0010078002117451434,0.0008645129497983988,-0.00014328726194674465
NEW,HIVE DIGITAL TECHNOLOGIES LT,433921103,CALL,214700.0,,781508.0,0.0,0.0008618749666680024,0.0008618749666680024
TRIM,NERDWALLET INC,64082B102,,84480.0,-32.61922043117956,781440.0,0.001667384054116301,0.0008617999738365363,-0.0008055840802797646
TRIM,SIX FLAGS ENTERTAINMENT CORP,83001C108,PUT,36600.0,-85.7864077669903,779580.0,0.00585593293008854,0.0008597486993287865,-0.004996184230759754
TRIM,CTS CORP,126501105,,11945.0,-15.103056147832266,778695.0,0.0008609517031389992,0.0008587726896839701,-2.1790134550290228e-06
ADD,DAILY JOURNAL CORP,233912104,,1295.0,32.008154943934755,778541.0,0.0006062380790652428,0.0008586028529774145,0.0002523647739121717
ADD,LINDE PLC,G54950103,PUT,1500.0,150.0,778410.0,0.00038110376275726337,0.0008584583814932664,0.00047735461873600306
ADD,MATRIX SVC CO,576853105,,56591.0,154.20447399155512,775297.0,0.00032743641560549556,0.0008550252537821778,0.0005275888381766822
NEW,CONDUENT INC,206787103,,529806.0,,773517.0,0.0,0.0008530622061349764,0.0008530622061349764
KEEP,MIRUM PHARMACEUTICALS INC,604749101,PUT,6600.0,0.0,772662.0,0.0007811643166828222,0.0008521192815628657,7.095496488004351e-05
TRIM,COGNYTE SOFTWARE LTD,M25133105,,87891.0,-68.72184143659385,771683.0,0.0029161428135643696,0.0008510396053569051,-0.0020651032082074647
TRIM,SINCLAIR INC,829242106,,53999.0,-38.3945786225229,769486.0,0.00145318743219895,0.0008486166751990952,-0.0006045707569998547
TRIM,SOLARIS RES INC,83419D201,,91321.0,-43.90636421152204,767158.0,0.001796526233042407,0.0008460492735571374,-0.0009504769594852697
TRIM,COMSTOCK RES INC,205768302,CALL,51400.0,-19.6875,766888.0,0.0017285067654075868,0.0008457515079027866,-0.0008827552575048002
TRIM,GAMESTOP CORP NEW,36467W117,PUT,274590.0,-44.076495387059325,766106.0,0.002428339836932029,0.0008448890903409264,-0.0015834507465911029
KEEP,EXPEDITORS INTL WASH INC,302130109,CALL,4700.0,0.0,766006.0,0.0008624865933674133,0.0008447788067652408,-1.7707786602172556e-05
ADD,TRANSMEDICS GROUP INC,89377M109,PUT,11500.0,45.56962025316456,763830.0,0.0010061846052526306,0.000842379036158325,-0.00016380556909430558
NEW,VELO3D INC,92259N302,,43521.0,,763794.0,0.0,0.0008423393340710782,0.0008423393340710782
TRIM,OWENS CORNING NEW,690742101,CALL,4800.0,-62.5,763008.0,0.0017747533411044502,0.0008414725051661905,-0.0009332808359382598
TRIM,NUTRIEN LTD,67077M108,CALL,12100.0,-19.867549668874172,761695.0,0.001459870226382096,0.0008400244818174403,-0.0006198457445646558
NEW,ZIMMER BIOMET HOLDINGS INC,98956P102,CALL,8800.0,,757592.0,0.0,0.0008354995467070654,0.0008354995467070654
TRIM,FIVERR INTL LTD,M4R82T106,,73325.0,-66.7421101807923,756714.0,0.00283038498598598,0.000834531256912547,-0.001995853729073433
NEW,ISHARES TR,464288224,,36876.0,,755589.0,0.0,0.0008332905666860853,0.0008332905666860853
TRIM,STERLING INFRASTRUCTURE INC,859241101,CALL,900.0,-80.0,755424.0,0.0023480937771020857,0.0008331085987862044,-0.0015149851783158813
NEW,HOMETRUST BANCSHARES INC,437872104,,15141.0,,755384.0,0.0,0.0008330644853559303,0.0008330644853559303
NEW,APOLLO COML REAL ESTATE FIN,03762U105,,70461.0,,752523.0,0.0,0.0008299092722555689,0.0008299092722555689
NEW,PERMIAN RESOURCES CORP,71424F105,PUT,40600.0,,747446.0,0.0,0.0008243101751180177,0.0008243101751180177
NEW,ASP ISOTOPES INC,00218A105,,120159.0,,747389.0,0.0,0.0008242473134798769,0.0008242473134798769
NEW,ENERGY RECOVERY INC,29270J100,,82819.0,,747027.0,0.0,0.0008238480869358955,0.0008238480869358955
TRIM,ALIGN TECHNOLOGY INC,016255101,PUT,4400.0,-60.0,742104.0,0.0024160171539463126,0.0008184188265048999,-0.0015975983274414127
NEW,LINDBLAD EXPEDITIONS HLDGS I,535219109,,26269.0,,741837.0,0.0,0.0008181243693578195,0.0008181243693578195
TRIM,GITLAB INC,37637K108,CALL,24200.0,-63.277693474962064,738826.0,0.0018271036038198158,0.0008148037308939301,-0.0010122998729258856
NEW,BALL CORP,058498106,CALL,11800.0,,736320.0,0.0,0.0008120400244872522,0.0008120400244872522
TRIM,CLEAR CHANNEL OUTDOOR HLDGS,18453H106,,303845.0,-52.649697052810055,735305.0,0.001948490615339752,0.0008109206461940446,-0.0011375699691457074
TRIM,LINCOLN NATL CORP IND,534187109,PUT,20800.0,-87.09677419354838,735280.0,0.007331855443341924,0.0008108930753001233,-0.006520962368041801
NEW,ALMONTY INDS INC,020398707,CALL,44400.0,,735264.0,0.0,0.0008108754299280137,0.0008108754299280137
TRIM,OCUGEN INC,67577C105,,477821.0,-42.74095555369148,731066.0,0.0019351749941845687,0.0008062457254207376,-0.001128929268763831
NEW,BITMINE IMMERSION TECHS INC,09175A206,PUT,54800.0,,729388.0,0.0,0.0008043951670207354,0.0008043951670207354
TRIM,HERTZ GLOBAL HLDGS INC,42806J700,,321027.0,-72.12620125100285,727126.0,0.006802473341014484,0.0008019005525387301,-0.0060005727884757535
TRIM,ALTO INGREDIENTS INC,021513106,,127321.0,-61.95170785643845,725730.0,0.002075060123499034,0.0008003609938221609,-0.0012746991296768732
TRIM,DUTCH BROS INC,26701L100,PUT,10100.0,-60.079051383399204,725281.0,0.00164212498829561,0.0007998658205673332,-0.0008422591677282768
NEW,ALAMO GROUP INC,011311107,,4406.0,,724743.0,0.0,0.0007992724949301453,0.0007992724949301453
ADD,GLOBAL X FDS,37954Y715,PUT,19100.0,19.375,724654.0,0.0006809890268837766,0.0007991743425477852,0.00011818531566400864
ADD,RADCOM LTD,M81865111,,51343.0,246.60770944440694,723936.0,0.0002307793299527151,0.0007983825064743636,0.0005676031765216485
TRIM,CSX CORP,126408103,CALL,15200.0,-64.97695852534562,722456.0,0.002282566263969991,0.0007967503095542187,-0.0014858159544157722
ADD,STANDARD LITHIUM CORP,853606101,,262162.0,249.60993238828064,720730.0,0.00032988352773927795,0.0007948468150378874,0.0004649632872986095
NEW,EMPLOYERS HLDGS INC,292218104,,14267.0,,720198.0,0.0,0.0007942601064152407,0.0007942601064152407
ADD,SSR MINING IN,784730103,CALL,25400.0,5.394190871369295,718312.0,0.0009077889168953774,0.0007921801581778127,-0.0001156087587175647
ADD,DAVE & BUSTERS ENTMT INC,238337109,CALL,63000.0,37.85557986870897,718200.0,0.0006341108143900783,0.0007920566405730451,0.00015794582618296681
NEW,PAGAYA TECHNOLOGIES LTD,M7S64L123,PUT,39200.0,,715400.0,0.0,0.0007889687004538518,0.0007889687004538518
NEW,PENGUIN SOLUTIONS INC,706915105,PUT,9400.0,,714494.0,0.0,0.0007879695312581416,0.0007879695312581416
TRIM,CHOICEONE FINANCIA,170386106,,20994.0,-25.553191489361705,713796.0,0.0010159794598404662,0.000787199751899857,-0.00022877970794060926
NEW,XPERI INC,98423J101,,86694.0,,713492.0,0.0,0.0007868644898297731,0.0007868644898297731
NEW,ISHARES TR,464288521,,10730.0,,713009.0,0.0,0.0007863318201592123,0.0007863318201592123
NEW,GLOBAL X FDS,37954Y632,,10856.0,,712262.0,0.0,0.0007855080018488419,0.0007855080018488419
NEW,LIBERTY CAP CORP,36164V602,,32499.0,,711728.0,0.0,0.0007849190875546814,0.0007849190875546814
ADD,KRONOS WORLDWIDE INC,50105F105,,112203.0,80.8500693078882,710245.0,0.0005222419159810683,0.000783283582127266,0.0002610416661461976
TRIM,CORE NATURAL RESOURCES INC,218937100,,8858.0,-96.17729942473923,708817.0,0.03109259678446578,0.0007817087326664774,-0.030310888051799302
NEW,AGILON HEALTH INC,00857U206,CALL,6600.0,,707388.0,0.0,0.0007801327803699321,0.0007801327803699321
ADD,CYBIN INC,23256X407,,106457.0,440.83011583011586,703681.0,0.00012105261556867072,0.0007760445682192717,0.0006549919526506009
TRIM,LIFESTANCE HEALTH GROUP INC,53228F101,,65658.0,-91.16011239358758,703197.0,0.006061788871382372,0.000775510795712954,-0.005286278075669418
NEW,BANCO BBVA ARGENTINA S A,058934100,,35765.0,,701352.0,0.0,0.0007734760637415571,0.0007734760637415571
ADD,SENECA FOODS CORP NEW,817070501,,4029.0,42.82169443459766,700804.0,0.0005461928658391457,0.0007728717097468008,0.00022667884390765503
ADD,AEVA TECHNOLOGIES INC,00835Q202,PUT,24300.0,10.95890410958904,697896.0,0.00036925000282964315,0.0007696646633658672,0.00040041466053622406
TRIM,HUNTSMAN CORP,447011107,PUT,65700.0,-64.2156862745098,697734.0,0.0031309146990147405,0.0007694860039732567,-0.0023614286950414836
TRIM,CENTRAL GARDEN & PET CO,153527205,,17988.0,-68.65055159553147,697395.0,0.002383342441512882,0.0007691121426516831,-0.0016142302988611987
ADD,DMC GLOBAL INC,23291C103,,120022.0,377.3005647021395,697328.0,0.0001678526742193529,0.0007690382526559738,0.0006011855784366209
NEW,EYEPOINT INC,30233G209,,48574.0,,694608.0,0.0,0.000766038539397329,0.000766038539397329
ADD,NET LEASE OFFICE PROPERTIES,64110Y108,,61880.0,420.13112549382197,688724.0,0.00017559374830956921,0.000759549453803996,0.0005839557054944268
TRIM,JOBY AVIATION INC,G65163100,CALL,77000.0,-27.083333333333332,686840.0,0.001117543581866224,0.0007574717112380817,-0.0003600718706281423
NEW,LIGHTWAVE LOGIC INC,532275104,CALL,72500.0,,685850.0,0.0,0.0007563799038387955,0.0007563799038387955
TRIM,PARKER-HANNIFIN CORP,701094104,PUT,700.0,-12.5,684684.0,0.0009175927399570019,0.000755093997346303,-0.00016249874261069891
TRIM,ISHARES TR,464287234,,10000.0,-90.74408315515693,684100.0,0.007860912118191888,0.0007544499412642998,-0.007106462176927588
TRIM,DOMINION ENERGY INC,25746U109,CALL,10000.0,-88.78923766816143,682900.0,0.007065035660863922,0.0007531265383560741,-0.006311909122507848
TRIM,AUTODESK INC,052769106,PUT,3500.0,-20.454545454545457,680470.0,0.001349575935728279,0.0007504466474669172,-0.0005991292882613617
NEW,HAPPEN INC,52603A208,CALL,32800.0,,680272.0,0.0,0.00075022828598706,0.00075022828598706
TRIM,UP FINTECH HLDG LTD,91531W106,CALL,153100.0,-9.83510011778563,673640.0,0.00137056216439391,0.0007429142792475997,-0.0006276478851463104
NEW,JOINT CORP,47973J102,,76519.0,,671837.0,0.0,0.0007409258663779906,0.0007409258663779906
TRIM,STERLING INFRASTRUCTURE INC,859241101,PUT,800.0,-80.95238095238095,671488.0,0.0021915541919619464,0.0007405409766988484,-0.001451013215263098
TRIM,ABIVAX SA,00370M103,,5028.0,-99.21158598542344,670031.0,0.09098119995884286,0.0007389341450011111,-0.09024226581384176
NEW,MERCANTILE BK CORP,587376104,,11634.0,,668024.0,0.0,0.0007367207536371036,0.0007367207536371036
TRIM,ORTHOFIX MED INC,68752M108,,73021.0,-54.04015609264854,667412.0,0.002334819154684222,0.0007360458181539085,-0.0015987733365303135
NEW,CERUS CORP,157085101,,228172.0,,666262.0,0.0,0.0007347775570335257,0.0007347775570335257
NEW,COMMVAULT SYS INC,204166102,CALL,4700.0,,666131.0,0.0,0.0007346330855493777,0.0007346330855493777
TRIM,TRANSDIGM GROUP INC,893641100,,500.0,-98.81830213650974,666020.0,0.06282789490000071,0.0007345106707803669,-0.06209338422922034
ADD,INNOVATIVE SOLUTIONS & SUPPO,45769N105,CALL,37000.0,82.26600985221675,666000.0,0.0005339560239596927,0.0007344886140652297,0.00020053259010553704
TRIM,VANGUARD INTL EQUITY INDEX F,922042874,CALL,7500.0,-27.884615384615387,664050.0,0.0010983459231161741,0.0007323380843393631,-0.00036600783877681104
TRIM,VANGUARD WHITEHALL FDS,921946406,CALL,4200.0,-71.62162162162163,663726.0,0.00280825976114918,0.0007319807655541422,-0.002076278995595038
TRIM,ALNYLAM PHARMACEUTICALS INC,02043Q107,CALL,2200.0,-60.71428571428571,662266.0,0.002373919137982008,0.0007303706253491343,-0.001643548512632874
ADD,URANIUM RTY CORP,91702V101,,237519.0,8.684948681928626,660088.0,0.0010219422136994315,0.0007279686490707048,-0.0002939735646287267
TRIM,PULTE GROUP INC,745867101,PUT,4800.0,-60.97560975609756,658608.0,0.0018534030125999998,0.0007263364521505598,-0.00112706656044944
TRIM,CG ONCOLOGY INC,156944100,CALL,9200.0,-64.47876447876449,653660.0,0.0022458493322789256,0.0007208796208256427,-0.0015249697114532827
ADD,AIRJOULE TECHNOLOGIES CORP,612160101,,117137.0,47.60392646076689,648939.0,0.0002552056089215953,0.0007156731332175317,0.0004604675242959364
KEEP,LAMB WESTON HLDGS INC,513272104,,15000.0,0.0,647700.0,0.0008121593620966773,0.0007143067197147888,-9.785264238188851e-05
NEW,HOST HOTELS & RESORTS INC,44107P104,,27028.0,,640834.0,0.0,0.0007067346494082243,0.0007067346494082243
ADD,INTERCONTINENTAL EXCHANGE IN,45866F104,CALL,5200.0,136.36363636363635,640172.0,0.0004433193466402333,0.0007060045721371866,0.0002626852254969533
KEEP,PAYCHEX INC,704326107,CALL,6500.0,0.0,639145.0,0.0007671632478880715,0.0007048719598148968,-6.229128807317471e-05
NEW,KAROOOOO LTD,Y4600W108,,12944.0,,638916.0,0.0,0.0007046194104265771,0.0007046194104265771
TRIM,DARDEN RESTAURANTS INC,237194105,PUT,3100.0,-80.12820512820514,638631.0,0.0039182288262955495,0.0007043051022358734,-0.003213923724059676
TRIM,HARLEY DAVIDSON INC,412822108,PUT,26100.0,-27.298050139275766,638406.0,0.0009300281694703485,0.0007040569641905812,-0.0002259712052797673
NEW,ANTERIX INC,03676C100,PUT,6200.0,,638228.0,0.0,0.0007038606594258611,0.0007038606594258611
NEW,WAYFAIR INC,94419L101,PUT,6900.0,,637698.0,0.0,0.000703276156474728,0.000703276156474728
TRIM,LUXFER HLDGS PLC,G5698W116,,35344.0,-21.61976359967179,637606.0,0.0007036831092008904,0.0007031746955850974,-5.084136157929584e-07
TRIM,KINGSTONE COS INC,496719105,,33478.0,-58.87577235372879,637086.0,0.0015196438229734485,0.000702601220991533,-0.0008170426019819155
NEW,EVOLV TECHNOLOGIES HLDNGS IN,30049H102,,109791.0,,636788.0,0.0,0.0007022725759359903,0.0007022725759359903
ADD,BICYCLE THERAPEUTICS PLC,088786108,,149936.0,14.962199628896967,635729.0,0.0007753348087201468,0.0007011046728694812,-7.423013585066557e-05
NEW,EDISON INTL,281020107,PUT,8500.0,,632825.0,0.0,0.0006979020378315751,0.0006979020378315751
NEW,ISHARES TR,46429B671,PUT,12400.0,,632710.0,0.0,0.0006977752117195368,0.0006977752117195368
NEW,AMERICAN CENTY ETF TR,025072877,,5068.0,,632284.0,0.0,0.0006973054036871168,0.0006973054036871168
KEEP,ODDITY TECH LTD,M7518J104,PUT,41700.0,0.0,630921.0,0.0007148462966467782,0.0006958022385505238,-1.904405809625444e-05
TRIM,STEALTHGAS INC,Y81669106,,79485.0,-16.509983929077865,627932.0,0.0011197318894706745,0.0006925058624732851,-0.0004272260269973894
NEW,SHUTTERSTOCK INC,825690100,,44935.0,,626843.0,0.0,0.0006913048743340703,0.0006913048743340703
NEW,CORTEVA INC,22052L104,CALL,7400.0,,626706.0,0.0,0.0006911537858353813,0.0006911537858353813
ADD,GLOBAL X FDS,37954Y715,CALL,16500.0,24.06015037593985,626010.0,0.0005660721285971393,0.0006903862121486103,0.00012431408355147102
ADD,BILL HOLDINGS INC,090043100,PUT,17300.0,63.20754716981132,625568.0,0.0005201458555355878,0.0006898987587440806,0.00016975290320849282
TRIM,TIPTREE INC,88822Q103,,34882.0,-42.73942020420894,625085.0,0.0013205859848114758,0.0006893660890735198,-0.0006312198957379561
TRIM,NORTHRIM BANCORP INC,666762109,,22528.0,-27.33840794736163,624927.0,0.0009088548840656952,0.0006891918410239367,-0.00021966304304175846
ADD,INTEST CORP,461147100,,34387.0,20.940456511799667,624812.0,0.0004972506231634981,0.0006890650149118984,0.00019181439174840032
NEW,MATERION CORP,576690101,PUT,2100.0,,624519.0,0.0,0.00068874188403514,0.00068874188403514
TRIM,KORN FERRY,500643200,,9372.0,-96.69873296441239,623988.0,0.022896434147577333,0.0006881562782482502,-0.022208277869329083
TRIM,REGENERON PHARMACEUTICALS,75886F107,CALL,1000.0,-78.26086956521739,623540.0,0.0045536067579109215,0.0006876622078291792,-0.0038659445500817424
TRIM,REGENERON PHARMACEUTICALS,75886F107,PUT,1000.0,-99.30458970792768,623540.0,0.14234970691034576,0.0006876622078291792,-0.1416620447025166
ADD,SIBANYE STILLWATER LTD,82575P107,CALL,73400.0,49.1869918699187,623166.0,0.0007765980823138167,0.0006872497472561156,-8.934833505770104e-05
NEW,COGNEX CORP,192422103,CALL,8600.0,,622812.0,0.0,0.000686859343398189,0.000686859343398189
ADD,NEWAMSTERDAM PHARMA COMPANY,N62509109,CALL,18300.0,0.5494505494505495,620187.0,0.0007464101995409472,0.0006839643995364454,-6.244580000450183e-05
ADD,NEWAMSTERDAM PHARMA COMPANY,N62509109,PUT,18300.0,0.5494505494505495,620187.0,0.0007464101995409472,0.0006839643995364454,-6.244580000450183e-05
NEW,RANPAK HOLDINGS CORP,75321W103,,84765.0,,619632.0,0.0,0.0006833523256913911,0.0006833523256913911
NEW,FREEDOM HOLDING CORP,356390104,,4732.0,,617384.0,0.0,0.0006808731509099817,0.0006808731509099817
TRIM,ZIM INTEGRATED SHIPPING SERV,M9T951109,CALL,23700.0,-59.067357512953365,616200.0,0.0019546980804120953,0.0006795673933738657,-0.0012751306870382297
TRIM,BELLRING BRANDS INC,07831C103,PUT,47600.0,-47.286821705426355,615944.0,0.0018615053880628478,0.0006792850674201109,-0.0011822203206427369
TRIM,ATI INC,01741R102,PUT,3100.0,-55.714285714285715,611010.0,0.0013045541973088482,0.0006738436757957898,-0.0006307105215130584
NEW,FOSTER L B CO,350060109,,13524.0,,610879.0,0.0,0.0006736992043116419,0.0006736992043116419
NEW,LINCOLN INTL INC,533714101,,25582.0,,610642.0,0.0,0.0006734378322372673,0.0006734378322372673
TRIM,LEIDOS HOLDINGS INC,525327102,CALL,5900.0,-66.47727272727273,607523.0,0.00350686799539619,0.0006699980875116375,-0.0028368699078845524
NEW,FENNEC PHARMACEUTICALS INC,31447P100,,56407.0,,606375.0,0.0,0.0006687320320627684,0.0006687320320627684
TRIM,TORONTO DOMINION BK ONT,891160509,,4992.0,-92.58301760641854,602166.0,0.008030759637223963,0.0006640901963621669,-0.007366669440861796
TRIM,HECLA MINING COMPANY,422704106,CALL,39000.0,-52.32273838630807,601770.0,0.0019524803049651963,0.0006636534734024524,-0.0012888268315627439
TRIM,IMPINJ INC,453204109,CALL,4200.0,-35.38461538461539,601566.0,0.0008552720968096496,0.0006634284949080541,-0.00019184360190159554
NEW,ISHARES TR,464287838,,3346.0,,600707.0,0.0,0.0006624811589929159,0.0006624811589929159
TRIM,SELECT SECTOR SPDR TR,81369Y852,PUT,5600.0,-91.98855507868383,599928.0,0.0099282465421272,0.0006616220499383261,-0.009266624492188874
ADD,FIRSTENERGY CORP,337932107,CALL,12600.0,0.8,599004.0,0.0008113265752448666,0.0006606030296989922,-0.00015072354554587439
ADD,DENALI THERAPEUTICS INC,24823R105,CALL,23200.0,2.6548672566371683,596704.0,0.000555942878058038,0.0006580665074582265,0.00010212362940018851
ADD,DENALI THERAPEUTICS INC,24823R105,PUT,23200.0,2.6548672566371683,596704.0,0.000555942878058038,0.0006580665074582265,0.00010212362940018851
NEW,ROBOSTRATEGY INC,77106T107,PUT,15000.0,,596250.0,0.0,0.0006575658200246144,0.0006575658200246144
TRIM,SELECT SECTOR SPDR TR,81369Y860,PUT,13500.0,-61.97183098591549,594405.0,0.0018570698371690494,0.0006555310880532176,-0.0012015387491158317
KEEP,EDGEWISE THERAPEUTICS INC,28036F105,PUT,14600.0,0.0,593198.0,0.0005892287279196433,0.000654199965294694,6.497123737505064e-05
TRIM,GLOBAL X FDS,37954Y384,PUT,15400.0,-76.59574468085107,588126.0,0.0021168647422493926,0.000648606382335927,-0.0014682583599134656
TRIM,BATH & BODY WORKS INC,070830104,PUT,25400.0,-62.37037037037037,587502.0,0.0016146135543434062,0.0006479182128236496,-0.0009666953415197566
NEW,GMR SOLUTIONS INC,38013D106,,37956.0,,586800.0,0.0,0.0006471440221223376,0.0006471440221223376
ADD,STANDARD BIOTOOLS INC,34385P108,,707991.0,1483.1287314684375,582464.0,5.267312777175989e-05,0.0006423621262806156,0.0005896889985088557
ADD,LITHIUM AMERS CORP NEW,53681J103,CALL,150900.0,34.97316636851521,580965.0,0.0005657953871202299,0.0006407089754810905,7.49135883608606e-05
TRIM,ALPINE INCOME PPTY TR INC,02083X103,,27912.0,-74.5198276491638,579453.0,0.0025262806955471395,0.0006390414878167261,-0.0018872392077304134
NEW,IDEXX LABS INC,45168D104,CALL,1100.0,,579084.0,0.0,0.0006386345414224467,0.0006386345414224467
TRIM,ACADIA HEALTHCARE COMPANY IN,00404A109,CALL,19600.0,-40.78549848942598,578788.0,0.0009919247319285479,0.0006383081020384177,-0.00035361662989013014
TRIM,VANGUARD INDEX FDS,922908595,,1577.0,-47.186872069658406,576709.0,0.0011563168564759918,0.0006360153064999168,-0.000520301549976075
KEEP,TALEN ENERGY CORP,87422Q109,,1500.0,0.0,576390.0,0.0006135012616235738,0.0006356635018934802,2.2162240269906343e-05
TRIM,COSTAR GROUP INC,22160N109,PUT,20300.0,-21.011673151750973,574896.0,0.001328279654111666,0.0006340158652727392,-0.0006942637888389268
NEW,OCTAVE INTELLIGENCE PLC,G22845104,,35242.0,,574445.0,0.0,0.0006335184863463977,0.0006335184863463977
TRIM,WEST PHARMACEUTICAL SVSC INC,955306105,PUT,1600.0,-99.58667011108241,574400.0,0.12430656235354035,0.0006334688587373394,-0.123673093494803
TRIM,AMERICAN INTEGRITY INS GROUP,026948109,,30425.0,-37.99294841746999,572903.0,0.0012120405465464615,0.0006318179136093279,-0.0005802226329371336
ADD,AXCELIS TECHNOLOGIES INC,054540208,,3000.0,33.33333333333333,568350.0,0.00026832392365342664,0.0006267967024083684,0.0003584727787549418
TRIM,NASDAQ INC,631103108,PUT,7200.0,-15.294117647058824,567504.0,0.0009244766841951238,0.0006258637033580693,-0.00029861298083705445
KEEP,MONSTER BEVERAGE CORP NEW,61174X109,PUT,5900.0,0.0,567108.0,0.0005477354433308075,0.0006254269803983548,7.76915370675473e-05
TRIM,SIRIUSXM HOLDINGS INC,829933100,CALL,19100.0,-88.31089351285189,564214.0,0.00483179344031087,0.0006222353737180173,-0.004209558066592853
NEW,JACK IN THE BOX INC,466367109,,35591.0,,562694.0,0.0,0.0006205590633675982,0.0006205590633675982
ADD,INVESTAR HOLDING CORP,46134L105,,18641.0,71.30123139128837,558484.0,0.0003802017905362253,0.0006159161248312398,0.00023571433429501456
NEW,WILLIAMS COS INC,969457100,PUT,7500.0,,557550.0,0.0,0.0006148860762343377,0.0006148860762343377
NEW,CLEAR SECURE INC,18467V109,PUT,10000.0,,557300.0,0.0,0.0006146103672951239,0.0006146103672951239
TRIM,MNTN INC,55318A108,,60457.0,-70.59770450345297,556204.0,0.0023182941011232142,0.0006134016593056113,-0.0017048924418176029
TRIM,ROIVANT SCIENCES LTD,G76279101,CALL,15700.0,-57.22070844686649,555623.0,0.001302465824126615,0.0006127609117308786,-0.0006897049123957365
TRIM,LANTHEUS HLDGS INC,516544103,CALL,5000.0,-1.9607843137254901,554700.0,0.0004956170797234077,0.0006117429943273018,0.00011612591460389405
NEW,FRONTVIEW REIT INC,35922N100,,27400.0,,554302.0,0.0,0.0006113040656960735,0.0006113040656960735
ADD,NEXTDECADE CORP,65342K105,PUT,73400.0,280.31088082901556,553436.0,0.00018941160399692158,0.0006103490099306374,0.0004209374059337158
TRIM,AMERICAN WTR WKS CO INC NEW,030420103,PUT,4200.0,-48.78048780487805,552636.0,0.0014297515289784539,0.0006094667413251536,-0.0008202847876533002
NEW,SPDR SERIES TRUST,78464A607,,4874.0,,550616.0,0.0,0.0006072390130963071,0.0006072390130963071
TRIM,OKTA INC,679295105,PUT,4000.0,-72.6027397260274,545800.0,0.00147232359284302,0.0006019277560912949,-0.000870395836751725
ADD,ISHARES TR,464287770,,6016.0,31.353711790393014,544268.0,0.0004861002478230227,0.0006002382117117935,0.00011413796388877082
ADD,STRIDE INC,86333M108,PUT,6300.0,53.65853658536586,543312.0,0.00046315376702928314,0.0005991839007282404,0.00013603013369895722
TRIM,ISHARES INC,464286608,CALL,7800.0,-3.7037037037037033,542100.0,0.0006500657292602311,0.0005978472637909324,-5.2218465469298665e-05
ADD,STRATASYS LTD,M85548101,,63237.0,46.83400283279541,541309.0,0.00043093900918016046,0.0005969749207072604,0.00016603591152709998
NEW,SKEENA RES LTD NEW,83056P715,CALL,20300.0,,541198.0,0.0,0.0005968525059382496,0.0005968525059382496
NEW,F5 INC,315616102,PUT,1300.0,,540748.0,0.0,0.0005963562298476649,0.0005963562298476649
NEW,HYCROFT MINING HOLDING CORP,44862P208,PUT,23100.0,,540540.0,0.0,0.0005961268400102392,0.0005961268400102392
NEW,OLAPLEX HLDGS INC,679369108,,263595.0,,540370.0,0.0,0.0005959393579315739,0.0005959393579315739
KEEP,GLOBAL X FDS,37954Y855,PUT,6900.0,0.0,540132.0,0.0006572802258179948,0.0005956768830214425,-6.160334279655235e-05
NEW,CLEAR SECURE INC,18467V109,CALL,9600.0,,535008.0,0.0,0.000590025952603319,0.000590025952603319
ADD,EDWARDS LIFESCIENCES CORP,28176E108,CALL,5900.0,25.53191489361702,533714.0,0.0004822168986725021,0.000588598883133949,0.00010638198446144689
TRIM,1ST SOURCE CORP,336901103,,6540.0,-74.04555917136281,533533.0,0.002234372248250432,0.0005883992698619583,-0.0016459729783884739
TRIM,RICHTECH ROBOTICS INC,765504105,,252800.0,-54.51323038832891,533408.0,0.001488191385396368,0.0005882614153923515,-0.0008999299700040166
NEW,BHP BILLITON LIMITED,088606108,CALL,6400.0,,533184.0,0.0,0.000588014380182816,0.000588014380182816
TRIM,QUIDELORTHO CORP,219798105,,30422.0,-96.00849680320243,532841.0,0.01604387828650549,0.0005876361075182148,-0.015456242178987275
TRIM,EQUINOX GOLD CORP,29446Y502,PUT,54700.0,-67.30424387328154,531684.0,0.0030994507305427887,0.0005863601265475339,-0.002513090603995255
TRIM,RAMACO RES INC,75134P600,PUT,40100.0,-61.330761812921885,530523.0,0.0020540393021487888,0.0005850797342338256,-0.001468959567914963
ADD,BIT DIGITAL INC,G1144A105,,290774.0,91.09501715277139,523393.0,0.00025538625960791115,0.0005772165152874517,0.00032183025567954053
NEW,ENVELA CORP,29402E102,,18086.0,,522324.0,0.0,0.0005760375838633739,0.0005760375838633739
NEW,RALPH LAUREN CORP,751212101,CALL,1300.0,,521833.0,0.0,0.0005754960915067583,0.0005754960915067583
NEW,CORCEPT THERAPEUTICS INC,218352102,PUT,6000.0,,521700.0,0.0,0.0005753494143510967,0.0005753494143510967
KEEP,IQVIA HLDGS INC,46266C105,CALL,2700.0,0.0,521694.0,0.0005899436434016594,0.0005753427973365556,-1.4600846065103857e-05
TRIM,BRIDGEBIO PHARMA INC,10806X102,CALL,7000.0,-70.33898305084746,521360.0,0.002245367597115417,0.000574974450193766,-0.001670393146921651
NEW,TYSON FOODS INC,902494103,CALL,9100.0,,520975.0,0.0,0.000574549858427377,0.000574549858427377
ADD,HUNT J B TRANS SVCS INC,445658107,PUT,1800.0,63.63636363636363,520974.0,0.00029863736505933826,0.0005745487555916201,0.00027591139053228186
TRIM,REDDIT INC,75734B100,,3000.0,-33.83325981473313,520740.0,0.0007821828790631137,0.0005742906920245161,-0.0002078921870385976
TRIM,INDUSTRIAL LOGISTICS PPTYS T,456237106,,58316.0,-75.21284328018805,517263.0,0.0017121034268479975,0.0005704561320979323,-0.001141647294750065
TRIM,JACOBS SOLUTIONS INC,46982L108,CALL,4100.0,-68.21705426356588,516600.0,0.0021036349622004726,0.0005697249519911377,-0.001533910010209335
TRIM,ABERCROMBIE & FITCH CO,002896207,PUT,5700.0,-67.79661016949152,513057.0,0.0020720364666216903,0.0005658176049046015,-0.0015062188617170889
ADD,TRANSMEDICS GROUP INC,89377M109,CALL,7700.0,75.0,511434.0,0.0005604066155837435,0.0005640277024712263,3.6210868874827617e-06
TRIM,PAYCHEX INC,704326107,,5200.0,-51.85185185185185,511316.0,0.0012746712426447955,0.0005638975678519175,-0.0007107736747928781
TRIM,ROSS STORES INC,778296103,PUT,2400.0,-20.0,510840.0,0.0008326459186512221,0.0005633726180316546,-0.00026927330061956743
TRIM,SUMMIT MIDSTREAM CORPORATION,86614G101,,17844.0,-3.237351553603384,508197.0,0.0007144747455898165,0.0005604578231262877,-0.00015401692246352883
TRIM,VANGUARD WHITEHALL FDS,921946406,PUT,3200.0,-60.0,505696.0,0.001517978249269827,0.000557699630898394,-0.0009602786183714329
NEW,PROSHARES TR,74348A467,PUT,9000.0,,505440.0,0.0,0.0005574173049446392,0.0005574173049446392
NEW,EBAY INC.,278642103,,4500.0,,502875.0,0.0,0.0005545885312283069,0.0005545885312283069
NEW,OPORTUN FINL CORP,68376D104,,87833.0,,501526.0,0.0,0.0005531008057923099,0.0005531008057923099
TRIM,NUSCALE PWR CORP,67079K100,PUT,50000.0,-54.79204339963834,501500.0,0.0015360484427435794,0.0005530721320626317,-0.0009829763106809475
TRIM,DEXCOM INC,252131107,CALL,7400.0,-86.2453531598513,498390.0,0.004328749183079851,0.0005496423128588137,-0.0037791068702210375
KEEP,EMBRAER S.A.,29082A107,PUT,7800.0,0.0,497640.0,0.0005930108614374054,0.0005488151860411725,-4.4195675396232884e-05
TRIM,PRIMIS FINANCIAL CORP,74167B109,,30226.0,-58.918110771321786,494800.0,0.0012518400707997683,0.0005456831324917053,-0.0007061569383080631
ADD,SOUNDTHINKING INC,82536T107,,54516.0,345.97513089005236,493370.0,0.00010367940062935702,0.000544106077359403,0.00044042667673004597
ADD,STRATA CRITICAL MEDICAL INC,092667104,,93363.0,39.28539459943309,492023.0,0.00035897597549938086,0.0005426205575949197,0.00018364458209553888
TRIM,AMKOR TECHNOLOGY INC,031652100,PUT,5700.0,-60.416666666666664,491511.0,0.0008307779136820835,0.0005420559056874101,-0.00028872200799467344
TRIM,CAMPING WORLD HLDGS INC,13462K109,,64381.0,-95.57969133844428,491227.0,0.012745190348324952,0.0005417427003324634,-0.012203447647992489
KEEP,PAYCOM SOFTWARE INC,70432V102,PUT,3900.0,0.0,490152.0,0.000607301483814478,0.0005405571518938446,-6.674433192063343e-05
NEW,COMPASS INC,20464U100,PUT,39700.0,,489501.0,0.0,0.0005398392058161322,0.0005398392058161322
NEW,ARKO PETE CORP,04124A100,,25924.0,,488667.0,0.0,0.0005389194407949153,0.0005389194407949153
NEW,CADENCE DESIGN SYSTEM INC,127387108,PUT,1300.0,,487916.0,0.0,0.0005380912111415174,0.0005380912111415174
TRIM,EXCELERATE ENERGY INC,30069T101,,12751.0,-55.86667589644192,484410.0,0.001237099743522718,0.0005342246689779849,-0.0007028750745447331
TRIM,EQUITY LIFESTYLE PROPERTIES,29472R108,,7499.0,-96.45571415067586,483311.0,0.016920722125198122,0.0005330126524812016,-0.01638770947271692
TRIM,ZIPRECRUITER INC,98980B103,,127677.0,-24.745373099139456,478789.0,0.0003999606195033415,0.0005280256291887047,0.0001280650096853632
NEW,PBF ENERGY INC,69318G106,CALL,10500.0,,477960.0,0.0,0.0005271113783462721,0.0005271113783462721
ADD,ANTERO MIDSTREAM CORP,03676B102,CALL,21000.0,13.513513513513514,477750.0,0.0005404146062981203,0.0005268797828373326,-1.353482346078778e-05
NEW,BRIGHTSTAR LOTTERY PLC,G4863A108,,44476.0,,476783.0,0.0,0.0005258133406604541,0.0005258133406604541
ADD,WELLTOWER INC,95040Q104,CALL,2100.0,90.9090909090909,476637.0,0.0002786389497210088,0.0005256523266399533,0.0002470133769189445
KEEP,CVR ENERGY INC,12662P108,CALL,17300.0,0.0,476442.0,0.0007458503105344222,0.0005254372736673667,-0.00022041303686705556
KEEP,VERSANT MEDIA GROUP INC,925283103,CALL,13220.0,0.0,476052.0,0.0006270295637286044,0.0005250071677221933,-0.00010202239600641105
NEW,REPUBLIC BANCORP INC KY,760281204,,5261.0,,475752.0,0.0,0.0005246763169951369,0.0005246763169951369
TRIM,MIMEDX GROUP INC,602496101,,123557.0,-42.421022708738185,475694.0,0.0010859783977615136,0.0005246123525212393,-0.0005613660452402743
NEW,PORTILLOS INC,73642K106,,99887.0,,473464.0,0.0,0.0005221530287834533,0.0005221530287834533
ADD,NASDAQ INC,631103108,CALL,6000.0,22.448979591836736,472920.0,0.0005329336179477772,0.0005215530861317244,-1.1380531816052855e-05
NEW,SYSCO CORP,871829107,PUT,5600.0,,468048.0,0.0,0.0005161800703243283,0.0005161800703243283
TRIM,JACOBS SOLUTIONS INC,46982L108,PUT,3700.0,-67.2566371681416,466200.0,0.001842718997896538,0.0005141420298456609,-0.0013285769680508772
NEW,BROOKFIELD WEALTH SOL LTD,G17434104,,10945.0,,465966.0,0.0,0.0005138839662785568,0.0005138839662785568
TRIM,DIVERSIFIED HEALTHCARE TR,25525P107,CALL,50000.0,-75.0,465000.0,0.0017014475987764436,0.0005128186269374352,-0.0011886289718390083
NEW,SHOULDER INNOVATIONS INC,82537J108,,22920.0,,464818.0,0.0,0.0005126179108296876,0.0005126179108296876
TRIM,CRACKER BARREL OLD CTRY STOR,22410J106,CALL,8700.0,-91.30869130869131,463710.0,0.0036050843142776683,0.0005113959688110926,-0.0030936883454665757
NEW,CACI INTL INC,127190304,CALL,1000.0,,463260.0,0.0,0.000510899692720508,0.000510899692720508
TRIM,FIRST INTERNET BANCORP,320557101,,16649.0,-14.19810348381777,462842.0,0.0005066598333784185,0.0005104387073741428,3.7788739957242802e-06
TRIM,ENNIS INC,293389102,,21763.0,-47.05767874084706,462464.0,0.0011281212560947619,0.0005100218354580516,-0.0006180994206367102
TRIM,MCEWEN INC.,58039P305,PUT,25500.0,-84.09232688708671,462315.0,0.0041938197761389314,0.0005098575129302803,-0.003683962263208651
ADD,MARTIN MARIETTA MATLS INC,573284106,CALL,800.0,33.33333333333333,461360.0,0.0004525338128528841,0.000508804304782484,5.627049192959995e-05
NEW,BARNES & NOBLE ED INC,06777U200,,36697.0,,460914.0,0.0,0.0005083124400349269,0.0005083124400349269
TRIM,AMERICAN WTR WKS CO INC NEW,030420103,CALL,3500.0,-61.111111111111114,460530.0,0.0015692394830251323,0.0005078889511042947,-0.0010613505319208376
NEW,TELESAT CORP,879512309,,9066.0,,458744.0,0.0,0.0005059192864425522,0.0005059192864425522
TRIM,WPP PLC NEW,92937A102,,29604.0,-88.58847746143348,458566.0,0.005168418697918191,0.000505722981677832,-0.004662695716240359
NEW,FIGURE TECHNOLOGY SOLUTIO,349381103,CALL,14900.0,,457579.0,0.0,0.0005046344827858165,0.0005046344827858165
NEW,FUBOTV INC,35953D401,PUT,49600.0,,456320.0,0.0,0.0005032460125679364,0.0005032460125679364
NEW,CARTESIAN THERAPEUTICS INC,816212302,,43627.0,,454590.0,0.0,0.0005013381067085778,0.0005013381067085778
KEEP,SELECT SECTOR SPDR TR,81369Y886,,10000.0,0.0,453400.0,0.000587947517378396,0.0005000257321579207,-8.792178522047526e-05
ADD,INTEGRA RES CORP,45826T509,,199742.0,103.81004856944615,452614.0,0.00033944648321914794,0.0004991589032530329,0.00015971242003388496
ADD,HARTFORD INSURANCE GROUP INC,416515104,CALL,3400.0,47.82608695652174,450568.0,0.00039849363343361327,0.0004969025012945082,9.840886786089493e-05
TRIM,HIGH TIDE INC,42981E401,,196962.0,-18.79797821551959,449071.0,0.0007116471139252836,0.0004952515561664967,-0.00021639555775878694
TRIM,CARRIER GLOBAL CORPORATION,14448C104,PUT,6100.0,-62.11180124223602,447435.0,0.001161533945799951,0.0004934473168682824,-0.0006680866289316685
ADD,BOWHEAD SPECIALTY HLDGS INC,10240L102,,14937.0,11.270858164481526,447064.0,0.00038577249396956864,0.0004930381648024894,0.00010726567083292073
NEW,ISHARES INC,46434G822,,4750.0,,443033.0,0.0,0.000488592633866608,0.000488592633866608
TRIM,TKO GROUP HOLDINGS INC,87256C101,CALL,2200.0,-83.45864661654136,442882.0,0.0034361362050455485,0.0004884261056673229,-0.0029477100993782254
TRIM,GIGACLOUD TECHNOLOGY INC,G38644103,PUT,14000.0,-65.68627450980392,442400.0,0.0023721664419615813,0.000487894538832519,-0.0018842719031290623
TRIM,ORTHOPEDIATRICS CORP,68752L100,,23126.0,-35.64133247989314,442400.0,0.000730619279620074,0.000487894538832519,-0.00024272474078755498
NEW,BLEND LABS INC,09352U108,,257170.0,,439761.0,0.0,0.00048498415527017946,0.00048498415527017946
ADD,IVANHOE ELECTRIC INC,46578C108,,45750.0,7.30872073931604,439608.0,0.000645645552892928,0.0004848154213993807,-0.00016083013149354727
NEW,ZIMMER BIOMET HOLDINGS INC,98956P102,PUT,5100.0,,439059.0,0.0,0.0004842099645688674,0.0004842099645688674
NEW,COMMERCIAL VEH GROUP INC,202608105,,94898.0,,438429.0,0.0,0.000483515178042049,0.000483515178042049
NEW,HAPPEN INC,52603A208,PUT,21100.0,,437614.0,0.0,0.0004826163669002124,0.0004826163669002124
TRIM,FIVE9 INC,338307101,CALL,20500.0,-32.34323432343234,437060.0,0.0005889097064948727,0.0004820053958909149,-0.00010690431060395776
TRIM,VANGUARD WORLD FD,92204A306,CALL,2900.0,-93.11163895486936,435377.0,0.00933359829361808,0.0004801493233121284,-0.008853448970305952
TRIM,NIOCORP DEVS LTD,654484609,,90065.0,-82.19478683760515,434113.0,0.002890441730106948,0.0004787553389154641,-0.002411686391191484
NEW,MCCORMICK & CO INC,579780206,PUT,8600.0,,433612.0,0.0,0.0004782028182012799,0.0004782028182012799
TRIM,OREILLY AUTOMOTIVE INC,67103H107,CALL,4700.0,-7.8431372549019605,432823.0,0.0006031695798189554,0.0004773326807891215,-0.00012583689902983392
TRIM,CONCENTRIX CORP,20602D101,PUT,19300.0,-9.389671361502346,432417.0,0.0007466485047016193,0.0004768849294718385,-0.0002697635752297808
NEW,SERVICE PPTYS TR,81761L102,CALL,254800.0,,430612.0,0.0,0.00047489431093071576,0.00047489431093071576
KEEP,WARRIOR MET COAL INC,93627C101,CALL,5300.0,0.0,430148.0,0.0006325272381610966,0.0004743825951395352,-0.00015814464302156138
NEW,APTIV PLC,G3265R107,CALL,7000.0,,429660.0,0.0,0.0004738444112901901,0.0004738444112901901
NEW,KENON HLDGS LTD,Y46717107,,6390.0,,427235.0,0.0,0.00047117003457981745,0.00047117003457981745
TRIM,SPDR GOLD TR,78463V107,,1151.0,-97.69111953621793,424005.0,0.027482461938234518,0.00046760787508517683,-0.02701485406314934
NEW,TE CONNECTIVITY PLC,G87052109,PUT,2100.0,,423381.0,0.0,0.00046691970557289947,0.00046691970557289947
TRIM,TALEN ENERGY CORP,87422Q109,PUT,1100.0,-75.0,422686.0,0.0017996037007624835,0.00046615323472188545,-0.001333450466040598
NEW,NORTHERN DYNASTY MINERALS LT,66510M204,,217950.0,,422531.0,0.0,0.00046598229517957294,0.00046598229517957294
TRIM,CONTINEUM THERAPEUTICS INC,21217B100,,25779.0,-69.63282326748418,422518.0,0.0014204473780279159,0.00046596795831473385,-0.000954479419713182
TRIM,TENCENT MUSIC ENTMT GROUP,88034P109,CALL,50500.0,-50.34414945919371,421675.0,0.0012091757597762326,0.00046503826777170534,-0.0007441374920045274
NEW,ROOT INC,77664L207,,7539.0,,421581.0,0.0,0.000464934601210561,0.000464934601210561
NEW,DLOCAL LTD,G29018101,CALL,32400.0,,421038.0,0.0,0.0004643357613945889,0.0004643357613945889
NEW,THRYV HLDGS INC,886029206,,106842.0,,420957.0,0.0,0.00046424643169828365,0.00046424643169828365
NEW,BEAZER HOMES USA INC,07556Q881,,15000.0,,420750.0,0.0,0.0004640181446966148,0.0004640181446966148
TRIM,DAQO NEW ENERGY CORP,23703Q203,CALL,31400.0,-39.84674329501915,420446.0,0.0014225203766836541,0.0004636828826265309,-0.0009588374940571233
ADD,ADMA BIOLOGICS INC,000899104,CALL,50100.0,139.71291866028707,419337.0,0.00024126347581174197,0.0004624598377721791,0.0002211963619604371
NEW,CELLEBRITE DI LTD,M2197Q107,,28645.0,,418217.0,0.0,0.00046122466172450184,0.00046122466172450184
NEW,NORTHEAST BK PORTLAND ME,66405S100,,3153.0,,417867.0,0.0,0.00046083866920960264,0.00046083866920960264
TRIM,PETCO HEALTH & WELLNESS CO I,71601V105,,153317.0,-78.86113734600882,417022.0,0.002583294564632645,0.0004599067729950605,-0.0021233877916375845
TRIM,PRIMORIS SVCS CORP,74164F103,CALL,4200.0,-60.747663551401864,416304.0,0.0019609286072741813,0.0004591149369216388,-0.0015018136703525424
NEW,NETSKOPE INC,64119N608,CALL,37900.0,,414626.0,0.0,0.0004572643785216366,0.0004572643785216366
NEW,SELECTQUOTE INC,816307300,,492174.0,,413968.0,0.0,0.0004565387125936262,0.0004565387125936262
NEW,TASKUS INC,87652V109,,88451.0,,413951.0,0.0,0.0004565199643857597,0.0004565199643857597
TRIM,LARIMAR THERAPEUTICS INC,517125100,,134806.0,-87.12927910940104,411158.0,0.006038643802954739,0.00045343974411686446,-0.0055852040588378745
ADD,ROCKET COS INC,77311W101,PUT,26100.0,91.91176470588235,411075.0,0.000248298602893731,0.00045334820874904557,0.00020504960585531455
NEW,BILIBILI INC,090040106,CALL,24100.0,,410423.0,0.0,0.00045262915983557627,0.00045262915983557627
NEW,MICROCHIP TECHNOLOGY INC.,595017104,CALL,4500.0,,410400.0,0.0,0.0004526037946131686,0.0004526037946131686
NEW,ZENAS BIOPHARMA INC,98937L105,,16136.0,,409532.0,0.0,0.0004516465331762187,0.0004516465331762187
NEW,ARCELORMITTAL SA LUXEMBOURG,03938L203,CALL,6800.0,,409496.0,0.0,0.00045160683108897196,0.00045160683108897196
TRIM,JOHNSON CONTROLS INTERNATION,G51502105,PUT,2800.0,-49.09090909090909,409108.0,0.0009227598620698525,0.00045117893081531236,-0.0004715809312545401
NEW,ISHARES INC,464286640,,10293.0,,408632.0,0.0,0.00045065398099504954,0.00045065398099504954
NEW,ANAVEX LIFE SCIENCES CORP,032797300,,157486.0,,407889.0,0.0,0.0004498345740277065,0.0004498345740277065
NEW,LEGGETT & PLATT INC,524660107,,34721.0,,406583.0,0.0,0.00044839427052925423,0.00044839427052925423
ADD,EDITAS MEDICINE INC,28106W103,,125234.0,7.042181289798709,405758.0,0.0003702416597885686,0.0004474844310298491,7.724277124128046e-05
ADD,OREILLY AUTOMOTIVE INC,67103H107,PUT,4400.0,46.666666666666664,405196.0,0.00035480563518762085,0.0004468646373344967,9.205900214687585e-05
NEW,EVERSOURCE ENERGY,30040W108,CALL,5600.0,,404712.0,0.0,0.0004463308648281791,0.0004463308648281791
NEW,HUNTINGTON BANCSHARES INC,446150104,CALL,22800.0,,404244.0,0.0,0.00044581473769397107,0.00044581473769397107
TRIM,VANGUARD WORLD FD,92204A884,,2182.0,-46.18988902589396,401379.0,0.0009343240684151509,0.0004426551132505824,-0.0004916689551645685
TRIM,ARCHER DANIELS MIDLAND CO,039483102,,5224.0,-99.40924758225752,399114.0,0.08235554223705424,0.0004401571902613065,-0.08191538504679294
TRIM,LANDBRIDGE COMPANY LLC,514952100,,5020.0,-80.13061547595488,397785.0,0.002235133287311933,0.0004386915215404466,-0.0017964417657714866
TRIM,USANA HEALTH SCIENCES INC,90328M107,,18606.0,-11.408437291686505,397238.0,0.00047008255363634866,0.0004380882703814471,-3.1994283254901555e-05
TRIM,DOUGLAS DYNAMICS INC,25960R105,,7355.0,-92.84212780037761,396802.0,0.005541127969209202,0.00043760743399145845,-0.005103520535217744
NEW,BATH & BODY WORKS INC,070830104,CALL,17100.0,,395523.0,0.0,0.0004361969070584413,0.0004361969070584413
TRIM,CLEAN ENERGY FUELS CORP,184499101,,191741.0,-17.2292178387502,393069.0,0.0007360541747360453,0.00043349054811111983,-0.00030256362662492545
ADD,PREFERRED BK LOS ANGELES CA,740367404,,3690.0,5.068337129840547,392099.0,0.00040806940101889577,0.00043242079742697074,2.435139640807497e-05
NEW,BHP BILLITON LIMITED,088606108,PUT,4700.0,,391557.0,0.0,0.0004318230604467555,0.0004318230604467555
NEW,ONE STOP SYS INC,68247W109,PUT,21500.0,,390870.0,0.0,0.00043106541228179633,0.00043106541228179633
TRIM,EUROSEAS LTD,Y23592135,,5887.0,-13.970480783282186,390720.0,0.0005860961681462936,0.00043089998691826813,-0.00015519618122802545
TRIM,NICE LTD,653656108,PUT,4300.0,-63.559322033898304,390655.0,0.0016669420364795705,0.00043082830259407254,-0.001236113733885498
NEW,VIKING THERAPEUTICS INC,92686J106,PUT,10000.0,,390100.0,0.0,0.00043021622874901824,0.00043021622874901824
NEW,ATLANTICUS HOLDINGS CORP,04914Y102,,3809.0,,389470.0,0.0,0.0004295214422221997,0.0004295214422221997
NEW,YESWAY INC,98585C100,,19161.0,,388968.0,0.0,0.0004289678186722587,0.0004289678186722587
TRIM,BELLRING BRANDS INC,07831C103,CALL,30000.0,-4.45859872611465,388200.0,0.0006473008769122194,0.0004281208408109943,-0.00021918003610122517
TRIM,AMERICAN INTL GROUP INC,026874784,CALL,5200.0,-51.4018691588785,387556.0,0.0010315986975488124,0.00042741061458357986,-0.0006041880829652326
NEW,WISE GROUP PLC,G9723Y105,,32515.0,,387254.0,0.0,0.00042707755818500976,0.00042707755818500976
NEW,NIO INC,62914V106,PUT,76500.0,,387090.0,0.0,0.0004268966931208856,0.0004268966931208856
KEEP,VIOMI TECHNOLOGY CO LTD,92762J103,,493500.0,0.0,385917.0,0.0007018279163371643,0.000425603066778095,-0.0002762248495590693
KEEP,GLOBAL X FDS,37954Y855,CALL,4900.0,0.0,383572.0,0.00046676421833451805,0.00042301691692827074,-4.3747301406247305e-05
TRIM,SELECT SECTOR SPDR TR,81369Y100,PUT,7500.0,-96.81663837011885,381225.0,0.015083604579787916,0.00042042856140693275,-0.014663176018380982
NEW,SANMINA CORP,801056102,PUT,1500.0,,379620.0,0.0,0.0004186585100171809,0.0004186585100171809
ADD,OUTDOOR HOLDING CO,00175J107,,165970.0,127.62432454672627,378412.0,0.00018777037329358376,0.00041732628442290047,0.0002295559111293167
NEW,WHITEFIBER INC,G96115103,PUT,9700.0,,376845.0,0.0,0.00041559814079190915,0.00041559814079190915
TRIM,GRAN TIERRA ENERGY INC,38500T200,,60118.0,-83.94228432076969,375127.0,0.004302243499402527,0.0004137034689616328,-0.0038885400304408944
TRIM,AMERICOLD REALTY TRUST INC,03064D108,CALL,23800.0,-85.125,374136.0,0.0023492276484310894,0.00041261055872658984,-0.0019366170897044995
NEW,CAPRI HOLDINGS LIMITED,G1890L107,PUT,20100.0,,373257.0,0.0,0.00041164116609631446,0.00041164116609631446
NEW,WAFD INC,938824109,,9690.0,,371805.0,0.0,0.0004100398485773615,0.0004100398485773615
KEEP,DHT HOLDINGS INC,Y2065G121,PUT,22400.0,0.0,370272.0,0.000524332851584384,0.0004083492013621032,-0.00011598365022228081
TRIM,ALCOA CORP,013872106,PUT,7100.0,-22.82608695652174,370194.0,0.0007818407958486007,0.00040826318017306854,-0.00037357761567553214
ADD,ISHARES TR,46429B663,CALL,13500.0,128.81355932203388,370035.0,0.0010259267784827105,0.0004080878292877287,-0.0006178389491949818
NEW,MAXCYTE INC,57777K106,,299853.0,,368819.0,0.0,0.00040674678100739335,0.00040674678100739335
TRIM,ELME COMMUNITIES,939653101,,249030.0,-1.2788595712292274,368564.0,0.0006496185867813359,0.00040646555788939544,-0.00024315302889194046
ADD,LYELL IMMUNOPHARMA INC,55083R203,,26080.0,22.48731918091302,366424.0,0.0005472280839564736,0.00040410548936972636,-0.00014312259458674722
ADD,ARCHER AVIATION INC,03945R102,CALL,77100.0,340.57142857142856,364683.0,0.00011591752371935145,0.00040218545231704227,0.0002862679285976908
TRIM,AST SPACEMOBILE INC,00217D100,PUT,4100.0,-98.87393573194177,364326.0,0.03865792338110758,0.0004017917399518452,-0.03825613164115573
NEW,GRUPO FINANCIERO GALICIA S.A,399909100,,7273.0,,363868.0,0.0,0.00040128664117520575,0.00040128664117520575
NEW,PHOENIX ED PARTNERS INC,718968100,,11075.0,,363814.0,0.0,0.0004012270880443356,0.0004012270880443356
ADD,SPROUTS FMRS MKT INC,85208M102,CALL,4300.0,13.157894736842104,363694.0,0.00037551512237634255,0.00040109474775351303,2.557962537717048e-05
NEW,REMITLY GLOBAL INC,75960P104,CALL,16200.0,,363042.0,0.0,0.00040037569884004374,0.00040037569884004374
TRIM,GREENLIGHT CAP RE LTD,G4095J109,,22399.0,-50.824386923971986,362416.0,0.0010090071120749983,0.0003996853236562527,-0.0006093217884187456
TRIM,PLDT INC,69344D408,,20600.0,-1.0186430905246973,360912.0,0.0005610215966435423,0.00039802665867794324,-0.00016299493796559904
TRIM,WORLD ACCEP CORPORATION,981419104,,1609.0,-69.2880320671884,360142.0,0.0009064244276689492,0.0003971774751451651,-0.0005092469525237841
NEW,ICHOR HOLDINGS,G4740B105,CALL,3200.0,,359296.0,0.0,0.0003962444760948661,0.0003962444760948661
ADD,ACADIA PHARMACEUTICALS INC,004225108,CALL,14200.0,3.64963503649635,359260.0,0.0003907205290798658,0.00039620477400761927,5.4842449277534705e-06
ADD,ACADIA PHARMACEUTICALS INC,004225108,PUT,14200.0,3.64963503649635,359260.0,0.0003907205290798658,0.00039620477400761927,5.4842449277534705e-06
NEW,MATERION CORP,576690101,CALL,1200.0,,356868.0,0.0,0.00039356679087722285,0.00039356679087722285
NEW,CORCEPT THERAPEUTICS INC,218352102,CALL,4100.0,,356495.0,0.0,0.00039315543313991604,0.00039315543313991604
NEW,SMURFIT WESTROCK PLC,G8267P108,PUT,7700.0,,356202.0,0.0,0.00039283230226315756,0.00039283230226315756
NEW,PROFICIENT AUTO LOGISTICS IN,74317M104,,52238.0,,355741.0,0.0,0.0003923238949792476,0.0003923238949792476
TRIM,CONSOLIDATED EDISON INC,209115104,PUT,3200.0,-42.857142857142854,354016.0,0.0008120414907268825,0.00039042150329867325,-0.00042161998742820927
NEW,TG THERAPEUTICS INC,88322Q108,PUT,6400.0,,351616.0,0.0,0.00038777469748222195,0.00038777469748222195
NEW,FIRST MAJESTIC SILVER CORP,32076V103,PUT,20700.0,,351072.0,0.0,0.000387174754830493,0.000387174754830493
NEW,CHEESECAKE FACTORY INC,163072101,PUT,4400.0,,349976.0,0.0,0.00038596604684098027,0.00038596604684098027
NEW,HIMAX TECHNOLOGIES INC,43289P106,PUT,22800.0,,349752.0,0.0,0.00038571901163144475,0.00038571901163144475
TRIM,AES CORP,00130H105,CALL,23700.0,-85.43331284572834,347442.0,0.0029371021368086343,0.00038317146103311047,-0.002553930675775524
NEW,ZURN ELKAY WATER SOLNS CORP,98983L108,,6860.0,,346636.0,0.0,0.00038228257541308557,0.00038228257541308557
NEW,DUPONT DE NEMOURS INC,26614N201,PUT,2541.0,,344661.0,0.0,0.00038010447479329754,0.00038010447479329754
TRIM,ISHARES TR,464287390,PUT,10200.0,-31.543624161073826,344250.0,0.0006780781165340626,0.00037965120929723026,-0.00029842690723683234
TRIM,FIREFLY AEROSPACE INC,31816X106,PUT,11700.0,-71.53284671532847,343980.0,0.0014991662348926924,0.0003793534436428795,-0.001119812791249813
TRIM,ISHARES TR,464287168,PUT,2200.0,-12.0,343860.0,0.00048497022012564247,0.0003792211033520569,-0.00010574911677358557
ADD,AUDIOCODES LTD,M15342104,,35475.0,45.520551316761015,343398.0,0.00026267250395598467,0.00037871159323239,0.00011603908927640535
ADD,ALUMIS INC,022307102,CALL,12200.0,24.489795918367346,343308.0,0.0002766056685920493,0.0003786123380142731,0.00010200666942222379
ADD,ALUMIS INC,022307102,PUT,12200.0,24.489795918367346,343308.0,0.0002766056685920493,0.0003786123380142731,0.00010200666942222379
TRIM,ROSS STORES INC,778296103,CALL,1600.0,-89.33333333333333,340560.0,0.00416322959325611,0.0003755817453544364,-0.0037876478479016737
TRIM,NATURES SUNSHINE PRODS INC,639027101,,15620.0,-25.647372429550646,340516.0,0.0006457070509989078,0.0003755332205811348,-0.00027017383041777303
TRIM,LEIDOS HOLDINGS INC,525327102,PUT,3300.0,-62.06896551724138,339801.0,0.0017335086113606164,0.00037474469301498366,-0.0013587639183456326
TRIM,MERIDIAN CORP,58958P104,,16951.0,-1.2121918526720672,339529.0,0.0004168226314366975,0.0003744447216891192,-4.237790974757829e-05
KEEP,QUAD / GRAPHICS INC,747301109,,40266.0,-0.16611707534773013,339442.0,0.00034157201150707725,0.00037434877497827284,3.277676347119559e-05
NEW,DNOW INC,67011P100,CALL,26100.0,,338517.0,0.0,0.00037332865190318223,0.00037332865190318223
NEW,WEAVE COMMUNICATIONS INC,94724R108,,55412.0,,331918.0,0.0,0.0003660510387436981,0.0003660510387436981
TRIM,FIDELITY NATL INFORMATION SV,31620M106,PUT,8500.0,-64.58333333333334,330480.0,0.0014424380757578849,0.00036446516092534105,-0.0010779729148325439
NEW,AUNA S A,L0415A103,,64376.0,,330249.0,0.0,0.0003642104058655076,0.0003642104058655076
TRIM,ANIKA THERAPEUTICS INC,035255108,,22515.0,-22.970337678333163,329394.0,0.0005430039328019812,0.0003632674812933968,-0.00017973645150858437
NEW,ALDEYRA THERAPEUTICS INC,01438T106,,154408.0,,328889.0,0.0,0.0003627105492361852,0.0003627105492361852
NEW,VNET GROUP INC,90138A103,CALL,40800.0,,328032.0,0.0,0.00036176541899256076,0.00036176541899256076
NEW,FIDELITY COVINGTON TRUST,316092501,,4265.0,,326528.0,0.0,0.0003601067540142513,0.0003601067540142513
TRIM,AMBARELLA INC,G037AX101,CALL,3800.0,-84.8,326040.0,0.0016487578152676473,0.00035956857016490617,-0.001289189245102741
NEW,REMITLY GLOBAL INC,75960P104,PUT,14500.0,,324945.0,0.0,0.0003583609650111503,0.0003583609650111503
TRIM,COPART INC,217204106,CALL,11500.0,-36.46408839779006,324185.0,0.0007699050384463407,0.00035752280983594075,-0.00041238222861039996
TRIM,NEXTDOOR HOLDINGS INC,65345M108,,142440.0,-57.59187088207361,323339.0,0.0006024649140212694,0.0003565898107856416,-0.0002458751032356278
TRIM,VANGUARD WORLD FD,92204A108,,815.0,-51.60332541567696,323237.0,0.0007746288617119196,0.0003564773215384424,-0.00041815154017347714
TRIM,SOUNDHOUND AI INC,836100107,CALL,49800.0,-23.853211009174313,322206.0,0.0005756453337613393,0.00035534029787312525,-0.00022030503588821402
NEW,DIGI PWR X INC,25380B102,PUT,58700.0,,319915.0,0.0,0.0003528137011541711,0.0003528137011541711
NEW,FORMFACTOR INC,346375108,PUT,2000.0,,319860.0,0.0,0.0003527530451875441,0.0003527530451875441
NEW,ANTERIX INC,03676C100,CALL,3100.0,,319114.0,0.0,0.00035193032971293054,0.00035193032971293054
NEW,FIGS INC,30260D103,PUT,31100.0,,318153.0,0.0,0.0003508705045505931,0.0003508705045505931
NEW,OPTIMIZERX CORP,68401U204,,55619.0,,318141.0,0.0,0.0003508572705215109,0.0003508572705215109
TRIM,OR ROYALTIES INC.,68390D106,CALL,10000.0,-39.39393939393939,316300.0,0.0008037418088406824,0.0003488269498931414,-0.000454914858947541
NEW,PPG INDS INC,693506107,PUT,2600.0,,315354.0,0.0,0.00034778366726715684,0.00034778366726715684
TRIM,BANKWELL FINL GROUP INC,06654A103,,5355.0,-21.4924497874212,314606.0,0.00042402303467850745,0.0003469587461210295,-7.706428855747794e-05
TRIM,KARMAN HLDGS INC,485924104,CALL,6300.0,-49.193548387096776,314496.0,0.0012717552074529167,0.00034683743418777554,-0.0009249177732651411
TRIM,TOLL BROTHERS INC,889478103,CALL,1900.0,-92.54901960784314,313025.0,0.004458593465382562,0.00034521516278944225,-0.00411337830259312
TRIM,UNITY BANCORP INC,913290102,,5303.0,-23.807471264367816,311233.0,0.00046218004701793514,0.0003432388811131586,-0.00011894116590477653
NEW,AVNET INC,053807103,CALL,3500.0,,310870.0,0.0,0.0003428385517334204,0.0003428385517334204
TRIM,EQUINOR ASA,29446M102,PUT,9900.0,-96.61190965092402,310860.0,0.015798402190434126,0.00034282752337585186,-0.015455574667058275
ADD,HDFC BANK LTD,40415F101,CALL,12000.0,37.93103448275862,309960.0,0.00027732570891623033,0.0003418349711946826,6.45092622784523e-05
TRIM,COGENT COMM HOLDINGS INC,19239V302,PUT,22300.0,-66.51651651651652,309524.0,0.0016075912393668295,0.000341354134804694,-0.0012662371045621356
NEW,INVESCO LTD,G491BT108,PUT,11600.0,,306124.0,0.0,0.000337604493231388,0.000337604493231388
KEEP,VANGUARD WORLD FD,92204A405,PUT,2300.0,0.0,302680.0,0.0003560010046226046,0.0003338063268847804,-2.2194677737824207e-05
ADD,NKARTA INC,65487U108,,106806.0,76.98349572479619,302261.0,0.0001631416630591865,0.0003333442387026583,0.0001702025756434718
KEEP,ACUITY INC,00508Y102,CALL,800.0,0.0,301328.0,0.00028721665429465965,0.0003323152929415128,4.5098638646853156e-05
TRIM,CRESCENT ENERGY COMPANY,44952J104,CALL,30590.0,-63.32574031890661,300394.0,0.0014426879118134282,0.0003312852443446106,-0.0011114026674688177
TRIM,AMERICAN CENTY ETF TR,025072877,CALL,2400.0,-69.23076923076923,299424.0,0.001103975562234415,0.0003302154936604615,-0.0007737600685739534
TRIM,COREWEAVE INC,21873S108,,3000.0,-88.79342547627942,298620.0,0.002657066667597666,0.0003293288137119503,-0.0023277378538857155
TRIM,ISHARES TR,464288778,CALL,4800.0,-40.0,298608.0,0.0005518430043260465,0.00032931557968286806,-0.0002225274246431784
TRIM,SCHWAB STRATEGIC TR,808524847,,12603.0,-82.72780846135925,298439.0,0.002009016282518817,0.0003291292004399596,-0.0016798870820788575
NEW,MATTEL INC,577081102,CALL,21500.0,,298420.0,0.0,0.00032910824656057935,0.00032910824656057935
NEW,BARK INC,68622E203,,29844.0,,297843.0,0.0,0.00032847191032887423,0.00032847191032887423
NEW,ELEMENT SOLUTIONS INC,28618M106,CALL,6200.0,,296050.0,0.0,0.00032649452581683374,0.00032649452581683374
NEW,KARDIGAN INC,485925101,,12386.0,,295406.0,0.0,0.0003257842995894193,0.0003257842995894193
NEW,VIRCO MFG CO,927651109,,48085.0,,295242.0,0.0,0.00032560343452529513,0.00032560343452529513
TRIM,RF INDS LTD,749552105,,13917.0,-67.66796766099804,295180.0,0.0005685807388369014,0.00032553505870837015,-0.0002430456801285313
ADD,AMERICAN VANGUARD CORP,030371108,,105379.0,17.774797429449567,295061.0,0.0002854447401161146,0.00032540382125330444,3.995908113718985e-05
TRIM,AMERICAN SUPERCONDUCTOR CORP,030111207,CALL,7100.0,-73.992673992674,294721.0,0.0011839730672193564,0.0003250288570959739,-0.0008589442101233826
NEW,ADMA BIOLOGICS INC,000899104,PUT,35100.0,,293787.0,0.0,0.00032399880849907155,0.00032399880849907155
NEW,TENCENT MUSIC ENTMT GROUP,88034P109,PUT,34600.0,,288910.0,0.0,0.00031862027851289117,0.00031862027851289117
TRIM,ISHARES TR,464288224,PUT,14100.0,-89.06976744186046,288909.0,0.003022900963124344,0.0003186191756771343,-0.0027042817874472097
TRIM,CRH PLC,G25508105,CALL,2700.0,-63.51351351351351,288900.0,0.0009966383055097967,0.00031860925015532264,-0.0006780290553544741
NEW,FUBOTV INC,35953D401,CALL,31400.0,,288880.0,0.0,0.0003185871934401856,0.0003185871934401856
TRIM,MARTIN MARIETTA MATLS INC,573284106,PUT,500.0,-16.666666666666664,288350.0,0.0004525338128528841,0.00031800269048905255,-0.00013453112236383154
NEW,CIRCLE INTERNET GROUP INC,172573107,,4600.0,,288098.0,0.0,0.0003177247758783252,0.0003177247758783252
NEW,FLEXSTEEL INDS INC,339382103,,3831.0,,285333.0,0.0,0.0003146754350106219,0.0003146754350106219
NEW,DIGI PWR X INC,25380B102,CALL,51800.0,,282310.0,0.0,0.00031134156251765016,0.00031134156251765016
ADD,PATRIOT NATL BANCORP INC,70336F203,,294294.0,246.81986918861588,281787.0,0.0001402451494765556,0.00031076477941681515,0.00017051962994025957
NEW,HASBRO INC,418056107,CALL,3400.0,,280806.0,0.0,0.0003096828975393407,0.0003096828975393407
NEW,IRIDIUM COMMUNICATIONS INC,46269C102,PUT,5100.0,,279735.0,0.0,0.00030850176044374934,0.00030850176044374934
NEW,FORBRIGHT INC,34520K105,,15251.0,,278941.0,0.0,0.0003076261088528067,0.0003076261088528067
TRIM,CLEARWATER PAPER CORP,18538R103,,17772.0,-35.75766338924234,278665.0,0.0005096758029925146,0.0003073217261839148,-0.0002023540768085998
NEW,BED BATH & BEYOND INC,690370101,CALL,47800.0,,276762.0,0.0,0.0003052230297386203,0.0003052230297386203
KEEP,ASTRONICS CORP,046433108,CALL,3400.0,0.0,276284.0,0.0002906836100192749,0.00030469587424684376,1.4012264227568848e-05
NEW,ARES CAPITAL CORP,04010L103,CALL,14900.0,,276097.0,0.0,0.00030448964396031196,0.00030448964396031196
ADD,LIFECORE BIOMEDICAL INC,514766104,,52520.0,106.55209029771501,275730.0,0.00012118714267550169,0.0003040849032375462,0.0001828977605620445
TRIM,TREX INC,89531P105,PUT,5500.0,-49.54128440366973,275220.0,0.0005086123982432794,0.00030352245700155034,-0.00020508994124172902
KEEP,ASP ISOTOPES INC,00218A105,CALL,44100.0,0.0,274302.0,0.0002497361211210105,0.0003025100537767577,5.277393265574722e-05
KEEP,SPDR SERIES TRUST,78464A763,CALL,1800.0,0.0,273924.0,0.0003365637595013415,0.0003020931818606667,-3.447057764067481e-05
TRIM,SPROTT INC,852066208,CALL,2400.0,-52.94117647058824,269640.0,0.0009337334303556356,0.0002973686334783011,-0.0006363647968773345
NEW,UNIVERSAL TECHNICAL INST INC,913915104,PUT,6300.0,,269451.0,0.0,0.00029716019752025556,0.00029716019752025556
NEW,MIDLAND STATES BANCORP INC,597742105,,8609.0,,268084.0,0.0,0.00029565262104063524,0.00029565262104063524
NEW,VICTORIAS SECRET AND CO,926400102,PUT,3200.0,,267136.0,0.0,0.00029460713274313696,0.00029460713274313696
NEW,CF BANKSHARES INC,12520L109,,8098.0,,265371.0,0.0,0.0002926606276322884,0.0002926606276322884
NEW,RED RIVER BANCSHARES INC,75686R202,,2903.0,,264986.0,0.0,0.00029223603586589936,0.00029223603586589936
NEW,WHITEFIBER INC,G96115103,CALL,6800.0,,264180.0,0.0,0.0002913471502458745,0.0002913471502458745
NEW,HUNTINGTON BANCSHARES INC,446150104,PUT,14900.0,,264177.0,0.0,0.0002913438417386039,0.0002913438417386039
NEW,HUDSON TECHNOLOGIES INC,444144109,,45731.0,,262496.0,0.0,0.00028948997483133114,0.00028948997483133114
NEW,EGAIN CORP,28225C806,,41589.0,,262011.0,0.0,0.0002889550994892566,0.0002889550994892566
NEW,CAPRI HOLDINGS LIMITED,G1890L107,CALL,14100.0,,261837.0,0.0,0.00028876320606756393,0.00028876320606756393
ADD,WHITEHAWK THERAPEUTICS INC,00032Q104,,57129.0,103.84286020124169,261651.0,0.00012388024723320357,0.0002885580786167889,0.00016467783138358536
KEEP,TECK RESOURCES LTD,878742204,CALL,4400.0,0.0,261624.0,0.0002917316402420152,0.00028852830205135384,-3.2033381906613643e-06
NEW,TOWER SEMICONDUCTOR LTD,M87915274,,1000.0,,260640.0,0.0,0.0002874431116666088,0.0002874431116666088
TRIM,TREX INC,89531P105,CALL,5200.0,-63.38028169014085,260208.0,0.00066259596835363,0.00028696668661964763,-0.0003756292817339824
NEW,PITNEY BOWES INC,724479100,CALL,14800.0,,259296.0,0.0,0.0002859609004093961,0.0002859609004093961
NEW,MAINSTREET BANCSHARES INC,56064Y100,,10488.0,,258949.0,0.0,0.0002855782164017675,0.0002855782164017675
NEW,GREIF INC,397624206,,2737.0,,256019.0,0.0,0.00028234690763418325,0.00028234690763418325
NEW,METTLER TOLEDO INTERNATIONAL,592688105,CALL,200.0,,255502.0,0.0,0.00028177674154788936,0.00028177674154788936
NEW,METTLER TOLEDO INTERNATIONAL,592688105,PUT,200.0,,255502.0,0.0,0.00028177674154788936,0.00028177674154788936
NEW,BRAEMAR HOTELS & RESORTS INC,10482B101,,117606.0,,254029.0,0.0,0.0002801522644780424,0.0002801522644780424
NEW,FIRST CMNTY CORP S C,319835104,,7751.0,,253303.0,0.0,0.0002793516057185659,0.0002793516057185659
NEW,LIGAND PHARMACEUTICALS INC,53220K504,PUT,800.0,,252872.0,0.0,0.0002788762835073615,0.0002788762835073615
TRIM,OLEMA PHARMACEUTICALS INC,68062P106,CALL,20200.0,-47.66839378238342,252702.0,0.0007373699779619062,0.0002786888014286962,-0.00045868117653321
TRIM,GRAFTECH INTL LTD SR NT,384313607,,42685.0,-31.761865937684842,252268.0,0.0005433729214378604,0.00027821017071022133,-0.0002651627507276391
TRIM,GLOBALSTAR INC,378973507,PUT,3100.0,-96.54403567447045,251999.0,0.007633290972223347,0.0002779135078916274,-0.0073553774643317195
NEW,VERISK ANALYTICS INC,92345Y106,CALL,1400.0,,251342.0,0.0,0.0002771889447993738,0.0002771889447993738
TRIM,LIQUIDITY SVCS INC,53635B107,,6412.0,-93.13188873059909,250837.0,0.0036565556665617382,0.0002766320127421622,-0.003379923653819576
TRIM,TECK RESOURCES LTD,878742204,PUT,4200.0,-81.25,249732.0,0.0014851792594138956,0.0002754133792308378,-0.0012097658801830577
NEW,DESIGNER BRANDS INC,250565108,,42772.0,,249361.0,0.0,0.00027500422716504467,0.00027500422716504467
NEW,FUTUREFUEL CORP,36116M106,,55149.0,,249273.0,0.0,0.00027490717761844146,0.00027490717761844146
NEW,FERROGLOBE PLC,G33856108,,78063.0,,248240.0,0.0,0.0002737679482816106,0.0002737679482816106
TRIM,CRESCENT ENERGY COMPANY,44952J104,PUT,25270.0,-59.20245398773007,248151.0,0.0010713354424855982,0.0002736697958992505,-0.0007976656465863476
TRIM,UIPATH INC,90364P105,PUT,22800.0,-31.32530120481928,247836.0,0.0004721517086604631,0.0002733224026358413,-0.0001988293060246218
TRIM,VOX ROYALTY CORP,92919F103,,52305.0,-58.00616600028903,247403.0,0.0008361987154821009,0.0002728448747531232,-0.0005633538407289777
NEW,CARPENTER TECHNOLOGY CORP,144285103,CALL,400.0,,246736.0,0.0,0.0002721092833033011,0.0002721092833033011
TRIM,READY CAPITAL CORP,75574U101,,140791.0,-71.67770059726053,246384.0,0.001031767817340257,0.00027172108511688825,-0.0007600467322233686
ADD,DAVE & BUSTERS ENTMT INC,238337109,PUT,21600.0,51.048951048951054,246240.0,0.0001984197953124315,0.00027156227676790117,7.314248145546967e-05
NEW,NETSKOPE INC,64119N608,PUT,22500.0,,246150.0,0.0,0.00027146302154978425,0.00027146302154978425
ADD,VERA BRADLEY INC,92335C106,,63253.0,378.2835538752363,246054.0,5.354306972926683e-05,0.0002713571493171262,0.0002178140795878594
ADD,FIGS INC,30260D103,CALL,24000.0,118.18181818181819,245520.0,0.00020815827663645241,0.0002707682350229658,6.260995838651336e-05
TRIM,AMERICAN TOWER CORP,03027X100,CALL,1500.0,-97.93103448275862,245355.0,0.016030570352613554,0.00027058626712308473,-0.01575998408549047
NEW,ILLINOIS TOOL WKS INC,452308109,PUT,900.0,,243423.0,0.0,0.0002684555884408415,0.0002684555884408415
NEW,PEOPLES BANCORP N C INC,710577107,,5647.0,,243329.0,0.0,0.00026835192187969715,0.00026835192187969715
TRIM,ASCENTAGE PHARMA GROUP INTL,04390B105,,13841.0,-13.795465869456901,243048.0,0.0004910329084068248,0.00026804202503202096,-0.0002229908833748038
TRIM,PACS GROUP INC,69380Q107,CALL,5700.0,-94.0376569037657,243048.0,0.003934177335112996,0.00026804202503202096,-0.003666135310080975
NEW,BEST BUY INC,086516101,CALL,3200.0,,242816.0,0.0,0.00026778616713643067,0.00026778616713643067
TRIM,ATEGRITY SPECIALTY IN CO HO,04681Y103,,10078.0,-43.92700161353141,242275.0,0.00045524741677924587,0.0002671895329919723,-0.00018805788378727355
NEW,EAGLE BANCORP MONT INC,26942G100,,10076.0,,241119.0,0.0,0.00026591465485704827,0.00026591465485704827
TRIM,BIRKENSTOCK HOLDING PLC,M2029K104,CALL,5600.0,-56.58914728682171,240968.0,0.0005921844806383009,0.0002657481266577632,-0.0003264363539805377
TRIM,ALEXANDERS INC,014752109,,873.0,-85.13283378746594,240564.0,0.001776995459551633,0.0002653025810119939,-0.001511692878539639
NEW,VIRIDIAN THERAPEUTICS INC,92790C104,CALL,13000.0,,238810.0,0.0,0.00026336820709447074,0.00026336820709447074
NEW,LISTED FDS TR,53656G498,CALL,3700.0,,237910.0,0.0,0.0002623756549133015,0.0002623756549133015
NEW,STATE STR CORP,857477103,PUT,1400.0,,237440.0,0.0,0.0002618573221075798,0.0002618573221075798
NEW,ROPER TECHNOLOGIES INC,776696106,PUT,700.0,,236873.0,0.0,0.00026123201423344317,0.00026123201423344317
TRIM,DENISON MINES CORP,248356107,CALL,77400.0,-20.93973442288049,236844.0,0.0004427697073180382,0.0002612000319964944,-0.00018156967532154383
NEW,PROSHARES TR,74348A467,CALL,4200.0,,235872.0,0.0,0.00026012807564083164,0.00026012807564083164
NEW,VANGUARD INTL EQUITY INDEX F,922042775,CALL,2800.0,,234500.0,0.0,0.000258614984982427,0.000258614984982427
NEW,MAMMOTH ENERGY SVCS INC,56155L108,,72091.0,,234296.0,0.0,0.00025839000648802865,0.00025839000648802865
NEW,MIRUM PHARMACEUTICALS INC,604749101,CALL,2000.0,,234140.0,0.0,0.00025821796410995933,0.00025821796410995933
NEW,NANO X IMAGING LTD,M70700105,,201844.0,,234139.0,0.0,0.0002582168612742025,0.0002582168612742025
KEEP,RESMED INC,761152107,CALL,1200.0,0.0,233856.0,0.0003451273707590386,0.0002579047587550126,-8.722261200402599e-05
TRIM,ROIVANT SCIENCES LTD,G76279101,PUT,6600.0,-86.07594936708861,233574.0,0.001682203816446909,0.00025759375907157954,-0.0014246100573753295
NEW,NAVAN INC,639193101,PUT,10200.0,,233274.0,0.0,0.00025726290834452315,0.00025726290834452315
TRIM,WILLIAMS SONOMA INC,969904101,CALL,1000.0,-73.68421052631578,233100.0,0.000887691848345372,0.00025707101492283043,-0.0006306208334225415
NEW,DUPONT DE NEMOURS INC,26614N201,CALL,1716.0,,232758.0,0.0,0.0002566938450939861,0.0002566938450939861
TRIM,B2GOLD CORP,11777Q209,CALL,62100.0,-76.02316602316603,232254.0,0.0015032058917292454,0.00025613801587253136,-0.0012470678758567141
NEW,ALMONTY INDS INC,020398707,PUT,14000.0,,231840.0,0.0,0.00025568144186919353,0.00025568144186919353
TRIM,MONDAY COM LTD,M7S64H106,CALL,3200.0,-67.67676767676768,231648.0,0.000876590159005464,0.0002554696974038774,-0.0006211204616015866
NEW,CACI INTL INC,127190304,PUT,500.0,,231630.0,0.0,0.000255449846360254,0.000255449846360254
NEW,EAGLEROCK LD LLC,27005A105,,10864.0,,230860.0,0.0,0.0002546006628274759,0.0002546006628274759
ADD,SPERO THERAPEUTICS INC,84833T103,,104377.0,74.92961051149695,230673.0,0.00017888645940057483,0.00025439443254094405,7.550797314036922e-05
NEW,PPG INDS INC,693506107,CALL,1900.0,,230451.0,0.0,0.0002541496030029223,0.0002541496030029223
TRIM,MINIMED GROUP INC,60365F109,,15395.0,-98.64931614775665,230155.0,0.021787897475816075,0.0002538231636188933,-0.02153407431219718
TRIM,SIMPLIFY EXCHANGE TRADED FUN,82889N855,,5300.0,-83.74233128834356,229808.0,0.0019309098442927563,0.0002534404796112648,-0.0016774693646814916
NEW,PACCAR INC,693718108,CALL,1900.0,,228228.0,0.0,0.0002516979991154343,0.0002516979991154343
NEW,INVESTORS TITLE CO NC,461804106,,829.0,,226881.0,0.0,0.00025021247935095106,0.00025021247935095106
NEW,AURA MINERALS INC,G06973112,CALL,3600.0,,226620.0,0.0,0.0002499246392184119,0.0002499246392184119
NEW,VERISIGN INC,92343E102,CALL,900.0,,226404.0,0.0,0.00024968642669493134,0.00024968642669493134
ADD,COSTAMARE BULKERS HLDGS LTD,Y2001C101,,12859.0,9.159592529711375,225804.0,0.0002334839654052882,0.00024902472524081855,1.5540759835530355e-05
NEW,WINGSTOP INC,974155103,CALL,1300.0,,225433.0,0.0,0.00024861557317502544,0.00024861557317502544
NEW,GSK PLC,37733W204,CALL,4300.0,,225406.0,0.0,0.00024858579660959036,0.00024858579660959036
TRIM,INNOVAGE HLDG CORP,45784A104,,19014.0,-62.24684298308315,225316.0,0.0005175052806100771,0.00024848654139147345,-0.00026901873921860364
NEW,SPIRE GLOBAL INC,848560306,CALL,12100.0,,225060.0,0.0,0.00024820421543771863,0.00024820421543771863
NEW,FIRST TR EXCHANGE-TRADED FD,33733E302,,850.0,,225012.0,0.0,0.00024815127932138964,0.00024815127932138964
NEW,NUTANIX INC,67059N108,PUT,4400.0,,224224.0,0.0,0.0002472822447449881,0.0002472822447449881
NEW,VTV THERAPEUTICS INC,918385204,,5947.0,,223905.0,0.0,0.0002469304401385515,0.0002469304401385515
NEW,HONEYWELL INTL INC,438516205,PUT,1000.0,,223900.0,0.0,0.0002469249259597672,0.0002469249259597672
TRIM,CNH INDL N V,N20944109,CALL,19900.0,-49.10485933503836,223477.0,0.0005510486537904732,0.00024645842643461767,-0.00030459022735585553
NEW,LIQUIDIA CORPORATION,53635D202,CALL,2800.0,,223244.0,0.0,0.00024620146570327047,0.00024620146570327047
NEW,MEDIFAST INC,58470H101,,20999.0,,222799.0,0.0,0.00024571070379147015,0.00024571070379147015
NEW,HUDBAY MINERALS INC,443628102,PUT,9400.0,,221934.0,0.0,0.0002447567508617908,0.0002447567508617908
TRIM,BURLINGTON STORES INC,122017106,CALL,700.0,-22.22222222222222,221760.0,0.0003751922573199482,0.00024456485744009816,-0.00013062739987985007
NEW,HONEYWELL AEROSPACE INC,43849R105,PUT,1000.0,,221080.0,0.0,0.00024381492912543693,0.00024381492912543693
NEW,STATE STR CORP,857477103,CALL,1300.0,,220480.0,0.0,0.00024315322767132412,0.00024315322767132412
ADD,OPKO HEALTH INC,68375N103,,145234.0,55.60507848074141,217851.0,0.00013632336400979755,0.00024025387246655308,0.00010393050845675553
NEW,SHOALS TECHNOLOGIES GROUP IN,82489W107,CALL,22000.0,,217800.0,0.0,0.00024019762784295353,0.00024019762784295353
KEEP,NIOCORP DEVS LTD,654484609,CALL,44700.0,0.0,215454.0,0.0002554246959241486,0.0002376103751573724,-1.781432076677618e-05
NEW,GSK PLC,37733W204,PUT,4100.0,,214922.0,0.0,0.00023702366653472568,0.00023702366653472568
ADD,EYEPOINT INC,30233G209,CALL,15000.0,12.781954887218044,214500.0,0.00021964689155981712,0.00023655826984533298,1.6911378285515855e-05
ADD,EYEPOINT INC,30233G209,PUT,15000.0,12.781954887218044,214500.0,0.00021964689155981712,0.00023655826984533298,1.6911378285515855e-05
NEW,COMPANHIA PARANAENSE DE ENER,20441B704,,18324.0,,213475.0,0.0,0.00023542786319455692,0.00023542786319455692
TRIM,SPROTT INC,852066208,PUT,1900.0,-70.3125,213465.0,0.0011717439126031506,0.0002354168348369884,-0.0009363270777661623
NEW,REPUBLIC SVCS INC,760759100,CALL,1000.0,,213080.0,0.0,0.00023499224307059935,0.00023499224307059935
TRIM,GAP INC,364760108,CALL,11400.0,-58.3941605839416,212952.0,0.0008495450856902743,0.00023485108009372194,-0.0006146940055965523
NEW,EVERSPIN TECHNOLOGIES INC,30041T104,CALL,8800.0,,212784.0,0.0,0.00023466580368657034,0.00023466580368657034
TRIM,SONY GROUP CORP,835699307,PUT,10600.0,-44.50261780104712,212636.0,0.0005065522116929537,0.00023450258399455582,-0.0002720496276983979
ADD,VALENS SEMICONDUCTOR LTD,M9607U115,,94086.0,155.20384083326553,212634.0,5.337523114836343e-05,0.00023450037832304212,0.0001811251471746787
ADD,SIGA TECHNOLOGIES INC,826917106,,58212.0,54.293893129770986,211892.0,0.0002586059416980657,0.00023368207419145596,-2.4923867506609725e-05
TRIM,SUNRUN INC,86771W105,PUT,15800.0,-76.86676427525623,211404.0,0.0011865905803551248,0.00023314389034211083,-0.000953446690013014
TRIM,VALARIS LTD,G9460G101,CALL,2900.0,-89.37728937728939,210540.0,0.0034291497639641275,0.00023219104024818838,-0.003196958723715939
TRIM,COEUR MNG INC,192108504,PUT,12900.0,-82.66129032258065,210528.0,0.0017891951463253899,0.00023217780621910615,-0.0015570173401062838
NEW,PLUMAS BANCORP,729273102,,3593.0,,209975.0,0.0,0.0002315679380455655,0.0002315679380455655
TRIM,WILLIAMS SONOMA INC,969904101,PUT,900.0,-67.85714285714286,209790.0,0.0006540887303597478,0.00023136391343054735,-0.0004227248169292004
NEW,ENTRADA THERAPEUTICS INC,29384C108,,28500.0,,209760.0,0.0,0.00023133082835784173,0.00023133082835784173
KEEP,CVR ENERGY INC,12662P108,PUT,7600.0,0.0,209304.0,0.0003276567838185901,0.000230827935252716,-9.682884856587412e-05
NEW,INVESCO EXCHANGE TRADED FD T,46137V258,,1837.0,,209087.0,0.0,0.0002305886198934785,0.0002305886198934785
TRIM,SCORPIO TANKERS INC,Y7542C130,CALL,3000.0,-72.72727272727273,207780.0,0.0010522069691047756,0.0002291472135592694,-0.0008230597555455062
TRIM,HESAI GROUP,428050108,PUT,11400.0,-71.99017199017199,207708.0,0.000997017543830006,0.0002290678093847759,-0.0007679497344452301
ADD,NN INC,629337106,,57560.0,342.0211949009369,206640.0,2.4191817439831935e-05,0.0002278899807964551,0.00020369816335662316
TRIM,VULCAN MATLS CO,929160109,PUT,700.0,-30.0,206507.0,0.00034887363038164573,0.0002277433036407934,-0.00012113032674085234
TRIM,FIDELITY COVINGTON TRUST,316092204,,2008.0,-24.454477050413846,206503.0,0.00031759287501709237,0.00022773889229776596,-8.985398271932641e-05
NEW,SURO CAPITAL CORP,86887Q109,,16348.0,,205004.0,0.0,0.0002260857414982408,0.0002260857414982408
NEW,OMEGA FLEX INC,682095104,,6530.0,,204977.0,0.0,0.0002260559649328057,0.0002260559649328057
TRIM,LI AUTO INC,50202M102,PUT,17400.0,-81.02508178844057,204276.0,0.002094793328255325,0.00022528287706725055,-0.0018695104511880745
NEW,WELLTOWER INC,95040Q104,PUT,900.0,,204273.0,0.0,0.00022527956855998,0.00022527956855998
TRIM,ENERGY SERVICES OF AMER CORP,29271Q103,,10548.0,-75.03313766332134,203998.0,0.0007107079865985495,0.00022497628872684495,-0.00048573169787170453
NEW,FORTUNE BRANDS INNOVATIONS I,34964C106,PUT,3700.0,,203130.0,0.0,0.00022401902728989506,0.00022401902728989506
TRIM,INVESCO EXCH TRD SLF IDX FD,46138J619,,2952.0,-52.17109526895658,202330.0,0.0004754072646457725,0.0002231367586844113,-0.0002522705059613612
NEW,HDFC BANK LTD,40415F101,PUT,7800.0,,201474.0,0.0,0.00022219273127654368,0.00022219273127654368
NEW,FERROVIAL NV,N3168P101,,2930.0,,201027.0,0.0,0.00022169976369322965,0.00022169976369322965
TRIM,EXELON CORP,30161N101,PUT,4300.0,-76.50273224043715,200466.0,0.00114933041539457,0.00022108107283363415,-0.0009282493425609358
NEW,VANGUARD INDEX FDS,922908538,,654.0,,200320.0,0.0,0.00022092005881313336,0.00022092005881313336
NEW,CORPAY INC,219948106,CALL,600.0,,199962.0,0.0,0.00022052524361217937,0.00022052524361217937
NEW,DBV TECHNOLOGIES S A,23306J309,,12148.0,,199227.0,0.0,0.00021971465933089116,0.00021971465933089116
TRIM,KANZHUN LIMITED,48553T106,,15458.0,-98.78019814480905,198944.0,0.021740277442419,0.0002194025568117013,-0.021520874885607298
NEW,HILTON WORLDWIDE HLDGS INC,43300A203,CALL,600.0,,198276.0,0.0,0.00021866586252612235,0.00021866586252612235
NEW,HILTON WORLDWIDE HLDGS INC,43300A203,PUT,600.0,,198276.0,0.0,0.00021866586252612235,0.00021866586252612235
TRIM,ACACIA RESH CORP,003881307,,42410.0,-52.10723642605475,197631.0,0.0005457124118861781,0.0002179545334629511,-0.000327757878423227
NEW,ARIS MINING CORPORATION,04040Y109,CALL,13200.0,,196812.0,0.0,0.0002170513109780871,0.0002170513109780871
TRIM,GLOBANT S A,L44385109,PUT,6800.0,-66.82926829268293,196792.0,0.0012110706701667373,0.00021702925426295,-0.0009940414159037873
NEW,VICI PPTYS INC,925652109,CALL,7400.0,,196470.0,0.0,0.00021667414114924277,0.00021667414114924277
TRIM,AMERICAN TOWER CORP,03027X100,PUT,1200.0,-97.39696312364426,196284.0,0.010193231631110137,0.0002164690136984678,-0.009976762617411669
TRIM,SPOK HLDGS INC,84863T106,,19105.0,-78.68387874189698,195635.0,0.0012516581389029112,0.0002157532732922691,-0.001035904865610642
TRIM,JAZZ PHARMACEUTICALS PLC,G50871105,CALL,800.0,-38.46153846153847,192776.0,0.00031487670866964804,0.00021260026586342152,-0.00010227644280622652
NEW,X4 PHARMACEUTICALS INC,98420X202,,41072.0,,191806.0,0.0,0.00021153051517927245,0.00021153051517927245
NEW,ICHOR HOLDINGS,G4740B105,PUT,1700.0,,190876.0,0.0,0.00021050487792539758,0.00021050487792539758
NEW,ILLINOIS TOOL WKS INC,452308109,CALL,700.0,,189329.0,0.0,0.00020879879100954338,0.00020879879100954338
TRIM,SENTINELONE INC,81730H109,CALL,11100.0,-28.846153846153843,188367.0,0.0002574310716317419,0.00020773786301144914,-4.969320862029277e-05
NEW,COGNEX CORP,192422103,PUT,2600.0,,188292.0,0.0,0.00020765515032968504,0.00020765515032968504
NEW,UNIVERSAL TECHNICAL INST INC,913915104,CALL,4400.0,,188188.0,0.0,0.00020754045541097215,0.00020754045541097215
TRIM,COMSTOCK RES INC,205768302,PUT,12600.0,-84.52088452088452,187992.0,0.0021984445422527747,0.00020732429960262864,-0.001991120242650146
TRIM,TENET HEALTHCARE CORP,88033G407,CALL,1000.0,-76.19047619047619,187080.0,0.0010154644132028849,0.00020631851339237713,-0.0008091458998105077
NEW,NOVAGOLD RESOURCES INC,66987E206,CALL,31200.0,,186264.0,0.0,0.00020541859941478372,0.00020541859941478372
TRIM,FS KKR CAP CORP,302635206,CALL,17500.0,-35.8974358974359,183750.0,0.00035606634636020824,0.000202646070322051,-0.00015342027603815723
TRIM,GRIFOLS S A,398438408,,25794.0,-49.77510368596296,182622.0,0.0005277088413605706,0.0002014020715883189,-0.00032630676977225175
ADD,CS DISCO INC,126327105,,48281.0,74.07340640323045,182502.0,0.00013574681926623624,0.00020126973129749634,6.55229120312601e-05
NEW,CHIME FINL INC,16935C109,PUT,8900.0,,182272.0,0.0,0.00020101607907341976,0.00020101607907341976
NEW,ISHARES TR,464287408,PUT,800.0,,181648.0,0.0,0.00020032790956114245,0.00020032790956114245
NEW,JAMES HARDIE INDS PLC,G4253H101,PUT,6900.0,,180642.0,0.0,0.0001992184567897466,0.0001992184567897466
NEW,AMBARELLA INC,G037AX101,PUT,2100.0,,180180.0,0.0,0.0001987089466700797,0.0001987089466700797
NEW,LIFEVANTAGE CORP,53222K205,,28810.0,,179774.0,0.0,0.0001982611953527967,0.0001982611953527967
TRIM,VULCAN MATLS CO,929160109,CALL,600.0,-62.5,177006.0,0.0005581978086106332,0.00019520854597782292,-0.0003629892626328102
NEW,FORTUNE BRANDS INNOVATIONS I,34964C106,CALL,3200.0,,175680.0,0.0,0.00019374618576423357,0.00019374618576423357
TRIM,EHANG HLDGS LTD,26853E102,PUT,26800.0,-80.05952380952381,175540.0,0.0016720105053807449,0.00019359178875827393,-0.001478418716622471
NEW,SYNCHRONY FINANCIAL,87165B103,CALL,2300.0,,174915.0,0.0,0.00019290251641023972,0.00019290251641023972
KEEP,VALARIS LTD,G9460G119,,20740.0,0.0,173801.0,0.0004248916954254731,0.0001916739573771036,-0.00023321773804836952
NEW,AMCOR PLC,G0250X149,PUT,4000.0,,173400.0,0.0,0.00019123172023860485,0.00019123172023860485
NEW,HERC HLDGS INC,42704L104,PUT,1200.0,,172008.0,0.0,0.0001896965728650631,0.0001896965728650631
NEW,TYSON FOODS INC,902494103,PUT,3000.0,,171750.0,0.0,0.00018941204123979461,0.00018941204123979461
TRIM,ISHARES TR,464287556,CALL,900.0,-88.88888888888889,171171.0,0.0017522924391058436,0.00018877349933657574,-0.001563518939769268
TRIM,FS KKR CAP CORP,302635206,PUT,16300.0,-17.67676767676768,171150.0,0.0002582459215359752,0.0001887503397856818,-6.949558175029338e-05
NEW,SOLSTICE ADVANCED MATLS INC,83443Q103,CALL,1925.0,,170555.0,0.0,0.00018809415251035326,0.00018809415251035326
TRIM,RING ENERGY INC,76680V108,,157726.0,-36.403883683047596,170344.0,0.00048616558956062633,0.0001878614541656569,-0.00029830413539496943
TRIM,DHT HOLDINGS INC,Y2065G121,,10219.0,-98.72727838839243,168920.0,0.018794641162195112,0.0001862910160478958,-0.018608350146147215
TRIM,FIRST MAJESTIC SILVER CORP,32076V103,CALL,9900.0,-76.59574468085107,167904.0,0.0011641130226194816,0.00018517053491893143,-0.00097894248770055
NEW,ASCENT INDUSTRIES CO,871565107,,11067.0,,166337.0,0.0,0.00018344239128794012,0.00018344239128794012
NEW,IMMUNIC INC,4525EP200,,10806.0,,166088.0,0.0,0.0001831677851844833,0.0001831677851844833
ADD,ISHARES TR,46429B663,PUT,6000.0,130.76923076923077,164460.0,0.000452103326111025,0.00018137236857232385,-0.00027073095753870117
NEW,AFYA LTD,G01125106,,10985.0,,163017.0,0.0,0.00017978097657518253,0.00017978097657518253
NEW,KOLIBRI GLOBAL ENERGY INC,50043K406,,32689.0,,162792.0,0.0,0.0001795328385298902,0.0001795328385298902
NEW,SERVICETITAN INC,81764X103,PUT,2300.0,,162633.0,0.0,0.0001793574876445503,0.0001793574876445503
NEW,VERISK ANALYTICS INC,92345Y106,PUT,900.0,,161577.0,0.0,0.00017819289308531176,0.00017819289308531176
NEW,RALPH LAUREN CORP,751212101,PUT,400.0,,160564.0,0.0,0.00017707572046361794,0.00017707572046361794
TRIM,IDAHO STRATEGIC RESOURCES,645827205,CALL,4900.0,-71.51162790697676,160475.0,0.0007078227004596604,0.00017697756808125788,-0.0005308451323784026
NEW,MATCH GROUP INC NEW,57667L107,CALL,4200.0,,159810.0,0.0,0.0001762441823029495,0.0001762441823029495
NEW,MATCH GROUP INC NEW,57667L107,PUT,4200.0,,159810.0,0.0,0.0001762441823029495,0.0001762441823029495
NEW,APTIV PLC,G3265R107,PUT,2600.0,,159588.0,0.0,0.00017599935276492776,0.00017599935276492776
TRIM,BIRKENSTOCK HOLDING PLC,M2029K104,PUT,3700.0,-47.14285714285714,159211.0,0.0003213404158502408,0.00017558358368459354,-0.00014575683216564724
TRIM,PUBLIC STORAGE,74460D109,CALL,500.0,-66.66666666666666,159155.0,0.0005205814671196119,0.00017552182488220967,-0.0003450596422374022
NEW,GLOBAL X FDS,37954Y715,,4191.0,,159007.0,0.0,0.00017535860519019518,0.00017535860519019518
TRIM,ISHARES TR,464287390,,4710.0,-49.042518662771826,158963.0,0.00042063551400744955,0.00017531008041689358,-0.00024532543359055594
NEW,CASEYS GEN STORES INC,147528103,CALL,200.0,,158958.0,0.0,0.0001753045662381093,0.0001753045662381093
NEW,CASEYS GEN STORES INC,147528103,PUT,200.0,,158958.0,0.0,0.0001753045662381093,0.0001753045662381093
NEW,GLADSTONE LD CORP,376549101,,18458.0,,157447.0,0.0,0.00017363818140950183,0.00017363818140950183
KEEP,SOUNDHOUND AI INC,836100107,PUT,24100.0,0.0,155927.0,0.00021212618568269536,0.0001719618710590827,-4.016431462361265e-05
TRIM,CERENCE INC,156727109,CALL,13700.0,-56.08974358974359,155084.0,0.00025223448167644276,0.0001710321805160542,-8.120230116038856e-05
NEW,VERISIGN INC,92343E102,PUT,600.0,,150936.0,0.0,0.0001664576177966209,0.0001664576177966209
NEW,CSP INC,126389105,,18945.0,,150423.0,0.0,0.00016589186305335444,0.00016589186305335444
NEW,METHODE ELECTRS INC,591520200,PUT,7900.0,,149863.0,0.0,0.00016527427502951582,0.00016527427502951582
NEW,HINGE HEALTH INC,433313103,PUT,1800.0,,149400.0,0.0,0.0001647636620740921,0.0001647636620740921
TRIM,CENTERRA GOLD INC,152006102,CALL,9400.0,-68.02721088435374,149084.0,0.0006701064245464218,0.000164415165974926,-0.0005056912585714959
NEW,AMYLYX PHARMACEUTICALS INC,03237H101,CALL,8200.0,,147272.0,0.0,0.00016241682758350528,0.00016241682758350528
NEW,ARQ INC,00770C101,,57582.0,,146834.0,0.0,0.00016193378552200292,0.00016193378552200292
NEW,SKEENA RES LTD NEW,83056P715,PUT,5500.0,,146630.0,0.0,0.00016170880702760456,0.00016170880702760456
TRIM,DRILLING TOOLS INTL CORP,26205E107,,75862.0,-37.54774762908325,146414.0,0.0006738834332220189,0.00016147059450412395,-0.000512412838717895
TRIM,GAMESTOP CORP NEW,36467W117,,52446.0,-87.19073461671853,146324.0,0.0020249173865462375,0.00016137133928600703,-0.0018635460472602304
NEW,PLANET FITNESS MASTER ISSUER,72703H101,PUT,2800.0,,146076.0,0.0,0.00016109783601830706,0.00016109783601830706
NEW,RIVERVIEW BANCORP INC,769397100,,26827.0,,145671.0,0.0,0.0001606511875367809,0.0001606511875367809
NEW,CMB.TECH NV,B38564108,CALL,10400.0,,145496.0,0.0,0.00016045819127933134,0.00016045819127933134
TRIM,SCORPIO TANKERS INC,Y7542C130,PUT,2100.0,-66.12903225806451,145446.0,0.0005930621098590553,0.00016040304949148861,-0.0004326590603675667
NEW,ENERGY FUELS INC,292671708,,10000.0,,145000.0,0.0,0.0001599111847439314,0.0001599111847439314
NEW,D. BORAL ARC ACQ I CORP.,G2616F119,,80000.0,,144800.0,0.0,0.00015969061759256046,0.00015969061759256046
TRIM,CERENCE INC,156727109,PUT,12700.0,-57.23905723905723,143764.0,0.00024010782390353685,0.00015854807974845898,-8.155974415507787e-05
NEW,ISHARES TR,464288778,PUT,2300.0,,143083.0,0.0,0.00015779704859804095,0.00015779704859804095
TRIM,AMPLIFY ENERGY CORP NEW,03212B103,,35865.0,-80.05427861166879,142743.0,0.0014375605072273563,0.00015742208444071034,-0.001280138422786646
NEW,GRAPHIC PACKAGING HLDG CO,388689101,CALL,13500.0,,142695.0,0.0,0.00015736914832438132,0.00015736914832438132
NEW,VARONIS SYS INC,922280102,PUT,3400.0,,142664.0,0.0,0.00015733496041591883,0.00015733496041591883
NEW,BED BATH & BEYOND INC,690370101,PUT,24600.0,,142434.0,0.0,0.00015708130819184227,0.00015708130819184227
NEW,DIGIMARC CORP,25382K100,,17255.0,,141836.0,0.0,0.00015642181240924313,0.00015642181240924313
TRIM,NUTRIEN LTD,67077M108,,2269.0,-99.64645646225857,141813.0,0.062049778583195506,0.0001563964471868355,-0.06189338213600867
NEW,BRAZE INC,10576N102,CALL,6500.0,,140985.0,0.0,0.0001554832991801598,0.0001554832991801598
NEW,TTEC HLDGS INC,89854H102,,71831.0,,139352.0,0.0,0.00015368236838921606,0.00015368236838921606
TRIM,INSMED INC,457669307,CALL,1300.0,-90.37037037037037,138606.0,0.002828297894014288,0.00015285965291460246,-0.0026754382410996854
TRIM,CELANESE CORP DEL,150870103,PUT,3000.0,-71.69811320754717,138000.0,0.0008932113033570655,0.0001521913344459485,-0.000741019968911117
NEW,CVRX INC,126638105,,26773.0,,137613.0,0.0,0.00015176453700804576,0.00015176453700804576
TRIM,KYNDRYL HLDGS INC,50155Q100,PUT,12100.0,-40.39408866995074,136851.0,0.0003412324907136467,0.00015092417616132246,-0.00019030831455232425
NEW,AMYLYX PHARMACEUTICALS INC,03237H101,PUT,7600.0,,136496.0,0.0,0.00015053266946763903,0.00015053266946763903
NEW,DLOCAL LTD,G29018101,PUT,10500.0,,136448.0,0.0,0.00015047973335131,0.00015047973335131
TRIM,FIVE9 INC,338307101,PUT,6400.0,-61.67664670658682,136448.0,0.0003245805973090553,0.00015047973335131,-0.00017410086395774527
TRIM,ISHARES TR,464287408,CALL,600.0,-64.70588235294117,136236.0,0.0004598969298334325,0.00015024593217085683,-0.00030965099766257567
NEW,NERDY INC,64081V109,,148679.0,,136205.0,0.0,0.00015021174426239434,0.00015021174426239434
TRIM,SIRIUSXM HOLDINGS INC,829933100,PUT,4600.0,-97.8063900810682,135884.0,0.006200900149529923,0.00014985773398444396,-0.006051042415545479
NEW,LYFT INC,55087P104,PUT,9300.0,,135873.0,0.0,0.00014984560279111857,0.00014984560279111857
NEW,ROPER TECHNOLOGIES INC,776696106,CALL,400.0,,135356.0,0.0,0.00014927543670482468,0.00014927543670482468
NEW,CBRE GROUP INC,12504L109,CALL,1000.0,,134690.0,0.0,0.00014854094809075945,0.00014854094809075945
NEW,MARATHON PETE CORP,56585A102,,523.0,,133715.0,0.0,0.00014746568322782612,0.00014746568322782612
TRIM,FIVE POINT HOLDINGS LLC,33833Q106,,25367.0,-80.23468727842233,133684.0,0.0007958495519065989,0.00014743149531936363,-0.0006484180565872353
TRIM,GENIUS SPORTS LIMITED,G3934V109,CALL,21800.0,-47.721822541966425,132108.0,0.00023667930449515904,0.0001456934261665606,-9.098587832859843e-05
NEW,AARDVARK THERAPEUTICS INC,002942100,,22872.0,,131743.0,0.0,0.00014529089111530865,0.00014529089111530865
ADD,NANO DIMENSION LTD,63008G203,,90696.0,58.0785721755499,131509.0,0.0001249641513510988,0.00014503282754820465,2.0068676197105862e-05
TRIM,EXELON CORP,30161N101,CALL,2800.0,-86.47342995169082,130536.0,0.001300062273151235,0.00014395976835678503,-0.00115610250479445
TRIM,CROWN CASTLE INC,22822V101,CALL,1700.0,-85.47008547008546,128741.0,0.001218850180573191,0.00014198017817323085,-0.0010768700023999602
NEW,DNOW INC,67011P100,PUT,9900.0,,128403.0,0.0,0.00014160741968741395,0.00014160741968741395
NEW,BABCOCK & WILCOX ENTERPRISES,05614L209,PUT,9100.0,,128310.0,0.0,0.00014150485596202647,0.00014150485596202647
TRIM,YUM BRANDS INC,988498101,CALL,800.0,-85.45454545454545,127888.0,0.0010956143822422348,0.0001410394592726338,-0.0009545749229696011
NEW,KINDERCARE LEARNING COMPANIE,49456W105,CALL,30000.0,,127500.0,0.0,0.00014061155899897416,0.00014061155899897416
TRIM,PUBLIC STORAGE,74460D109,PUT,400.0,-73.33333333333333,127324.0,0.0005205814671196119,0.00014041745990576773,-0.0003801640072138441
TRIM,NAUTILUS BIOTECHNOLOGY INC,63909J108,,67938.0,-18.18937177125104,127044.0,0.00041281500486367584,0.00014010866589384842,-0.0002727063389698274
TRIM,AURA BIOSCIENCES INC,05153U107,,17864.0,-17.707757508752533,126834.0,0.00018606636327372483,0.00013987707038490892,-4.61892928888159e-05
NEW,ONEWATER MARINE INC,68280L101,,11164.0,,125818.0,0.0,0.00013875658925594455,0.00013875658925594455
TRIM,THE REAL BROKERAGE INC,75585H206,,68948.0,-93.35575449788477,125485.0,0.0033238124768943957,0.00013838934494891196,-0.0031854231319454838
NEW,OPENDOOR TECHNOLOGIES INC,683712103,CALL,26900.0,,124278.0,0.0,0.00013705822219038834,0.00013705822219038834
NEW,SAP SE,803054204,CALL,800.0,,123288.0,0.0,0.0001359664147911022,0.0001359664147911022
NEW,PELOTON INTERACTIVE INC,70614W100,CALL,20800.0,,122928.0,0.0,0.0001355693939186345,0.0001355693939186345
NEW,SPX TECHNOLOGIES INC,78473E103,CALL,500.0,,122585.0,0.0,0.00013519112125403332,0.00013519112125403332
ADD,AGORA INC,00851L103,,30430.0,6.584938704028021,121416.0,0.0001294881057722431,0.00013390190625427019,4.413800482027085e-06
NEW,NIU TECHNOLOGIES,65481N100,,60145.0,,120891.0,0.0,0.00013332291748192147,0.00013332291748192147
NEW,MADISON SQUARE GRDN SPRT COR,55825T103,PUT,300.0,,120552.0,0.0,0.0001329490561603477,0.0001329490561603477
NEW,AMPLIFY COMMODITY TRUST,03210A107,,10000.0,,118700.0,0.0,0.00013090660433865282,0.00013090660433865282
TRIM,APYX MEDICAL CORPORATION,03837C106,,26350.0,-24.233710966703086,118312.0,0.00016441902996881008,0.0001304787040649932,-3.394032590381689e-05
TRIM,CRH PLC,G25508105,PUT,1100.0,-76.59574468085107,117700.0,0.0006330000048508169,0.00012980376858179812,-0.0005031962362690188
NEW,SHREYA ACQUISITION GROUP,G8116J105,,11800.0,,116702.0,0.0,0.00012870313849645712,0.00012870313849645712
NEW,KOPIN CORP,500600101,CALL,26000.0,,116480.0,0.0,0.00012845830895843538,0.00012845830895843538
TRIM,NOVAGOLD RESOURCES INC,66987E206,PUT,19500.0,-55.37757437070938,116415.0,0.0005027803278595216,0.00012838662463423984,-0.0003743937032252818
NEW,HASBRO INC,418056107,PUT,1400.0,,115626.0,0.0,0.00012751648722208146,0.00012751648722208146
TRIM,AUTOLUS THERAPEUTICS LTD,05280R100,,71227.0,-83.31853961398932,113963.0,0.0007549366556929483,0.00012568247135843208,-0.0006292541843345162
ADD,CHEGG INC,163092109,,112199.0,98.12293620102064,113321.0,5.3786499732103825e-05,0.00012497445080253137,7.118795107042755e-05
TRIM,FLOOR & DECOR HLDGS INC,339750101,PUT,1900.0,-74.66666666666667,112784.0,0.0004881412162152297,0.0001243822280011004,-0.0003637589882141293
ADD,PYXIS ONCOLOGY INC,747324101,,37092.0,15.890770480534899,111647.0,5.98696873819461e-05,0.0001231283037455566,6.325861636361051e-05
TRIM,KEROS THERAPEUTICS INC,492327101,,10393.0,-90.46644957115994,111205.0,0.0015419701978652246,0.00012264085034102682,-0.0014193293475241978
TRIM,PRECISION BIOSCIENCES INC,74019P207,,14104.0,-60.37423088809597,110857.0,0.00025081233797565825,0.0001222570634976414,-0.00012855527447801684
TRIM,YETI HLDGS INC,98585X104,PUT,2200.0,-65.625,109032.0,0.00030002875970713285,0.00012024438824138157,-0.00017978437146575128
TRIM,ROBERT HALF INC.,770323103,PUT,3500.0,-85.41666666666666,107450.0,0.0007810259459443674,0.00011849970207403745,-0.0006625262438703299
KEEP,SABLE OFFSHORE CORP,78574H104,PUT,34800.0,0.0,107184.0,0.0007365628153209203,0.00011820634776271409,-0.0006183564675582063
TRIM,ABIVAX SA,00370M103,CALL,800.0,-91.57894736842105,106608.0,0.0013552965407949483,0.00011757111436676579,-0.0012377254264281825
NEW,SATELLOGIC INC,80401C100,CALL,18500.0,,105820.0,0.0,0.00011670207979036429,0.00011670207979036429
NEW,VANGUARD WORLD FD,92204A405,CALL,800.0,,105280.0,0.0,0.00011610654848166273,0.00011610654848166273
NEW,HF FOODS GROUP INC,40417F109,,74477.0,,105013.0,0.0,0.00011581209133458255,0.00011581209133458255
TRIM,VILLAGE FARMS INTL INC,92707Y108,,51641.0,-64.5901616862546,103282.0,0.0005306517819738158,0.00011390308263946706,-0.0004167486993343488
KEEP,TMC THE METALS COMPANY INC,87261Y106,CALL,23200.0,0.0,102776.0,0.00013881147488089984,0.00011334504774649857,-2.546642713440127e-05
TRIM,VALARIS LTD,G9460G101,PUT,1400.0,-97.56521739130434,101640.0,0.0072225681841735275,0.00011209222632671164,-0.0071104759578468155
TRIM,HIGH TEMPLAR TECHNOLOGY LTD,747798106,,39075.0,-12.901500122595458,100032.0,0.0001115088782469194,0.00011031886642968929,-1.1900118172301173e-06
NEW,VICI PPTYS INC,925652109,PUT,3700.0,,98235.0,0.0,0.00010833707057462139,0.00010833707057462139
NEW,AVNET INC,053807103,PUT,1100.0,,97702.0,0.0,0.00010774925911621784,0.00010774925911621784
NEW,AGILON HEALTH INC,00857U206,PUT,900.0,,96462.0,0.0,0.00010638174277771802,0.00010638174277771802
NEW,INDIE SEMICONDUCTOR INC,45569U101,CALL,21400.0,,96086.0,0.0,0.00010596707653314065,0.00010596707653314065
TRIM,COGENT COMM HOLDINGS INC,19239V302,CALL,6900.0,-88.83495145631069,95772.0,0.0014917288077007519,0.00010562078610548826,-0.0013861080215952636
TRIM,JUMIA TECHNOLOGIES AG,48138M105,CALL,13500.0,-88.41201716738198,95175.0,0.0010299010935816597,0.00010496239315864602,-0.0009249387004230137
TRIM,PROQR THRAPEUTICS N V,N71542109,,50652.0,-93.29859944274068,94213.0,0.0015687961841778608,0.00010390146516055178,-0.001464894719017309
TRIM,WERIDE INC,950915108,CALL,16100.0,-72.84991568296796,93702.0,0.0006146441014263665,0.00010333791608879903,-0.0005113061853375675
NEW,BALL CORP,058498106,PUT,1500.0,,93600.0,0.0,0.00010322542684159985,0.00010322542684159985
NEW,GREENFIRE RES LTD NEW,39525U107,,16446.0,,92920.0,0.0,0.00010247549852693865,0.00010247549852693865
NEW,NIO INC,62914V106,CALL,18300.0,,92598.0,0.0,0.00010212038541323145,0.00010212038541323145
NEW,ATOMERA INC,04965B100,,10532.0,,91734.0,0.0,0.00010116753531930898,0.00010116753531930898
NEW,GLOBAL WTR RES INC,379463102,,12506.0,,90543.0,0.0,9.985405793289505e-05,9.985405793289505e-05
NEW,DOVER CORP,260003108,CALL,400.0,,89712.0,0.0,9.893760141894879e-05,9.893760141894879e-05
NEW,SIBANYE STILLWATER LTD,82575P107,PUT,10300.0,,87447.0,0.0,9.64396784296729e-05,9.64396784296729e-05
TRIM,SIGHT SCIENCES INC,82657M105,,16125.0,-83.66890153740202,87398.0,0.0004769203742949856,9.6385639477587e-05,-0.00038053473481739863
NEW,ALLY FINL INC,02005N100,PUT,1900.0,,87305.0,0.0,9.628307575219953e-05,9.628307575219953e-05
TRIM,GLOBANT S A,L44385109,CALL,3000.0,-76.37795275590551,86820.0,0.000750273049322808,9.5748200410125e-05,-0.000654524848912683
NEW,CLARUS CORP NEW,18270P109,,27549.0,,86779.0,0.0,9.570298414409396e-05,9.570298414409396e-05
NEW,AMCOR PLC,G0250X149,CALL,2000.0,,86700.0,0.0,9.561586011930243e-05,9.561586011930243e-05
NEW,VANGUARD WHITEHALL FDS,921946406,,545.0,,86126.0,0.0,9.498283239486783e-05,9.498283239486783e-05
NEW,GAMBLING COM GROUP LIMITED,G3R239101,,44927.0,,85361.0,0.0,9.413916304087399e-05,9.413916304087399e-05
TRIM,INSMED INC,457669307,PUT,800.0,-96.81274900398407,85296.0,0.0052585390473895285,9.406747871667843e-05,-0.0051644715686728505
TRIM,OLIN CORP,680665205,PUT,4300.0,-44.15584415584416,85226.0,0.00029329599831287817,9.399028021369861e-05,-0.00019930571809917956
TRIM,KARMAN HLDGS INC,485924104,PUT,1700.0,-83.49514563106796,84864.0,0.0010563773094165356,9.359105366971721e-05,-0.0009627862557468185
NEW,PHOTRONICS INC,719405102,PUT,2600.0,,84578.0,0.0,9.327564264325676e-05,9.327564264325676e-05
NEW,CURIOSITYSTREAM INC,23130Q107,,31693.0,,84303.0,0.0,9.297236281012171e-05,9.297236281012171e-05
TRIM,BITMINE IMMERSION TECHS INC,09175A206,CALL,6300.0,-80.25078369905955,83853.0,0.0008084207897373177,9.247608671953711e-05,-0.0007159447030177805
NEW,METHODE ELECTRS INC,591520200,CALL,4400.0,,83468.0,0.0,9.205149495314805e-05,9.205149495314805e-05
TRIM,KYNDRYL HLDGS INC,50155Q100,CALL,7300.0,-71.37254901960785,82563.0,0.00042864179867970403,9.105342859319454e-05,-0.0003375883700865095
ADD,AMERICAS CAR-MART INC,03062T105,,29570.0,71.92860050002908,82500.0,0.00028051207953231244,9.098394994051269e-05,-0.00018952812959179975
TRIM,IDAHO STRATEGIC RESOURCES,645827205,PUT,2500.0,-68.35443037974683,81875.0,0.0003251046124204254,9.02946775924785e-05,-0.0002348099348279469
TRIM,ATRENEW INC,00138L108,,20997.0,-91.2849482002922,81258.0,0.0014477064135034938,8.961422793049917e-05,-0.0013580921855729947
NEW,DEUTSCHE BK AG,D18190898,CALL,2400.0,,81024.0,0.0,8.935616436339516e-05,8.935616436339516e-05
NEW,INNOVATIVE SOLUTIONS & SUPPO,45769N105,PUT,4500.0,,81000.0,0.0,8.932969630523065e-05,8.932969630523065e-05
KEEP,KLX ENERGY SERVICES HOLDINGS,48253L205,,31167.0,0.0,80411.0,0.00010382161499943547,8.868012604444323e-05,-1.514148895499224e-05
NEW,WALDENCAST PLC,G9503X103,,45632.0,,80312.0,0.0,8.857094530451461e-05,8.857094530451461e-05
NEW,ENERGY VAULT HOLDINGS INC,29280W109,CALL,17000.0,,80070.0,0.0,8.830405905135578e-05,8.830405905135578e-05
NEW,BAKKT INC,05759B305,CALL,10200.0,,79662.0,0.0,8.785410206255905e-05,8.785410206255905e-05
NEW,ALLISON TRANSMISSION HLDGS I,01973R101,PUT,700.0,,78918.0,0.0,8.703359225945916e-05,8.703359225945916e-05
TRIM,IRIDIUM COMMUNICATIONS INC,46269C102,,1433.0,-98.65865416116742,78600.0,0.003796927655881877,8.668289048877938e-05,-0.0037102447653930976
NEW,PARSONS CORP DEL,70202L102,PUT,1500.0,,78585.0,0.0,8.666634795242656e-05,8.666634795242656e-05
NEW,OPUS GENETICS INC,67577R102,,18922.0,,77769.0,0.0,8.576643397483311e-05,8.576643397483311e-05
NEW,DULUTH HLDGS INC,26443V101,,17359.0,,77768.0,0.0,8.576533113907626e-05,8.576533113907626e-05
NEW,NLIGHT INC,65487K100,CALL,1100.0,,76582.0,0.0,8.445736793144658e-05,8.445736793144658e-05
NEW,AES CORP,00130H105,PUT,5200.0,,76232.0,0.0,8.407137541654745e-05,8.407137541654745e-05
NEW,SMJ INTL HOLDINGS INC,G82454102,,14883.0,,75903.0,0.0,8.370854245254224e-05,8.370854245254224e-05
NEW,ACUITY INC,00508Y102,PUT,200.0,,75332.0,0.0,8.30788232353782e-05,8.30788232353782e-05
NEW,TEADS HLDG CO,69002R103,,96272.0,,73831.0,0.0,8.142346676433931e-05,8.142346676433931e-05
ADD,DHI GROUP INC,23331S100,,19825.0,11.451540364290533,73551.0,6.404002769370614e-05,8.111467275242e-05,1.707464505871386e-05
NEW,IES HOLDINGS INC,44951W106,CALL,100.0,,73466.0,0.0,8.102093171308733e-05,8.102093171308733e-05
TRIM,CENTERRA GOLD INC,152006102,PUT,4600.0,-77.99043062200957,72956.0,0.000476368172551708,8.045848547709144e-05,-0.00039590968707461655
TRIM,TSS INC DEL,87288V101,CALL,5900.0,-92.76960784313727,72570.0,0.0013601536099568168,8.003279087494553e-05,-0.0012801208190818714
NEW,VINCE HLDG CORP,92719W207,,10016.0,,71614.0,0.0,7.897847989139244e-05,7.897847989139244e-05
TRIM,PEPGEN INC,713317105,,39720.0,-39.79263930152186,71496.0,0.00014960695490144979,7.884834527208358e-05,-7.075860962936621e-05
NEW,GENELUX CORPORATION,36870H103,,23538.0,,70849.0,0.0,7.81348105373986e-05,7.81348105373986e-05
NEW,VNET GROUP INC,90138A103,PUT,8800.0,,70752.0,0.0,7.802783546898369e-05,7.802783546898369e-05
TRIM,YATSEN HLDG LTD,985194208,,22073.0,-91.28476047206725,69971.0,0.000999432625700257,7.716652074288017e-05,-0.0009222661049573768
TRIM,SNDL INC,83307B101,,51007.0,-45.774153767647555,68859.0,0.0001590802256434325,7.594016738125775e-05,-8.314005826217474e-05
NEW,EVERCORE INC,29977A105,CALL,200.0,,68288.0,0.0,7.531044816409371e-05,7.531044816409371e-05
NEW,EVERCORE INC,29977A105,PUT,200.0,,68288.0,0.0,7.531044816409371e-05,7.531044816409371e-05
TRIM,DOVER CORP,260003108,PUT,300.0,-70.0,67284.0,0.00026706833732300424,7.420320106421159e-05,-0.00019286513625879265
KEEP,SKY HARBOUR GROUP CORPORATIO,83085C115,,145103.0,0.0,66747.0,0.00013013511709557298,7.361097826278062e-05,-5.6524138832792365e-05
NEW,EMBECTA CORP,29082K105,,20236.0,,65969.0,0.0,7.275297204394766e-05,7.275297204394766e-05
NEW,GLOBALFOUNDRIES INC,G39387108,PUT,800.0,,65928.0,0.0,7.270775577791662e-05,7.270775577791662e-05
NEW,ISPIRE TECHNOLOGY INC,46501C100,,58769.0,,65821.0,0.0,7.258975235193317e-05,7.258975235193317e-05
ADD,SERITAGE GROWTH PPTYS,81752R100,,24959.0,8.465516492112467,65642.0,8.284435480759309e-05,7.239234475145618e-05,-1.0452010056136914e-05
TRIM,MICROVAST HOLDINGS INC,59516C106,,55606.0,-72.0533542407977,65059.0,0.0003823875357195932,7.174939150520989e-05,-0.0003106381442143833
TRIM,BIOGEN INC,09062X103,CALL,300.0,-93.61702127659575,64818.0,0.0011039563440762962,7.14836080878079e-05,-0.0010324727359884882
NEW,BIOGEN INC,09062X103,PUT,300.0,,64818.0,0.0,7.14836080878079e-05,7.14836080878079e-05
TRIM,YUM BRANDS INC,988498101,PUT,400.0,-91.66666666666666,63944.0,0.0009561725517750414,7.05197296363169e-05,-0.0008856528221387245
TRIM,NICE LTD,653656108,CALL,700.0,-83.72093023255815,63595.0,0.0006074449793950977,7.01348399571746e-05,-0.0005373101394379232
NEW,LESAKA TECHNOLOGIES INC,64107N206,,12717.0,,63203.0,0.0,6.970252834048756e-05,6.970252834048756e-05
TRIM,CARPENTER TECHNOLOGY CORP,144285103,PUT,100.0,-85.71428571428571,61684.0,0.00035349239438284237,6.802732082582527e-05,-0.0002854650735570171
TRIM,TELADOC HEALTH INC,87918A105,CALL,7200.0,-84.17582417582418,61056.0,0.00031770818396580465,6.733473997052052e-05,-0.00025037344399528414
NEW,INSIGHT ENTERPRISES INC,45765U103,CALL,500.0,,60900.0,0.0,6.716269759245119e-05,6.716269759245119e-05
NEW,ALIGHT INC,01626W101,,107642.0,,60280.0,0.0,6.647893942320128e-05,6.647893942320128e-05
NEW,PROTALIX BIOTHERAPEUTICS INC,74365A309,,25566.0,,59569.0,0.0,6.569482320007759e-05,6.569482320007759e-05
NEW,NORDIC AMERICAN TANKERS LIMI,G65773106,CALL,10700.0,,59278.0,0.0,6.537389799483287e-05,6.537389799483287e-05
NEW,VENU HLDG CORP,92333E104,,25739.0,,58428.0,0.0,6.443648760150638e-05,6.443648760150638e-05
NEW,LKQ CORP,501889208,PUT,2200.0,,57926.0,0.0,6.388286405156532e-05,6.388286405156532e-05
NEW,STABLECOINX INC,85238K118,,140500.0,,57605.0,0.0,6.352885377361496e-05,6.352885377361496e-05
TRIM,ASPEN AEROGELS INC,04523Y105,,9006.0,-96.49044868947134,57098.0,0.0011244159952094746,6.296971604488961e-05,-0.001061446279164585
NEW,QFIN HOLDINGS INC,88557W101,CALL,3600.0,,56916.0,0.0,6.276899993714206e-05,6.276899993714206e-05
NEW,NUTANIX INC,67059N108,CALL,1100.0,,56056.0,0.0,6.182056118624702e-05,6.182056118624702e-05
NEW,GOODRX HLDGS INC,38246G108,,19342.0,,55705.0,0.0,6.143346583559103e-05,6.143346583559103e-05
TRIM,PACS GROUP INC,69380Q107,PUT,1300.0,-80.88235294117648,55432.0,0.00027983688157707506,6.113239167396969e-05,-0.00021870448990310537
TRIM,WILLDAN GROUP INC,96924N100,CALL,700.0,-89.85507246376811,55370.0,0.0006768174053614752,6.10640158570447e-05,-0.0006157533895044305
NEW,BLAIZE HLDGS INC,092915107,CALL,40000.0,,55200.0,0.0,6.0876533778379405e-05,6.0876533778379405e-05
NEW,B2GOLD CORP,11777Q209,PUT,14700.0,,54978.0,0.0,6.0631704240357656e-05,6.0631704240357656e-05
NEW,GRAPHIC PACKAGING HLDG CO,388689101,PUT,5200.0,,54964.0,0.0,6.06162645397617e-05,6.06162645397617e-05
NEW,LUMEN TECHNOLOGIES INC,550241103,PUT,7000.0,,53760.0,0.0,5.928845028850864e-05,5.928845028850864e-05
TRIM,ALECTOR INC,014442107,,26699.0,-66.66416950718558,53665.0,0.00022061933036062386,5.918368089160744e-05,-0.0001614356494690164
TRIM,COMMERCE.COM INC,08975P108,,17684.0,-93.40503610000597,52345.0,0.0009172749997427727,5.772793769255924e-05,-0.0008595470620502134
NEW,WERIDE INC,950915108,PUT,8900.0,,51798.0,0.0,5.712468653355972e-05,5.712468653355972e-05
NEW,VINFAST AUTO LTD,Y9390M103,,16431.0,,51265.0,0.0,5.653687507515616e-05,5.653687507515616e-05
TRIM,CYTOKINETICS INC,23282W605,PUT,600.0,-91.30434782608695,51114.0,0.0005826676487379157,5.63703468758711e-05,-0.0005262973018620447
NEW,8X8 INC NEW,282914100,,29481.0,,50413.0,0.0,5.559725901031596e-05,5.559725901031596e-05
NEW,DIGITAL TURBINE INC,25400W102,PUT,3900.0,,50310.0,0.0,5.548366692735993e-05,5.548366692735993e-05
NEW,IVANHOE ELECTRIC INC,46578C108,CALL,5200.0,,49972.0,0.0,5.511090844154303e-05,5.511090844154303e-05
NEW,AMERICAN BITCOIN CORP.,02462A104,,73205.0,,49860.0,0.0,5.4987390836775304e-05,5.4987390836775304e-05
NEW,SERVICETITAN INC,81764X103,CALL,700.0,,49497.0,0.0,5.4587061457037055e-05,5.4587061457037055e-05
TRIM,SPX TECHNOLOGIES INC,78473E103,PUT,200.0,-83.33333333333334,49034.0,0.00030739828274038743,5.407644850161332e-05,-0.0002533218342387741
NEW,EXPEDITORS INTL WASH INC,302130109,PUT,300.0,,48894.0,0.0,5.3922051495653665e-05,5.3922051495653665e-05
NEW,SUPER GROUP SGHC LIMITED,G8588X103,CALL,3600.0,,48780.0,0.0,5.379632821937223e-05,5.379632821937223e-05
NEW,ISHARES INC,464286608,PUT,700.0,,48650.0,0.0,5.3652959570981126e-05,5.3652959570981126e-05
NEW,BIOMEA FUSION INC,09077A106,,32792.0,,48204.0,0.0,5.316109482342393e-05,5.316109482342393e-05
NEW,EXPENSIFY INC,30219Q106,,26675.0,,47748.0,0.0,5.265820171829818e-05,5.265820171829818e-05
TRIM,JUMIA TECHNOLOGIES AG,48138M105,PUT,6700.0,-91.41025641025641,47235.0,0.0006895475132993086,5.209244697503172e-05,-0.0006374550663242769
NEW,UPWORK INC,91688F104,CALL,5600.0,,46816.0,0.0,5.163035879290961e-05,5.163035879290961e-05
NEW,EDWARDS LIFESCIENCES CORP,28176E108,PUT,500.0,,45230.0,0.0,4.9881261282538044e-05,4.9881261282538044e-05
TRIM,ISHARES TR,464288224,CALL,2200.0,-99.05982905982907,45078.0,0.005483401747062763,4.9713630247496136e-05,-0.0054336881168152665
NEW,CELLDEX THERAPEUTICS INC NEW,15117B202,CALL,1200.0,,44652.0,0.0,4.924382221507603e-05,4.924382221507603e-05
NEW,LANTHEUS HLDGS INC,516544103,PUT,400.0,,44376.0,0.0,4.893943954618413e-05,4.893943954618413e-05
NEW,VANGUARD INTL EQUITY INDEX F,922042874,PUT,500.0,,44270.0,0.0,4.882253895595754e-05,4.882253895595754e-05
NEW,SSR MINING IN,784730103,PUT,1500.0,,42420.0,0.0,4.678229280577634e-05,4.678229280577634e-05
NEW,ARK ETF TR,00214Q302,CALL,1000.0,,42060.0,0.0,4.638527193330865e-05,4.638527193330865e-05
TRIM,KENVUE INC,49177J102,PUT,2200.0,-97.98534798534799,42042.0,0.0024120172146365384,4.636542088968527e-05,-0.0023656517937468533
NEW,HUMACYTE INC,44486Q103,,53728.0,,41929.0,0.0,4.624080044916069e-05,4.624080044916069e-05
NEW,NEW FOUND GOLD CORP,64440N103,,26775.0,,41418.0,0.0,4.5677251377407933e-05,4.5677251377407933e-05
NEW,LOGISTIC PROPERTIES OF THE A,G5557R109,,12319.0,,41392.0,0.0,4.564857764772971e-05,4.564857764772971e-05
NEW,BRC INC,05601U105,,37184.0,,41274.0,0.0,4.551844302842086e-05,4.551844302842086e-05
NEW,AMERICAN CENTY ETF TR,025072802,PUT,400.0,,41220.0,0.0,4.5458889897550706e-05,4.5458889897550706e-05
NEW,PLUG PWR INC,72919P202,CALL,15100.0,,40921.0,0.0,4.5129142006251153e-05,4.5129142006251153e-05
TRIM,CIA ENERGETICA DE MINAS GERA,204409601,,19274.0,-80.76274316056332,40475.0,0.0003067935513649187,4.4637277258693956e-05,-0.00026215627410622474
NEW,EMPIRE PETE CORP,292034303,,14797.0,,39656.0,0.0,4.373405477382996e-05,4.373405477382996e-05
TRIM,COPART INC,217204106,PUT,1400.0,-88.52459016393442,39466.0,0.0005189415176268153,4.352451598002756e-05,-0.00047541700164678775
NEW,ASPEN AEROGELS INC,04523Y105,CALL,6200.0,,39308.0,0.0,4.3350267930444524e-05,4.3350267930444524e-05
TRIM,GLOBAL X FDS,37954Y855,,495.0,-98.83240948225026,38749.0,0.004038462748328363,4.2733782742362746e-05,-0.0039957289655860005
NEW,ATLANTIC INTL CORP,048592109,,42037.0,,38674.0,0.0,4.265107006059864e-05,4.265107006059864e-05
TRIM,COMTECH TELECOMMUNICATIONS C,205826209,,18331.0,-45.62147730643726,38495.0,0.00014338924014477655,4.245366246012165e-05,-0.0001009355776846549
TRIM,SMARTRENT INC,83193G107,,32208.0,-91.59490182569755,38328.0,0.0007364321318457131,4.226948888872692e-05,-0.0006941626429569862
TRIM,AMERICAN SUPERCONDUCTOR CORP,030111207,PUT,900.0,-99.15492957746478,37359.0,0.004618796031460127,4.120084104033471e-05,-0.004577595190419792
NEW,CELLDEX THERAPEUTICS INC NEW,15117B202,PUT,1000.0,,37210.0,0.0,4.103651851256336e-05,4.103651851256336e-05
NEW,CARDIFF ONCOLOGY INC,14147L108,,28385.0,,36901.0,0.0,4.069574226369526e-05,4.069574226369526e-05
TRIM,CARRIER GLOBAL CORPORATION,14448C104,CALL,500.0,-96.93251533742331,36675.0,0.0011759629389154781,4.04465013826461e-05,-0.001135516437532832
KEEP,SABLE OFFSHORE CORP,78574H104,CALL,11900.0,0.0,36652.0,0.0002518706178827285,4.0421136160238444e-05,-0.00021144948172249005
NEW,STREAMEX CORP,09073N300,,42298.0,,35966.0,0.0,3.966459083103612e-05,3.966459083103612e-05
TRIM,FLOOR & DECOR HLDGS INC,339750101,CALL,600.0,-93.33333333333333,35616.0,0.0005857694594582756,3.927859831613697e-05,-0.0005464908611421386
NEW,TRONOX HOLDINGS PLC,G9087Q102,CALL,5600.0,,35280.0,0.0,3.8908045501833794e-05,3.8908045501833794e-05
TRIM,SOUTHERN COPPER CORP,84265V105,CALL,200.0,-95.55555555555556,34852.0,0.000992002885771564,3.843603179789998e-05,-0.000953566853973664
NEW,QUANTUM SI INC,74765K105,,39133.0,,34633.0,0.0,3.81945107671488e-05,3.81945107671488e-05
NEW,RAFAEL HLDGS INC,75062E106,,10433.0,,34220.0,0.0,3.773903959956781e-05,3.773903959956781e-05
NEW,CORPAY INC,219948106,PUT,100.0,,33327.0,0.0,3.6754207268696564e-05,3.6754207268696564e-05
NEW,TITAN MNG CORP,88831L202,,15169.0,,33227.0,0.0,3.66439236930111e-05,3.66439236930111e-05
TRIM,EIGHTCO HOLDINGS INC,22890A302,,47419.0,-64.71380521490654,32980.0,0.00016050108813367575,3.637152326106798e-05,-0.00012412956487260776
NEW,SKINHEALTH SYSTEMS INC,88331L108,,46527.0,,32220.0,0.0,3.553336808585842e-05,3.553336808585842e-05
NEW,REKOR SYSTEMS INC,759419104,,46093.0,,32030.0,0.0,3.532382929205602e-05,3.532382929205602e-05
ADD,OPENDOOR TECHNOLOGIES INC,683712129,,64077.0,31.69122633947839,31718.0,3.769065170241372e-05,3.497974453591735e-05,-2.7109071664963678e-06
TRIM,BRIDGER AEROSPACE GRP HLDGS,96812F102,,16305.0,-60.74773104793086,31306.0,0.00010537572338596848,3.452537620409322e-05,-7.085034718187525e-05
KEEP,NAMIB MINERALS,G63638111,,140000.0,0.0,30800.0,2.4214879229574382e-05,3.3967341311124744e-05,9.752462081550362e-06
TRIM,ROBERT HALF INC.,770323103,CALL,1000.0,-93.7888198757764,30700.0,0.0005239382387376799,3.385705773543927e-05,-0.0004900811810022406
NEW,AURORA CANNABIS INC,05156X850,,10665.0,,30104.0,0.0,3.319976762435387e-05,3.319976762435387e-05
NEW,VANGUARD INTL EQUITY INDEX F,922042775,,349.0,,29229.0,0.0,3.2234786337106e-05,3.2234786337106e-05
NEW,EVERSOURCE ENERGY,30040W108,PUT,400.0,,28908.0,0.0,3.188077605915565e-05,3.188077605915565e-05
NEW,HERC HLDGS INC,42704L104,CALL,200.0,,28668.0,0.0,3.161609547751052e-05,3.161609547751052e-05
KEEP,ADC THERAPEUTICS SA,H0036K147,CALL,26400.0,0.0,28248.0,0.00012683984358348487,3.115290445963155e-05,-9.568693912385333e-05
TRIM,CARIBOU BIOSCIENCES INC,142038108,,15769.0,-91.59533530183027,27753.0,0.0004567284961649278,3.060700075998847e-05,-0.00042612149540493936
NEW,ROKU INC,77543R102,PUT,200.0,,27628.0,0.0,3.0469146290381633e-05,3.0469146290381633e-05
NEW,BIOTE CORP,090683103,,14565.0,,27528.0,0.0,3.0358862714696163e-05,3.0358862714696163e-05
NEW,OLEMA PHARMACEUTICALS INC,68062P106,PUT,2200.0,,27522.0,0.0,3.0352245700155036e-05,3.0352245700155036e-05
NEW,INMUNE BIO INC,45782T105,,16577.0,,27021.0,0.0,2.9799724985970827e-05,2.9799724985970827e-05
NEW,ARCHER AVIATION INC,03945R102,PUT,5500.0,,26015.0,0.0,2.8690272214575006e-05,2.8690272214575006e-05
TRIM,NET POWER INC,64107A105,,15340.0,-55.00278665923558,25618.0,6.813733900461509e-05,2.8252446419103686e-05,-3.98848925855114e-05
NEW,COMPUGEN LTD,M25722105,,11901.0,,25468.0,0.0,2.808702105557548e-05,2.808702105557548e-05
TRIM,GROWGENERATION CORP,39986L109,,17138.0,-62.76047891180113,25364.0,6.485872122956318e-05,2.7972326136862592e-05,-3.688639509270059e-05
NEW,SUNPOWER INC,20460L104,,36563.0,,25130.0,0.0,2.7714262569758595e-05,2.7714262569758595e-05
NEW,HYPERLIQUID STRATEGIES INC,44916Y106,,3181.0,,25034.0,0.0,2.7608390337100543e-05,2.7608390337100543e-05
NEW,YETI HLDGS INC,98585X104,CALL,500.0,,24780.0,0.0,2.7328270054859453e-05,2.7328270054859453e-05
NEW,ENGENE THERAPEUTICS INC,29286X101,,13992.0,,24206.0,0.0,2.6695242330424852e-05,2.6695242330424852e-05
NEW,PLAYSTUDIOS INC,72815G108,,48067.0,,23985.0,0.0,2.6451515628159966e-05,2.6451515628159966e-05
TRIM,SEER INC,81578P106,,14115.0,-4.712077229460609,23431.0,3.1884205529480853e-05,2.584054461886246e-05,-6.043660910618394e-06
NEW,FRANKLIN STR PPTYS CORP,35471R106,,44609.0,,22974.0,0.0,2.5336548677979864e-05,2.5336548677979864e-05
TRIM,PLIANT THERAPEUTICS INC,729139105,,20073.0,-57.34050240149615,22883.0,7.596041056947123e-05,2.5236190624106086e-05,-5.072421994536514e-05
NEW,ATYR PHARMA INC,002120202,,37278.0,,22248.0,0.0,2.453588991850335e-05,2.453588991850335e-05
TRIM,RESIDEO TECHNOLOGIES INC,76118Y104,CALL,700.0,-91.86046511627907,21770.0,0.0003714306231708461,2.4008734426726805e-05,-0.0003474218887441193
NEW,DOCGO INC,256086109,,41421.0,,21377.0,0.0,2.357531997428291e-05,2.357531997428291e-05
NEW,MYOMO INC,62857J201,,19912.0,,20708.0,0.0,2.2837522852947114e-05,2.2837522852947114e-05
NEW,FARADAY FUTURE INTLGT ELEC I,307359885,,89506.0,,20631.0,0.0,2.2752604499669303e-05,2.2752604499669303e-05
TRIM,DEXCOM INC,252131107,PUT,300.0,-98.79032258064517,20205.0,0.001995408545360229,2.22827964672492e-05,-0.00197312574889298
TRIM,TRX GOLD CORPORATION,87283P109,,23493.0,-6.424759021747789,20178.0,4.845922630159746e-05,2.2253019901814123e-05,-2.620620639978334e-05
NEW,EHEALTH INC,28238P109,,13531.0,,20161.0,0.0,2.223427169394759e-05,2.223427169394759e-05
TRIM,DINGDONG CAYMAN LTD,25445D101,,10365.0,-78.05141453498221,20004.0,0.00015549539854902247,2.2061126480121404e-05,-0.00013343427206890106
ADD,BLINK CHARGING CO,09354A100,,31039.0,24.90543259557344,19859.0,1.8048412894551026e-05,2.1901215295377472e-05,3.852802400826447e-06
NEW,CARDIOL THERAPEUTICS INC,14161Y200,,18354.0,,19455.0,0.0,2.1455669649608175e-05,2.1455669649608175e-05
NEW,PLATINUM GROUP METALS LTD,72765Q882,,14298.0,,19302.0,0.0,2.1286935778809407e-05,2.1286935778809407e-05
NEW,SKYX PLATFORMS CORP,78471E105,,17442.0,,19273.0,0.0,2.125495354186062e-05,2.125495354186062e-05
NEW,SIEBERT FINL CORP,826176109,,11398.0,,18807.0,0.0,2.074103207916633e-05,2.074103207916633e-05
ADD,OPENDOOR TECHNOLOGIES INC,683712137,,64077.0,31.69122633947839,18121.0,1.5336090178730443e-05,1.9984486749964005e-05,4.6483965712335615e-06
TRIM,SONY GROUP CORP,835699307,CALL,900.0,-97.6923076923077,18054.0,0.0010343212699489629,1.9910596754254743e-05,-0.0010144106731947082
NEW,SWEETGREEN INC,87043Q108,PUT,2000.0,,17620.0,0.0,1.94319660357798e-05,1.94319660357798e-05
NEW,LUMENT FINANCE TRUST INC,55025L108,,18973.0,,17455.0,0.0,1.9249998135898777e-05,1.9249998135898777e-05
TRIM,WAVE LIFE SCIENCES LTD,Y95308105,CALL,2800.0,-92.34972677595628,16268.0,0.00033996921711997686,1.7940932092512248e-05,-0.0003220282850274646
NEW,QFIN HOLDINGS INC,88557W101,PUT,1000.0,,15810.0,0.0,1.7435833315872796e-05,1.7435833315872796e-05
NEW,HAIN CELESTIAL GROUP INC,405217100,,28005.0,,15688.0,0.0,1.7301287353536523e-05,1.7301287353536523e-05
ADD,OPENDOOR TECHNOLOGIES INC,683712145,,64077.0,31.69122633947839,15378.0,1.4674985539446827e-05,1.6959408268911566e-05,2.2844227294647385e-06
TRIM,BECTON DICKINSON & CO,075887109,PUT,100.0,-99.21259842519686,15133.0,0.0025583481141840184,1.6689213508482164e-05,-0.0025416589006755363
TRIM,FILANA THERAPEUTICS INC,14817C107,,11575.0,-70.41231052375961,13774.0,8.470595372402544e-05,1.5190459714916628e-05,-6.951549400910881e-05
TRIM,GOPRO INC,38268T103,CALL,17700.0,-10.606060606060606,13771.0,1.953333591185667e-05,1.5187151207646063e-05,-4.3461847042106075e-06
NEW,AMER SPORTS INC,G0260P102,PUT,400.0,,13536.0,0.0,1.492798480478521e-05,1.492798480478521e-05
TRIM,SELECT SECTOR SPDR TR,81369Y100,,247.0,-99.93745410346662,12555.0,0.02528296424091684,1.3846102927310749e-05,-0.02526911813798953
NEW,ACCURAY INC DEL,004397105,,47552.0,,12259.0,0.0,1.351966354328176e-05,1.351966354328176e-05
NEW,WATERDROP INC,94132V105,,10717.0,,12110.0,0.0,1.3355341015510408e-05,1.3355341015510408e-05
TRIM,DAQO NEW ENERGY CORP,23703Q203,PUT,900.0,-98.2824427480916,12051.0,0.0014279706463261202,1.3290273705855982e-05,-0.0014146803726202643
TRIM,COSTAR GROUP INC,22160N109,CALL,400.0,-96.07843137254902,11328.0,0.000527177138985953,1.2492923453650035e-05,-0.000514684215532303
NEW,NEXTNRG INC,652941105,,30190.0,,10573.0,0.0,1.1660282457224736e-05,1.1660282457224736e-05
NEW,INNOVIZ TECHNOLOGIES LTD,M5R635108,,12494.0,,9510.0,0.0,1.048796804768819e-05,1.048796804768819e-05
NEW,XCF GLOBAL INC,98400U103,,20950.0,,9247.0,0.0,1.0197922243635405e-05,1.0197922243635405e-05
TRIM,NAVITAS SEMICONDUCTOR CORP,63942X106,CALL,500.0,-98.66666666666667,8960.0,0.00042135811675271295,9.881408381418106e-06,-0.00041147670837129487
NEW,SPLASH BEVERAGE GROUP INC,84862C302,,56950.0,,8827.0,0.0,9.73473122575643e-06,9.73473122575643e-06
TRIM,MERCER INTL INC,588056101,,12867.0,-40.699603650106006,8492.0,3.947537798637124e-05,9.365281247210108e-06,-3.011009673916113e-05
NEW,TENAYA THERAPEUTICS INC,87990A106,,11346.0,,8386.0,0.0,9.248380656983509e-06,9.248380656983509e-06
TRIM,UP FINTECH HLDG LTD,91531W106,PUT,1800.0,-89.59537572254335,7920.0,0.0001396391368905456,8.73445919428922e-06,-0.0001309046776962564
NEW,DEUTSCHE BK AG,D18190898,PUT,200.0,,6752.0,0.0,7.446347030282929e-06,7.446347030282929e-06
KEEP,ALTISOURCE PORTFOLIO SOLUTIO,L0175J112,,14711.0,-0.01359342078434038,5884.0,7.1632481361137764e-06,6.489085593333052e-06,-6.741625427807248e-07
NEW,SPIRE GLOBAL INC,848560306,PUT,300.0,,5580.0,0.0,6.153823523249223e-06,6.153823523249223e-06
NEW,ISHARES TR,46429B598,CALL,100.0,,4939.0,0.0,5.44690580310536e-06,5.44690580310536e-06
NEW,ODDITY TECH LTD,M7518J104,CALL,300.0,,4539.0,0.0,5.0057715003634804e-06,5.0057715003634804e-06
TRIM,CANGO INC,G1820C102,,21738.0,-11.41087293177928,4445.0,1.292100830847924e-05,4.902104939219139e-06,-8.018903369260102e-06
NEW,XEROX HOLDINGS CORP,98421M114,,14760.0,,4059.0,0.0,4.476410337073225e-06,4.476410337073225e-06
TRIM,MIRION TECHNOLOGIES INC,60471A101,CALL,200.0,-98.21428571428571,3586.0,0.00026675828437202237,3.954769024080952e-06,-0.00026280351534794144
NEW,TREKOR METALS LTD,89472Y107,PUT,500.0,,3440.0,0.0,3.7937550035801654e-06,3.7937550035801654e-06
KEEP,ITONIC HOLDINGS LTD,G71399102,,10852.0,0.0,3266.0,4.866037635657328e-06,3.601861581887448e-06,-1.26417605376988e-06
TRIM,KENVUE INC,49177J102,CALL,100.0,-99.92514970059881,1911.0,0.0029509661160754715,2.1075191313493306e-06,-0.002948858596944122
NEW,CNH INDL N V,N20944109,PUT,100.0,,1123.0,0.0,1.2384845549478273e-06,1.2384845549478273e-06
NEW,LSB INDS INC,502160104,CALL,100.0,,1081.0,0.0,1.19216545315993e-06,1.19216545315993e-06
NEW,ATOMERA INC,04965B100,CALL,100.0,,871.0,0.0,9.60569944220443e-07,9.60569944220443e-07
NEW,TELADOC HEALTH INC,87918A105,PUT,100.0,,848.0,0.0,9.35204721812785e-07,9.35204721812785e-07
TRIM,PLUG PWR INC,72919P202,PUT,300.0,-99.77544910179641,813.0,0.0003868435859820514,8.966054703228706e-07,-0.0003859469805117285
NEW,GENIUS SPORTS LIMITED,G3934V109,PUT,100.0,,606.0,0.0,6.683184686539478e-07,6.683184686539478e-07
NEW,AMERICAN BATTERY TECHNOLOGY,02451V309,CALL,100.0,,283.0,0.0,3.1210251918987993e-07,3.1210251918987993e-07
EXIT,1STDIBS COM INC,320551104,,0.0,-100.0,0.0,0.0004133569569226235,0.0,-0.0004133569569226235
EXIT,3D SYS CORP DEL,88554D205,,0.0,-100.0,0.0,0.00026600749499485144,0.0,-0.00026600749499485144
EXIT,AAR CORP,000361105,CALL,0.0,-100.0,0.0,0.00042072391753479555,0.0,-0.00042072391753479555
EXIT,AAR CORP,000361105,PUT,0.0,-100.0,0.0,0.0002804826116898637,0.0,-0.0002804826116898637
EXIT,ABCELLERA BIOLOGICS INC,00288U106,,0.0,-100.0,0.0,0.005139119975260948,0.0,-0.005139119975260948
EXIT,AC IMMUNE SA,H00263105,CALL,0.0,-100.0,0.0,0.0010330400594077156,0.0,-0.0010330400594077156
EXIT,ACADIA HEALTHCARE COMPANY IN,00404A109,,0.0,-100.0,0.0,0.01607808148311463,0.0,-0.01607808148311463
EXIT,ACCELERANT HOLDINGS,G00894108,,0.0,-100.0,0.0,0.002853262281410492,0.0,-0.002853262281410492
EXIT,ACCENDRA HEALTH INC,690732102,,0.0,-100.0,0.0,0.0001574940869933683,0.0,-0.0001574940869933683
EXIT,ACHIEVE LIFE SCIENCE INC,004468500,,0.0,-100.0,0.0,0.0001422323070260302,0.0,-0.0001422323070260302
EXIT,ACUMEN PHARMACEUTICALS INC,00509G209,,0.0,-100.0,0.0,0.0002037188821110304,0.0,-0.0002037188821110304
EXIT,ACV AUCTIONS INC,00091G104,CALL,0.0,-100.0,0.0,0.0003715715563303833,0.0,-0.0003715715563303833
EXIT,ADAPTIVE BIOTECHNOLOGIES COR,00650F109,,0.0,-100.0,0.0,0.01817101833729569,0.0,-0.01817101833729569
EXIT,ADVANCED ENERGY INDS,007973100,,0.0,-100.0,0.0,0.03991868323969551,0.0,-0.03991868323969551
EXIT,ADVANCED ENERGY INDS,007973100,CALL,0.0,-100.0,0.0,0.00037211350838933094,0.0,-0.00037211350838933094
EXIT,ADVANSIX INC,00773T101,,0.0,-100.0,0.0,0.006467668683586276,0.0,-0.006467668683586276
EXIT,AEMETIS INC,00770K202,,0.0,-100.0,0.0,0.0003476744173150383,0.0,-0.0003476744173150383
EXIT,AEROVIRONMENT INC,008073AA6,,0.0,-100.0,0.0,0.00277248323799539,0.0,-0.00277248323799539
EXIT,AFFILIATED MANAGERS GROUP,008252108,,0.0,-100.0,0.0,0.015695263460653176,0.0,-0.015695263460653176
EXIT,AFFIRM HLDGS INC,00827B106,,0.0,-100.0,0.0,0.005265023253938781,0.0,-0.005265023253938781
EXIT,AFLAC INC,001055102,,0.0,-100.0,0.0,0.016509804593146032,0.0,-0.016509804593146032
EXIT,AGIOS PHARMACEUTICALS INC,00847X104,CALL,0.0,-100.0,0.0,0.0006371472833728344,0.0,-0.0006371472833728344
EXIT,AGIOS PHARMACEUTICALS INC,00847X104,PUT,0.0,-100.0,0.0,0.0006371472833728344,0.0,-0.0006371472833728344
EXIT,AGNC INVT CORP,00123Q104,CALL,0.0,-100.0,0.0,0.001927581259306596,0.0,-0.001927581259306596
EXIT,AIRBNB INC,009066101,,0.0,-100.0,0.0,0.1365005413343361,0.0,-0.1365005413343361
EXIT,AKAMAI TECHNOLOGIES INC,00971TAN1,,0.0,-100.0,0.0,0.010988404703850955,0.0,-0.010988404703850955
EXIT,ALASKA AIR GROUP INC,011659109,,0.0,-100.0,0.0,0.019351311767840582,0.0,-0.019351311767840582
EXIT,ALCON AG,H01301128,,0.0,-100.0,0.0,0.11272314425617602,0.0,-0.11272314425617602
EXIT,ALEXANDRIA REAL ESTATE EQ IN,015271109,,0.0,-100.0,0.0,0.006451717612347746,0.0,-0.006451717612347746
EXIT,ALIGN TECHNOLOGY INC,016255101,CALL,0.0,-100.0,0.0,0.0013397913308247733,0.0,-0.0013397913308247733
EXIT,ALIGNMENT HEALTHCARE INC,01625V104,,0.0,-100.0,0.0,0.05507463393511604,0.0,-0.05507463393511604
EXIT,ALKERMES PLC,G01767105,CALL,0.0,-100.0,0.0,0.0007475094781853375,0.0,-0.0007475094781853375
EXIT,ALKERMES PLC,G01767105,PUT,0.0,-100.0,0.0,0.0007475094781853375,0.0,-0.0007475094781853375
EXIT,ALLOGENE THERAPEUTICS INC,019770106,,0.0,-100.0,0.0,0.0006919267212744049,0.0,-0.0006919267212744049
EXIT,ALMONTY INDS INC,020398707,,0.0,-100.0,0.0,0.018793358670443325,0.0,-0.018793358670443325
EXIT,ALNYLAM PHARMACEUTICALS INC,02043Q107,PUT,0.0,-100.0,0.0,0.000296739892247751,0.0,-0.000296739892247751
EXIT,ALPHA & OMEGA SEMICONDUCTOR,G6331P104,,0.0,-100.0,0.0,0.0036706682006735773,0.0,-0.0036706682006735773
EXIT,ALPHA METALLURGICAL RESOUR I,020764106,CALL,0.0,-100.0,0.0,0.0008678804897460647,0.0,-0.0008678804897460647
EXIT,ALPHA METALLURGICAL RESOUR I,020764106,PUT,0.0,-100.0,0.0,0.001288671030229005,0.0,-0.001288671030229005
EXIT,ALPHABET INC,02079K107,,0.0,-100.0,0.0,0.072584218362019,0.0,-0.072584218362019
EXIT,ALPHATEC HLDGS INC,02081G201,,0.0,-100.0,0.0,0.034759364980251804,0.0,-0.034759364980251804
EXIT,ALUMIS INC,022307102,,0.0,-100.0,0.0,0.010245276965716685,0.0,-0.010245276965716685
EXIT,ALX ONCOLOGY HLDGS INC,00166B105,,0.0,-100.0,0.0,0.00010556662375661434,0.0,-0.00010556662375661434
EXIT,AMARIN CORP PLC,023111404,,0.0,-100.0,0.0,0.004460411503140592,0.0,-0.004460411503140592
EXIT,AMC NETWORKS INC,00164V103,,0.0,-100.0,0.0,0.0011744216426343578,0.0,-0.0011744216426343578
EXIT,AMDOCS LTD,G02602103,,0.0,-100.0,0.0,0.0038566781906834878,0.0,-0.0038566781906834878
EXIT,AMERICAN EAGLE OUTFITTERS IN,02553E106,,0.0,-100.0,0.0,0.030744992833730514,0.0,-0.030744992833730514
EXIT,AMERICAN EAGLE OUTFITTERS IN,02553E106,CALL,0.0,-100.0,0.0,0.000385131888698945,0.0,-0.000385131888698945
EXIT,AMERICAN FINANCIAL GROUP INC,025932104,,0.0,-100.0,0.0,0.005405135157519047,0.0,-0.005405135157519047
EXIT,AMERICAN PUB ED INC,02913V103,,0.0,-100.0,0.0,0.006167943570777419,0.0,-0.006167943570777419
EXIT,AMERICAN WTR WKS CO INC NEW,030420103,,0.0,-100.0,0.0,0.05251407573274837,0.0,-0.05251407573274837
EXIT,AMERICAS GOLD AND SILVER COR,03062D803,,0.0,-100.0,0.0,0.0006968965369639033,0.0,-0.0006968965369639033
EXIT,AMICUS THERAPEUTIC,03152W109,,0.0,-100.0,0.0,0.001012962209015829,0.0,-0.001012962209015829
EXIT,AMNEAL PHARMACEUTICALS INC,03168L105,,0.0,-100.0,0.0,0.0012438568479172564,0.0,-0.0012438568479172564
EXIT,AMPLIFY ETF TR,032108649,,0.0,-100.0,0.0,0.0010825831898272082,0.0,-0.0010825831898272082
EXIT,AMPLIFY ETF TR,032108649,CALL,0.0,-100.0,0.0,0.0027111235027539727,0.0,-0.0027111235027539727
EXIT,AMYLYX PHARMACEUTICALS INC,03237H101,,0.0,-100.0,0.0,0.0018972639742690606,0.0,-0.0018972639742690606
EXIT,ANAPTYSBIO INC,032724106,,0.0,-100.0,0.0,0.0039296059759018264,0.0,-0.0039296059759018264
EXIT,ANIXA BIOSCIENCES INC,03528H109,,0.0,-100.0,0.0,5.710611624447563e-05,0.0,-5.710611624447563e-05
EXIT,AON PLC,G0403H108,,0.0,-100.0,0.0,0.013769946100372965,0.0,-0.013769946100372965
EXIT,APARTMENT INVT & MGMT CO,03748R747,,0.0,-100.0,0.0,0.0003982963270102612,0.0,-0.0003982963270102612
EXIT,APELLIS PHARMACEUTICALS INC,03753U106,,0.0,-100.0,0.0,0.21565210399762932,0.0,-0.21565210399762932
EXIT,APOGEE THERAPEUTICS INC,03770N101,CALL,0.0,-100.0,0.0,0.0014881849793436618,0.0,-0.0014881849793436618
EXIT,APPLIED OPTOELECTRONICS INC,03823U102,,0.0,-100.0,0.0,0.028778912478869975,0.0,-0.028778912478869975
EXIT,APTARGROUP INC,038336103,,0.0,-100.0,0.0,0.013486115685538822,0.0,-0.013486115685538822
EXIT,APTIV PLC,G3265R107,,0.0,-100.0,0.0,0.046407280497473065,0.0,-0.046407280497473065
EXIT,AQUESTIVE THERAPEUTICS INC,03843E104,,0.0,-100.0,0.0,0.0015086202874765565,0.0,-0.0015086202874765565
EXIT,ARBE ROBOTICS LTD,M1R95N100,,0.0,-100.0,0.0,2.1775454359039485e-05,0.0,-2.1775454359039485e-05
EXIT,ARBOR REALTY TRUST INC,038923108,,0.0,-100.0,0.0,0.003933422702104202,0.0,-0.003933422702104202
EXIT,ARCELLX INC,03940C100,,0.0,-100.0,0.0,0.0014479895610331095,0.0,-0.0014479895610331095
EXIT,ARCELLX INC,03940C100,CALL,0.0,-100.0,0.0,0.0011621578953335382,0.0,-0.0011621578953335382
EXIT,ARCELLX INC,03940C100,PUT,0.0,-100.0,0.0,0.0011621578953335382,0.0,-0.0011621578953335382
EXIT,ARCUS BIOSCIENCES INC,03969F109,,0.0,-100.0,0.0,0.003577520350693273,0.0,-0.003577520350693273
EXIT,ARDELYX INC,039697107,,0.0,-100.0,0.0,0.0229025647400172,0.0,-0.0229025647400172
EXIT,ARES CAPITAL CORP,04010L103,,0.0,-100.0,0.0,0.004481820531284835,0.0,-0.004481820531284835
EXIT,ARK ETF TR,00214Q203,,0.0,-100.0,0.0,0.002915011504656448,0.0,-0.002915011504656448
EXIT,ARK ETF TR,00214Q104,,0.0,-100.0,0.0,0.008642209680771,0.0,-0.008642209680771
EXIT,ARKO CORP,041242108,,0.0,-100.0,0.0,0.0014321076751638078,0.0,-0.0014321076751638078
EXIT,ARLO TECHNOLOGIES INC,04206A101,,0.0,-100.0,0.0,0.0012643818407880383,0.0,-0.0012643818407880383
EXIT,ARM HOLDINGS PLC,042068205,,0.0,-100.0,0.0,0.0027642822093208656,0.0,-0.0027642822093208656
EXIT,ARRAY TECHNOLOGIES INC,04271T100,,0.0,-100.0,0.0,0.008455869138441447,0.0,-0.008455869138441447
EXIT,ARROWHEAD PHARMACEUTICALS IN,04280AAC4,,0.0,-100.0,0.0,0.010327221910724322,0.0,-0.010327221910724322
EXIT,ARTESIAN RES CORP,043113208,,0.0,-100.0,0.0,0.00035460960997481,0.0,-0.00035460960997481
EXIT,ASCENDIS PHARMA A/S,04351PAD3,,0.0,-100.0,0.0,0.0902947657871588,0.0,-0.0902947657871588
EXIT,ASE TECHNOLOGY HLDG CO LTD,00215W100,,0.0,-100.0,0.0,0.04651251913133112,0.0,-0.04651251913133112
EXIT,ASE TECHNOLOGY HLDG CO LTD,00215W100,PUT,0.0,-100.0,0.0,0.0005471998973245663,0.0,-0.0005471998973245663
EXIT,AST SPACEMOBILE INC,00217D100,,0.0,-100.0,0.0,0.0041407827845734565,0.0,-0.0041407827845734565
EXIT,ATAIBECKLEY INC,04650F101,,0.0,-100.0,0.0,0.0030148459924515215,0.0,-0.0030148459924515215
EXIT,ATAIBECKLEY INC,04650F101,CALL,0.0,-100.0,0.0,9.388454604152125e-05,0.0,-9.388454604152125e-05
EXIT,ATEA PHARMACEUTICALS INC,04683R106,,0.0,-100.0,0.0,0.0008240682140775712,0.0,-0.0008240682140775712
EXIT,ATRIUM THERAPEUTICS INC,04965N104,,0.0,-100.0,0.0,0.00038898320758593447,0.0,-0.00038898320758593447
EXIT,AUTODESK INC,052769106,,0.0,-100.0,0.0,0.027990511885050192,0.0,-0.027990511885050192
EXIT,AUTOHOME INC,05278C107,,0.0,-100.0,0.0,0.0018327575859383401,0.0,-0.0018327575859383401
EXIT,AUTONATION INC,05329W102,,0.0,-100.0,0.0,0.002322820617965441,0.0,-0.002322820617965441
EXIT,AVIDIA BANCORP INC,05369T100,,0.0,-100.0,0.0,0.00044296573253084905,0.0,-0.00044296573253084905
EXIT,AXT INC,00246W103,,0.0,-100.0,0.0,0.00031391451955317136,0.0,-0.00031391451955317136
EXIT,BACKBLAZE INC,05637B105,,0.0,-100.0,0.0,0.0023895204387427765,0.0,-0.0023895204387427765
EXIT,BAKER HUGHES COMPANY,05722G100,,0.0,-100.0,0.0,0.08797105088423555,0.0,-0.08797105088423555
EXIT,BAKER HUGHES COMPANY,05722G100,CALL,0.0,-100.0,0.0,0.0008838623100375837,0.0,-0.0008838623100375837
EXIT,BAKER HUGHES COMPANY,05722G100,PUT,0.0,-100.0,0.0,0.0005788124862193026,0.0,-0.0005788124862193026
EXIT,BALLARD PWR SYS INC NEW,058586108,,0.0,-100.0,0.0,0.0018641984926205495,0.0,-0.0018641984926205495
EXIT,BANCO DE CHILE,059520106,,0.0,-100.0,0.0,0.0023053192819720023,0.0,-0.0023053192819720023
EXIT,BANCO MACRO S A,05961W105,,0.0,-100.0,0.0,0.0032438405961202794,0.0,-0.0032438405961202794
EXIT,BAOZUN INC,06684L103,,0.0,-100.0,0.0,0.00012822867581019695,0.0,-0.00012822867581019695
EXIT,BARCLAYS PLC,06738E204,,0.0,-100.0,0.0,0.008413826214530417,0.0,-0.008413826214530417
EXIT,BEAM THERAPEUTICS INC,07373V105,CALL,0.0,-100.0,0.0,0.00039385308885321553,0.0,-0.00039385308885321553
EXIT,BEAM THERAPEUTICS INC,07373V105,PUT,0.0,-100.0,0.0,0.00039385308885321553,0.0,-0.00039385308885321553
EXIT,BEL FUSE INC,077347300,,0.0,-100.0,0.0,0.0011931888146425483,0.0,-0.0011931888146425483
EXIT,BGC GROUP INC,088929104,,0.0,-100.0,0.0,0.0053964728930496735,0.0,-0.0053964728930496735
EXIT,BIGBEAR AI HLDGS INC,08975B109,,0.0,-100.0,0.0,0.0037443749619009946,0.0,-0.0037443749619009946
EXIT,BIGLARI HLDGS INC,08986R408,,0.0,-100.0,0.0,0.0010516265807295905,0.0,-0.0010516265807295905
EXIT,BILL HOLDINGS INC,090043AF7,,0.0,-100.0,0.0,0.010824922238787798,0.0,-0.010824922238787798
EXIT,BINGEX LTD,090337106,,0.0,-100.0,0.0,6.477672375492335e-05,0.0,-6.477672375492335e-05
EXIT,BIOMARIN PHARMACEUTICAL INC,09061G101,,0.0,-100.0,0.0,0.08679323403366689,0.0,-0.08679323403366689
EXIT,BIOMARIN PHARMACEUTICAL INC,09061G101,CALL,0.0,-100.0,0.0,0.007237558347506122,0.0,-0.007237558347506122
EXIT,BIO-TECHNE CORP,09073M104,,0.0,-100.0,0.0,0.01974922629410955,0.0,-0.01974922629410955
EXIT,BIRKENSTOCK HOLDING PLC,M2029K104,,0.0,-100.0,0.0,0.08734115140889456,0.0,-0.08734115140889456
EXIT,BITFARMS LTD,09173B107,,0.0,-100.0,0.0,0.02900393917349249,0.0,-0.02900393917349249
EXIT,BITFARMS LTD,09173B107,CALL,0.0,-100.0,0.0,0.0012431842123831014,0.0,-0.0012431842123831014
EXIT,BJS RESTAURANTS INC,09180C106,,0.0,-100.0,0.0,0.0013702059878634434,0.0,-0.0013702059878634434
EXIT,BLACK DIAMOND THERAPEUTICS I,09203E105,,0.0,-100.0,0.0,0.00027558582500121644,0.0,-0.00027558582500121644
EXIT,BLACKBERRY LTD,09228F103,,0.0,-100.0,0.0,0.0035573592216162054,0.0,-0.0035573592216162054
EXIT,BLUE BIRD CORP,095306106,,0.0,-100.0,0.0,0.003698606277736016,0.0,-0.003698606277736016
EXIT,BLUE FOUNDRY BANCORP,09549B104,,0.0,-100.0,0.0,0.0005512715844246502,0.0,-0.0005512715844246502
EXIT,BLUE OWL CAPITAL CORPORATION,69121K104,,0.0,-100.0,0.0,0.0018294136264256848,0.0,-0.0018294136264256848
EXIT,BOOKING HOLDINGS INC,09857L108,,0.0,-100.0,0.0,0.03985852912357341,0.0,-0.03985852912357341
EXIT,BOWMAN CONSULTING GROUP LTD,103002101,,0.0,-100.0,0.0,0.0008924297649269045,0.0,-0.0008924297649269045
EXIT,BRAZIL POTASH CORP,10586A108,,0.0,-100.0,0.0,0.0002685647912351811,0.0,-0.0002685647912351811
EXIT,BRIDGEBIO PHARMA INC,10806X102,PUT,0.0,-100.0,0.0,0.002245367597115417,0.0,-0.002245367597115417
EXIT,BRIGHTHOUSE FINL INC,10922N103,CALL,0.0,-100.0,0.0,0.0027465361621140487,0.0,-0.0027465361621140487
EXIT,BRIGHTHOUSE FINL INC,10922N103,PUT,0.0,-100.0,0.0,0.0004679852119803268,0.0,-0.0004679852119803268
EXIT,BRIGHTSPRING HEALTH SVCS INC,10950A106,CALL,0.0,-100.0,0.0,0.0004258205730678774,0.0,-0.0004258205730678774
EXIT,BRINKER INTL INC,109641100,,0.0,-100.0,0.0,0.2056017773090794,0.0,-0.2056017773090794
EXIT,BRINKS CO,109696104,,0.0,-100.0,0.0,0.021489521477707153,0.0,-0.021489521477707153
EXIT,BRISTOL-MYERS SQUIBB CO,110122108,,0.0,-100.0,0.0,0.041276963719841034,0.0,-0.041276963719841034
EXIT,BRITISH AMERN TOB PLC,110448107,,0.0,-100.0,0.0,0.031029981462893944,0.0,-0.031029981462893944
EXIT,BROOKFIELD BUSINESS CORP,113006100,,0.0,-100.0,0.0,0.0003232968243467255,0.0,-0.0003232968243467255
EXIT,BROOKFIELD INFRASTRUCTURE CO,11276H106,,0.0,-100.0,0.0,0.001516740599886982,0.0,-0.001516740599886982
EXIT,BROOKFIELD RENEWABLE ENERGY,G16258108,,0.0,-100.0,0.0,0.018970748675931723,0.0,-0.018970748675931723
EXIT,BRUKER CORP,116794108,,0.0,-100.0,0.0,0.04409641357385746,0.0,-0.04409641357385746
EXIT,BUILDERS FIRSTSOURCE INC,12008R107,,0.0,-100.0,0.0,0.060401772838515576,0.0,-0.060401772838515576
EXIT,BURFORD CAPITAL LIMITED,G17977110,CALL,0.0,-100.0,0.0,0.00028955358232189476,0.0,-0.00028955358232189476
EXIT,BURLINGTON STORES INC,122017106,PUT,0.0,-100.0,0.0,0.0017925852294175305,0.0,-0.0017925852294175305
EXIT,CABALETTA BIO INC,12674W109,,0.0,-100.0,0.0,0.000849947385800226,0.0,-0.000849947385800226
EXIT,CACI INTL INC,127190304,,0.0,-100.0,0.0,0.022713979516819385,0.0,-0.022713979516819385
EXIT,CADELER A S,12738K109,,0.0,-100.0,0.0,0.000967474109959384,0.0,-0.000967474109959384
EXIT,CAL MAINE FOODS INC,128030202,PUT,0.0,-100.0,0.0,0.000659150793208216,0.0,-0.000659150793208216
EXIT,CALIFORNIA BANCORP,84252A106,,0.0,-100.0,0.0,0.001546486465023121,0.0,-0.001546486465023121
EXIT,CALIX INC,13100M509,,0.0,-100.0,0.0,0.032250308879221194,0.0,-0.032250308879221194
EXIT,CALLAWAY GOLF CO,131193104,CALL,0.0,-100.0,0.0,0.003112060404689745,0.0,-0.003112060404689745
EXIT,CALLAWAY GOLF CO,131193AE4,,0.0,-100.0,0.0,0.06787686121431626,0.0,-0.06787686121431626
EXIT,CAMP4 THERAPEUTICS CORP,13463J101,,0.0,-100.0,0.0,9.789473503562536e-05,0.0,-9.789473503562536e-05
EXIT,CANADIAN NAT RES LTD MED TER,136385101,PUT,0.0,-100.0,0.0,0.0013860212507846002,0.0,-0.0013860212507846002
EXIT,CANADIAN SOLAR INC,136635109,,0.0,-100.0,0.0,0.012995041778394677,0.0,-0.012995041778394677
EXIT,CANTOR EQUITY PARTNERS III I,G1828A108,,0.0,-100.0,0.0,0.0009246496476181922,0.0,-0.0009246496476181922
EXIT,CARDINAL HEALTH INC,14149Y108,,0.0,-100.0,0.0,0.11382275345288585,0.0,-0.11382275345288585
EXIT,CARECLOUD INC,14167R100,,0.0,-100.0,0.0,0.00045610967147350533,0.0,-0.00045610967147350533
EXIT,CARIS LIFE SCIENCES INC,142152107,,0.0,-100.0,0.0,0.021037167034330045,0.0,-0.021037167034330045
EXIT,CARNIVAL CORP,143658300,,0.0,-100.0,0.0,0.22838536243218366,0.0,-0.22838536243218366
EXIT,CARNIVAL CORP,143658300,CALL,0.0,-100.0,0.0,0.00219835741993597,0.0,-0.00219835741993597
EXIT,CARNIVAL CORP,143658300,PUT,0.0,-100.0,0.0,0.0029377747723427893,0.0,-0.0029377747723427893
EXIT,CARPENTER TECHNOLOGY CORP,144285103,,0.0,-100.0,0.0,0.12633464689254456,0.0,-0.12633464689254456
EXIT,CARRIAGE SVCS INC,143905107,,0.0,-100.0,0.0,0.0014905231885814381,0.0,-0.0014905231885814381
EXIT,CARS COM INC,14575E105,,0.0,-100.0,0.0,0.0015467926743424792,0.0,-0.0015467926743424792
EXIT,CARVANA CO,146869102,,0.0,-100.0,0.0,0.08659033768872335,0.0,-0.08659033768872335
EXIT,CATHAY GEN BANCORP,149150104,,0.0,-100.0,0.0,0.002549113148602708,0.0,-0.002549113148602708
EXIT,CBIZ INC,124805102,,0.0,-100.0,0.0,0.014780657222467821,0.0,-0.014780657222467821
EXIT,CBOE GLOBAL MKTS INC,12503M108,,0.0,-100.0,0.0,0.08898026170878662,0.0,-0.08898026170878662
EXIT,CELANESE CORP DEL,150870103,CALL,0.0,-100.0,0.0,0.001087021303142089,0.0,-0.001087021303142089
EXIT,CELCUITY INC,15102K100,CALL,0.0,-100.0,0.0,0.00200345198513818,0.0,-0.00200345198513818
EXIT,CELCUITY INC,15102K100,PUT,0.0,-100.0,0.0,0.0038021716506272027,0.0,-0.0038021716506272027
EXIT,CELSIUS HLDGS INC,15118V207,,0.0,-100.0,0.0,0.038621337132891724,0.0,-0.038621337132891724
EXIT,CENTERPOINT ENERGY INC,15189TBD8,,0.0,-100.0,0.0,0.2102507842851021,0.0,-0.2102507842851021
EXIT,CENTESSA PHARMACEUTICALS PLC,152309100,,0.0,-100.0,0.0,0.01564119893823362,0.0,-0.01564119893823362
EXIT,CENTESSA PHARMACEUTICALS PLC,152309100,CALL,0.0,-100.0,0.0,0.0003002491279202274,0.0,-0.0003002491279202274
EXIT,CENTRAIS ELET BRAS SA,15234Q207,,0.0,-100.0,0.0,0.0035940671848334826,0.0,-0.0035940671848334826
EXIT,CENTRAL GARDEN & PET CO,153527106,,0.0,-100.0,0.0,0.00030192879493980265,0.0,-0.00030192879493980265
EXIT,CENTRUS ENERGY CORP,15643U104,,0.0,-100.0,0.0,0.003848056924951434,0.0,-0.003848056924951434
EXIT,CENTURI HOLDINGS INC,155923105,,0.0,-100.0,0.0,0.00403226553294035,0.0,-0.00403226553294035
EXIT,CG ONCOLOGY INC,156944100,,0.0,-100.0,0.0,0.03463221124008571,0.0,-0.03463221124008571
EXIT,CGI INC,12532H104,,0.0,-100.0,0.0,0.011457862026743176,0.0,-0.011457862026743176
EXIT,CHARGEPOINT HOLDINGS INC,15961R303,,0.0,-100.0,0.0,0.0002535823151658349,0.0,-0.0002535823151658349
EXIT,CHEESECAKE FACTORY INC,163072101,CALL,0.0,-100.0,0.0,0.00032267287481313803,0.0,-0.00032267287481313803
EXIT,CHINA YUCHAI INTL LTD,G21082105,,0.0,-100.0,0.0,0.005013606184587654,0.0,-0.005013606184587654
EXIT,CHUNGHWA TELECOM CO LTD,17133Q502,,0.0,-100.0,0.0,0.0036573705164659716,0.0,-0.0036573705164659716
EXIT,CHURCHILL DOWNS INC,171484108,CALL,0.0,-100.0,0.0,0.011509114292024693,0.0,-0.011509114292024693
EXIT,CI&T INC,G21307106,,0.0,-100.0,0.0,0.00010252887356331693,0.0,-0.00010252887356331693
EXIT,CINEMARK HLDGS INC,17243V102,CALL,0.0,-100.0,0.0,0.004202114333182966,0.0,-0.004202114333182966
EXIT,CINTAS CORP,172908105,CALL,0.0,-100.0,0.0,0.004030693487606239,0.0,-0.004030693487606239
EXIT,CINTAS CORP,172908105,PUT,0.0,-100.0,0.0,0.004247397438552812,0.0,-0.004247397438552812
EXIT,CITI TRENDS INC,17306X102,,0.0,-100.0,0.0,0.0007695911418637351,0.0,-0.0007695911418637351
EXIT,CLEANSPARK INC,18452BAC4,,0.0,-100.0,0.0,0.02061775123275786,0.0,-0.02061775123275786
EXIT,CLIMB BIO INC,28658R106,,0.0,-100.0,0.0,0.0005185917471490548,0.0,-0.0005185917471490548
EXIT,CLOROX CO DEL,189054109,,0.0,-100.0,0.0,0.2114110203646238,0.0,-0.2114110203646238
EXIT,CLOUDFLARE INC,18915M107,,0.0,-100.0,0.0,0.11340834846574051,0.0,-0.11340834846574051
EXIT,COGENT COMM HOLDINGS INC,19239V302,,0.0,-100.0,0.0,0.0004827601319419909,0.0,-0.0004827601319419909
EXIT,COGNIZANT TECHNOLOGY SOLUTIO,192446102,,0.0,-100.0,0.0,0.0026646168413172362,0.0,-0.0026646168413172362
EXIT,COLUMBIA BKG SYS INC,197236102,,0.0,-100.0,0.0,0.012830684246531847,0.0,-0.012830684246531847
EXIT,COMMUNITY HEALTH SYS INC NEW,203668108,,0.0,-100.0,0.0,0.0009134621171720205,0.0,-0.0009134621171720205
EXIT,COMMVAULT SYS INC,204166102,,0.0,-100.0,0.0,0.01524375461623329,0.0,-0.01524375461623329
EXIT,COMPANHIA SIDERURGICA NACION,20440W105,,0.0,-100.0,0.0,9.276220560738861e-05,0.0,-9.276220560738861e-05
EXIT,COMPANIA CERVECERIAS UNIDAS,204429104,,0.0,-100.0,0.0,0.000945634595073282,0.0,-0.000945634595073282
EXIT,COMPASS PATHWAYS PLC,20451W101,CALL,0.0,-100.0,0.0,0.00016720822531710548,0.0,-0.00016720822531710548
EXIT,COMSTOCK INC,205750409,,0.0,-100.0,0.0,0.00023216431854780346,0.0,-0.00023216431854780346
EXIT,COMSTOCK RES INC,205768302,,0.0,-100.0,0.0,0.03470201543400449,0.0,-0.03470201543400449
EXIT,CONAGRA BRANDS INC,205887102,,0.0,-100.0,0.0,0.0037752406050501836,0.0,-0.0037752406050501836
EXIT,CONNECT BIOPHARMA HLDGS LTD,G23549101,,0.0,-100.0,0.0,6.635005029957507e-05,0.0,-6.635005029957507e-05
EXIT,CONSOLIDATED EDISON INC,209115104,,0.0,-100.0,0.0,0.0534073882517382,0.0,-0.0534073882517382
EXIT,CONTEXT THERAPEUTICS INC,21077P108,,0.0,-100.0,0.0,0.0001921111146073297,0.0,-0.0001921111146073297
EXIT,COPT DEFENSE PROPERTIES,22002T108,,0.0,-100.0,0.0,0.0014034623698826,0.0,-0.0014034623698826
EXIT,CORBUS PHARMACEUTICALS HLDGS,21833P301,,0.0,-100.0,0.0,0.0006171194001920563,0.0,-0.0006171194001920563
EXIT,CORCEPT THERAPEUTICS INC,218352102,,0.0,-100.0,0.0,0.002901501139498995,0.0,-0.002901501139498995
EXIT,CORE SCIENTIFIC INC NEW,21874A106,,0.0,-100.0,0.0,0.013214893663641094,0.0,-0.013214893663641094
EXIT,CORE SCIENTIFIC INC NEW,21874A106,CALL,0.0,-100.0,0.0,0.0009583454848529967,0.0,-0.0009583454848529967
EXIT,CORECIVIC INC,21871N101,,0.0,-100.0,0.0,0.001205521747312595,0.0,-0.001205521747312595
EXIT,CORPAY INC,219948106,,0.0,-100.0,0.0,0.01580754490885647,0.0,-0.01580754490885647
EXIT,COSTCO WHOLESALE CORPORATION,22160K105,,0.0,-100.0,0.0,0.19861784868152915,0.0,-0.19861784868152915
EXIT,COTERRA ENERGY INC,127097103,,0.0,-100.0,0.0,0.011146841761802683,0.0,-0.011146841761802683
EXIT,COTERRA ENERGY INC,127097103,CALL,0.0,-100.0,0.0,0.001467708672473447,0.0,-0.001467708672473447
EXIT,COTERRA ENERGY INC,127097103,PUT,0.0,-100.0,0.0,0.0007968847700239269,0.0,-0.0007968847700239269
EXIT,COVISTA INC,00737L103,CALL,0.0,-100.0,0.0,0.0003248509327332585,0.0,-0.0003248509327332585
EXIT,COYA THERAPEUTICS INC,22407B108,,0.0,-100.0,0.0,0.00019021236058520114,0.0,-0.00019021236058520114
EXIT,CPS TECHNOLOGIES CORP,12619F104,,0.0,-100.0,0.0,7.296878395565873e-05,0.0,-7.296878395565873e-05
EXIT,CRACKER BARREL OLD CTRY STOR,22410JAB2,,0.0,-100.0,0.0,0.0015856146349528144,0.0,-0.0015856146349528144
EXIT,CRANE NXT CO,224441105,,0.0,-100.0,0.0,0.010590891196481397,0.0,-0.010590891196481397
EXIT,CRESUD S A C I F Y A,226406106,,0.0,-100.0,0.0,0.0015700530517188244,0.0,-0.0015700530517188244
EXIT,CRITICAL METALS CORP,G2662B103,,0.0,-100.0,0.0,0.0023192588526607734,0.0,-0.0023192588526607734
EXIT,CRITICAL METALS CORP,G2662B103,CALL,0.0,-100.0,0.0,0.0003204435684713677,0.0,-0.0003204435684713677
EXIT,CROSS CTRY HEALTHCARE INC,227483104,,0.0,-100.0,0.0,0.0004592383876152313,0.0,-0.0004592383876152313
EXIT,CROWN CASTLE INC,22822V101,PUT,0.0,-100.0,0.0,0.0013646955013255386,0.0,-0.0013646955013255386
EXIT,CSG SYS INTL INC,126349109,,0.0,-100.0,0.0,0.001280044639654787,0.0,-0.001280044639654787
EXIT,CUBESMART,229663109,,0.0,-100.0,0.0,0.041071137246389645,0.0,-0.041071137246389645
EXIT,CUMMINS INC,231021106,,0.0,-100.0,0.0,0.12593681820738187,0.0,-0.12593681820738187
EXIT,CURTISS WRIGHT CORP,231561101,,0.0,-100.0,0.0,0.020944667476883613,0.0,-0.020944667476883613
EXIT,CURTISS WRIGHT CORP,231561101,CALL,0.0,-100.0,0.0,0.0017453162477087517,0.0,-0.0017453162477087517
EXIT,CURTISS WRIGHT CORP,231561101,PUT,0.0,-100.0,0.0,0.0018325820600941895,0.0,-0.0018325820600941895
EXIT,CUSHMAN AND WAKEFIELD LTD,G2717C106,,0.0,-100.0,0.0,0.029856110740792325,0.0,-0.029856110740792325
EXIT,CYTOKINETICS INC,23282W605,CALL,0.0,-100.0,0.0,0.002364448429661108,0.0,-0.002364448429661108
EXIT,DANA INC,235825205,CALL,0.0,-100.0,0.0,0.0012933820413891714,0.0,-0.0012933820413891714
EXIT,DAVITA INC,23918K108,,0.0,-100.0,0.0,0.004311524588563323,0.0,-0.004311524588563323
EXIT,DAWSON GEOPHYSICAL CO NEW,239360100,,0.0,-100.0,0.0,0.00013462960367426857,0.0,-0.00013462960367426857
EXIT,DAY ONE BIOPHARMACEUTICALS I,23954D109,,0.0,-100.0,0.0,0.0008773101993296449,0.0,-0.0008773101993296449
EXIT,DEFINITIVE HEALTHCARE CORP,24477E103,,0.0,-100.0,0.0,3.4210883872385993e-05,0.0,-3.4210883872385993e-05
EXIT,DELEK US HLDGS INC NEW,24665A103,,0.0,-100.0,0.0,0.006935361779563198,0.0,-0.006935361779563198
EXIT,DELEK US HLDGS INC NEW,24665A103,CALL,0.0,-100.0,0.0,0.001062492527329909,0.0,-0.001062492527329909
EXIT,DESTINATION XL GROUP INC,25065K104,,0.0,-100.0,0.0,8.216403201019075e-06,0.0,-8.216403201019075e-06
EXIT,DESTINY TECH100 INC,25063F107,,0.0,-100.0,0.0,0.0007803648413050838,0.0,-0.0007803648413050838
EXIT,DIAGEO PLC,25243Q205,,0.0,-100.0,0.0,0.020355684741387887,0.0,-0.020355684741387887
EXIT,DIAMONDROCK HOSPITALITY CO,252784301,,0.0,-100.0,0.0,0.0033829454682151247,0.0,-0.0033829454682151247
EXIT,DIANTHUS THERAPEUTICS INC,252828108,,0.0,-100.0,0.0,0.06919924217509602,0.0,-0.06919924217509602
EXIT,DIEBOLD NIXDORF INC,253651202,,0.0,-100.0,0.0,0.0011256382700658245,0.0,-0.0011256382700658245
EXIT,DIGITAL TURBINE INC,25400W102,,0.0,-100.0,0.0,0.0008260361534689272,0.0,-0.0008260361534689272
EXIT,DIGITALBRIDGE GROUP INC,25401T603,,0.0,-100.0,0.0,0.0002587276566994842,0.0,-0.0002587276566994842
EXIT,DIGITALBRIDGE GROUP INC,25401T603,CALL,0.0,-100.0,0.0,0.003951253309206741,0.0,-0.003951253309206741
EXIT,DOCEBO INC,25609L105,,0.0,-100.0,0.0,0.00032009636041468965,0.0,-0.00032009636041468965
EXIT,DOCUSIGN INC,256163106,,0.0,-100.0,0.0,0.13603347475031385,0.0,-0.13603347475031385
EXIT,DOMINOS PIZZA INC,25754A201,PUT,0.0,-100.0,0.0,0.000275811318056476,0.0,-0.000275811318056476
EXIT,DOMO INC,257554105,,0.0,-100.0,0.0,0.002264624191550364,0.0,-0.002264624191550364
EXIT,DRAFTKINGS INC NEW,26142V105,,0.0,-100.0,0.0,0.06982212317909205,0.0,-0.06982212317909205
EXIT,DUOLINGO INC,26603R106,PUT,0.0,-100.0,0.0,0.0014649515073886829,0.0,-0.0014649515073886829
EXIT,DUPONT DE NEMOURS INC,26614N102,,0.0,-100.0,0.0,0.0009634575149125737,0.0,-0.0009634575149125737
EXIT,DUPONT DE NEMOURS INC,26614N102,CALL,0.0,-100.0,0.0,0.001015154360251903,0.0,-0.001015154360251903
EXIT,DUPONT DE NEMOURS INC,26614N102,PUT,0.0,-100.0,0.0,0.0005515867622177971,0.0,-0.0005515867622177971
EXIT,D-WAVE QUANTUM INC,26740W109,,0.0,-100.0,0.0,0.0034435877255534434,0.0,-0.0034435877255534434
EXIT,DYNAGAS LNG PARTNERS LP,Y2188B108,,0.0,-100.0,0.0,7.747736385030804e-05,0.0,-7.747736385030804e-05
EXIT,EAGLE BANCORPORATION INC,268948106,,0.0,-100.0,0.0,0.0007130461958363257,0.0,-0.0007130461958363257
EXIT,ECOPETROL S A,279158109,,0.0,-100.0,0.0,0.0007896279935183019,0.0,-0.0007896279935183019
EXIT,ECOPETROL S A,279158109,CALL,0.0,-100.0,0.0,0.0008719227090037001,0.0,-0.0008719227090037001
EXIT,ECOPETROL S A,279158109,PUT,0.0,-100.0,0.0,0.0007278826139039698,0.0,-0.0007278826139039698
EXIT,EHANG HLDGS LTD,26853E102,,0.0,-100.0,0.0,0.0010585412740207025,0.0,-0.0010585412740207025
EXIT,ELEVANCE HEALTH INC FORMERLY,036752103,,0.0,-100.0,0.0,0.022257289456970693,0.0,-0.022257289456970693
EXIT,EMCOR GROUP INC,29084Q100,,0.0,-100.0,0.0,0.01693026458130933,0.0,-0.01693026458130933
EXIT,EMERA INC,290876101,,0.0,-100.0,0.0,0.06805331081126736,0.0,-0.06805331081126736
EXIT,ENDAVA PLC,29260V105,,0.0,-100.0,0.0,0.000129529104509563,0.0,-0.000129529104509563
EXIT,ENDEAVOUR SILVER CORP,29258Y103,,0.0,-100.0,0.0,0.0025023271832679793,0.0,-0.0025023271832679793
EXIT,ENERGY FUELS INC,292671708,PUT,0.0,-100.0,0.0,0.0027894836206672005,0.0,-0.0027894836206672005
EXIT,ENERGY VAULT HOLDINGS INC,29280W109,,0.0,-100.0,0.0,0.0014629707558919145,0.0,-0.0014629707558919145
EXIT,ENGENE HOLDINGS INC,29286M105,,0.0,-100.0,0.0,0.001512844438631049,0.0,-0.001512844438631049
EXIT,ENLIVEN THERAPEUTICS INC,29337E102,PUT,0.0,-100.0,0.0,0.0019888487473890427,0.0,-0.0019888487473890427
EXIT,ENOVA INTL INC,29357K103,,0.0,-100.0,0.0,0.004281581417003831,0.0,-0.004281581417003831
EXIT,ENPHASE ENERGY INC,29355A107,,0.0,-100.0,0.0,0.02106505770660246,0.0,-0.02106505770660246
EXIT,ENSIGN GROUP INC,29358P101,PUT,0.0,-100.0,0.0,0.0004130622784981366,0.0,-0.0004130622784981366
EXIT,ENTERA BIO LTD,M40527109,,0.0,-100.0,0.0,1.760895767890319e-05,0.0,-1.760895767890319e-05
EXIT,ENTERPRISE FINL SVCS CORP,293712105,,0.0,-100.0,0.0,0.004594254443542534,0.0,-0.004594254443542534
EXIT,ENTERPRISE PRODS PARTNERS L,293792107,PUT,0.0,-100.0,0.0,0.006181328377301829,0.0,-0.006181328377301829
EXIT,ENTRAVISION COMMUNICATIONS C,29382R107,,0.0,-100.0,0.0,6.610790150727932e-05,0.0,-6.610790150727932e-05
EXIT,EPR PPTYS,26884U109,,0.0,-100.0,0.0,0.007597132648328265,0.0,-0.007597132648328265
EXIT,EQUINOX GOLD CORP,29446Y502,,0.0,-100.0,0.0,0.03818267754899001,0.0,-0.03818267754899001
EXIT,EQUIPMENTSHARE COM INC,29445S100,,0.0,-100.0,0.0,0.004921739545148597,0.0,-0.004921739545148597
EXIT,ESCO TECHNOLOGIES INC,296315104,,0.0,-100.0,0.0,0.0016254679700488538,0.0,-0.0016254679700488538
EXIT,ESPERION THERAPEUTICS INC NE,29664W105,,0.0,-100.0,0.0,0.005930568568958362,0.0,-0.005930568568958362
EXIT,ESSEX PPTY TR INC,297178105,,0.0,-100.0,0.0,0.00409021852935259,0.0,-0.00409021852935259
EXIT,EVERQUOTE INC,30041R108,,0.0,-100.0,0.0,0.0017140739286604359,0.0,-0.0017140739286604359
EXIT,EVERUS CONSTR GROUP,300426103,,0.0,-100.0,0.0,0.0035963515832285265,0.0,-0.0035963515832285265
EXIT,EVOLUTION PETE CORP,30049A107,,0.0,-100.0,0.0,0.0009844117133146735,0.0,-0.0009844117133146735
EXIT,EVOTEC AG,30050E105,,0.0,-100.0,0.0,3.2168634269637755e-05,0.0,-3.2168634269637755e-05
EXIT,EXAGEN INC,30068X103,,0.0,-100.0,0.0,7.470482423904885e-05,0.0,-7.470482423904885e-05
EXIT,EXPAND ENERGY CORPORATION,165167735,,0.0,-100.0,0.0,0.21373398704059096,0.0,-0.21373398704059096
EXIT,EZCORP INC,302301106,,0.0,-100.0,0.0,0.006076052588338078,0.0,-0.006076052588338078
EXIT,FABRINET,G3323L100,,0.0,-100.0,0.0,0.08018123057655639,0.0,-0.08018123057655639
EXIT,FACTSET RESH SYS INC,303075105,PUT,0.0,-100.0,0.0,0.0018904671523477434,0.0,-0.0018904671523477434
EXIT,FAIR ISAAC CORP,303250104,,0.0,-100.0,0.0,0.012774724813721787,0.0,-0.012774724813721787
EXIT,FARMLAND PARTNERS INC,31154R109,,0.0,-100.0,0.0,0.0036151559103424135,0.0,-0.0036151559103424135
EXIT,FASTLY INC,31188V100,,0.0,-100.0,0.0,0.11729268286716735,0.0,-0.11729268286716735
EXIT,FEDERAL SIGNAL CORP,313855108,,0.0,-100.0,0.0,0.005383503198740627,0.0,-0.005383503198740627
EXIT,FIDELITY COVINGTON TRUST,316092600,,0.0,-100.0,0.0,0.0002679139362802275,0.0,-0.0002679139362802275
EXIT,FIREFLY AEROSPACE INC,31816X106,,0.0,-100.0,0.0,0.03507319493990925,0.0,-0.03507319493990925
EXIT,FIRST AMERN FINL CORP,31847R102,,0.0,-100.0,0.0,0.007933518319564372,0.0,-0.007933518319564372
EXIT,FIRST MID BANCSHARES INC,320866106,,0.0,-100.0,0.0,0.0008269535002164601,0.0,-0.0008269535002164601
EXIT,FIRST TR EXCHANGE-TRADED FD,33734X192,CALL,0.0,-100.0,0.0,0.00036429428045609854,0.0,-0.00036429428045609854
EXIT,FIRST TR EXCHANGE-TRADED FD,33734X846,,0.0,-100.0,0.0,0.000266455918684288,0.0,-0.000266455918684288
EXIT,FIRSTENERGY CORP,337932107,,0.0,-100.0,0.0,0.013160496026480813,0.0,-0.013160496026480813
EXIT,FIRSTSERVICE CORP NEW,33767E202,,0.0,-100.0,0.0,0.007145131819060539,0.0,-0.007145131819060539
EXIT,FLOWCO HLDGS INC,342909108,,0.0,-100.0,0.0,0.0011646152571516506,0.0,-0.0011646152571516506
EXIT,FLOWERS FOODS INC,343498101,,0.0,-100.0,0.0,0.031278619586581104,0.0,-0.031278619586581104
EXIT,FLOWSERVE CORP,34354P105,,0.0,-100.0,0.0,0.004220945565718219,0.0,-0.004220945565718219
EXIT,FLUSHING FINL CORP,343873105,,0.0,-100.0,0.0,0.0005605091124270433,0.0,-0.0005605091124270433
EXIT,FLUTTER ENTMT PLC,G3643J108,,0.0,-100.0,0.0,0.00875241556789747,0.0,-0.00875241556789747
EXIT,FOGHORN THERAPEUTICS INC,344174107,,0.0,-100.0,0.0,0.00016930941060475107,0.0,-0.00016930941060475107
EXIT,FORD MTR CO,345370860,,0.0,-100.0,0.0,0.011796170795001696,0.0,-0.011796170795001696
EXIT,FORGENT POWER SOLUTIONS INC,34631F102,CALL,0.0,-100.0,0.0,0.005625154881346367,0.0,-0.005625154881346367
EXIT,FORGENT POWER SOLUTIONS INC,34631F102,PUT,0.0,-100.0,0.0,0.003750103254230911,0.0,-0.003750103254230911
EXIT,FORTREA HLDGS INC,34965K107,,0.0,-100.0,0.0,0.004252778522826051,0.0,-0.004252778522826051
EXIT,FORWARD AIR CORP,34986A104,,0.0,-100.0,0.0,0.0009966972411946942,0.0,-0.0009966972411946942
EXIT,FOSSIL GROUP INC,34988V106,,0.0,-100.0,0.0,0.0017225107000745496,0.0,-0.0017225107000745496
EXIT,FOUR CORNERS PPTY TR INC,35086T109,,0.0,-100.0,0.0,0.0023765686813813076,0.0,-0.0023765686813813076
EXIT,FOXX DEV HLDGS INC,351665112,,0.0,-100.0,0.0,7.999878619548278e-06,0.0,-7.999878619548278e-06
EXIT,FREIGHTCAR AMER INC,357023100,,0.0,-100.0,0.0,0.0008132650467937738,0.0,-0.0008132650467937738
EXIT,FRESHPET INC,358039105,,0.0,-100.0,0.0,0.06481958793479133,0.0,-0.06481958793479133
EXIT,FRESHPET INC,358039105,CALL,0.0,-100.0,0.0,0.00047590309312523524,0.0,-0.00047590309312523524
EXIT,FRESHPET INC,358039105,PUT,0.0,-100.0,0.0,0.0002946066766965742,0.0,-0.0002946066766965742
EXIT,FRONTDOOR INC,35905A109,,0.0,-100.0,0.0,0.004546771499673367,0.0,-0.004546771499673367
EXIT,FRP HLDGS INC,30292L107,,0.0,-100.0,0.0,0.00040311239743480985,0.0,-0.00040311239743480985
EXIT,FTI CONSULTING INC,302941109,,0.0,-100.0,0.0,0.03468172490266276,0.0,-0.03468172490266276
EXIT,FUTU HLDGS LTD,36118L106,,0.0,-100.0,0.0,0.05844320550226892,0.0,-0.05844320550226892
EXIT,GALAXY DIGITAL INC.,36317J209,,0.0,-100.0,0.0,0.041661051421948855,0.0,-0.041661051421948855
EXIT,GAMESTOP CORP,36467W109,,0.0,-100.0,0.0,0.0402674056872333,0.0,-0.0402674056872333
EXIT,GCT SEMICONDUCTOR HLDG INC,36170N107,,0.0,-100.0,0.0,7.537233493103871e-05,0.0,-7.537233493103871e-05
EXIT,GDS HLDGS LTD,36165L108,CALL,0.0,-100.0,0.0,0.003597912097667766,0.0,-0.003597912097667766
EXIT,GDS HLDGS LTD,36165L108,PUT,0.0,-100.0,0.0,0.0020802849000862403,0.0,-0.0020802849000862403
EXIT,GENERAC HLDGS INC,368736104,,0.0,-100.0,0.0,0.013022220097606157,0.0,-0.013022220097606157
EXIT,GENESCO INC,371532102,,0.0,-100.0,0.0,0.001242929251485393,0.0,-0.001242929251485393
EXIT,GENTHERM INC,37253A103,,0.0,-100.0,0.0,0.001568397727699533,0.0,-0.001568397727699533
EXIT,GEO GROUP INC,36162J106,CALL,0.0,-100.0,0.0,0.001393453553134376,0.0,-0.001393453553134376
EXIT,GEO GROUP INC,36162J106,PUT,0.0,-100.0,0.0,0.005582429072216851,0.0,-0.005582429072216851
EXIT,GEVO INC,374396406,,0.0,-100.0,0.0,0.0006827071302195892,0.0,-0.0006827071302195892
EXIT,GILAT SATELLITE NETWORKS LTD,M51474118,CALL,0.0,-100.0,0.0,0.000600406008681485,0.0,-0.000600406008681485
EXIT,GILAT SATELLITE NETWORKS LTD,M51474118,PUT,0.0,-100.0,0.0,0.0002694129526134868,0.0,-0.0002694129526134868
EXIT,GLACIER BANCORP INC NEW,37637Q105,,0.0,-100.0,0.0,0.034246232471219,0.0,-0.034246232471219
EXIT,GLOBAL INDUSTRIAL COMPANY,37892E102,,0.0,-100.0,0.0,0.0006969029430166096,0.0,-0.0006969029430166096
EXIT,GLOBAL X FDS,37954Y384,,0.0,-100.0,0.0,0.00030877942770385206,0.0,-0.00030877942770385206
EXIT,GLOBAL X FDS,37954Y293,CALL,0.0,-100.0,0.0,0.0003220912052274117,0.0,-0.0003220912052274117
EXIT,GLOBALSTAR INC,378973507,,0.0,-100.0,0.0,0.0035936892277238144,0.0,-0.0035936892277238144
EXIT,GLOBE LIFE INC,37959E102,,0.0,-100.0,0.0,0.007500088637092027,0.0,-0.007500088637092027
EXIT,GODADDY INC,380237107,,0.0,-100.0,0.0,0.0051111639612509314,0.0,-0.0051111639612509314
EXIT,GOGO INC,38046C109,CALL,0.0,-100.0,0.0,8.343755528819059e-05,0.0,-8.343755528819059e-05
EXIT,GOLD COM INC,00181T107,,0.0,-100.0,0.0,0.00678607512729706,0.0,-0.00678607512729706
EXIT,GOLD RESOURCE CORP,38068T105,,0.0,-100.0,0.0,0.00012012245671572516,0.0,-0.00012012245671572516
EXIT,GOLD ROYALTY CORP,38071H106,,0.0,-100.0,0.0,0.00270229724333532,0.0,-0.00270229724333532
EXIT,GOLDMINING INC,38149E101,,0.0,-100.0,0.0,3.607504520990084e-05,0.0,-3.607504520990084e-05
EXIT,GRAIL INC,384747101,CALL,0.0,-100.0,0.0,0.0003178222117039757,0.0,-0.0003178222117039757
EXIT,GRAND CANYON ED INC,38526M106,,0.0,-100.0,0.0,0.02690419781012687,0.0,-0.02690419781012687
EXIT,GRANITE PT MTG TR INC,38741L107,,0.0,-100.0,0.0,2.1893325728834237e-05,0.0,-2.1893325728834237e-05
EXIT,GRAPHIC PACKAGING HLDG CO,388689101,,0.0,-100.0,0.0,0.013423661796495179,0.0,-0.013423661796495179
EXIT,GREAT LAKES DREDGE & DOCK CO,390607109,,0.0,-100.0,0.0,0.0006655491586512051,0.0,-0.0006655491586512051
EXIT,GRUPO CIBEST SA,40090E106,,0.0,-100.0,0.0,0.0024746632852613673,0.0,-0.0024746632852613673
EXIT,GUARDANT HEALTH INC,40131MAD1,,0.0,-100.0,0.0,0.022633952543991993,0.0,-0.022633952543991993
EXIT,GUIDEWIRE SOFTWARE INC,40171V100,,0.0,-100.0,0.0,0.06936240305631332,0.0,-0.06936240305631332
EXIT,HARMONY GOLD MNG LTD,413216300,,0.0,-100.0,0.0,0.0068316798165127595,0.0,-0.0068316798165127595
EXIT,HBT FINL INC.,404111106,,0.0,-100.0,0.0,0.00038150350044613256,0.0,-0.00038150350044613256
EXIT,HECLA MINING COMPANY,422704106,,0.0,-100.0,0.0,0.026644839797841095,0.0,-0.026644839797841095
EXIT,HIGHWOODS PPTYS INC,431284108,,0.0,-100.0,0.0,0.0022345605861999952,0.0,-0.0022345605861999952
EXIT,HILLMAN SOLUTIONS CORP,431636109,,0.0,-100.0,0.0,0.01877555112513053,0.0,-0.01877555112513053
EXIT,HOLLEY INC,43538H103,,0.0,-100.0,0.0,0.000495286527403766,0.0,-0.000495286527403766
EXIT,HOLOGIC INC,436440101,,0.0,-100.0,0.0,0.0069512692896433245,0.0,-0.0069512692896433245
EXIT,HOLOGIC INC,436440101,PUT,0.0,-100.0,0.0,0.0005617108879147334,0.0,-0.0005617108879147334
EXIT,HOMEBANCORP INC,43689E107,,0.0,-100.0,0.0,0.0002796498248380529,0.0,-0.0002796498248380529
EXIT,HONDA MOTOR CO LTD,438128308,,0.0,-100.0,0.0,0.010306317679533331,0.0,-0.010306317679533331
EXIT,HONEYWELL INTL INC,438516106,,0.0,-100.0,0.0,0.013046121080253126,0.0,-0.013046121080253126
EXIT,HONEYWELL INTL INC,438516106,CALL,0.0,-100.0,0.0,0.0251945056215175,0.0,-0.0251945056215175
EXIT,HONEYWELL INTL INC,438516106,PUT,0.0,-100.0,0.0,0.0028959201863813216,0.0,-0.0028959201863813216
EXIT,HOPE BANCORP INC,43940T109,,0.0,-100.0,0.0,0.0015064178865561524,0.0,-0.0015064178865561524
EXIT,HORACE MANN EDUCATORS CORP N,440327104,,0.0,-100.0,0.0,0.002100174412528564,0.0,-0.002100174412528564
EXIT,HORMEL FOODS CORP,440452100,,0.0,-100.0,0.0,0.06939172740318138,0.0,-0.06939172740318138
EXIT,HOULIHAN LOKEY INC,441593100,,0.0,-100.0,0.0,0.003389601356976905,0.0,-0.003389601356976905
EXIT,HUBBELL INC,443510607,,0.0,-100.0,0.0,0.044348894047957825,0.0,-0.044348894047957825
EXIT,HUNT J B TRANS SVCS INC,445658107,,0.0,-100.0,0.0,0.01938210822562054,0.0,-0.01938210822562054
EXIT,HUNTINGTON INGALLS INDS INC,446413106,PUT,0.0,-100.0,0.0,0.004380586961578718,0.0,-0.004380586961578718
EXIT,HUNTSMAN CORP,447011107,CALL,0.0,-100.0,0.0,0.00193038967281301,0.0,-0.00193038967281301
EXIT,HYATT HOTELS CORP,448579102,,0.0,-100.0,0.0,0.15959416147147465,0.0,-0.15959416147147465
EXIT,ICICI BANK LIMITED,45104G104,,0.0,-100.0,0.0,0.021864544615235657,0.0,-0.021864544615235657
EXIT,IDEAYA BIOSCIENCES INC,45166A102,,0.0,-100.0,0.0,0.013998072043294757,0.0,-0.013998072043294757
EXIT,IDENTIV INC,45170X205,,0.0,-100.0,0.0,5.840782615438291e-05,0.0,-5.840782615438291e-05
EXIT,IMPERIAL OIL LTD,453038408,,0.0,-100.0,0.0,0.02231624564123673,0.0,-0.02231624564123673
EXIT,INCYTE CORP,45337C102,,0.0,-100.0,0.0,0.02035071492569839,0.0,-0.02035071492569839
EXIT,INCYTE CORP,45337C102,CALL,0.0,-100.0,0.0,0.000530585159025671,0.0,-0.000530585159025671
EXIT,INCYTE CORP,45337C102,PUT,0.0,-100.0,0.0,0.0003738213620408136,0.0,-0.0003738213620408136
EXIT,INFINITY NAT RES INC,456941103,,0.0,-100.0,0.0,0.0010989109369648642,0.0,-0.0010989109369648642
EXIT,INFLEQTION INC,45676K103,,0.0,-100.0,0.0,0.00022964289620262872,0.0,-0.00022964289620262872
EXIT,INFORMATION SVCS GROUP INC,45675Y104,,0.0,-100.0,0.0,0.00023325462871840493,0.0,-0.00023325462871840493
EXIT,INFUSYSTEM HLDGS INC,45685K102,,0.0,-100.0,0.0,0.0006034117286112512,0.0,-0.0006034117286112512
EXIT,INHIBIKASE THERAPEUTICS INC,45719W205,,0.0,-100.0,0.0,8.692116674984206e-05,0.0,-8.692116674984206e-05
EXIT,INNOVATIVE SOLUTIONS & SUPPO,45769N105,,0.0,-100.0,0.0,0.0008983617697328796,0.0,-0.0008983617697328796
EXIT,INSIGHT MOLECULAR DIA INC,68235C206,,0.0,-100.0,0.0,5.147903954731739e-05,0.0,-5.147903954731739e-05
EXIT,INSPERITY INC,45778Q107,,0.0,-100.0,0.0,0.0030945693183806367,0.0,-0.0030945693183806367
EXIT,INSPIRE MED SYS INC,457730109,CALL,0.0,-100.0,0.0,0.00033042419858768433,0.0,-0.00033042419858768433
EXIT,INTAPP INC,45827U109,,0.0,-100.0,0.0,0.033022488066378246,0.0,-0.033022488066378246
EXIT,INTERDIGITAL INC,45867G101,,0.0,-100.0,0.0,0.01975680721688211,0.0,-0.01975680721688211
EXIT,INTERDIGITAL INC,45867G101,PUT,0.0,-100.0,0.0,0.0026310939675055003,0.0,-0.0026310939675055003
EXIT,INTERFACE INC,458665304,,0.0,-100.0,0.0,0.009846108134327833,0.0,-0.009846108134327833
EXIT,INTERNATIONAL FLAVORS&FRAGRA,459506101,,0.0,-100.0,0.0,0.0039669981055481295,0.0,-0.0039669981055481295
EXIT,INTERNATIONAL SEAWAYS INC,Y41053102,,0.0,-100.0,0.0,0.0009541021155403857,0.0,-0.0009541021155403857
EXIT,INTREPID POTASH INC,46121Y201,,0.0,-100.0,0.0,0.0029016856338169345,0.0,-0.0029016856338169345
EXIT,INTUIT,461202103,,0.0,-100.0,0.0,0.012131938922756923,0.0,-0.012131938922756923
EXIT,INVESCO DB COMMDY INDX TRCK,46138B103,,0.0,-100.0,0.0,0.002033516871699089,0.0,-0.002033516871699089
EXIT,INVESCO EXCHANGE TRADED FD T,46137V332,,0.0,-100.0,0.0,0.0002635949755456828,0.0,-0.0002635949755456828
EXIT,INVESCO EXCHANGE TRADED FD T,46137V142,,0.0,-100.0,0.0,0.00036808794486873183,0.0,-0.00036808794486873183
EXIT,INVESCO LTD,G491BT108,,0.0,-100.0,0.0,0.049888257790251724,0.0,-0.049888257790251724
EXIT,INVESCO MORTGAGE CAPITAL INC,46131B704,,0.0,-100.0,0.0,0.00489064969015469,0.0,-0.00489064969015469
EXIT,IONQ INC,46222L108,,0.0,-100.0,0.0,0.015351067529957626,0.0,-0.015351067529957626
EXIT,IRHYTHM HOLDINGS INC,450056106,PUT,0.0,-100.0,0.0,0.0032812237572927942,0.0,-0.0032812237572927942
EXIT,IRHYTHM HOLDINGS INC,450056AB2,,0.0,-100.0,0.0,0.04649807604489964,0.0,-0.04649807604489964
EXIT,IRSA INVERSIONES Y REP S A,450047303,,0.0,-100.0,0.0,0.00023898163983778045,0.0,-0.00023898163983778045
EXIT,ISABELLA BK CORP,464214105,,0.0,-100.0,0.0,0.000350434144820885,0.0,-0.000350434144820885
EXIT,ISHARES BITCOIN TRUST ETF,46438F101,,0.0,-100.0,0.0,0.0023135331227519393,0.0,-0.0023135331227519393
EXIT,ISHARES BITCOIN TRUST ETF,46438F101,CALL,0.0,-100.0,0.0,0.040856010465619354,0.0,-0.040856010465619354
EXIT,ISHARES ETHEREUM TR,46438R105,CALL,0.0,-100.0,0.0,0.021139973930580813,0.0,-0.021139973930580813
EXIT,ISHARES INC,464286640,CALL,0.0,-100.0,0.0,0.0004279038214079456,0.0,-0.0004279038214079456
EXIT,ISHARES INC,464286608,,0.0,-100.0,0.0,0.0003822542898233035,0.0,-0.0003822542898233035
EXIT,ISHARES INC,46434G822,CALL,0.0,-100.0,0.0,0.0008222091775822213,0.0,-0.0008222091775822213
EXIT,ISHARES INC,46434G822,PUT,0.0,-100.0,0.0,0.001460503144389472,0.0,-0.001460503144389472
EXIT,ISHARES INC,464286822,,0.0,-100.0,0.0,0.016915649812665325,0.0,-0.016915649812665325
EXIT,ISHARES INC,464286822,CALL,0.0,-100.0,0.0,0.0019277093803607205,0.0,-0.0019277093803607205
EXIT,ISHARES INC,46434G814,,0.0,-100.0,0.0,0.01028641151135397,0.0,-0.01028641151135397
EXIT,ISHARES SILVER TR,46428Q109,,0.0,-100.0,0.0,0.009880280581883984,0.0,-0.009880280581883984
EXIT,ISHARES TR,464287440,,0.0,-100.0,0.0,0.007765310750025094,0.0,-0.007765310750025094
EXIT,ISHARES TR,464288273,,0.0,-100.0,0.0,0.0005074221536504606,0.0,-0.0005074221536504606
EXIT,ISHARES TR,464288877,,0.0,-100.0,0.0,0.0016623476154786576,0.0,-0.0016623476154786576
EXIT,ISHARES TR,464287325,,0.0,-100.0,0.0,0.0002631785821197774,0.0,-0.0002631785821197774
EXIT,ISHARES TR,464288513,PUT,0.0,-100.0,0.0,0.028031605431950154,0.0,-0.028031605431950154
EXIT,ISHARES TR,46429B671,CALL,0.0,-100.0,0.0,0.001741877478616044,0.0,-0.001741877478616044
EXIT,ISHARES TR,46429B606,,0.0,-100.0,0.0,0.0032281483294110823,0.0,-0.0032281483294110823
EXIT,ISHARES TR,46432F396,,0.0,-100.0,0.0,0.012038366992087466,0.0,-0.012038366992087466
EXIT,ISHARES TR,464287788,,0.0,-100.0,0.0,0.0004386749584282118,0.0,-0.0004386749584282118
EXIT,ISHARES TR,464288760,,0.0,-100.0,0.0,0.008799755016186017,0.0,-0.008799755016186017
EXIT,ISHARES TR,464287762,,0.0,-100.0,0.0,0.0005898552398743133,0.0,-0.0005898552398743133
EXIT,ISHARES TR,464288828,,0.0,-100.0,0.0,0.0015596060609654938,0.0,-0.0015596060609654938
EXIT,ITT INC,45073V108,,0.0,-100.0,0.0,0.048348237594830284,0.0,-0.048348237594830284
EXIT,JADE BIOSCIENCES INC,008064206,CALL,0.0,-100.0,0.0,0.0002016112907706786,0.0,-0.0002016112907706786
EXIT,JADE BIOSCIENCES INC,008064206,PUT,0.0,-100.0,0.0,0.0002016112907706786,0.0,-0.0002016112907706786
EXIT,JANUS LIVING INC,471024109,,0.0,-100.0,0.0,0.003062664613482496,0.0,-0.003062664613482496
EXIT,JAZZ PHARMACEUTICALS PLC,G50871105,,0.0,-100.0,0.0,0.08686576464361745,0.0,-0.08686576464361745
EXIT,JELD-WEN HLDG INC,47580P103,,0.0,-100.0,0.0,0.0010679671399726589,0.0,-0.0010679671399726589
EXIT,JETBLUE AIRWAYS CORP,477143101,,0.0,-100.0,0.0,0.003446749753169241,0.0,-0.003446749753169241
EXIT,JOBY AVIATION INC,G65163100,,0.0,-100.0,0.0,0.00316108208241895,0.0,-0.00316108208241895
EXIT,JOBY AVIATION INC,47775AAA9,,0.0,-100.0,0.0,0.00550691067928411,0.0,-0.00550691067928411
EXIT,JUMIA TECHNOLOGIES AG,48138M105,,0.0,-100.0,0.0,0.0009286880232442038,0.0,-0.0009286880232442038
EXIT,KAISER ALUMINIUM CORPORATION,483007704,,0.0,-100.0,0.0,0.004044319161712405,0.0,-0.004044319161712405
EXIT,KALTURA INC,483467106,,0.0,-100.0,0.0,2.830706569831833e-05,0.0,-2.830706569831833e-05
EXIT,KALVISTA PHARMACEUTICALS INC,483497103,,0.0,-100.0,0.0,0.05511332393104063,0.0,-0.05511332393104063
EXIT,KARYOPHARM THERAPEUTICS INC,48576U205,CALL,0.0,-100.0,0.0,0.0002140902814424275,0.0,-0.0002140902814424275
EXIT,KB HOME,48666K109,,0.0,-100.0,0.0,0.0007021456565513936,0.0,-0.0007021456565513936
EXIT,KBR INC,48242W106,,0.0,-100.0,0.0,0.02856679910529269,0.0,-0.02856679910529269
EXIT,KEARNY FINL CORP MD,48716P108,,0.0,-100.0,0.0,0.00037014300657689254,0.0,-0.00037014300657689254
EXIT,KENNAMETAL INC,489170100,,0.0,-100.0,0.0,0.013792655557216574,0.0,-0.013792655557216574
EXIT,KEYCORP,493267108,CALL,0.0,-100.0,0.0,0.0016080857866357513,0.0,-0.0016080857866357513
EXIT,KEYCORP,493267108,PUT,0.0,-100.0,0.0,0.002240017261895168,0.0,-0.002240017261895168
EXIT,KIMBERLY-CLARK CORP,494368103,,0.0,-100.0,0.0,0.09833783785768413,0.0,-0.09833783785768413
EXIT,KITE REALTY GROUP TRUST,49803T300,,0.0,-100.0,0.0,0.001391795666694002,0.0,-0.001391795666694002
EXIT,KKR REAL ESTATE FIN TR INC,48251K100,,0.0,-100.0,0.0,0.0054826214898431435,0.0,-0.0054826214898431435
EXIT,KLA CORP,482480100,,0.0,-100.0,0.0,0.001848738125019318,0.0,-0.001848738125019318
EXIT,KNOT OFFSHORE PARTNERS LP,Y48125101,,0.0,-100.0,0.0,0.00041630245995695107,0.0,-0.00041630245995695107
EXIT,KNOWLES CORP,49926D109,,0.0,-100.0,0.0,0.004376522961741882,0.0,-0.004376522961741882
EXIT,KOHLS CORP,500255104,,0.0,-100.0,0.0,0.02917525880343646,0.0,-0.02917525880343646
EXIT,KOHLS CORP,500255104,CALL,0.0,-100.0,0.0,0.0010445453300681167,0.0,-0.0010445453300681167
EXIT,KRISPY KREME INC,50101L106,CALL,0.0,-100.0,0.0,0.00010945125411767622,0.0,-0.00010945125411767622
EXIT,KT CORP,48268K101,,0.0,-100.0,0.0,0.011873913369434044,0.0,-0.011873913369434044
EXIT,KVH INDS INC,482738101,,0.0,-100.0,0.0,0.00023450637141720357,0.0,-0.00023450637141720357
EXIT,KYVERNA THERAPEUTICS INC,501976104,,0.0,-100.0,0.0,0.0024648914924632736,0.0,-0.0024648914924632736
EXIT,LA Z BOY INC,505336107,,0.0,-100.0,0.0,0.0034116061480228273,0.0,-0.0034116061480228273
EXIT,LABCORP HOLDINGS INC,504922105,CALL,0.0,-100.0,0.0,0.000341839784510198,0.0,-0.000341839784510198
EXIT,LAM RESEARCH CORP,512807306,,0.0,-100.0,0.0,0.008188488185746379,0.0,-0.008188488185746379
EXIT,LANTRONIX INC,516548203,,0.0,-100.0,0.0,0.0006497838629411567,0.0,-0.0006497838629411567
EXIT,LARGO INC,517097101,,0.0,-100.0,0.0,8.372454644942999e-05,0.0,-8.372454644942999e-05
EXIT,LATAM AIRLINES GROUP SA,51817R205,,0.0,-100.0,0.0,0.0045268742999677964,0.0,-0.0045268742999677964
EXIT,LEGALZOOM COM INC,52466B103,,0.0,-100.0,0.0,0.006021783072231924,0.0,-0.006021783072231924
EXIT,LEIDOS HOLDINGS INC,525327102,,0.0,-100.0,0.0,0.035553464398559054,0.0,-0.035553464398559054
EXIT,LENNOX INTL INC,526107107,,0.0,-100.0,0.0,0.036475723307307285,0.0,-0.036475723307307285
EXIT,LEXEO THERAPEUTICS INC,52886X107,,0.0,-100.0,0.0,0.012358271170920969,0.0,-0.012358271170920969
EXIT,LIBERTY LATIN AMERICA LTD,G9001E102,,0.0,-100.0,0.0,0.0002878111359857984,0.0,-0.0002878111359857984
EXIT,LIBERTY MEDIA CORP DEL,531229771,,0.0,-100.0,0.0,0.0008974316108799341,0.0,-0.0008974316108799341
EXIT,LIBERTY MEDIA CORP DEL,530715AL5,,0.0,-100.0,0.0,0.00047871150663164933,0.0,-0.00047871150663164933
EXIT,LIFE TIME GROUP HOLDINGS INC,53190C102,,0.0,-100.0,0.0,0.020617606455966702,0.0,-0.020617606455966702
EXIT,LIFE360 INC,532206109,CALL,0.0,-100.0,0.0,0.0003922426072028676,0.0,-0.0003922426072028676
EXIT,LIFEWAY FOODS INC,531914109,,0.0,-100.0,0.0,0.00025784618384710605,0.0,-0.00025784618384710605
EXIT,LIFEZONE METALS LIMITED,G5568L109,,0.0,-100.0,0.0,0.00016197063662448644,0.0,-0.00016197063662448644
EXIT,LIGHTPATH TECHNOLOGIES INC,532257805,,0.0,-100.0,0.0,0.00043057002054428125,0.0,-0.00043057002054428125
EXIT,LINCOLN EDL SVCS CORP,533535100,,0.0,-100.0,0.0,0.024420972194818348,0.0,-0.024420972194818348
EXIT,LINCOLN NATL CORP IND,534187109,,0.0,-100.0,0.0,0.00945136204172737,0.0,-0.00945136204172737
EXIT,LINEAGE CELL THERAPEUTICS IN,53566P109,,0.0,-100.0,0.0,0.0006161264620225896,0.0,-0.0006161264620225896
EXIT,LITHIUM AMERS CORP NEW,53681J103,,0.0,-100.0,0.0,0.0003841133263186533,0.0,-0.0003841133263186533
EXIT,LIVE NATION ENTERTAINMENT IN,538034109,,0.0,-100.0,0.0,0.14681986201965255,0.0,-0.14681986201965255
EXIT,LPL FINL HLDGS INC,50212V100,CALL,0.0,-100.0,0.0,0.0002697985969864023,0.0,-0.0002697985969864023
EXIT,LSI INDS INC OHIO,50216C108,,0.0,-100.0,0.0,0.0009139951007571795,0.0,-0.0009139951007571795
EXIT,LTC PPTYS INC,502175102,,0.0,-100.0,0.0,0.008057764993012372,0.0,-0.008057764993012372
EXIT,LUCID GROUP INC,549498202,,0.0,-100.0,0.0,0.002692328144113875,0.0,-0.002692328144113875
EXIT,LULULEMON ATHLETICA INC,550021109,,0.0,-100.0,0.0,0.11746975897607315,0.0,-0.11746975897607315
EXIT,LUMENTUM HLDGS INC,55024UAD1,,0.0,-100.0,0.0,0.2145376686325362,0.0,-0.2145376686325362
EXIT,LUXEXPERIENCE BV,55406W103,,0.0,-100.0,0.0,0.0001802611983113332,0.0,-0.0001802611983113332
EXIT,LYFT INC,55087P104,,0.0,-100.0,0.0,0.002210100995757043,0.0,-0.002210100995757043
EXIT,M/I HOMES INC,55305B101,,0.0,-100.0,0.0,0.002771203308664684,0.0,-0.002771203308664684
EXIT,MACROGENICS INC,556099109,,0.0,-100.0,0.0,0.0007723201203165919,0.0,-0.0007723201203165919
EXIT,MAGNACHIP SEMICONDUCTOR CORP,55933J203,,0.0,-100.0,0.0,0.00033796412262292484,0.0,-0.00033796412262292484
EXIT,MAGNERA CORP,55939A107,CALL,0.0,-100.0,0.0,0.0006092156123631016,0.0,-0.0006092156123631016
EXIT,MAIN STR CAP CORP,56035L104,,0.0,-100.0,0.0,0.00489518005062854,0.0,-0.00489518005062854
EXIT,MAKEMYTRIP LIMITED MAURITIUS,V5633W109,,0.0,-100.0,0.0,0.01683767277670393,0.0,-0.01683767277670393
EXIT,MAKO MNG CORP,56089A400,,0.0,-100.0,0.0,0.00023644740538719325,0.0,-0.00023644740538719325
EXIT,MANCHESTER UTD PLC NEW,G5784H106,,0.0,-100.0,0.0,0.002314465844025967,0.0,-0.002314465844025967
EXIT,MANNKIND CORP,56400P706,,0.0,-100.0,0.0,0.003921124362118769,0.0,-0.003921124362118769
EXIT,MARA HOLDINGS INC,565788AD8,,0.0,-100.0,0.0,0.015235754737613742,0.0,-0.015235754737613742
EXIT,MARCUS & MILLICHAP INC,566324109,,0.0,-100.0,0.0,0.00156614535956802,0.0,-0.00156614535956802
EXIT,MARCUS CORP DEL,566330106,,0.0,-100.0,0.0,0.0005778541407344496,0.0,-0.0005778541407344496
EXIT,MARSH & MCLENNAN COS INC,571748102,CALL,0.0,-100.0,0.0,0.0016222495691692403,0.0,-0.0016222495691692403
EXIT,MARSH & MCLENNAN COS INC,571748102,PUT,0.0,-100.0,0.0,0.000444451936758696,0.0,-0.000444451936758696
EXIT,MARTEN TRANS LTD,573075108,,0.0,-100.0,0.0,0.0006010607072680624,0.0,-0.0006010607072680624
EXIT,MARZETTI COMPANY,513847103,,0.0,-100.0,0.0,0.011022988419990845,0.0,-0.011022988419990845
EXIT,MASTERCRAFT BOAT HLDGS INC,57637H103,,0.0,-100.0,0.0,0.0005822333183644329,0.0,-0.0005822333183644329
EXIT,MATSON INC,57686G105,,0.0,-100.0,0.0,0.002601786276374468,0.0,-0.002601786276374468
EXIT,MBIA INC,55262C100,,0.0,-100.0,0.0,0.0001630852897953716,0.0,-0.0001630852897953716
EXIT,MDXHEALTH SA,B5950S113,,0.0,-100.0,0.0,6.11957402921371e-05,0.0,-6.11957402921371e-05
EXIT,MEDLINE INC,58507V107,,0.0,-100.0,0.0,0.1883912133291876,0.0,-0.1883912133291876
EXIT,MERCURY GENL CORP NEW,589400100,,0.0,-100.0,0.0,0.0036806731737901778,0.0,-0.0036806731737901778
EXIT,METAGENOMI THERAPEUTICS INC,59102M104,,0.0,-100.0,0.0,2.0131661234619167e-05,0.0,-2.0131661234619167e-05
EXIT,METALLA RTY & STREAMING LTD,59124U605,,0.0,-100.0,0.0,0.0007898317059943604,0.0,-0.0007898317059943604
EXIT,METHODE ELECTRS INC,591520200,,0.0,-100.0,0.0,0.0021323007668503403,0.0,-0.0021323007668503403
EXIT,METLIFE INC,59156R108,CALL,0.0,-100.0,0.0,0.0005074003730712594,0.0,-0.0005074003730712594
EXIT,MFA FINL INC,55272X607,,0.0,-100.0,0.0,0.0013373378126382846,0.0,-0.0013373378126382846
EXIT,MGP INGREDIENTS INC NEW,55303JAB2,,0.0,-100.0,0.0,0.015744668220334216,0.0,-0.015744668220334216
EXIT,MICROCHIP TECHNOLOGY INC.,595017104,,0.0,-100.0,0.0,0.19237420478592213,0.0,-0.19237420478592213
EXIT,MIDDLESEX WTR CO,596680108,,0.0,-100.0,0.0,0.00029295647751944763,0.0,-0.00029295647751944763
EXIT,MINERALYS THERAPEUTICS INC,603170101,,0.0,-100.0,0.0,0.06634200429737602,0.0,-0.06634200429737602
EXIT,MIRUM PHARMACEUTICALS INC,604749101,,0.0,-100.0,0.0,0.0410692410547886,0.0,-0.0410692410547886
EXIT,MIRUM PHARMACEUTICALS INC,604749AB7,,0.0,-100.0,0.0,0.03608648001398148,0.0,-0.03608648001398148
EXIT,MKS INC.,55306NAB0,,0.0,-100.0,0.0,0.02124323437536318,0.0,-0.02124323437536318
EXIT,MOBILEYE GLOBAL INC,60741F104,CALL,0.0,-100.0,0.0,0.00016107507045615455,0.0,-0.00016107507045615455
EXIT,MODERNA INC,60770K107,,0.0,-100.0,0.0,0.012876774514542678,0.0,-0.012876774514542678
EXIT,MODINE MFG CO,607828100,,0.0,-100.0,0.0,0.0945857461646932,0.0,-0.0945857461646932
EXIT,MOHAWK INDS INC,608190104,,0.0,-100.0,0.0,0.020959614079057803,0.0,-0.020959614079057803
EXIT,MOLINA HEALTHCARE INC,60855R100,,0.0,-100.0,0.0,0.05423460055648399,0.0,-0.05423460055648399
EXIT,MOLSON COORS BEVERAGE CO,60871R209,CALL,0.0,-100.0,0.0,0.00041928383688643353,0.0,-0.00041928383688643353
EXIT,MONOLITHIC PWR SYS INC,609839105,PUT,0.0,-100.0,0.0,0.0004202434635818278,0.0,-0.0004202434635818278
EXIT,MONTAUK RENEWABLES INC,61218C103,,0.0,-100.0,0.0,1.6017694186674018e-05,0.0,-1.6017694186674018e-05
EXIT,MORGAN STANLEY DIRECT LENDIN,61774A103,,0.0,-100.0,0.0,0.002761927344346053,0.0,-0.002761927344346053
EXIT,MSCI INC,55354G100,CALL,0.0,-100.0,0.0,0.000690585293837719,0.0,-0.000690585293837719
EXIT,MSCI INC,55354G100,PUT,0.0,-100.0,0.0,0.0004834097056864033,0.0,-0.0004834097056864033
EXIT,MUELLER WTR PRODS INC,624758108,,0.0,-100.0,0.0,0.00252668171444655,0.0,-0.00252668171444655
EXIT,MURPHY USA INC,626755102,PUT,0.0,-100.0,0.0,0.013733486692000689,0.0,-0.013733486692000689
EXIT,NABORS INDS INC,62957HAL9,,0.0,-100.0,0.0,0.04438463341600592,0.0,-0.04438463341600592
EXIT,NANO NUCLEAR ENERGY INC,63010H108,,0.0,-100.0,0.0,0.018656065430053805,0.0,-0.018656065430053805
EXIT,NAVAN INC,639193101,CALL,0.0,-100.0,0.0,0.0036487902494712382,0.0,-0.0036487902494712382
EXIT,NBT BANCORP INC,628778102,,0.0,-100.0,0.0,0.0004617444354339111,0.0,-0.0004617444354339111
EXIT,NCINO INC,63947X101,,0.0,-100.0,0.0,0.020221311379821867,0.0,-0.020221311379821867
EXIT,NCR ATLEOS CORPORATION,63001N106,,0.0,-100.0,0.0,0.0043941703557370225,0.0,-0.0043941703557370225
EXIT,NCS MULTISTAGE HLDGS INC,628877201,,0.0,-100.0,0.0,0.00037182651722809153,0.0,-0.00037182651722809153
EXIT,NEKTAR THERAPEUTICS,640268306,,0.0,-100.0,0.0,0.00123193518383095,0.0,-0.00123193518383095
EXIT,NETFLIX INC.,64110L106,,0.0,-100.0,0.0,0.0283333305144139,0.0,-0.0283333305144139
EXIT,NETSKOPE INC,64119N608,,0.0,-100.0,0.0,0.0036605978858193734,0.0,-0.0036605978858193734
EXIT,NEUMORA THERAPEUTICS INC.,640979100,,0.0,-100.0,0.0,0.0015050200858556515,0.0,-0.0015050200858556515
EXIT,NEUROPACE INC,641288105,,0.0,-100.0,0.0,0.0025613051481132173,0.0,-0.0025613051481132173
EXIT,NEWELL BRANDS INC,651229106,CALL,0.0,-100.0,0.0,0.00011162162477454919,0.0,-0.00011162162477454919
EXIT,NEWELL BRANDS INC,651229106,PUT,0.0,-100.0,0.0,0.00011118216955890135,0.0,-0.00011118216955890135
EXIT,NEXTDECADE CORP,65342K105,,0.0,-100.0,0.0,0.004483342609407836,0.0,-0.004483342609407836
EXIT,NEXTERA ENERGY INC,65339F663,,0.0,-100.0,0.0,0.0289166003321062,0.0,-0.0289166003321062
EXIT,NORFOLK SOUTHN CORP,655844108,,0.0,-100.0,0.0,0.003035057088739698,0.0,-0.003035057088739698
EXIT,NORFOLK SOUTHN CORP,655844108,PUT,0.0,-100.0,0.0,0.0014708297013519254,0.0,-0.0014708297013519254
EXIT,NORTHERN TR CORP,665859104,,0.0,-100.0,0.0,0.017399045425035772,0.0,-0.017399045425035772
EXIT,NORTHFIELD BANCORP INC DEL,66611T108,,0.0,-100.0,0.0,0.001511409482824852,0.0,-0.001511409482824852
EXIT,NORTHWESTERN ENERGY GROUP IN,668074305,,0.0,-100.0,0.0,0.0047972840343823734,0.0,-0.0047972840343823734
EXIT,NOVABRIDGE BIOSCIENCES,44975P103,,0.0,-100.0,0.0,0.004379089226456,0.0,-0.004379089226456
EXIT,NU SKIN ENTERPRISES INC,67018T105,,0.0,-100.0,0.0,0.0010532844671699644,0.0,-0.0010532844671699644
EXIT,NUCOR CORP,670346105,,0.0,-100.0,0.0,0.0004983012158073208,0.0,-0.0004983012158073208
EXIT,NUTANIX INC,67059N108,,0.0,-100.0,0.0,0.0073657447433684575,0.0,-0.0073657447433684575
EXIT,NVR INC,62944T105,,0.0,-100.0,0.0,0.016945020283112875,0.0,-0.016945020283112875
EXIT,OCTAVE SPECIALTY GROUP INC,023139884,,0.0,-100.0,0.0,0.0006771197710492096,0.0,-0.0006771197710492096
EXIT,OMEGA HEALTHCARE INVS INC,681936100,,0.0,-100.0,0.0,0.0030440537491603368,0.0,-0.0030440537491603368
EXIT,OMNIAB INC,68218J103,,0.0,-100.0,0.0,3.2663181538559225e-05,0.0,-3.2663181538559225e-05
EXIT,ON HLDG AG,H5919C104,,0.0,-100.0,0.0,0.015848851136706282,0.0,-0.015848851136706282
EXIT,ON SEMICONDUCTOR CORP,682189AU9,,0.0,-100.0,0.0,0.04392142455692336,0.0,-0.04392142455692336
EXIT,ONDAS INC,68236H204,CALL,0.0,-100.0,0.0,0.014810086628600273,0.0,-0.014810086628600273
EXIT,ONDAS INC,68236H204,PUT,0.0,-100.0,0.0,0.0035788822774986194,0.0,-0.0035788822774986194
EXIT,ONESTREAM INC,68278B107,,0.0,-100.0,0.0,0.001161545476694822,0.0,-0.001161545476694822
EXIT,ONITY GROUP INC,675746606,,0.0,-100.0,0.0,0.000808028739311696,0.0,-0.000808028739311696
EXIT,OPEN LENDING CORP,68373J104,,0.0,-100.0,0.0,3.409301250259124e-05,0.0,-3.409301250259124e-05
EXIT,OR ROYALTIES INC.,68390D106,PUT,0.0,-100.0,0.0,0.0003117543985806283,0.0,-0.0003117543985806283
EXIT,ORAMED PHARMACEUTICALS INC,68403P203,,0.0,-100.0,0.0,0.00011348578611206404,0.0,-0.00011348578611206404
EXIT,ORCHESTRA BIOMED HLDGS INC,68572M106,,0.0,-100.0,0.0,0.0004785628862088646,0.0,-0.0004785628862088646
EXIT,ORCHID IS CAP INC,68571X301,,0.0,-100.0,0.0,0.008122882518771267,0.0,-0.008122882518771267
EXIT,ORGANIGRAM GLOBAL INC,68617J100,,0.0,-100.0,0.0,1.862752005919481e-05,0.0,-1.862752005919481e-05
EXIT,ORGANOGENESIS HLDGS INC,68621F102,,0.0,-100.0,0.0,0.0004504838759868884,0.0,-0.0004504838759868884
EXIT,ORGANON & CO,68622V106,,0.0,-100.0,0.0,0.001826519371813007,0.0,-0.001826519371813007
EXIT,ORION PROPERTIES INC,68629Y103,,0.0,-100.0,0.0,9.838031383075811e-05,0.0,-9.838031383075811e-05
EXIT,ORIX CORP,686330101,,0.0,-100.0,0.0,0.00032221932628153646,0.0,-0.00032221932628153646
EXIT,OTIS WORLDWIDE CORP,68902V107,,0.0,-100.0,0.0,0.0061929707374901435,0.0,-0.0061929707374901435
EXIT,OUTLOOK THERAPEUTICS INC,69012T305,,0.0,-100.0,0.0,7.656514194493996e-06,0.0,-7.656514194493996e-06
EXIT,PALANTIR TECHNOLOGIES INC,69608A108,,0.0,-100.0,0.0,0.02374722841354532,0.0,-0.02374722841354532
EXIT,PALVELLA THERAPEUTICS INC NE,697947109,,0.0,-100.0,0.0,0.01407940713208476,0.0,-0.01407940713208476
EXIT,PARAMOUNT GOLD NEV CORP,69924M109,,0.0,-100.0,0.0,0.00014660892223493106,0.0,-0.00014660892223493106
EXIT,PARKER-HANNIFIN CORP,701094104,,0.0,-100.0,0.0,0.31301267673439787,0.0,-0.31301267673439787
EXIT,PARSONS CORP DEL,70202L102,CALL,0.0,-100.0,0.0,0.0005691060351588129,0.0,-0.0005691060351588129
EXIT,PATTERSON-UTI ENERGY INC,703481101,,0.0,-100.0,0.0,0.01080724665816075,0.0,-0.01080724665816075
EXIT,PC CONNECTION INC,69318J100,,0.0,-100.0,0.0,0.004118652434894492,0.0,-0.004118652434894492
EXIT,PEAKSTONE REALTY TRUST,39818P799,,0.0,-100.0,0.0,0.0012810017039290985,0.0,-0.0012810017039290985
EXIT,PEAPACK-GLADSTONE FINL CORP,704699107,,0.0,-100.0,0.0,0.0005892453836566795,0.0,-0.0005892453836566795
EXIT,PEBBLEBROOK HOTEL TR,70509V100,,0.0,-100.0,0.0,0.0013174803304594922,0.0,-0.0013174803304594922
EXIT,PENN ENTERTAINMENT INC,707569109,,0.0,-100.0,0.0,0.004677041143875771,0.0,-0.004677041143875771
EXIT,PERIMETER SOLUTIONS INC,71385M107,,0.0,-100.0,0.0,0.005184814349214533,0.0,-0.005184814349214533
EXIT,PERION NETWORK LTD,M78673114,,0.0,-100.0,0.0,0.0008716959347378992,0.0,-0.0008716959347378992
EXIT,PERMA-PIPE INTL HLDGS INC,714167103,,0.0,-100.0,0.0,0.0013084119222485438,0.0,-0.0013084119222485438
EXIT,PERMIAN RESOURCES CORP,71424F105,,0.0,-100.0,0.0,0.07339196907864326,0.0,-0.07339196907864326
EXIT,PETCO HEALTH & WELLNESS CO I,71601V105,CALL,0.0,-100.0,0.0,0.00017808826523337776,0.0,-0.00017808826523337776
EXIT,PFIZER INC,717081103,,0.0,-100.0,0.0,0.15703921753369873,0.0,-0.15703921753369873
EXIT,PG&E CORP,69331C306,,0.0,-100.0,0.0,0.005305059802142219,0.0,-0.005305059802142219
EXIT,PHIBRO ANIMAL HEALTH CORP,71742Q106,,0.0,-100.0,0.0,0.0013805671375105104,0.0,-0.0013805671375105104
EXIT,PHOTRONICS INC,719405102,,0.0,-100.0,0.0,0.0022611136746673462,0.0,-0.0022611136746673462
EXIT,PICS NV,N69958101,,0.0,-100.0,0.0,0.00026777300312069024,0.0,-0.00026777300312069024
EXIT,PLAYBOY INC,72814P109,,0.0,-100.0,0.0,0.00024922107448342907,0.0,-0.00024922107448342907
EXIT,PMV PHARMACEUTICALS INC,69353Y103,,0.0,-100.0,0.0,3.327560017727544e-05,0.0,-3.327560017727544e-05
EXIT,PONY AI INC,732908108,,0.0,-100.0,0.0,0.0012525191123866294,0.0,-0.0012525191123866294
EXIT,POST HLDGS INC,737446104,,0.0,-100.0,0.0,0.05410910085912665,0.0,-0.05410910085912665
EXIT,POWER SOLUTIONS INTL INC,73933G202,CALL,0.0,-100.0,0.0,0.000257400322578752,0.0,-0.000257400322578752
EXIT,POWERFLEET INC,73931J109,,0.0,-100.0,0.0,0.0003082797555927656,0.0,-0.0003082797555927656
EXIT,PRECIGEN INC,74017N105,CALL,0.0,-100.0,0.0,0.0004834327674761457,0.0,-0.0004834327674761457
EXIT,PRELUDE THERAPEUTICS INC,74065P101,,0.0,-100.0,0.0,7.15492026759567e-05,0.0,-7.15492026759567e-05
EXIT,PRIVIA HEALTH GROUP INC,74276R102,,0.0,-100.0,0.0,0.003626668868266062,0.0,-0.003626668868266062
EXIT,PROASSURANCE CORP,74267C106,,0.0,-100.0,0.0,0.0011648471562596165,0.0,-0.0011648471562596165
EXIT,PROCEPT BIOROBOTICS CORP,74276L105,,0.0,-100.0,0.0,0.03616198815722989,0.0,-0.03616198815722989
EXIT,PROCEPT BIOROBOTICS CORP,74276L105,CALL,0.0,-100.0,0.0,0.00036529106225718894,0.0,-0.00036529106225718894
EXIT,PROGYNY INC,74340E103,,0.0,-100.0,0.0,0.002747433009492922,0.0,-0.002747433009492922
EXIT,PROKIDNEY CORP,74291D104,,0.0,-100.0,0.0,0.0001503948993843169,0.0,-0.0001503948993843169
EXIT,PROSPERITY BANCSHARES INC,743606105,,0.0,-100.0,0.0,0.012142138639875793,0.0,-0.012142138639875793
EXIT,PROTHENA CORP PLC,G72800108,,0.0,-100.0,0.0,0.004979230024555447,0.0,-0.004979230024555447
EXIT,PURPLE INNOVATION INC,74640Y106,,0.0,-100.0,0.0,1.1530894871225897e-05,0.0,-1.1530894871225897e-05
EXIT,PVH CORPORATION,693656100,,0.0,-100.0,0.0,0.0010140742997656316,0.0,-0.0010140742997656316
EXIT,Q2 HLDGS INC,74736L109,,0.0,-100.0,0.0,0.007890283869849982,0.0,-0.007890283869849982
EXIT,Q2 HLDGS INC,74736LAD1,,0.0,-100.0,0.0,0.025458095472221016,0.0,-0.025458095472221016
EXIT,QUANTA SVCS INC,74762E102,,0.0,-100.0,0.0,0.010860653919572645,0.0,-0.010860653919572645
EXIT,RACKSPACE TECHNOLOGY INC,750102105,,0.0,-100.0,0.0,3.404688892310633e-05,0.0,-3.404688892310633e-05
EXIT,RADWARE LTD,M81873107,,0.0,-100.0,0.0,0.0021578365741479408,0.0,-0.0021578365741479408
EXIT,RB GLOBAL INC,74935Q107,,0.0,-100.0,0.0,0.027860002654476572,0.0,-0.027860002654476572
EXIT,RECURSION PHARMACEUTICALS IN,75629V104,CALL,0.0,-100.0,0.0,0.00018211254754343557,0.0,-0.00018211254754343557
EXIT,RED ROBIN GOURMET BURGERS IN,75689M101,,0.0,-100.0,0.0,0.0001248257806126441,0.0,-0.0001248257806126441
EXIT,REDWIRE CORPORATION,75776W103,PUT,0.0,-100.0,0.0,0.00016444337296909377,0.0,-0.00016444337296909377
EXIT,REGENERON PHARMACEUTICALS,75886F107,,0.0,-100.0,0.0,0.0021530640648817945,0.0,-0.0021530640648817945
EXIT,REGENXBIO INC,75901B107,,0.0,-100.0,0.0,0.001500872807333634,0.0,-0.001500872807333634
EXIT,REGIONS FINANCIAL CORP NEW,7591EP100,,0.0,-100.0,0.0,0.0441696052884473,0.0,-0.0441696052884473
EXIT,RELMADA THERAPEUTICS INC,75955J402,,0.0,-100.0,0.0,0.0045015934535679045,0.0,-0.0045015934535679045
EXIT,RENAISSANCERE HLDGS LTD,G7496G103,,0.0,-100.0,0.0,0.06372392614775906,0.0,-0.06372392614775906
EXIT,REPLIGEN CORP,759916AD1,,0.0,-100.0,0.0,0.006257666744980969,0.0,-0.006257666744980969
EXIT,REPOSITRAK INC,700215304,,0.0,-100.0,0.0,0.0003594974281896686,0.0,-0.0003594974281896686
EXIT,REPUBLIC SVCS INC,760759100,PUT,0.0,-100.0,0.0,0.00042091609911598264,0.0,-0.00042091609911598264
EXIT,RESIDEO TECHNOLOGIES INC,76118Y104,PUT,0.0,-100.0,0.0,0.0007601370892798711,0.0,-0.0007601370892798711
EXIT,RESTAURANT BRANDS INTL INC,76131D103,,0.0,-100.0,0.0,0.023303552890374623,0.0,-0.023303552890374623
EXIT,REVOLUTION MEDICINES INC,76155X100,PUT,0.0,-100.0,0.0,0.00032395408535438534,0.0,-0.00032395408535438534
EXIT,REX AMERICAN RES CORP,761624105,,0.0,-100.0,0.0,0.002936753647541415,0.0,-0.002936753647541415
EXIT,REYNOLDS CONSUMER PRODS INC,76171L106,,0.0,-100.0,0.0,0.007157781210734274,0.0,-0.007157781210734274
EXIT,RIDENOW GROUP INC,781386305,,0.0,-100.0,0.0,0.00026456741434648947,0.0,-0.00026456741434648947
EXIT,RLJ LODGING TR,74965L101,,0.0,-100.0,0.0,0.002447060885360735,0.0,-0.002447060885360735
EXIT,RLX TECHNOLOGY INC,74969N103,,0.0,-100.0,0.0,0.0005053722167844649,0.0,-0.0005053722167844649
EXIT,ROSS STORES INC,778296103,,0.0,-100.0,0.0,0.3047853204644617,0.0,-0.3047853204644617
EXIT,ROYAL BK CDA,780087102,,0.0,-100.0,0.0,0.015105077668459222,0.0,-0.015105077668459222
EXIT,RYANAIR HOLDINGS PLC,783513203,,0.0,-100.0,0.0,0.009877244112901227,0.0,-0.009877244112901227
EXIT,RYMAN HOSPITALITY PPTYS INC,78377T107,,0.0,-100.0,0.0,0.009620759855859466,0.0,-0.009620759855859466
EXIT,SAGIMET BIOSCIENCES INC,786700104,,0.0,-100.0,0.0,0.001255614517054283,0.0,-0.001255614517054283
EXIT,SAMSARA INC,79589L106,,0.0,-100.0,0.0,0.029360451381121054,0.0,-0.029360451381121054
EXIT,SANARA MEDTECH INC,79957L100,,0.0,-100.0,0.0,0.00022748533765116824,0.0,-0.00022748533765116824
EXIT,SANTACRUZ SILVER MNG LTD,80280U205,,0.0,-100.0,0.0,0.00038204289008399764,0.0,-0.00038204289008399764
EXIT,SAREPTA THERAPEUTICS INC,803607100,CALL,0.0,-100.0,0.0,0.0008642533827037934,0.0,-0.0008642533827037934
EXIT,SAVARA INC,805111101,,0.0,-100.0,0.0,0.003238888717378358,0.0,-0.003238888717378358
EXIT,SAVERS VALUE VLG INC,80517M109,,0.0,-100.0,0.0,0.0036287393045007174,0.0,-0.0036287393045007174
EXIT,SCOTTS MIRACLE-GRO CO,810186106,,0.0,-100.0,0.0,0.00895759374881498,0.0,-0.00895759374881498
EXIT,SEABRIDGE GOLD INC,811916105,CALL,0.0,-100.0,0.0,0.0002977379552593826,0.0,-0.0002977379552593826
EXIT,SEI INVTS CO,784117103,,0.0,-100.0,0.0,0.0008651169186085942,0.0,-0.0008651169186085942
EXIT,SELECT SECTOR SPDR TR,81369Y704,,0.0,-100.0,0.0,0.0013089461870442439,0.0,-0.0013089461870442439
EXIT,SELECT SECTOR SPDR TR,81369Y860,,0.0,-100.0,0.0,0.0037015325626122255,0.0,-0.0037015325626122255
EXIT,SELECT SECTOR SPDR TR,81369Y803,,0.0,-100.0,0.0,0.014529214528905869,0.0,-0.014529214528905869
EXIT,SEMPRA,816851109,,0.0,-100.0,0.0,0.07694539626510838,0.0,-0.07694539626510838
EXIT,SEMTECH CORP,816850101,PUT,0.0,-100.0,0.0,0.019702455703301317,0.0,-0.019702455703301317
EXIT,SENSATA TECHNOLOGIES HLDG PL,G8060N102,,0.0,-100.0,0.0,0.019597455374603934,0.0,-0.019597455374603934
EXIT,SERVICETITAN INC,81764X103,,0.0,-100.0,0.0,0.04287107149947177,0.0,-0.04287107149947177
EXIT,SERVISFIRST BANCSHARES INC,81768T108,,0.0,-100.0,0.0,0.0005320572699375641,0.0,-0.0005320572699375641
EXIT,SES AI CORPORATION,78397Q109,,0.0,-100.0,0.0,0.0002584432279593273,0.0,-0.0002584432279593273
EXIT,SHAKE SHACK INC,819047101,CALL,0.0,-100.0,0.0,0.0017909094060295791,0.0,-0.0017909094060295791
EXIT,SHARPLINK INC,820014405,CALL,0.0,-100.0,0.0,0.0002404768125394161,0.0,-0.0002404768125394161
EXIT,SHOALS TECHNOLOGIES GROUP IN,82489W107,,0.0,-100.0,0.0,0.01193912570477299,0.0,-0.01193912570477299
EXIT,SILENCE THERAPEUTICS PLC,82686Q101,,0.0,-100.0,0.0,0.0008082862626304867,0.0,-0.0008082862626304867
EXIT,SIMILARWEB LTD,M84137104,,0.0,-100.0,0.0,0.0003350775552734946,0.0,-0.0003350775552734946
EXIT,SIMULATIONS PLUS INC,829214105,,0.0,-100.0,0.0,0.0012885352219116329,0.0,-0.0012885352219116329
EXIT,SIRIUSXM HOLDINGS INC,829933100,,0.0,-100.0,0.0,0.01049989578021039,0.0,-0.01049989578021039
EXIT,SKYWORKS SOLUTIONS INC,83088M102,CALL,0.0,-100.0,0.0,0.0015505594333337462,0.0,-0.0015505594333337462
EXIT,SKYWORKS SOLUTIONS INC,83088M102,PUT,0.0,-100.0,0.0,0.0010222714848085318,0.0,-0.0010222714848085318
EXIT,SLEEP NUMBER CORP,83125X103,,0.0,-100.0,0.0,0.0003109574856239725,0.0,-0.0003109574856239725
EXIT,SM ENERGY COMPANY,78454L100,CALL,0.0,-100.0,0.0,0.0008167396897816366,0.0,-0.0008167396897816366
EXIT,SM ENERGY COMPANY,78454L100,PUT,0.0,-100.0,0.0,0.0005247184959572995,0.0,-0.0005247184959572995
EXIT,SMART SAND INC,83191H107,,0.0,-100.0,0.0,0.0009473129808823161,0.0,-0.0009473129808823161
EXIT,SMARTFINANCIAL INC,83190L208,,0.0,-100.0,0.0,0.000539050117071692,0.0,-0.000539050117071692
EXIT,SNOWFLAKE INC,833445AB5,,0.0,-100.0,0.0,0.011357445869362376,0.0,-0.011357445869362376
EXIT,SOCIEDAD QUIMICA Y MINERA DE,833635105,CALL,0.0,-100.0,0.0,0.0006325772053722052,0.0,-0.0006325772053722052
EXIT,SOLID POWER INC,83422N105,CALL,0.0,-100.0,0.0,0.0003124872510102218,0.0,-0.0003124872510102218
EXIT,SONOS INC,83570H108,,0.0,-100.0,0.0,0.008407157513663223,0.0,-0.008407157513663223
EXIT,SONY GROUP CORP,835699307,,0.0,-100.0,0.0,0.014979279449045771,0.0,-0.014979279449045771
EXIT,SOTERA HEALTH CO,83601L102,,0.0,-100.0,0.0,0.029570726217571643,0.0,-0.029570726217571643
EXIT,SOUTH PLAINS FINANCIAL INC,83946P107,,0.0,-100.0,0.0,0.00034888388006597574,0.0,-0.00034888388006597574
EXIT,SOUTHERN FIRST BANCSHARES,842873101,,0.0,-100.0,0.0,0.0003136582774449219,0.0,-0.0003136582774449219
EXIT,SOUTHSTATE BK CORP,84472E102,,0.0,-100.0,0.0,0.003897160600155279,0.0,-0.003897160600155279
EXIT,SPDR INDEX SHS FDS,78463X889,,0.0,-100.0,0.0,0.0004111071512121932,0.0,-0.0004111071512121932
EXIT,SPDR INDEX SHS FDS,78463X202,PUT,0.0,-100.0,0.0,0.0063630040320507,0.0,-0.0063630040320507
EXIT,SPDR SERIES TRUST,78464A714,CALL,0.0,-100.0,0.0,0.0025774753063543,0.0,-0.0025774753063543
EXIT,SPDR SERIES TRUST,78464A508,PUT,0.0,-100.0,0.0,0.0002754653912103392,0.0,-0.0002754653912103392
EXIT,SPDR SERIES TRUST,78464A714,PUT,0.0,-100.0,0.0,0.00670143579652118,0.0,-0.00670143579652118
EXIT,SPDR SERIES TRUST,78468R556,PUT,0.0,-100.0,0.0,0.011321978117949027,0.0,-0.011321978117949027
EXIT,SPROUT SOCIAL INC,85209W109,,0.0,-100.0,0.0,0.0010320381527644602,0.0,-0.0010320381527644602
EXIT,SPS COMM INC,78463M107,,0.0,-100.0,0.0,0.0005365773807270846,0.0,-0.0005365773807270846
EXIT,STAG INDUSTRIAL INC,85254J102,,0.0,-100.0,0.0,0.007219005137658319,0.0,-0.007219005137658319
EXIT,STARZ ENTERTAINMENT CORP.,855919106,,0.0,-100.0,0.0,0.0002970512264092741,0.0,-0.0002970512264092741
EXIT,STATE STR SPDR S&P 500 ETF T,78462F103,,0.0,-100.0,0.0,0.0349953434625809,0.0,-0.0349953434625809
EXIT,STELLANTIS N.V,N82405106,,0.0,-100.0,0.0,0.08501993742894784,0.0,-0.08501993742894784
EXIT,STERIS PLC,G8473T100,,0.0,-100.0,0.0,0.009329533012570702,0.0,-0.009329533012570702
EXIT,STEVANATO GROUP S P A,T9224W109,,0.0,-100.0,0.0,0.008656960257732379,0.0,-0.008656960257732379
EXIT,STEWART INFORMATION SVCS COR,860372101,,0.0,-100.0,0.0,0.00269717111995979,0.0,-0.00269717111995979
EXIT,STIFEL FINL CORP,860630102,,0.0,-100.0,0.0,0.06877041203846675,0.0,-0.06877041203846675
EXIT,STOCK YDS BANCORP INC,861025104,,0.0,-100.0,0.0,0.0025474334815831327,0.0,-0.0025474334815831327
EXIT,STONERIDGE INC,86183P102,,0.0,-100.0,0.0,0.0006496980218348931,0.0,-0.0006496980218348931
EXIT,STRATEGY INC,594972408,,0.0,-100.0,0.0,0.011581360473235087,0.0,-0.011581360473235087
EXIT,STRATEGY INC,594972AL5,,0.0,-100.0,0.0,0.022884511202280487,0.0,-0.022884511202280487
EXIT,STRIDE INC,86333M108,,0.0,-100.0,0.0,0.03289171234401205,0.0,-0.03289171234401205
EXIT,SUMITOMO MITSUI FIN GRP INC,86562M209,,0.0,-100.0,0.0,0.0040258517929708665,0.0,-0.0040258517929708665
EXIT,SUMMIT THERAPEUTICS INC,86627T108,CALL,0.0,-100.0,0.0,0.00041053060646863187,0.0,-0.00041053060646863187
EXIT,SUNOPTA INC,8676EP108,,0.0,-100.0,0.0,0.0002831026872467145,0.0,-0.0002831026872467145
EXIT,SUPER MICRO COMPUTER INC,86800UAD6,,0.0,-100.0,0.0,0.01391687660645375,0.0,-0.01391687660645375
EXIT,SUPERNUS PHARMACEUTICALS,868459108,,0.0,-100.0,0.0,0.08732232401999092,0.0,-0.08732232401999092
EXIT,SUZANO S A,86959K105,,0.0,-100.0,0.0,0.005256446830575671,0.0,-0.005256446830575671
EXIT,SYNDAX PHARMACEUTICALS INC,87164F105,,0.0,-100.0,0.0,0.05942559162171788,0.0,-0.05942559162171788
EXIT,TALEN ENERGY CORP,87422Q109,CALL,0.0,-100.0,0.0,0.0015542031961130538,0.0,-0.0015542031961130538
EXIT,TALKSPACE INC,87427V103,,0.0,-100.0,0.0,0.00032491627447086207,0.0,-0.00032491627447086207
EXIT,TANDEM DIABETES CARE INC,875372203,PUT,0.0,-100.0,0.0,0.0022104725468140045,0.0,-0.0022104725468140045
EXIT,TANDEM DIABETES CARE INC,875372AD6,,0.0,-100.0,0.0,0.009763194594151014,0.0,-0.009763194594151014
EXIT,TARGET CORP,87612E106,,0.0,-100.0,0.0,0.0910716060182649,0.0,-0.0910716060182649
EXIT,TARSUS PHARMACEUTICALS INC,87650L103,,0.0,-100.0,0.0,0.0203347433550912,0.0,-0.0203347433550912
EXIT,TASEKO MINES LTD,876511106,,0.0,-100.0,0.0,0.00726386288112847,0.0,-0.00726386288112847
EXIT,TASEKO MINES LTD,876511106,CALL,0.0,-100.0,0.0,0.003277426249248537,0.0,-0.003277426249248537
EXIT,TAT TECHNOLOGIES LTD,M8740S227,,0.0,-100.0,0.0,0.0005225340319844728,0.0,-0.0005225340319844728
EXIT,TAYSHA GENE THERAPIES INC,877619106,,0.0,-100.0,0.0,0.002645054037562931,0.0,-0.002645054037562931
EXIT,TECHCREATE GROUP LTD,G8726A106,,0.0,-100.0,0.0,0.0001913641688617825,0.0,-0.0001913641688617825
EXIT,TECHNIPFMC PLC,G87110105,,0.0,-100.0,0.0,0.004700414267779746,0.0,-0.004700414267779746
EXIT,TECHTARGET INC,87874R308,,0.0,-100.0,0.0,0.00011745241394776575,0.0,-0.00011745241394776575
EXIT,TECTONIC THERAPEUTIC INC,878972108,,0.0,-100.0,0.0,0.0027166327080813367,0.0,-0.0027166327080813367
EXIT,TELEFLEX INCORPORATED,879369106,,0.0,-100.0,0.0,0.10379446614806646,0.0,-0.10379446614806646
EXIT,TENET HEALTHCARE CORP,88033G407,PUT,0.0,-100.0,0.0,0.000918753516707372,0.0,-0.000918753516707372
EXIT,TERNS PHARMACEUTICALS INC,880881107,CALL,0.0,-100.0,0.0,0.0002904453048586029,0.0,-0.0002904453048586029
EXIT,TETRA TECHNOLOGIES INC DEL,88162F105,,0.0,-100.0,0.0,0.004830258550082456,0.0,-0.004830258550082456
EXIT,TETRA TECHNOLOGIES INC DEL,88162F105,CALL,0.0,-100.0,0.0,0.00022595941589654268,0.0,-0.00022595941589654268
EXIT,TETRA TECHNOLOGIES INC DEL,88162F105,PUT,0.0,-100.0,0.0,0.00032529423158053004,0.0,-0.00032529423158053004
EXIT,THE CIGNA GROUP,125523100,,0.0,-100.0,0.0,0.009672915374572563,0.0,-0.009672915374572563
EXIT,THE REALREAL INC,88339P101,CALL,0.0,-100.0,0.0,0.0008887911269897621,0.0,-0.0008887911269897621
EXIT,THE REALREAL INC,88339P101,PUT,0.0,-100.0,0.0,0.0004292721542659977,0.0,-0.0004292721542659977
EXIT,THOMSON REUTERS CORP,884903808,CALL,0.0,-100.0,0.0,0.003988803027749618,0.0,-0.003988803027749618
EXIT,THOMSON REUTERS CORP,884903808,PUT,0.0,-100.0,0.0,0.005383731254216969,0.0,-0.005383731254216969
EXIT,TIDEWATER INC NEW,88642R109,CALL,0.0,-100.0,0.0,0.000256908337730913,0.0,-0.000256908337730913
EXIT,TIDEWATER INC NEW,88642R109,PUT,0.0,-100.0,0.0,0.0007600204991206176,0.0,-0.0007600204991206176
EXIT,TITAN MACHY INC,88830R101,,0.0,-100.0,0.0,0.00041309815239329154,0.0,-0.00041309815239329154
EXIT,TIZIANA LIFE SCIENCES LTD,G88912103,CALL,0.0,-100.0,0.0,3.8824523031417594e-05,0.0,-3.8824523031417594e-05
EXIT,TOAST INC,888787108,,0.0,-100.0,0.0,0.005872529731439858,0.0,-0.005872529731439858
EXIT,TOLL BROTHERS INC,889478103,,0.0,-100.0,0.0,0.04888489312940039,0.0,-0.04888489312940039
EXIT,TOLL BROTHERS INC,889478103,PUT,0.0,-100.0,0.0,0.0018533761071786335,0.0,-0.0018533761071786335
EXIT,TORO CO,891092108,,0.0,-100.0,0.0,0.01092950104921711,0.0,-0.01092950104921711
EXIT,TPG MTG INVTS TR INC,001228501,,0.0,-100.0,0.0,9.523878558361967e-05,0.0,-9.523878558361967e-05
EXIT,TRANSOCEAN LTD,H8817H100,PUT,0.0,-100.0,0.0,0.0016997346202827959,0.0,-0.0016997346202827959
EXIT,TURNING PT BRANDS INC,90041L105,CALL,0.0,-100.0,0.0,0.0004003065463494783,0.0,-0.0004003065463494783
EXIT,TWIN DISC INC,901476101,,0.0,-100.0,0.0,0.00045444922261204886,0.0,-0.00045444922261204886
EXIT,TWIST BIOSCIENCE CORP,90184D100,,0.0,-100.0,0.0,0.040775377480205946,0.0,-0.040775377480205946
EXIT,TYLER TECHNOLOGIES INC,902252105,CALL,0.0,-100.0,0.0,0.00026319651906735485,0.0,-0.00026319651906735485
EXIT,TYLER TECHNOLOGIES INC,902252105,PUT,0.0,-100.0,0.0,0.0007018573841796129,0.0,-0.0007018573841796129
EXIT,TYRA BIOSCIENCES INC,90240B106,,0.0,-100.0,0.0,0.001906383630901659,0.0,-0.001906383630901659
EXIT,TYRA BIOSCIENCES INC,90240B106,PUT,0.0,-100.0,0.0,0.008837572507732015,0.0,-0.008837572507732015
EXIT,U HAUL HOLDING COMPANY,023586506,,0.0,-100.0,0.0,0.0035844196694578903,0.0,-0.0035844196694578903
EXIT,UBS GROUP AG,H42097107,,0.0,-100.0,0.0,0.02909001474128511,0.0,-0.02909001474128511
EXIT,ULTRAGENYX PHARMACEUTICAL IN,90400D108,,0.0,-100.0,0.0,0.023977253110489243,0.0,-0.023977253110489243
EXIT,UMB FINL CORP,902788108,,0.0,-100.0,0.0,0.006574668981938546,0.0,-0.006574668981938546
EXIT,UMH PPTYS INC,903002103,,0.0,-100.0,0.0,0.0035358412905759566,0.0,-0.0035358412905759566
EXIT,UNITED PARCEL SVCS INC,911312106,,0.0,-100.0,0.0,0.004212692007411504,0.0,-0.004212692007411504
EXIT,UNITED STATES ANTIMONY CORP,911549103,PUT,0.0,-100.0,0.0,0.0011900805978694823,0.0,-0.0011900805978694823
EXIT,UNITED STS OIL FD LP,91232N207,CALL,0.0,-100.0,0.0,0.021602010482018128,0.0,-0.021602010482018128
EXIT,UNITED THERAPEUTICS CORP DEL,91307C102,CALL,0.0,-100.0,0.0,0.008205108048887438,0.0,-0.008205108048887438
EXIT,UNITED THERAPEUTICS CORP DEL,91307C102,PUT,0.0,-100.0,0.0,0.008053161603537671,0.0,-0.008053161603537671
EXIT,UNITI GROUP LLC,91325VAB4,,0.0,-100.0,0.0,0.007466623417754647,0.0,-0.007466623417754647
EXIT,UNITIL CORP,913259107,,0.0,-100.0,0.0,0.001256618986118621,0.0,-0.001256618986118621
EXIT,UNUSUAL MACHS INC,91532F102,,0.0,-100.0,0.0,0.0033854105172964844,0.0,-0.0033854105172964844
EXIT,UPEXI INC,39959A205,,0.0,-100.0,0.0,8.976929778303486e-05,0.0,-8.976929778303486e-05
EXIT,UPSTREAM BIO INC,91678A107,CALL,0.0,-100.0,0.0,0.0001326052910190978,0.0,-0.0001326052910190978
EXIT,UR-ENERGY INC,91688R108,,0.0,-100.0,0.0,0.0023824840304502463,0.0,-0.0023824840304502463
EXIT,USA RARE EARTH INC,91733P107,,0.0,-100.0,0.0,0.0042797364738244355,0.0,-0.0042797364738244355
EXIT,UWM HOLDINGS CORPORATION,91823B109,,0.0,-100.0,0.0,0.002340626882067696,0.0,-0.002340626882067696
EXIT,UXIN LTD,91818X306,,0.0,-100.0,0.0,0.00012528445398641061,0.0,-0.00012528445398641061
EXIT,V F CORP,918204108,,0.0,-100.0,0.0,0.015524205197659622,0.0,-0.015524205197659622
EXIT,VAALCO ENERGY INC,91851C201,,0.0,-100.0,0.0,0.0003329481833539415,0.0,-0.0003329481833539415
EXIT,VANECK ETF TRUST,92189F411,PUT,0.0,-100.0,0.0,0.0008199747463982861,0.0,-0.0008199747463982861
EXIT,VANGUARD TAX-MANAGED FDS,921943858,,0.0,-100.0,0.0,0.0037835774420420802,0.0,-0.0037835774420420802
EXIT,VANGUARD WORLD FD,92204A504,,0.0,-100.0,0.0,0.0027797822944488756,0.0,-0.0027797822944488756
EXIT,VANGUARD WORLD FD,92204A504,CALL,0.0,-100.0,0.0,0.001639886713480051,0.0,-0.001639886713480051
EXIT,VANGUARD WORLD FD,92204A504,PUT,0.0,-100.0,0.0,0.0005233681000468247,0.0,-0.0005233681000468247
EXIT,VARONIS SYS INC,922280102,,0.0,-100.0,0.0,0.01805155314158762,0.0,-0.01805155314158762
EXIT,VARONIS SYS INC,922280AD4,,0.0,-100.0,0.0,0.01793247359025247,0.0,-0.01793247359025247
EXIT,VAXCYTE INC,92243G108,,0.0,-100.0,0.0,0.04618956439019891,0.0,-0.04618956439019891
EXIT,VENTAS RLTY LTD PARTNERSHIP,92277GAZ0,,0.0,-100.0,0.0,0.09649840388361536,0.0,-0.09649840388361536
EXIT,VENTURE GLOBAL INC,92333F101,CALL,0.0,-100.0,0.0,0.0002039379691135837,0.0,-0.0002039379691135837
EXIT,VERA THERAPEUTICS INC,92337R101,CALL,0.0,-100.0,0.0,0.00045873359066197984,0.0,-0.00045873359066197984
EXIT,VERA THERAPEUTICS INC,92337R101,PUT,0.0,-100.0,0.0,0.00045873359066197984,0.0,-0.00045873359066197984
EXIT,VERASTEM INC,92337C203,CALL,0.0,-100.0,0.0,0.0001045724043766064,0.0,-0.0001045724043766064
EXIT,VERMILION ENERGY INC,923725105,,0.0,-100.0,0.0,0.0010733905041937588,0.0,-0.0010733905041937588
EXIT,VIA TRANSN INC,92556W104,,0.0,-100.0,0.0,0.002328568128453476,0.0,-0.002328568128453476
EXIT,VICTORIAS SECRET AND CO,926400102,,0.0,-100.0,0.0,0.0009584876992230752,0.0,-0.0009584876992230752
EXIT,VIRTU FINL INC,928254101,,0.0,-100.0,0.0,0.0022938562912594627,0.0,-0.0022938562912594627
EXIT,VISTEON CORP,92839U206,,0.0,-100.0,0.0,0.0006070016805478262,0.0,-0.0006070016805478262
EXIT,VITESSE ENERGY INC,92852X103,,0.0,-100.0,0.0,0.0013850949355632784,0.0,-0.0013850949355632784
EXIT,VOYAGER TECHNOLOGIES INC,92892B103,CALL,0.0,-100.0,0.0,0.0002667108795819963,0.0,-0.0002667108795819963
EXIT,WALKER & DUNLOP INC,93148P102,,0.0,-100.0,0.0,0.0017412279048716315,0.0,-0.0017412279048716315
EXIT,WARRIOR MET COAL INC,93627C101,,0.0,-100.0,0.0,0.010325708801075108,0.0,-0.010325708801075108
EXIT,WATERBRIDGE INFRASTRUCTURE L,940923105,,0.0,-100.0,0.0,0.004506314714412401,0.0,-0.004506314714412401
EXIT,WATERS CORP,941848103,CALL,0.0,-100.0,0.0,0.0002579243376901221,0.0,-0.0002579243376901221
EXIT,WATERS CORP,941848103,PUT,0.0,-100.0,0.0,0.00048608743571761017,0.0,-0.00048608743571761017
EXIT,WATSCO INC,942622200,CALL,0.0,-100.0,0.0,0.0013516655901210533,0.0,-0.0013516655901210533
EXIT,WATSCO INC,942622200,PUT,0.0,-100.0,0.0,0.0006991373742005449,0.0,-0.0006991373742005449
EXIT,WD 40 CO,929236107,,0.0,-100.0,0.0,0.0047045282348276915,0.0,-0.0047045282348276915
EXIT,WELLGISTICS HEALTH INC,949503106,,0.0,-100.0,0.0,3.374708565645446e-06,0.0,-3.374708565645446e-06
EXIT,WENDYS CO,95058W100,CALL,0.0,-100.0,0.0,0.00012020957903252997,0.0,-0.00012020957903252997
EXIT,WESTAMERICA BANCORPORATION,957090103,,0.0,-100.0,0.0,0.001581514761220823,0.0,-0.001581514761220823
EXIT,WHITEFIBER INC,G96115103,,0.0,-100.0,0.0,0.0004119988737489013,0.0,-0.0004119988737489013
EXIT,WHITESTONE REIT,966084204,,0.0,-100.0,0.0,0.0004939489435987038,0.0,-0.0004939489435987038
EXIT,WILLDAN GROUP INC,96924N100,PUT,0.0,-100.0,0.0,0.0005493010826122119,0.0,-0.0005493010826122119
EXIT,WILLOW LANE ACQUISITION CORP,G9675P102,,0.0,-100.0,0.0,0.0014855738722605997,0.0,-0.0014855738722605997
EXIT,WISDOMTREE INC,97717PAD6,,0.0,-100.0,0.0,0.0032602785273644825,0.0,-0.0032602785273644825
EXIT,WOLVERINE WORLD WIDE INC,978097103,,0.0,-100.0,0.0,0.018306287265030037,0.0,-0.018306287265030037
EXIT,WORLD KINECT CORPORATION,981475106,,0.0,-100.0,0.0,0.00038643487981939345,0.0,-0.00038643487981939345
EXIT,XENON PHARMACEUTICALS INC,98420N105,CALL,0.0,-100.0,0.0,0.0006928722546538454,0.0,-0.0006928722546538454
EXIT,XENON PHARMACEUTICALS INC,98420N105,PUT,0.0,-100.0,0.0,0.0006928722546538454,0.0,-0.0006928722546538454
EXIT,XP INC,G98239109,CALL,0.0,-100.0,0.0,0.0012367884093611946,0.0,-0.0012367884093611946
EXIT,XP INC,G98239109,PUT,0.0,-100.0,0.0,0.0008513592798166805,0.0,-0.0008513592798166805
EXIT,XYLEM INC,98419M100,,0.0,-100.0,0.0,0.04394624288631786,0.0,-0.04394624288631786
EXIT,YEXT INC,98585N106,,0.0,-100.0,0.0,0.002293913945733819,0.0,-0.002293913945733819
EXIT,YORK WTR CO,987184108,,0.0,-100.0,0.0,0.0008947602869014335,0.0,-0.0008947602869014335
EXIT,ZAI LAB LTD,98887Q104,,0.0,-100.0,0.0,0.0008463766520217696,0.0,-0.0008463766520217696
EXIT,ZENTALIS PHARMACEUTICALS INC,98943L107,,0.0,-100.0,0.0,0.0002843749293141731,0.0,-0.0002843749293141731
EXIT,ZEPP HEALTH CORPORATION,98945L204,,0.0,-100.0,0.0,0.008844488482233667,0.0,-0.008844488482233667
EXIT,ZEVRA THERAPEUTICS INC,488445206,,0.0,-100.0,0.0,0.013817165114870635,0.0,-0.013817165114870635
EXIT,ZHIHU INC,98955N207,,0.0,-100.0,0.0,0.0004978784163287093,0.0,-0.0004978784163287093
EXIT,ZIM INTEGRATED SHIPPING SERV,M9T951109,,0.0,-100.0,0.0,0.002717671769830288,0.0,-0.002717671769830288
EXIT,ZIM INTEGRATED SHIPPING SERV,M9T951109,PUT,0.0,-100.0,0.0,0.0005232784153089375,0.0,-0.0005232784153089375
EXIT,ZOOMINFO TECHNOLOGIES INC,98980F104,CALL,0.0,-100.0,0.0,0.00018541166468714744,0.0,-0.00018541166468714744
EXIT,ZURA BIO LTD,G9TY5A101,,0.0,-100.0,0.0,0.006652479460529577,0.0,-0.006652479460529577
