kind,issuer,cusip,putcall,shares,share_chg,value,w_prev,w_cur,w_pp
ADD,Ishares Russell 2000 Etf - US ETP,464287655,PUT,30723100.0,49.30288613401886,9230755395.0,9.472574171192587,12.83608973880231,3.3635155676097224
ADD,Invesco Qqq Trust Series 1 - US ETP,46090E103,CALL,4826700.0,111.16944480903005,3554381880.0,2.4487813242605703,4.942646925988971,2.4938656017284004
ADD,Invesco Qqq Trust Series 1 - US ETP,46090E103,PUT,4736100.0,29.412246905484057,3487664040.0,3.9208141980121667,4.849870533941692,0.9290563359295252
TRIM,Ishares Russell 2000 Etf - US ETP,464287655,CALL,9678200.0,-19.334889148191365,2907815190.0,5.52306355452595,4.043545205727172,-1.479518348798778
ADD,Ishares Core S&P 500 Etf - US ETP,464287200,,1615654.0,730.4185362794834,1209947124.0,0.23589766988793218,1.6825264237076845,1.4466287538197522
ADD,Spdr Gold Shares - US ETP,78463V107,CALL,2927900.0,119.17059660154203,1078579802.0,1.0669761340082036,1.4998498537217089,0.4328737197135053
ADD,Taiwan Semiconductor Manufacturing Co Ltd - US ADR,874039100,PUT,2188200.0,122.62692033777599,1045018674.0,0.6165684360494676,1.453180471606267,0.8366120355567994
ADD,Micron Technology Inc - US,595112103,PUT,709500.0,9.592215013901761,818968755.0,0.40597871609730724,1.1388403204952655,0.7328616043979583
ADD,Nvidia Corp - US,67066G104,PUT,4022000.0,2.413933591362803,804761980.0,1.2713027955494949,1.1190846850141485,-0.1522181105353464
ADD,Ishares Iboxx High Yield Corporate Bond Etf - US E,464288513,PUT,10000000.0,1233.3333333333335,799700000.0,0.11075811099516703,1.1120456045970446,1.0012874936018776
ADD,Taiwan Semiconductor Manufacturing Co Ltd - US ADR,874039100,,1369304.0,340.36572148951427,653938511.0,0.1950555561326958,0.9093528158488009,0.7142972597161051
ADD,Microsoft Corp - US,594918104,PUT,1703300.0,150.8541973490427,635364966.0,0.46654173008325767,0.8835248440105673,0.41698311392730963
ADD,Microsoft Corp - US,594918104,,1672441.0,148.01337614093885,623853942.0,0.46333640297306444,0.8675178618377386,0.40418145886467416
ADD,ISHARES TR,464287432,CALL,6701700.0,798.1104261592067,579160914.0,0.12007255443586429,0.8053686992223421,0.6852961447864778
ADD,Spdr Gold Shares - US ETP,78463V107,PUT,1549300.0,25.236440061434003,570731134.0,0.9880651062067135,0.7936464286249679,-0.19441867758174558
TRIM,State Street Energy Select Sector SPDR ETF - US ET,81369Y506,PUT,8914600.0,-25.43328426124197,473454406.0,1.3594190158968111,0.6583755047760468,-0.7010435111207644
KEEP,State Street Financial Select Sector SPDR ETF - US,81369Y605,PUT,8731500.0,-0.1178247042943101,468095715.0,0.8010940309103083,0.6509238244297372,-0.1501702064805711
ADD,Nvidia Corp - US,67066G104,,2337579.0,137.41817601969564,467726182.0,0.31872660391438995,0.6504099597949947,0.33168335588060477
TRIM,Ishares Msci Emerging Markets Etf - US ETP,464287234,PUT,6244300.0,-8.001591183663848,427172563.0,0.7154755795185286,0.5940169702245893,-0.12145860929393926
ADD,Tesla Inc - US,88160R101,PUT,998900.0,6.879948641129895,420137340.0,0.6449057604623579,0.5842339405703315,-0.06067181989202641
TRIM,Micron Technology Inc - US,595112103,,331391.0,-6.77332418107959,382521317.0,0.22291078484626947,0.531925908758938,0.3090151239126685
TRIM,State Street SPDR S&P Regional Banking ETF - US ET,78464A698,PUT,5109600.0,-15.826235935620975,382453560.0,0.7340811583791461,0.531831687333365,-0.20224947104578106
TRIM,Vaneck Semiconductor Etf - US ETP,92189F676,PUT,546900.0,-20.24208837684118,358706241.0,0.48798419967116813,0.4988091767482533,0.010824977077085185
ADD,Ishares Russell 2000 Etf - US ETP,464287655,,1144729.0,11875.4053771315,343933828.0,0.004400313762103147,0.47826697724101025,0.4738666634789071
ADD,State Street Utilities Select Sector SPDR ETF - US,81369Y886,PUT,7316600.0,2.7973305233579207,331734644.0,0.6062685442654897,0.46130305458642656,-0.14496548967906314
ADD,Tesla Inc - US,88160R101,,759222.0,29.84412999086739,319328773.0,0.40347529136895,0.44405171743906136,0.04057642607011136
TRIM,State Street SPDR S&P 500 ETF Trust - US ETP,78462F103,,418921.0,-62.566693443825606,312837635.0,1.3509333074460328,0.4350252806731081,-0.9159080267729247
TRIM,Advanced Micro Devices Inc - US,007903107,PUT,523200.0,-36.91064753406487,303932112.0,0.3131454939773093,0.4226414521014088,0.10949595812409951
ADD,Amazon.Com Inc - US,023135106,,1220317.0,36.790736516441456,290850354.0,0.3448753799802686,0.4044502410418837,0.05957486106161508
ADD,Electronic Arts Inc - US,285512109,,1376620.0,1.8112163771235015,282262165.0,0.5116715544491741,0.39250769029923194,-0.11916386414994218
TRIM,Amazon.Com Inc - US,023135106,PUT,1071500.0,-19.466366027809094,255381310.0,0.5143527879880988,0.3551277520091725,-0.1592250359789263
ADD,Meta Platforms Inc - US,30303M102,,443729.0,109.31106865727965,249948108.0,0.2251333532143691,0.3475724582702856,0.12243910505591651
TRIM,State Street Technology Select Sector SPDR ETF - U,81369Y803,PUT,1281500.0,-26.57002062800825,244151380.0,0.43051638764094075,0.3395116531015415,-0.09100473453939922
ADD,"Alphabet, Inc.",02079K305,PUT,671900.0,2.674205378973105,240116903.0,0.3492941144478102,0.33390139623684495,-0.015392718210965273
ADD,Advanced Micro Devices Inc - US,007903107,CALL,410200.0,260.14047410008783,238289282.0,0.043008889140257474,0.3313599458180388,0.2883510566777813
ADD,Ishares Msci South Korea Etf - US ETP,464286772,PUT,1178600.0,174.28438445427042,237959340.0,0.09811271063920911,0.33090113557560796,0.23278842493639884
ADD,Intel Corp - US,458140100,CALL,1620600.0,92.3560830860534,226284378.0,0.06901179749786471,0.31466618474912617,0.24565438725126146
TRIM,State Street Energy Select Sector SPDR ETF - US ET,81369Y506,CALL,4216700.0,-22.028476331360945,223948937.0,0.6149406147927224,0.3114185707703269,-0.3035220440223955
ADD,Marvell Technology Inc - US,573874104,PUT,738500.0,41.77385294682281,219991765.0,0.09576974688657176,0.3059158125744604,0.21014606568788863
ADD,Salesforce Inc - US,79466L302,CALL,1398400.0,149.8481329283545,219073344.0,0.19393193764920635,0.30463867610300904,0.11070673845380269
TRIM,State Street Financial Select Sector SPDR ETF - US,81369Y605,CALL,3981600.0,-10.880318732233588,213453576.0,0.4094177173920685,0.2968239477007893,-0.11259376969127921
TRIM,Unitedhealth Group Inc - US,91324P102,PUT,509000.0,-17.823700355182435,211555670.0,0.3111017441803332,0.2941847604740313,-0.016916983706301902
TRIM,Kenvue Inc - US,49177J102,,11021798.0,-0.9596985209009687,210626560.0,0.35612073247579984,0.29289276010928555,-0.06322797236651428
TRIM,Meta Platforms Inc - US,30303M102,PUT,373900.0,-10.785015509424959,210614131.0,0.445073650814479,0.29287547660944874,-0.1521981742050303
ADD,Norfolk Southern Corp - US,655844108,,647145.0,2.4490442078600547,203585346.0,0.33650776339775934,0.2831013994993979,-0.05340636389836145
NEW,Space Exploration Technologies Corp - US,84615Q103,,1166845.0,,199367137.0,0.0,0.2772356488707601,0.2772356488707601
ADD,Warner Bros Discovery Inc - A,934423104,,7286085.0,3.2742048397135286,194247026.0,0.35960225694074366,0.270115732736461,-0.08948652420428266
ADD,Ishares Msci South Korea Etf - US ETP,464286772,CALL,961100.0,515.695067264574,194046090.0,0.03564206220800685,0.2698363154604758,0.23419425325246895
ADD,Apple Inc - US,037833100,CALL,670100.0,85.16164686377452,193900136.0,0.1704835935660603,0.26963335497007523,0.09914976140401494
ADD,Netflix Inc - US,64110L106,,2674789.0,1237.3945,190979935.0,0.03569429318647665,0.2655725863235954,0.22987829313711877
ADD,Netflix Inc - US,64110L106,PUT,2642900.0,73.4527794185207,188703060.0,0.2719369726411724,0.2624064129636268,-0.00953055967754557
ADD,Lam Research Corp - US,512807306,CALL,430900.0,301.9589552238806,186721897.0,0.042514542669488446,0.25965145034496945,0.217136907675481
TRIM,Intel Corp - US,458140100,PUT,1326000.0,-2.956674473067916,185149380.0,0.11192607727131434,0.25746474205685627,0.14553866478554192
NEW,Oracle Corp - US,68389X105,,1262004.0,,184946686.0,0.0,0.25718288014391616,0.25718288014391616
ADD,Sandisk Corp/DE - US,80004C200,,80795.0,22.03761045238275,183706015.0,0.07807580918358886,0.25545762975964575,0.1773818205760569
TRIM,Webster Financial Corp - US,947890109,,2347884.0,-23.765470480875976,179425295.0,0.39685241109492475,0.24950495268010264,-0.1473474584148221
ADD,Sandisk Corp/DE - US,80004C200,PUT,77700.0,44.15584415584416,176668821.0,0.06356447526593231,0.24567185927521826,0.18210738400928594
TRIM,Nvidia Corp - US,67066G104,CALL,882400.0,-44.83965743576921,176559416.0,0.5178506523835116,0.2455197230374154,-0.27233092934609615
ADD,Astera Labs Inc - US,04626A103,,361000.0,866.636319820061,174370220.0,0.007597560931670186,0.24247547420735235,0.23487791327568217
ADD,Broadcom Inc - US,11135F101,PUT,457000.0,72.90957245554294,172631750.0,0.15184180253873586,0.24005799524996355,0.08821619271122769
ADD,Applied Materials Inc - US,038222105,PUT,236200.0,11.572980632971186,170772600.0,0.1343073290441591,0.23747270128249248,0.10316537223833339
KEEP,Teck Resources Ltd - US Class B,878742204,,2845817.0,-0.09948568638278257,169212279.0,0.2736333963618739,0.23530295248943203,-0.03833044387244186
ADD,Goldman Sachs Group Inc/The - US,38141G104,CALL,159800.0,135.34609720176732,161616926.0,0.10662388584518874,0.22474101811527547,0.11811713227008673
ADD,State Street Health Care Select Sector SPDR ETF -,81369Y209,,983436.0,890.3785536611648,156031956.0,0.027022651436244785,0.21697467906274787,0.1899520276265031
ADD,ExxonMobil Holdings Corp - US,30231G102,CALL,1133600.0,80.07942811755362,154985792.0,0.19824155672283397,0.21551990592546177,0.017278349202627802
ADD,Intel Corp - US,458140100,,1105192.0,64.29049242908492,154317959.0,0.05510344283874312,0.21459123173232078,0.15948778889357768
TRIM,Apple Inc - US,037833100,PUT,518700.0,-4.843148046230049,150091032.0,0.2567853187423583,0.20871335804055818,-0.04807196070180014
TRIM,Micron Technology Inc - US,595112103,CALL,129300.0,-51.170694864048336,149249697.0,0.16605369790325447,0.20754341570125134,0.04148971779799687
ADD,Wells Fargo & Co - US,949746101,,1783035.0,34.03547096794563,147350012.0,0.19657453114126341,0.2049017546353905,0.008327223494127095
ADD,"Alphabet, Inc. - C Shares",02079K107,PUT,412800.0,433.3333333333333,145854624.0,0.041212642050170896,0.20282230027429612,0.16160965822412524
ADD,Palantir Technologies Inc - US,69608A108,,1232652.0,431.5285868904345,143813509.0,0.06296776988732303,0.19998396969504503,0.137016199807722
ADD,Taiwan Semiconductor Manufacturing Co Ltd - US ADR,874039100,CALL,290400.0,4.385334291876348,138686328.0,0.17451352010271837,0.19285422217094414,0.018340702068225773
TRIM,Ishares China Large-Cap Etf - US ETP,464287184,CALL,4380100.0,-57.079724062242775,138367359.0,0.6800415855265769,0.19241067074609394,-0.4876309147804829
ADD,Jpmorgan Chase & Co - US,46625H100,CALL,417600.0,224.47552447552445,136693008.0,0.07027189514386699,0.19008235428979448,0.11981045914592749
TRIM,Ishares Msci Emerging Markets Etf - US ETP,464287234,CALL,1902000.0,-70.63137902814879,130115820.0,0.6826818068237981,0.18093625824626763,-0.5017455485775304
ADD,Palantir Technologies Inc - US,69608A108,PUT,1110800.0,124.49474535165723,129597036.0,0.13434890927617524,0.18021484838390014,0.04586593910772491
ADD,Servicenow Inc - US,81762P102,PUT,1291700.0,146.22569576820433,128239976.0,0.10180563701498503,0.17832774996177378,0.07652211294678875
TRIM,Penumbra Inc - US,70975L107,,400649.0,-2.5464708429210106,126504922.0,0.2505817675257307,0.1759150212204476,-0.07466674630528308
TRIM,Unitedhealth Group Inc - US,91324P102,,302185.0,-37.86995630943203,125597152.0,0.2442881991254125,0.17465269580030873,-0.06963550332510376
TRIM,"Alphabet, Inc.",02079K305,,342803.0,-39.16096823371355,122507508.0,0.300753227970754,0.17035630336568372,-0.13039692460507027
ADD,Tesla Inc - US,88160R101,CALL,284800.0,19.563392107472712,119786880.0,0.16436609473799876,0.1665730566367308,0.0022069618987320405
NEW,Palo Alto Networks Inc - US,23248VAD7,,70000000.0,,116662000.0,0.0,0.16222766577904266,0.16222766577904266
NEW,Topbuild Corp - US,89055F103,,273295.0,,116460128.0,0.0,0.1619469469216071,0.1619469469216071
ADD,Ishares Expanded Tech-Software Sector Etf - US ETP,464287515,PUT,1269600.0,620.5448354143019,115025760.0,0.026181030862170968,0.15995234565891528,0.1337713147967443
ADD,Qualcomm Inc - US,747525103,CALL,618200.0,938.9915966386556,114237178.0,0.014222792982578811,0.1588557605057774,0.1446329675231986
ADD,Vaneck Gold Miners Etf/Usa - US ETP,92189F106,PUT,1511200.0,39.49967691313579,114020040.0,0.18453084784314536,0.15855381307737804,-0.02597703476576732
TRIM,Alibaba Group Holding Ltd - US ADR,01609W102,PUT,1187400.0,-50.345000627273876,113966652.0,0.5568764463452544,0.15847957287387893,-0.3983968734713754
ADD,Ishares Silver Trust - US ETP,46428Q109,CALL,2121700.0,7.919633774160732,113447299.0,0.2486595509500955,0.1577573717723605,-0.09090217917773502
TRIM,State Street SPDR S&P 500 ETF Trust - US ETP,78462F103,CALL,150000.0,-91.22807017543859,112015500.0,2.0642204648376192,0.15576634290576497,-1.9084541219318543
ADD,"Alphabet, Inc. - C Shares",02079K107,,311448.0,1465.6947516589585,110043922.0,0.010591755276767739,0.15302470898176818,0.14243295370500045
TRIM,Marvell Technology Inc - US,573874104,CALL,368400.0,-20.276996321142608,109742676.0,0.08495910930367596,0.15260580277918917,0.0676466934755132
ADD,Unitedhealth Group Inc - US,91324P102,CALL,259400.0,32.3469387755102,107814422.0,0.09844356128405765,0.14992441427694247,0.051480852992884824
NEW,Intuit Inc - US,461202103,,412409.0,,107638749.0,0.0,0.1496801271849125,0.1496801271849125
ADD,Roku Inc - US,77543R102,,774475.0,842.757151552039,106985976.0,0.01442812890536444,0.14877239510356996,0.13434426619820553
ADD,Snowflake Inc - US,833445109,CALL,419600.0,816.1572052401747,106788200.0,0.012821649977431406,0.14849737205555846,0.13567572207812706
ADD,IREN Ltd - US,46270CAB5,,35803000.0,12.577429802219916,103492152.0,0.1353545027137852,0.14391395866185974,0.00855945594807453
ADD,Oracle Corp - US,68389X105,PUT,703600.0,102.12582591209423,103112580.0,0.09505297652301842,0.14338613400983008,0.04833315748681166
NEW,Boeing Co/The - US,097023105,,471397.0,,102043309.0,0.0,0.14189922877577596,0.14189922877577596
ADD,Mckesson Corp - US,58155Q103,,134220.0,678.0869565217391,101416632.0,0.02770801527662001,0.1410277852302563,0.1133197699536363
TRIM,Goldman Sachs Group Inc/The - US,38141G104,PUT,100100.0,-35.956493921944976,101238137.0,0.2454390774315611,0.14077957392577645,-0.10465950350578465
ADD,ARM Holdings PLC - US ADR,042068205,CALL,281700.0,32.94006606890043,99882369.0,0.059502056342262855,0.13889427213103675,0.0793922157887739
ADD,Berkshire Hathaway Inc - US Class B,084670702,CALL,196300.0,560.9427609427609,98226557.0,0.02641756356007803,0.13659173560904223,0.1101741720489642
TRIM,Spdr Gold Shares - US ETP,78463V107,,263073.0,-2.530177620025046,96910832.0,0.21556927431884312,0.1347621167480838,-0.08080715757075932
ADD,Caterpillar Inc - US,149123101,CALL,88900.0,127.94871794871794,94669610.0,0.051286072755317665,0.13164552168240143,0.08035944892708377
TRIM,Corning Inc - US,219350105,CALL,370100.0,-65.99908130454754,94534643.0,0.27472047784759507,0.13145783947768008,-0.14326263836991499
TRIM,Cisco Systems Inc/Delaware - US,17275R102,PUT,797000.0,-18.465473145780052,93615620.0,0.14078034340359347,0.13017986587798822,-0.01060047752560525
ADD,Ppl Corp - US,69351T106,,2537301.0,1964.524816924329,92230891.0,0.008714344969631142,0.12825429154010143,0.11953994657047029
NEW,State Street SPDR S&P Metals & Mining ETF - US ETP,78464A755,CALL,836600.0,,89457638.0,0.0,0.12439786561902408,0.12439786561902408
ADD,Intercontinental Exchange Inc - US,45866F104,,719580.0,252.4277836005838,88587494.0,0.0596076431427631,0.123187862104498,0.06358021896173491
ADD,Spotify Technology Sa - US,L8681T102,CALL,188300.0,934.6153846153846,86454179.0,0.016381438310181486,0.12022132019006641,0.10383988187988492
NEW,Arcosa Inc - US,039653100,,582018.0,,84561395.0,0.0,0.11758925550624548,0.11758925550624548
KEEP,Microchip Technology Inc - US,595017BG8,,76500000.0,0.0,84295350.0,0.14092549648353014,0.11721929905648303,-0.023706197427047118
ADD,Salesforce Inc - US,79466L302,PUT,535200.0,41.06483921982077,83844432.0,0.13145931238897426,0.11659226219274202,-0.014867050196232245
NEW,Texas Instruments Inc - US,882508104,,279264.0,,83240220.0,0.0,0.11575205799261097,0.11575205799261097
ADD,Qualcomm Inc - US,747525103,PUT,450000.0,83.9738348323794,83155500.0,0.05846882627796265,0.11563424818440608,0.057165421906443435
TRIM,Ishares China Large-Cap Etf - US ETP,464287184,PUT,2616600.0,-60.71643045880375,82658394.0,0.443854210880279,0.11494298328216923,-0.32891122759810976
TRIM,Advanced Micro Devices Inc - US,007903107,,140070.0,-73.84782559989246,81368064.0,0.20224222062131808,0.11314867816152434,-0.08909354245979374
TRIM,Vaneck Semiconductor Etf - US ETP,92189F676,CALL,123000.0,-44.694244604316545,80674470.0,0.15827283944417062,0.1121841812763488,-0.04608865816782182
NEW,State Street SPDR S&P Biotech ETF - US ETP,78464A870,,502000.0,,79441500.0,0.0,0.11046963973689648,0.11046963973689648
ADD,Akamai Technologies Inc - US,00971TAL5,,66203000.0,31.87060534231022,79433670.0,0.10803947547976259,0.11045875150745543,0.002419276027692846
ADD,State Street SPDR S&P Regional Banking ETF - US ET,78464A698,CALL,1055400.0,18.252100840336137,78996690.0,0.10792999256270495,0.10985109652646655,0.0019211039637615918
ADD,Lam Research Corp - US,512807306,PUT,180000.0,36.77811550151976,77999400.0,0.0521913602173944,0.10846428652145394,0.05627292630405954
ADD,Robinhood Markets Inc - US,770700102,CALL,774000.0,112.92984869325997,77616720.0,0.04675813194116482,0.10793213995153121,0.06117400801036639
TRIM,"Alphabet, Inc.",02079K305,CALL,208800.0,-55.18351577591758,74618856.0,0.24867990208012652,0.10376337480912819,-0.14491652727099835
ADD,Uber Technologies Inc - US,90353TAM2,,62000000.0,5.084745762711865,74300800.0,0.1320635018752345,0.1033210929824235,-0.02874240889281099
TRIM,ARM Holdings PLC - US ADR,042068205,PUT,205800.0,-7.171853856562922,72970506.0,0.06225392114714336,0.10147121478369671,0.03921729363655335
ADD,Amazon.Com Inc - US,023135106,CALL,305800.0,65.56578234975636,72884372.0,0.071402450162647,0.10135143869753145,0.029948988534884452
ADD,Synopsys Inc - US,871607107,,163244.0,388.63745210727967,72818251.0,0.02458619202329526,0.1012594922583398,0.07667330023504454
ADD,State Street Health Care Select Sector SPDR ETF -,81369Y209,CALL,452600.0,476.56050955414014,71809516.0,0.02136253330418322,0.09985676708270745,0.07849423377852423
ADD,Costco Wholesale Corp - US,22160K105,PUT,76000.0,74.71264367816092,71095720.0,0.08045546585290382,0.09886417773122694,0.018408711878323117
ADD,Hilton Worldwide Holdings Inc - US,43300A203,,213585.0,983.8577083121893,70581299.0,0.011122586772335174,0.09814883496273574,0.08702624819040057
ADD,DraftKings Inc - US,26142RAB0,,75000000.0,10.294117647058822,69847500.0,0.11407769882328428,0.09712842987006635,-0.016949268953217925
TRIM,Boeing Co/The - US,097023105,PUT,322500.0,-40.618670594733935,69811575.0,0.20064015197110793,0.09707847333843557,-0.10356167863267236
ADD,Ishares Msci Emerging Markets Etf - US ETP,464287234,,1016061.0,35.117908564179146,69508733.0,0.07926806168605192,0.09665734777261416,0.017389286086562233
ADD,Cbre Group Inc - US,12504L109,,515675.0,3.120975547325564,69456266.0,0.12573599883799297,0.0965843882918884,-0.029151610546104573
ADD,Mastercard Inc - US,57636Q104,,134549.0,5630.366269165247,69104366.0,0.0021776711469038367,0.09609504372735457,0.09391737258045073
TRIM,Pg&E Corp - US,69331C108,,4058467.0,-9.357159815224234,68263415.0,0.14602249862489206,0.09492563537018127,-0.051096863254710786
ADD,GE Vernova LLC - US,36828A101,PUT,58100.0,24.145299145299145,68259366.0,0.07582804320602456,0.09492000491794542,0.01909196171192086
TRIM,Liberty Broadband C,530307305,,2049249.0,-4.045833266999242,68158022.0,0.19939688985496531,0.09477907813321078,-0.10461781172175454
NEW,Goldman Sachs Group Inc/The - US,38141G104,,67334.0,,68099588.0,0.0,0.09469782107073858,0.09469782107073858
TRIM,Meta Platforms Inc - US,30303M102,CALL,120800.0,-61.31924431636248,68045432.0,0.33165473908222814,0.09462251290297247,-0.23703222617925568
TRIM,Ishares Silver Trust - US ETP,46428Q109,PUT,1270700.0,-16.980269175486736,67944329.0,0.19359018753012014,0.09448192124764974,-0.0991082662824704
TRIM,Capital One Financial Corp - US,14040H105,,336683.0,-38.06511309620168,67545343.0,0.18407787742486825,0.09392709990515162,-0.09015077751971663
ADD,Lumentum Holdings Inc - US,55024U109,PUT,78000.0,24.600638977635782,66928680.0,0.08165840065683794,0.09306958161245732,0.011411180955619382
ADD,Marvell Technology Inc - US,573874104,,224400.0,79.06160229811682,66846516.0,0.023040630984498316,0.09295532612282859,0.06991469513833026
NEW,State Street Industrial Select Sector SPDR ETF - U,81369Y704,CALL,360000.0,,66682800.0,0.0,0.09272766617759635,0.09272766617759635
NEW,Bio-Techne Corp - US,09073M104,,943287.0,,66643227.0,0.0,0.09267263681569723,0.09267263681569723
ADD,Abbott Laboratories - US,002824100,,730332.0,123.85106265593487,66270326.0,0.06217620856405244,0.0921540887126588,0.029977880148606362
ADD,Citigroup Inc - US,172967424,CALL,473300.0,166.64788732394368,66243068.0,0.03736536337880402,0.09211618432465067,0.05475082094584665
ADD,Servicenow Inc - US,81762P102,,662033.0,48.89593098050506,65726636.0,0.08628600149675653,0.09139804510285092,0.005112043606094394
ADD,Norwegian Cruise Line Holdings Ltd - US,G66721104,,3108112.0,173.82823271741822,65612244.0,0.03939848655963382,0.09123897405020484,0.05184048749057102
ADD,Palo Alto Networks Inc - US,697435105,CALL,191900.0,10.097532989099255,65441738.0,0.05186860807494695,0.09100187207714316,0.039133264002196216
TRIM,O'Reilly Automotive Inc - US,67103H107,,703949.0,-0.6772496328037148,64826663.0,0.12143970711876359,0.09014656202306347,-0.03129314509570012
KEEP,Dexcom Inc - US,252131AM9,,69150000.0,0.0,64651793.0,0.11846109538371809,0.08990339156554704,-0.02855770381817105
ADD,Interactive Brokers Group Inc - US,45841N107,,741915.0,120.34635763162898,64576282.0,0.041917568145142706,0.089798387594497,0.047880819449354295
NEW,Gamestop Corp - US,36467WAE9,,63000000.0,,64404900.0,0.0,0.08956006747469325,0.08956006747469325
ADD,Chevron Corp - US,166764100,,387045.0,23.373932557049827,64156579.0,0.12048085594277724,0.08921475763778047,-0.03126609830499677
ADD,Coreweave Inc - US,21873S108,CALL,642400.0,128.0440184593539,63944496.0,0.04050791642236832,0.08891983958356045,0.04841192316119213
KEEP,Nutanix Inc - US,67059NAK4,,64500000.0,0.0,63629250.0,0.10830183131894941,0.08848146528236402,-0.019820366036585393
ADD,Boston Scientific Corp - US,101137107,,1477637.0,133.59929302254992,63065547.0,0.073676581285319,0.08769759202558251,0.014021010740263518
ADD,State Street SPDR S&P Biotech ETF - US ETP,78464A870,PUT,394500.0,35.33447684391081,62429625.0,0.06911160416165238,0.086813292582083,0.017701688420430614
NEW,Waters Corp - US,941848103,CALL,166400.0,,62406656.0,0.0,0.08678135238514416,0.08678135238514416
ADD,State Street Utilities Select Sector SPDR ETF - US,81369Y886,CALL,1375200.0,12.555246357832706,62351568.0,0.10407290584946614,0.08670474819824152,-0.017368157651224625
ADD,Hartford Insurance Group Inc/The - US,416515104,,469589.0,538.1932835922318,62229934.0,0.018469632421045067,0.08653560657629635,0.06806597415525129
ADD,Robinhood Markets Inc - US,770700102,PUT,618200.0,124.8,61993096.0,0.03537410256896926,0.08620626475198527,0.05083216218301601
ADD,Broadcom Inc - US,11135F101,CALL,163100.0,85.97491448118586,61611025.0,0.05038413198126045,0.08567496504435242,0.03529083306309197
ADD,Bloom Energy Corp - US,093712107,CALL,201700.0,118.52654387865655,61054590.0,0.023212848988457466,0.0849011985119103,0.06168834952345284
ADD,Broadridge Financial Solutions Inc - US,11133T103,,444687.0,187.99106275500293,60899885.0,0.04656877770659217,0.08468606906929534,0.038117291362703164
NEW,Ishares Semiconductor Etf - US ETP,464287523,CALL,93900.0,,60167364.0,0.0,0.08366744113591404,0.08366744113591404
ADD,Carvana Co - US,146869102,CALL,910700.0,2148.641975308642,59942274.0,0.023633575747507202,0.08335443582749993,0.059720860079992735
ADD,Astera Labs Inc - US,04626A103,PUT,123700.0,92.97971918876755,59749574.0,0.013040315110792802,0.08308647135581575,0.07004615624502294
TRIM,Super Micro Computer Inc - US,86800UAB0,,65000000.0,-19.604205318491033,59549750.0,0.12065784803524787,0.08280860040309224,-0.037849247632155636
TRIM,Microsoft Corp - US,594918104,CALL,159100.0,-71.06220443797746,59347482.0,0.3777682521351621,0.0825273308765815,-0.2952409212585806
ADD,Jack Henry & Associates Inc - US,426281101,,429068.0,576.9342420800202,59099826.0,0.018593714174083526,0.08218294577435305,0.06358923160026952
ADD,Te Connectivity Ltd - US,G87052109,,292735.0,2.155941051867517,59018303.0,0.11117787439809801,0.08206958164552527,-0.029108292752572734
NEW,Fortinet Inc - US,34959E109,,381537.0,,58611714.0,0.0,0.08150418773489941,0.08150418773489941
TRIM,Howmet Aerospace Inc - US,443201108,,217478.0,-3.6881216619576094,58471135.0,0.09659408644818764,0.08130870160378945,-0.01528538484439819
TRIM,Adobe Inc - US,00724F101,PUT,285000.0,-28.030303030303028,58430700.0,0.17867505147979318,0.08125247356324689,-0.0974225779165463
NEW,Fabrinet - US,G3323L100,,103212.0,,58013401.0,0.0,0.08067218655717869,0.08067218655717869
ADD,Amgen Inc - US,031162100,CALL,159800.0,580.0,57866776.0,0.015347757194750523,0.08046829298862292,0.06512053579387239
ADD,Crowdstrike Holdings Inc - US,22788C105,CALL,75800.0,131.09756097560975,57846012.0,0.02376918436277593,0.08043941901721632,0.05667023465444039
TRIM,Caterpillar Inc - US,149123101,PUT,54100.0,-56.051990251827775,57611090.0,0.1618798860558873,0.08011274154125891,-0.08176714451462838
ADD,Asml Holding Nv - US NY Reg Shrs,N07059210,CALL,28600.0,1405.2631578947369,56897984.0,0.004658220343839756,0.07912111168892455,0.0744628913450848
TRIM,Sandisk Corp/DE - US,80004C200,CALL,25000.0,-42.3963133640553,56843250.0,0.051181785279062385,0.07904499976680124,0.027863214487738854
TRIM,Freeport-Mcmoran Inc - US,35671D857,PUT,898100.0,-20.437632884479093,56481509.0,0.12315898038440141,0.07854197051951783,-0.04461700986488358
ADD,Morgan Stanley - US,617446448,,270000.0,73.19238466670089,56440800.0,0.04762172780057585,0.07848536146047377,0.030863633659897922
TRIM,Broadcom Inc - US,11135F101,,148450.0,-52.383854454010084,56076988.0,0.1791101320593947,0.07797945232517346,-0.10113067973422123
ADD,Cme Group Inc - US,12572Q105,,253928.0,57.5773371807999,56074920.0,0.08834323827939525,0.07797657660889197,-0.010366661670503277
ADD,Core Scientific Inc - US,21874A106,,2175446.0,1739.5606254069455,55669663.0,0.003283865692268388,0.07741303494879169,0.0741291692565233
ADD,Agree Realty Corp - US REIT,008492100,,726478.0,137.83704149915533,55023444.0,0.04273843479866956,0.07651441671875907,0.03377598192008951
ADD,Dollar Tree Inc - US,256746108,,454138.0,390.8220392106003,54927991.0,0.018807759281665355,0.07638168183180695,0.0575739225501416
ADD,Keysight Technologies Inc - US,49338L103,,156793.0,713.9171511627908,54888526.0,0.010096818541556002,0.0763268026523829,0.0662299841108269
TRIM,Netflix Inc - US,64110L106,CALL,764700.0,-27.557787040545662,54599580.0,0.18839447943822377,0.07592500056501776,-0.112469478873206
ADD,Abbvie Inc - US,00287Y109,PUT,215900.0,14.475079533404028,54329076.0,0.07613782809250733,0.07554884352584566,-0.0005889845666616628
ADD,Cisco Systems Inc/Delaware - US,17275R102,CALL,455300.0,114.25882352941177,53479538.0,0.030604422479042055,0.07436749427132752,0.04376307179228547
ADD,Seagate Technology Holdings Plc - US,G7997R103,CALL,54900.0,117.85714285714286,52978500.0,0.018324837583364492,0.0736707616145361,0.05534592403117161
TRIM,Crowdstrike Holdings Inc - US,22788C105,PUT,69000.0,-43.06930693069307,52656660.0,0.08783003490147691,0.07322321783889084,-0.01460681706258607
ADD,Eli Lilly & Co - US,532457108,CALL,43800.0,1227.2727272727273,52535034.0,0.005633946029413134,0.07305408734157345,0.06742014131216031
NEW,Doordash Inc - US,25809KAB1,,53000000.0,,52281850.0,0.0,0.07270201512154807,0.07270201512154807
NEW,Cerebras Systems Inc - US,15675D103,,236428.0,,52250588.0,0.0,0.07265854285733535,0.07265854285733535
NEW,Super Micro Computer Inc - US,86800U500,,1000000.0,,51185000.0,0.0,0.07117675912379608,0.07117675912379608
ADD,Mercadolibre Inc - US,58733R102,,29921.0,369.93874666247837,50787606.0,0.02043404547962402,0.07062415158222644,0.050190106102602425
TRIM,Berkshire Hathaway Inc - US Class B,084670702,,101297.0,-20.19773900027573,50688006.0,0.11290617611106074,0.07048564996634817,-0.042420526144712575
ADD,Cloudflare Inc - US,18915M107,CALL,204600.0,851.6279069767443,50184288.0,0.00823457877306803,0.06978519055924998,0.061550611786181944
ADD,Applovin Corp - US,03831W108,PUT,97200.0,127.10280373831775,50080356.0,0.03161886988329266,0.06964066495742807,0.03802179507413541
TRIM,Trane Technologies Plc - US,G8994E103,,100044.0,-1.0992921823717823,49137611.0,0.07824855619813346,0.06832970405520743,-0.009918852142926038
NEW,Merit Medical Systems Inc - US,589889AB0,,45500000.0,,49053550.0,0.0,0.06821281063821603,0.06821281063821603
KEEP,Integer Holdings Corp - US,45826HAD1,,50500000.0,0.0,48810775.0,0.08987031364654144,0.0678752129495127,-0.021995100697028744
ADD,Shopify Inc - US,82509L107,PUT,426400.0,637.7162629757786,48686352.0,0.012726390948501089,0.06770219300420724,0.05497580205570615
ADD,Nebius Group NV - US,N97284108,CALL,175500.0,368.0,48467835.0,0.0072223866244711735,0.06739832796809404,0.06017594134362287
ADD,Target Corp - US,87612E106,CALL,370200.0,652.439024390244,48351822.0,0.011068460636645228,0.06723700278774375,0.056168542151098524
ADD,Charles Schwab Corp/The - US,808513105,,511257.0,96.6373076923077,47173683.0,0.045355325800983864,0.0655987080565266,0.02024338225554273
ADD,Hdfc Bank Ltd - US ADR,40415F101,,1824153.0,68.02357659399459,47117872.0,0.05013729749826836,0.06552109848138822,0.01538380098311986
NEW,Advanced Energy Industries Inc - US,007973100,,126182.0,,47049482.0,0.0,0.06542599681964208,0.06542599681964208
ADD,Aecom - US,00766T100,,669882.0,188.64395313664744,46757764.0,0.03653874443122699,0.0650203400487507,0.028481595617523704
ADD,Qualcomm Inc - US,747525103,,252739.0,412.3226303413606,46703640.0,0.01179224920729883,0.0649450763794957,0.053152827172196875
NEW,Space Exploration Technologies Corp - US,84615Q103,PUT,272500.0,,46559350.0,0.0,0.06474442981167364,0.06474442981167364
ADD,Western Digital Corp - US,958102105,,72658.0,30.227806355636012,46408118.0,0.028012407967486212,0.06453412984809427,0.03652172188060806
NEW,Global X Copper Miners Etf - US ETP,37954Y830,CALL,600000.0,,46182000.0,0.0,0.06421969502501026,0.06421969502501026
NEW,Booking Holdings Inc - US,09857L108,CALL,257700.0,,45932448.0,0.0,0.06387267338599764,0.06387267338599764
ADD,Natera Inc - US,632307104,,168837.0,12.04037347454759,45830804.0,0.05593979372491489,0.0637313294277212,0.007791535702806308
TRIM,State Street SPDR S&P Oil & Gas Exploration & Prod,78468R556,PUT,297100.0,-75.4340995534976,45830646.0,0.40818308650126744,0.06373110971632252,-0.34445197678494494
NEW,Procter & Gamble Co/The - US,742718109,,312317.0,,45798165.0,0.0,0.06368594233695161,0.06368594233695161
ADD,Tempus AI Inc - US,88023B103,CALL,789900.0,863.2926829268292,45758907.0,0.006882780390389126,0.0636313510072714,0.056748570616882266
ADD,Strategy Inc - US,594972408,CALL,521000.0,81.97694725812084,45290530.0,0.06632166730021713,0.06298003603397596,-0.0033416312662411657
ADD,Snowflake Inc - US,833445109,PUT,177400.0,4.599056603773585,45148300.0,0.0474792977330211,0.06278225405780762,0.015302956324786517
ADD,Ross Stores Inc - US,778296103,,209977.0,5346.874189364462,44693604.0,0.0015501105298317906,0.062149963588596834,0.060599853058765044
TRIM,Palo Alto Networks Inc - US,697435105,PUT,131000.0,-36.407766990291265,44673620.0,0.06130196938289771,0.06212217426839892,0.000820204885501212
NEW,Sherwin-Williams Co/The - US,824348106,,128171.0,,44131839.0,0.0,0.061368785272895375,0.061368785272895375
ADD,Coherent Corp - US,19247G107,,111594.0,351.50509791228353,44020485.0,0.010928426894233675,0.061213938797649275,0.0502855119034156
TRIM,Berkshire Hathaway Inc - US Class B,084670702,PUT,87700.0,-47.00906344410876,43884203.0,0.14720898212770753,0.06102442798223639,-0.08618455414547113
TRIM,ExxonMobil Holdings Corp - US,30231G102,PUT,320200.0,-70.77667244683764,43777744.0,0.34505682875489946,0.060876388388614026,-0.2841804403662854
NEW,Maxlinear Inc - US,57776J100,,341764.0,,43756045.0,0.0,0.06084621422633549,0.06084621422633549
ADD,Essential Properties Realty Trust Inc - US REIT,29670E107,,1462826.0,45.254777196557164,43665356.0,0.05675230572354667,0.060720104055227195,0.003967798331680525
ADD,Intuit Inc - US,461202103,PUT,166700.0,67.03406813627254,43508700.0,0.0800968876286679,0.06050226159401205,-0.01959462603465585
ADD,iShares MSCI USA Value Factor ETF - US ETP,46432F388,,217534.0,42.01572047840393,43465469.0,0.04042772212996954,0.0604421454960599,0.020014423366090356
ADD,Datadog Inc - US,23804L103,CALL,166900.0,68.24596774193549,43454084.0,0.021736877900042955,0.06042631376014851,0.03868943586010555
ADD,Bank Ozk - US,06417N103,,810073.0,21.500865428169462,42196703.0,0.05679137083506006,0.05867782680959976,0.001886455974539701
TRIM,Transdigm Group Inc - US,893641100,,31623.0,-43.469789059706834,42123101.0,0.12034011128438594,0.05857547745285403,-0.06176463383153191
KEEP,Cheesecake Factory Inc/The - US,163072AC5,,33000000.0,0.0,41982600.0,0.062371740157321116,0.058380099786864925,-0.003991640370456191
TRIM,Asml Holding Nv - US NY Reg Shrs,N07059210,PUT,20900.0,-34.48275862068966,41579296.0,0.0782090678781517,0.05781927392652179,-0.02038979395162991
ADD,Dell Technologies Inc - US Class C,24703L202,CALL,96100.0,64.83704974271012,41463306.0,0.01776135221334378,0.05765798072947638,0.0398966285161326
ADD,Royal Caribbean Cruises Ltd - US,V7780T103,CALL,130400.0,1471.0843373493976,41405912.0,0.004239498256482244,0.05757816986861576,0.053338671612133515
TRIM,Chevron Corp - US,166764100,PUT,248700.0,-61.71490147783252,41224512.0,0.24947441286943317,0.057325918933672775,-0.1921484939357604
ADD,Applied Materials Inc - US,038222105,CALL,56100.0,158.52534562211983,40560300.0,0.013766977044205255,0.05640228002518132,0.042635302980976064
ADD,W R Berkley Corp - US,084423102,,571238.0,33.98491831732517,40289416.0,0.05245213644953487,0.05602559456618962,0.00357345811665475
ADD,Formfactor Inc - US,346375108,,251905.0,78.29942950977478,40287167.0,0.025435090669318334,0.05602246715520458,0.030587376485886244
NEW,Phillips 66 - US,718546104,,236629.0,,40002132.0,0.0,0.055626103620246066,0.055626103620246066
ADD,Ishares Msci Brazil Etf - US ETP,464286400,CALL,1145500.0,2021.296296296296,39519750.0,0.003847967313216708,0.054955313595440855,0.051107346282224145
NEW,State Street SPDR Dow Jones Industrial Average ETF,78467X109,PUT,75600.0,,39492684.0,0.0,0.05491767619849947,0.05491767619849947
TRIM,Merck & Co Inc - US,58933Y105,CALL,306800.0,-40.06641922250439,39423800.0,0.11429682243248641,0.054821887590987835,-0.05947493484149858
ADD,Host Hotels & Resorts Inc - US REIT,44107P104,,1656681.0,655.4198243550109,39279907.0,0.007799477775514082,0.05462179308281941,0.04682231530730533
ADD,Echostar Corp - US,278768106,PUT,386300.0,86.79883945841392,39209450.0,0.04493819817009267,0.05452381709537024,0.009585618925277574
ADD,Applied Optoelectronics Inc - US,03823U102,CALL,261600.0,622.6519337016574,38758656.0,0.005683908758986739,0.053896952663359844,0.04821304390437311
NEW,Otis Worldwide Corp - US,68902V107,,540436.0,,38695218.0,0.0,0.053808737146210386,0.053808737146210386
TRIM,Western Digital Corp - US,958102105,PUT,60200.0,-53.18818040435459,38450944.0,0.06456716007341108,0.053469054980376525,-0.011098105093034556
ADD,Rbc Bearings Inc - US,75524B104,,59644.0,1592.988929889299,38414315.0,0.0035516322888467324,0.053418119481500964,0.049866487192654234
NEW,Hewlett Packard Enterprise Co - US,42824C109,,848939.0,,38295638.0,0.0,0.053253089800099476,0.053253089800099476
ADD,Oracle Corp - US,68389X105,CALL,261300.0,18.342391304347828,38293515.0,0.060292149429136646,0.05325013760200199,-0.007042011827134653
TRIM,Cvs Health Corp - US,126650100,,370000.0,-45.7323637515657,38276500.0,0.0908920131362564,0.05322647690928946,-0.037665536226966945
TRIM,PDD Holdings Inc - US ADR,722304102,PUT,499900.0,-29.442484121383206,38132372.0,0.13437709718758084,0.05302605561517996,-0.08135104157240089
TRIM,Western Digital Corp - US,958102105,CALL,59400.0,-30.930232558139537,37939968.0,0.04317866070228112,0.05275850275472367,0.009579842052442548
TRIM,Jpmorgan Chase & Co - US,46625H100,PUT,115900.0,-66.82884945621065,37937547.0,0.19077700204558762,0.05275513616424133,-0.1380218658813463
ADD,Globalfoundries Inc - US,G39387108,,459322.0,2178.495957140731,37852726.0,0.0016643823848208213,0.05263718590761069,0.05097280352278987
TRIM,Chevron Corp - US,166764100,CALL,228200.0,-25.643532095144998,37826432.0,0.11786283452836982,0.05260062203725021,-0.0652622124911196
ADD,Adobe Inc - US,00724F101,CALL,184500.0,30.851063829787233,37826190.0,0.06361914711780514,0.05260028551725982,-0.01101886160054532
ADD,Home Depot Inc/The - US,437076102,CALL,107100.0,373.89380530973455,37772028.0,0.013796807672691988,0.05252496900602288,0.038728161333330895
ADD,International Business Machines Corp - US,459200101,CALL,134100.0,375.531914893617,37710261.0,0.012687711921906196,0.05243907714550125,0.039751365223595056
ADD,International Business Machines Corp - US,459200101,PUT,134100.0,51.18376550169109,37710261.0,0.03990780310188225,0.05243907714550125,0.012531274043619
ADD,Ross Stores Inc - US,778296103,PUT,176300.0,1717.5257731958761,37525455.0,0.003900406183565702,0.05218208990028034,0.04828168371671464
NEW,Ishares Expanded Tech-Software Sector Etf - US ETP,464287515,,413766.0,,37487200.0,0.0,0.052128893320808216,0.052128893320808216
ADD,Ionq Inc - US,46222L108,,703417.0,417.0473005255614,37463989.0,0.00728025667016409,0.052096616603878994,0.044816359933714904
ADD,Strategy Inc - US,594972408,PUT,427300.0,9.761109684048291,37145189.0,0.09018171526362044,0.05165330018679066,-0.03852841507682978
NEW,Ptc Inc - US,69370C100,,326841.0,,37132406.0,0.0,0.05163552442217447,0.05163552442217447
TRIM,Eli Lilly & Co - US,532457108,,30885.0,-75.22699563655031,37044396.0,0.21284706566176503,0.05151313961079447,-0.16133392605097058
ADD,Vanguard Morningstar Value ETF - US ETP,922908744,,168168.0,379.8630332429733,36648852.0,0.012762759034117449,0.05096310463939928,0.03820034560528183
ADD,Dr Horton Inc - US,23331A109,,224700.0,365.08258475804115,36599136.0,0.012305801546585822,0.05089397064005184,0.03858816909346602
TRIM,RTX Corp - US,75513E101,,192218.0,-12.942774972259336,36469521.0,0.07905711639488308,0.05071373081131626,-0.02834338558356682
ADD,Brixmor Property Group Inc - US REIT,11120U105,,1143826.0,1334.1386962899808,36064834.0,0.004263643413308541,0.05015098178094542,0.04588733836763688
NEW,Sterling Infrastructure Inc - US,859241101,,42882.0,,35993436.0,0.0,0.05005169725915347,0.05005169725915347
ADD,Thermo Fisher Scientific Inc - US,883556102,,71244.0,426.4075661297473,35718892.0,0.01234797389922216,0.049669922282951785,0.037321948383729625
TRIM,Kraneshares Csi China Internet Etf - US ETP,500767306,CALL,1458900.0,-58.86946715534255,35699283.0,0.1871791843483651,0.04964265442968112,-0.13753652991868398
ADD,Sysco Corp - US,871829107,,425767.0,312.1934690637313,35585606.0,0.013676111587400388,0.049484577640643006,0.035808466053242616
ADD,Vistra Corp - US,92840M102,,223563.0,35.42296392767362,35463799.0,0.04606518004719904,0.04931519544862207,0.0032500154014230287
ADD,Halliburton Co - US,406216101,,1043718.0,109.49737154281102,35434226.0,0.0360559823641905,0.049274071871449686,0.013218089507259188
ADD,Houlihan Lokey Inc - US,441593100,,263803.0,13.358829469522806,35383896.0,0.06203814422596075,0.04920408405692003,-0.012834060169040713
NEW,On Semiconductor Corp - US,682189105,,373616.0,,35321657.0,0.0,0.049117535843359296,0.049117535843359296
ADD,Take-Two Interactive Software Inc - US,874054109,PUT,139700.0,261.91709844559585,34922206.0,0.014150569116334102,0.048562067881871375,0.03441149876553727
NEW,Vishay Intertechnology Inc - US,928298108,,648346.0,,34868048.0,0.0,0.048486756932948315,0.048486756932948315
TRIM,Kraneshares Csi China Internet Etf - US ETP,500767306,PUT,1420800.0,-17.140024494080595,34766976.0,0.09048664995831454,0.048346208385558254,-0.04214044157275629
NEW,Zillow Group Inc - C,98954M200,,1099658.0,,34661220.0,0.0,0.04819914636860219,0.04819914636860219
ADD,Cisco Systems Inc/Delaware - US,17275R102,,293617.0,224.2237190812721,34488253.0,0.013042523962009231,0.047958622181919264,0.034916098219910034
TRIM,Johnson & Johnson - US,478160104,CALL,135400.0,-62.104673943464874,34387538.0,0.16211559461098757,0.047818570071043946,-0.11429702453994361
ADD,Nebius Group NV - US,N97284108,PUT,124200.0,1142.0,34300314.0,0.0019259697665256462,0.047697278254343466,0.04577130848781782
NEW,Block Inc - US,852234103,,450711.0,,34254036.0,0.0,0.04763292506378508,0.04763292506378508
TRIM,Royalty Pharma Plc - US,G7709Q104,,610736.0,-9.07336827060505,34243968.0,0.059806948344874634,0.047618924719722205,-0.012188023625152429
ADD,Hubbell Inc - US,443510607,,65181.0,2502.0359281437127,34102699.0,0.002281806416604706,0.047422479089466084,0.04514067267286138
ADD,Block Inc - US,852234103,PUT,442800.0,342.35764235764236,33652800.0,0.011181646627800974,0.04679685922518872,0.035615212597387744
TRIM,Lennar Corp - US,526057104,,368118.0,-2.944479891163924,33310998.0,0.06113728189102684,0.04632155672207196,-0.01481572516895488
TRIM,Allegion Plc - US,G0176J109,,236874.0,-39.845037623199154,33278428.0,0.10619428841390094,0.04627626558121698,-0.05991802283268396
ADD,Bunge Global SA - US,H11356104,,311732.0,6955.952919873246,33271156.0,0.0010431160656268479,0.0462661532945637,0.04522303722893685
ADD,First Horizon Corp - US,320517105,,1297441.0,187.00065697935491,33266387.0,0.01909837727935752,0.04625952162582751,0.027161144346469993
ADD,Abbvie Inc - US,00287Y109,CALL,132000.0,276.06837606837604,33216480.0,0.014169871506081693,0.0461901220259918,0.03202025051991011
ADD,Atmos Energy Corp - US,049560105,,192530.0,309.7341931090255,33167143.0,0.016111264251394985,0.0461215150558855,0.030010250804490515
ADD,IREN Ltd - US,Q4982L109,PUT,725100.0,97.3061224489796,33158823.0,0.023383938436501,0.04610994544299286,0.02272600700649186
ADD,Insmed Inc - US,457669307,CALL,310300.0,1161.382113821138,33084186.0,0.00746664473310325,0.04600615683752792,0.038539512104424675
ADD,Xenon Pharmaceuticals Inc - US,98420N105,,545387.0,10.047801513748231,32919559.0,0.05349246824892253,0.04577723007530709,-0.007715238173615441
TRIM,Stifel Financial Corp - US,860630102,,470515.0,-3.9583022900264746,32827832.0,0.06721947251082042,0.04564967648374416,-0.021569796027076253
TRIM,Dell Technologies Inc - US Class C,24703L202,PUT,75700.0,-48.186173853524984,32661522.0,0.04451000957752189,0.04541840937795382,0.0009083998004319332
ADD,Palantir Technologies Inc - US,69608A108,CALL,279500.0,68.17087845968712,32609265.0,0.04512689717401036,0.04534574191870732,0.00021884474469695964
ADD,Exlservice Holdings Inc - US,302081104,,1257551.0,6.682688922501881,32520269.0,0.06662518944383923,0.04522198599695327,-0.02140320344688596
ADD,Nike Inc - US Class B,654106103,PUT,790500.0,27.95403043056005,32450025.0,0.060571147755723906,0.04512430620271878,-0.015446841553005124
TRIM,American Homes 4 Rent - US REIT,02665T306,,966194.0,-4.089665105872286,32386823.0,0.052207614763698826,0.04503641886208887,-0.007171195901609959
ADD,American Tower Corp - US REIT,03027X100,,197839.0,88.27823140904852,32360525.0,0.03366059273444659,0.0449998494294145,0.011339256694967909
ADD,Verisign Inc - US,92343E102,,128627.0,1571.131609718072,32357408.0,0.003548319012022091,0.04499551499631518,0.041447195984293084
ADD,Jd.Com Inc - US ADR,47215P106,PUT,1250400.0,50.75958524234386,31860192.0,0.04552341752237653,0.04430409713044632,-0.0012193203919302065
ADD,Ameriprise Financial Inc - US,03076C106,,69430.0,57.25221960500091,31851707.0,0.03642033515660651,0.04429229807210568,0.007871962915499173
TRIM,Vicor Corp - US,925815102,,83690.0,-39.05298727023799,31783788.0,0.04103614184473587,0.04419785137282017,0.003161709528084297
KEEP,Tetra Tech Inc - US,88162GAB9,,30120000.0,0.0,31686240.0,0.058706264790486185,0.04406220322396781,-0.014644061566518374
ADD,Cooper Cos Inc/The - US,216648501,,435335.0,127.93005052488284,31217873.0,0.025348225275010447,0.04341090215645711,0.018062676881446665
NEW,L3Harris Technologies Inc - US,502431109,,106489.0,,30944639.0,0.0,0.043030948838054625,0.043030948838054625
TRIM,Public Service Enterprise Group Inc - US,744573106,,381172.0,-20.00621193615137,30935920.0,0.07159803187270798,0.04301882438435139,-0.028579207488356594
ADD,Venture Global Inc - US,92333F101,,2775662.0,380.8955865180375,30893118.0,0.016884627610526195,0.04295930484456401,0.026074677234037818
ADD,Old National Bancorp/In - US,680033107,,1187861.0,93.05583997243593,30765600.0,0.0252402959785143,0.04278198105888562,0.017541685080371322
NEW,Lockheed Martin Corp - US,539830109,,59935.0,,30534485.0,0.0,0.04246059751517368,0.04246059751517368
ADD,Credo Technology Group Holding Ltd - US,G25457105,,111757.0,75.27210564285939,30392316.0,0.011109851538557097,0.042262900364292144,0.031153048825735045
ADD,Bank Of America Corp - US,060505104,CALL,531500.0,184.83386923901392,30284870.0,0.01688518260759654,0.04211348826971727,0.025228305662120726
ADD,Flagstar Financial Inc - US,649445400,,2013273.0,677.049465054884,30078299.0,0.006333726800374907,0.04182623508403862,0.03549250828366371
TRIM,Live Nation Entertainment Inc - US,538034BC2,,25000000.0,-19.35483870967742,30045000.0,0.0621822244353066,0.04177993021147706,-0.02040229422382954
TRIM,Paypal Holdings Inc - US,70450Y103,PUT,695200.0,-46.42416769420469,30018736.0,0.10893988861974324,0.04174340805847076,-0.06719648056127248
ADD,Mcdonald's Corp - US,580135101,,110708.0,158.32555534814261,29925479.0,0.024722828960894998,0.04161372688184464,0.016890897920949645
ADD,Blackstone Inc - US,09260D107,CALL,253800.0,3284.0000000000005,29864646.0,0.0016008138742250196,0.04152913382161649,0.039928319947391475
ADD,State Street Technology Select Sector SPDR ETF - U,81369Y803,,156469.0,6362.990499793474,29810474.0,0.000597226964484766,0.04145380340459482,0.04085657644011005
ADD,Kla Corp - US,482480100,PUT,98700.0,1694.5454545454545,29778777.0,0.015031798661926702,0.04140972623874649,0.02637792757681979
TRIM,Hims & Hers Health Inc - US,433000106,CALL,858000.0,-23.138941144853533,29746860.0,0.043015777414933246,0.04136534314563416,-0.0016504342692990823
TRIM,Newmont Corp - US,651639106,,318054.0,-33.09000180920845,29706244.0,0.09551184958572262,0.04130886341038806,-0.05420298617533456
KEEP,Ishares Msci India Etf - US ETP,46429B598,CALL,600000.0,0.0,29634000.0,0.05216601225755277,0.041208402459208225,-0.010957609798344543
ADD,Wynn Resorts Ltd - US,983134107,CALL,302000.0,74.06340057636888,29321180.0,0.03270385203226953,0.040773401701386484,0.008069549669116952
ADD,ATI Inc - US,01741R102,,148638.0,67.13105076741441,29296550.0,0.0240124122928995,0.040739151753604534,0.016726739460705034
TRIM,Ishares Silver Trust - US ETP,46428Q109,,545291.0,-22.392866800449738,29156710.0,0.08886859590753642,0.04054469325998586,-0.04832390264755056
TRIM,Oscar Health Inc - US,687793109,,1018792.0,-40.79523754731827,29055948.0,0.036636316257313326,0.04040457579192233,0.003768259534609006
ADD,Terawulf Inc - US,88080T104,CALL,1176300.0,45.816288583116396,29054610.0,0.02160717007302383,0.04040271519792589,0.01879554512490206
ADD,Texas Instruments Inc - US,882508104,PUT,97400.0,43.657817109144545,29032018.0,0.02443229263501252,0.04037129924907125,0.01593900661405873
ADD,State Street Utilities Select Sector SPDR ETF - US,81369Y886,,640125.0,189.4463159322647,29023268.0,0.018837979707425574,0.04035913168743536,0.021521151980009784
NEW,Viavi Solutions Inc - US,925550105,,606921.0,,28980478.0,0.0,0.04029962883458966,0.04029962883458966
ADD,Aptiv Holdings Ltd - US,G3265R107,,470622.0,7738.4743504330445,28886778.0,0.0007738738079417302,0.040169331631700146,0.03939545782375842
ADD,First Solar Inc - US,336433107,PUT,122300.0,6.071118820468343,28857908.0,0.042217045678007985,0.04012918563119406,-0.0020878600468139247
NEW,M&T Bank Corp - US,55261F104,,121043.0,,28809444.0,0.0,0.04006179263609441,0.04006179263609441
TRIM,Eli Lilly & Co - US,532457108,PUT,24000.0,-18.088737201365188,28786320.0,0.05002261171569844,0.04002963689949231,-0.009992974816206132
KEEP,Agnc Investment Corp - US REIT,00123Q104,,2609141.0,0.05894299901365391,28439637.0,0.04854696360216767,0.039547546982850415,-0.008999416619317253
ADD,Sm Energy Co - US,78454L100,,1085503.0,124.25477585946878,28331628.0,0.02801463352430008,0.03939735199259542,0.01138271846829534
ADD,Gilead Sciences Inc - US,375558103,CALL,222900.0,1683.2,28161186.0,0.0032336932146380987,0.039160339016555995,0.03592664580191789
ADD,Terreno Realty Corp - US REIT,88146M101,,433144.0,69.69668476685237,28054737.0,0.02909968249566669,0.039012313328718365,0.009912630833051675
NEW,Nike Inc - US Class B,654106103,,682689.0,,28024383.0,0.0,0.03897010370975883,0.03897010370975883
TRIM,Shopify Inc - US,82509L107,,244860.0,-12.336476703971817,27958115.0,0.06150017387175601,0.0388779528555317,-0.02262222101622431
ADD,Occidental Petroleum Corp - US,674599105,,572734.0,505.2543143077557,27817690.0,0.011416892994705522,0.038682680873506514,0.02726578787880099
ADD,State Street Consumer Staples Select Sector SPDR E,81369Y308,,331920.0,217.44756548934095,27572594.0,0.0159106838553459,0.03834185565216812,0.02243117179682222
NEW,Rubrik Inc - US,781154AD1,,27000000.0,,27507600.0,0.0,0.03825147639491517,0.03825147639491517
ADD,Wells Fargo & Co - US,949746101,CALL,332600.0,228.0078895463511,27486064.0,0.01498390742643506,0.03822152889692767,0.02323762147049261
TRIM,Gatx Corp - US,361448103,,154990.0,-14.80695659821468,27462678.0,0.057657303621934525,0.03818900882876573,-0.01946829479316879
NEW,Aramark - US,03852U106,,480809.0,,27358032.0,0.0,0.038043490353914335,0.038043490353914335
NEW,Pnc Financial Services Group Inc/The - US,693475105,,111000.0,,27330420.0,0.0,0.03800509370112687,0.03800509370112687
TRIM,Novo Nordisk A/S - US ADR,670100205,PUT,568000.0,-44.90785645004849,27229920.0,0.0703291730689397,0.03786534056462318,-0.03246383250431652
ADD,Synchrony Financial - US,87165B103,,357420.0,170.57799311101857,27181791.0,0.016677944102880798,0.037798413413311874,0.021120469310431076
ADD,Ishares Semiconductor Etf - US ETP,464287523,PUT,42000.0,566.6666666666667,26911920.0,0.003843323157129731,0.03742313661031298,0.033579813453183255
NEW,Datadog Inc - US,23804L103,,103217.0,,26873578.0,0.0,0.03736981905051374,0.03736981905051374
ADD,Callaway Golf Company - US,131193104,,1426348.0,34.50770967379937,26801079.0,0.027320413861106722,0.037269003501823376,0.009948589640716654
ADD,Zscaler Inc - US,98980G102,PUT,187400.0,5.636978579481398,26451510.0,0.04619551711838823,0.03678290037570935,-0.009412616742678875
ADD,T Rowe Price Group Inc - US,74144T108,,232640.0,63.08218601912346,26448842.0,0.02386793857392518,0.03677919031234426,0.012911251738419078
ADD,Seagate Technology Holdings Plc - US,G7997R103,PUT,27400.0,35.64356435643564,26441000.0,0.01468895711047471,0.03676828539596156,0.02207932828548685
ADD,Coca-Cola Co/The - US,191216100,CALL,324300.0,138.98305084745763,26355861.0,0.019155723882997466,0.0366498929353766,0.017494169052379133
ADD,Constellation Energy Corp - US,21037T109,CALL,106100.0,2022.0,26352057.0,0.00259168782431711,0.03664460317486655,0.03405291535054944
ADD,Intuitive Surgical Inc - US,46120E602,PUT,65000.0,31.048387096774192,25849200.0,0.04244169141525117,0.035945341055833344,-0.006496350359417827
TRIM,Apple Inc - US,037833100,,89254.0,-88.86453266194985,25826537.0,0.37758370911265077,0.03591382637590714,-0.34166988273674365
NEW,Eog Resources Inc - US,26875P101,,198541.0,,25756724.0,0.0,0.03581674592099438,0.03581674592099438
TRIM,Coinbase Global Inc - US,19260Q107,PUT,176000.0,-45.729263028060444,25729440.0,0.10510794939917682,0.035778805377945956,-0.06932914402123086
TRIM,Vici Properties Inc - US REIT,925652109,,958804.0,-39.95078590364985,25456246.0,0.08096973282052555,0.035398907682682376,-0.04557082513784318
ADD,Republic Services Inc - US,760759100,,119465.0,1203.0650087260035,25455602.0,0.003727158001098048,0.03539801215014598,0.03167085414904793
ADD,Nuvalent Inc - US,670703107,,206068.0,4865.493975903614,25449398.0,0.0007891872722573015,0.03538938500130151,0.034600197729044206
NEW,Pultegroup Inc - US,745867101,,185438.0,,25443948.0,0.0,0.035381806348625436,0.035381806348625436
ADD,Coherent Corp - US,19247G107,PUT,64400.0,149.6124031007752,25403868.0,0.011407729046423586,0.03532607196344068,0.023918342917017096
NEW,Ishares Core S&P 500 Etf - US ETP,464287200,CALL,33900.0,,25387371.0,0.0,0.035303131590376985,0.035303131590376985
ADD,Uniqure Nv - US,N90064101,CALL,548300.0,54.016853932584276,25254698.0,0.010804066714571296,0.03511863937267196,0.024314572658100667
ADD,Copart Inc - US,217204106,,894920.0,468.02645526153765,25227795.0,0.009708972110613667,0.03508122864002163,0.025372256529407965
NEW,Delta Air Lines Inc - US,247361702,,268963.0,,25191075.0,0.0,0.03503016659850505,0.03503016659850505
TRIM,Newmont Corp - US,651639106,PUT,269000.0,-17.887667887667888,25124600.0,0.06582506557379436,0.03493772789453408,-0.03088733767926028
ADD,Bloom Energy Corp - US,093712107,,82989.0,77.06964239993172,25120770.0,0.011786996224994217,0.03493240197898374,0.023145405753989524
ADD,Alibaba Group Holding Ltd - US ADR,01609W102,,261221.0,24.23358983382953,25071992.0,0.04896591028700181,0.034864572342243674,-0.014101337944758138
NEW,Rh - US,74967X103,,152030.0,,25043902.0,0.0,0.03482551099294627,0.03482551099294627
TRIM,Scorpio Tankers Inc - US,Y7542C130,,361050.0,-4.668736732042711,25006323.0,0.05248551794556533,0.03477325444452167,-0.017712263501043657
ADD,Abivax SA - US ADR,00370M103,,187335.0,84.3648817549281,24964262.0,0.021001506781834305,0.03471476532338255,0.013713258541548246
NEW,Cigna Group/The - US,125523100,,90353.0,,24908515.0,0.0,0.034637244745266416,0.034637244745266416
ADD,Arista Networks Inc - US,040413205,PUT,146500.0,97.70580296896087,24887420.0,0.01688749911710755,0.03460791049238537,0.017720411375277818
ADD,Booking Holdings Inc - US,09857L108,,138472.0,624.3774848294622,24681249.0,0.14939347472689737,0.034321213538095786,-0.1150722611888016
ADD,Extra Space Storage Inc - US REIT,30225T102,,169719.0,269.5810287008406,24660171.0,0.011177440529602296,0.03429190292504877,0.023114462395446476
TRIM,Coinbase Global Inc - US,19260Q107,CALL,168500.0,-36.391090977727444,24633015.0,0.08585598456935534,0.03425414037604485,-0.05160184419331049
ADD,Fox Corp - Class A,35137L105,,472160.0,137.11143474112387,24627866.0,0.02158584444980909,0.03424698028748906,0.012661135837679968
TRIM,Hess Midstream Lp - US,428103105,,654959.0,-14.174761607115945,24626458.0,0.05505961106342822,0.03424502235299953,-0.02081458871042869
ADD,Alcoa Corp - US,013872106,,470295.0,31.679597705172323,24521181.0,0.04397252182946529,0.03409862642313188,-0.009873895406333412
TRIM,Uber Technologies Inc - US,90353T100,PUT,338300.0,-8.863146551724139,24411728.0,0.049560711227503496,0.03394642343756234,-0.015614287789941159
ADD,Rollins Inc - US,775711104,,584748.0,112.06806510575333,24407382.0,0.02733603730706359,0.0339403799835201,0.006604342676456508
TRIM,Constellation Energy Corp - US,21037T109,PUT,97800.0,-19.039735099337747,24290586.0,0.06261517783550138,0.03377796598022572,-0.028837211855275664
ADD,Jackson Financial Inc - US,46817M107,,236461.0,13.896180838202216,24211242.0,0.04074056228460546,0.03366763192188991,-0.00707293036271555
ADD,Schwab Fundamental U.S. Large Company ETF - US ETP,808524771,,778467.0,104.06335275752785,24210324.0,0.019720590249072818,0.03366635537085199,0.013945765121779172
TRIM,Armstrong World Industries Inc - US,04247X102,,150836.0,-29.013342118267172,24197111.0,0.06499874732697115,0.033647981657492554,-0.0313507656694786
ADD,Godaddy Inc - US,380237107,,284148.0,252.6153158854845,24118482.0,0.01236547765297923,0.03353864186276471,0.02117316420978548
TRIM,Frontline PLC - US,M46528101,,692519.0,-1.0377532399422105,24092736.0,0.045280273120240126,0.03350284002940725,-0.011777433090832873
TRIM,Estee Lauder Cos Inc/The - US,518439104,,304504.0,-32.365810644526476,24040591.0,0.059977610872094814,0.03343032831494969,-0.026547282557145127
ADD,IRhythm Holdings Inc - US,450056AB2,,21750000.0,8.75,24029400.0,0.040787644226710246,0.033414766351262004,-0.007372877875448242
ADD,Etsy Inc - US,29786A106,,318914.0,33.640916043329774,24023792.0,0.022138586264501495,0.03340696798718725,0.011268381722685756
ADD,Lowe's Cos Inc - US,548661107,,108945.0,614.6277468022303,24021283.0,0.006686116528849843,0.03340347902579931,0.026717362496949462
ADD,Abivax SA - US ADR,00370M103,PUT,179700.0,1122.4489795918369,23946822.0,0.0030382748481964836,0.033299935162145564,0.03026166031394908
ADD,Blue Owl Capital Inc - US,09581B103,,2722261.0,35.52305040008324,23819784.0,0.034041357848253906,0.03312327885413406,-0.0009180789941198447
TRIM,iShares Bitcoin Trust ETF - US ETP,46438F101,PUT,715000.0,-1.3793103448275863,23802350.0,0.05170289597310005,0.03309903550904147,-0.018603860464058583
TRIM,"Alphabet, Inc. - C Shares",02079K107,CALL,67200.0,-5.88235294117647,23743776.0,0.038017863596669275,0.033017583765583086,-0.005000279831086189
NEW,Rio Tinto Plc - US ADR,767204100,,249474.0,,23682567.0,0.0,0.032932467847849214,0.032932467847849214
ADD,Vaneck Gold Miners Etf/Usa - US ETP,92189F106,CALL,313100.0,214.3574297188755,23623395.0,0.016966004287987887,0.032850184538464174,0.015884180250476287
NEW,Cleanspark Inc - US,18452B209,,1622172.0,,23602603.0,0.0,0.03282127163086034,0.03282127163086034
TRIM,Emcor Group Inc - US,29084Q100,,28245.0,-39.582887700534755,23439961.0,0.06406780749194398,0.03259510516690777,-0.031472702325036205
ADD,Gaming And Leisure Properties Inc - US REIT,36467J108,,523327.0,347.7549239377813,23303751.0,0.009625908167811024,0.03240569447314491,0.022779786305333886
NEW,Cognizant Technology Solutions Corp - US,192446102,,600232.0,,23246985.0,0.0,0.03232675689556512,0.03232675689556512
NEW,Lyondellbasell Industries Nv - US,N53745100,,441116.0,,23224757.0,0.0,0.03229584711727453,0.03229584711727453
ADD,Schwab U.S. Large-Cap Value ETF - US ETP,808524409,,667145.0,117.15192448531207,23223317.0,0.01739305689993307,0.03229384468427388,0.014900787784340813
NEW,Macom Technology Solutions Holdings Inc - US,55405Y100,,60937.0,,23178607.0,0.0,0.032231671920760645,0.032231671920760645
NEW,Carpenter Technology Corp - US,144285103,,37470.0,,23112995.0,0.0,0.03214043328601159,0.03214043328601159
NEW,Iqvia Holdings Inc - US,46266C105,,119544.0,,23098292.0,0.0,0.032119987610727874,0.032119987610727874
TRIM,Ss&C Technologies Holdings Inc - US,78467J100,,371227.0,-13.797843709581164,23034635.0,0.054012571038581605,0.032031467556892894,-0.02198110348168871
TRIM,ISHARES TR,464287432,PUT,266500.0,-83.43382855722011,23030930.0,0.258859177594445,0.03202631546365163,-0.22683286213079334
ADD,Dht Holdings Inc - US,Y2065G121,,1387945.0,16.94102838038683,22942731.0,0.04024977039373514,0.0319036678329403,-0.008346102560794842
ADD,iShares Bitcoin Trust ETF - US ETP,46438F101,,688529.0,18.89988136415678,22921130.0,0.041296921789231326,0.03187362994735208,-0.009423291841879247
ADD,Novo Nordisk A/S - US ADR,670100205,CALL,477900.0,30.324515953095172,22910526.0,0.025014265532861485,0.031858884253227845,0.0068446187203663605
ADD,Steris Plc - US,G8473T100,,108766.0,94.96307449630746,22902857.0,0.022898548022134715,0.03184821990692091,0.008949671884786195
TRIM,Visa Inc - US,92826C839,CALL,66700.0,-30.665280665280665,22884103.0,0.05396926641767466,0.031822140998244396,-0.022147125419430265
NEW,Chubb Ltd - US,H1467J104,,67027.0,,22838780.0,0.0,0.03175911581012741,0.03175911581012741
ADD,Gartner Inc - US,366651107,,176035.0,152.57909462658728,22817657.0,0.02048385785882071,0.03172974262104913,0.011245884762228417
ADD,Molina Healthcare Inc - US,60855R100,,99667.0,289.1721983600156,22793843.0,0.006336642855216091,0.03169662738530087,0.025359984530084784
ADD,Stmicroelectronics Nv - US NY Reg Shrs,861012102,CALL,303600.0,280.9284818067754,22736604.0,0.005111235310376684,0.03161703206410352,0.026505796753726833
NEW,Marex Group Ltd - US,G5S37H101,,372910.0,,22728865.0,0.0,0.03160627037730349,0.03160627037730349
KEEP,Rocket Cos Inc - US,75737FAE8,,23540000.0,0.0,22674905.0,0.04184832901230641,0.03153123476291803,-0.010317094249388377
ADD,GE Vernova LLC - US,36828A101,CALL,19200.0,134.14634146341464,22557312.0,0.013286110134388915,0.03136771246858092,0.01808160233419201
ADD,Autozone Inc - US,053332102,,7000.0,146.9135802469136,22371580.0,0.01777476680808422,0.031109437547694324,0.013334670739610106
ADD,Fortinet Inc - US,34959E109,PUT,145500.0,3.3380681818181817,22351710.0,0.021357504919355237,0.0310818067534423,0.009724301834087064
NEW,Cloudflare Inc - US,18915M107,,91048.0,,22332253.0,0.0,0.031054750268099493,0.031054750268099493
ADD,Garmin Ltd - US,H2906T109,,93565.0,76.54439790180761,22225430.0,0.022823680959140263,0.03090620450391308,0.008082523544772818
TRIM,Workday Inc - US,98138H101,PUT,181300.0,-1.3601741022850924,22194746.0,0.04432421177902544,0.03086353599405757,-0.013460675784967867
ADD,Powell Industries Inc - US,739128106,,77414.0,1057.1599402092677,22168273.0,0.0067190376928620826,0.030826723210150477,0.024107685517288396
TRIM,State Street Consumer Discretionary Select Sector,81369Y407,,187223.0,-27.073684702546263,21957513.0,0.051932739007323064,0.030533644891249802,-0.021399094116073263
NEW,Roundhill Memory ETF - US ETP,77926X320,CALL,295800.0,,21844830.0,0.0,0.030376950337213528,0.030376950337213528
NEW,Honeywell International Inc - US,438516205,PUT,97300.0,,21785470.0,0.0,0.030294405599075622,0.030294405599075622
TRIM,Atlanta Braves Holdings Inc - US,047726302,,419435.0,-17.666630679085653,21768677.0,0.040377196978615616,0.030271053614784018,-0.010106143363831598
KEEP,Uber Technologies Inc - US,90353T100,,300041.0,0.0,21650959.0,0.04005992798448188,0.030107357498137834,-0.009952570486344046
TRIM,Ametek Inc - US,031100100,,89275.0,-10.968945090452161,21599194.0,0.03989804332062513,0.030035374203499884,-0.009862669117125248
TRIM,Vaneck Semiconductor Etf - US ETP,92189F676,,32924.0,-37.79356472121979,21594522.0,0.03766594719345501,0.030028877420875556,-0.007637069772579452
ADD,Circle Internet Group Inc - US,172573107,PUT,343700.0,6.606699751861042,21525931.0,0.057096361215078946,0.029933496252856403,-0.027162864962222543
TRIM,Analog Devices Inc - US,032654105,PUT,54000.0,-19.523099850968702,21447180.0,0.03962418103716044,0.029823986807554884,-0.009800194229605558
ADD,Aercap Holdings Nv - US,N00985106,,147100.0,20.146364571932633,21444238.0,0.031175421655553606,0.029819895725688283,-0.0013555259298653234
ADD,Invesco S&P 500 Equal Weight Etf - US ETP,46137V357,,100317.0,406.4724592315848,21344448.0,0.0070559970178394014,0.029681129899900183,0.02262513288206078
NEW,Insulet Corp - US,45784P101,,140151.0,,21337990.0,0.0,0.02967214954412366,0.02967214954412366
NEW,State Street SPDR Dow Jones Industrial Average ETF,78467X109,,40599.0,,21208512.0,0.0,0.029492100224638832,0.029492100224638832
ADD,Amgen Inc - US,031162100,PUT,58300.0,871.6666666666666,21111596.0,0.003918576305042686,0.029357330921381205,0.02543875461633852
ADD,Doximity Inc - US,26622P107,,1017649.0,344.62314148523893,21106040.0,0.009898773683962081,0.029349604867387028,0.019450831183424947
NEW,Abivax SA - US ADR,00370M103,CALL,157900.0,,21041754.0,0.0,0.029260210139692735,0.029260210139692735
TRIM,Essent Group Ltd - US,G3198U102,,326775.0,-52.8929515659823,21005097.0,0.07524759794225215,0.02920923570461994,-0.04603836223763221
ADD,Vertiv Holdings Co - US,92537N108,PUT,62500.0,14.88970588235294,20926250.0,0.02530258001428508,0.02909959276378505,0.003797012749499968
NEW,Rambus Inc - US,750917106,,157155.0,,20860755.0,0.0,0.029008516826717297,0.029008516826717297
TRIM,Occidental Petroleum Corp - US,674599105,PUT,429100.0,-42.96158447427888,20841387.0,0.09076615130900234,0.028981584102858556,-0.06178456720614378
NEW,Insmed Inc - US,457669307,,195391.0,,20832588.0,0.0,0.0289693484028775,0.0289693484028775
ADD,Block Inc - US,852234103,CALL,273200.0,162.69230769230768,20763200.0,0.011617295197715297,0.028872858943815624,0.01725556374610033
ADD,Cboe Global Markets Inc - US,12503M108,,85524.0,218.27620855197054,20754109.0,0.0140190255297746,0.028860217194920552,0.014841191665145952
ADD,Cencora Inc - US,03073E105,,73109.0,220.58320543740408,20688385.0,0.013297586879826878,0.02876882281538255,0.015471235935555671
TRIM,Darling Ingredients Inc - US,237266101,,377120.0,-14.170943477815584,20598294.0,0.0504434090094929,0.028643544210200923,-0.02179986479929198
ADD,Cvs Health Corp - US,126650100,CALL,199100.0,606.0283687943263,20596895.0,0.0037593608244205737,0.028641598790917648,0.024882237966497075
TRIM,Silicon Laboratories Inc - US,826919102,,94117.0,-16.194436529420145,20570212.0,0.04339014985345537,0.028604493985531297,-0.014785655867924075
ADD,MARA Holdings Inc - US,565788106,,1479564.0,1067.4746709591896,20551144.0,0.0019195343991581207,0.02857797843521436,0.02665844403605624
ADD,Sofi Technologies Inc - US,83406F102,PUT,1145400.0,330.43968432919957,20537022.0,0.00784358983363039,0.028558340686023264,0.020714750852392876
NEW,Digital Realty Trust Inc - US REIT,253868103,,114000.0,,20472120.0,0.0,0.028468089361989808,0.028468089361989808
NEW,Arrow Electronics Inc - US,042735100,,95537.0,,20388551.0,0.0,0.028351880109606948,0.028351880109606948
ADD,Ast Spacemobile Inc - US,00217D100,PUT,228600.0,145.54242749731472,20313396.0,0.014320775023891062,0.028247371184493168,0.013926596160602106
ADD,iShares MSCI USA Quality Factor ETF - US ETP,46432F339,,92491.0,68.40734873727719,20295300.0,0.019553710611582946,0.02822220727645167,0.008668496664868724
ADD,Royal Gold Inc - US,780287108,,101655.0,26.157263769267047,20291355.0,0.03806332323964536,0.02821672144437697,-0.009846601795268393
NEW,Eastgroup Properties Inc - US REIT,277276101,CALL,100000.0,,20253000.0,0.0,0.028163385807057573,0.028163385807057573
TRIM,Boeing Co/The - US,097023105,CALL,93200.0,-28.80061115355233,20175004.0,0.048359042336619466,0.028054926248502927,-0.02030411608811654
ADD,Fiserv Inc - US,337738108,PUT,410600.0,50.78957032684539,20139930.0,0.028203391925897537,0.028006153099152376,-0.0001972388267451608
ADD,Pitney Bowes Inc - US,724479100,,1146933.0,2460.1754503448738,20094266.0,0.0009188616880815574,0.027942653723776214,0.027023792035694657
NEW,Ishares Msci Taiwan Etf - US ETP,46434G772,CALL,185000.0,,20092850.0,0.0,0.027940684664658905,0.027940684664658905
NEW,Quanta Services Inc - US,74762E102,,27775.0,,19999111.0,0.0,0.02781033322920896,0.02781033322920896
ADD,Northrop Grumman Corp - US,666807102,,39217.0,12.679577060108032,19973610.0,0.04407434244583264,0.027774872087577313,-0.016299470358255325
ADD,Mineralys Therapeutics Inc - US,603170101,,738370.0,374.1042763580326,19921223.0,0.007831207273575946,0.02770202385312936,0.019870816579553415
TRIM,Solaredge Technologies Inc - US,83417M104,,340513.0,-48.02193222807197,19899580.0,0.06207672673132601,0.027671927563245286,-0.03440479916808073
TRIM,Kkr & Co Inc - US,48251W104,PUT,216200.0,-28.005328005328007,19842836.0,0.051560434350527914,0.0275930205783919,-0.023967413772136015
TRIM,Gamestop Corp - US,36467W109,CALL,897800.0,-4.692144373673036,19823424.0,0.040285882326857494,0.02756602666908036,-0.012719855657777134
TRIM,Danaher Corp - US,235851102,,103950.0,-76.75697793757588,19800396.0,0.15739456678932404,0.02753400442801163,-0.1298605623613124
ADD,Pentair Plc - US,G7S00T104,,258132.0,10.955795120441532,19788399.0,0.03761658586538907,0.027517321658074967,-0.0100992642073141
ADD,Alamos Gold Inc - US,011532108,,651844.0,403.38164997335764,19776947.0,0.010679283326440556,0.02750139675340591,0.016822113426965355
TRIM,General Dynamics Corp - US,369550108,,55686.0,-39.294240769205615,19726209.0,0.05843973255194056,0.0274308415828594,-0.031008890969081156
NEW,Sentinelone Inc - US,81730H109,,1162219.0,,19722856.0,0.0,0.027426178973240525,0.027426178973240525
TRIM,American International Group Inc - US,026874784,,264537.0,-47.67880665029015,19715943.0,0.07062115164473408,0.027416565904258932,-0.04320458574047514
ADD,Pepsico Inc - US,713448108,CALL,145600.0,96.75675675675676,19714240.0,0.021330189411371242,0.02741419774911997,0.006084008337748727
NEW,Space Exploration Technologies Corp - US,84615Q103,CALL,115300.0,,19700158.0,0.0,0.027394615623067782,0.027394615623067782
NEW,Silicon Laboratories Inc - US,826919102,CALL,90100.0,,19692256.0,0.0,0.027383627271976713,0.027383627271976713
NEW,Toyota Motor Corp - US ADR,892331307,,116862.0,,19681898.0,0.0,0.02736922366015676,0.02736922366015676
ADD,Carnival Corp Ltd - US,G2004J103,,687830.0,180.10555422074353,19651303.0,0.011796228851843386,0.027326678911785314,0.015530450059941928
ADD,Aehr Test Systems - US,00760J108,,204550.0,324.43923391363893,19649073.0,0.0033169817549173705,0.02732357792179125,0.024006596166873877
ADD,Wells Fargo & Co - US,949746101,PUT,237500.0,19.28679055750879,19627000.0,0.029421064779124463,0.02729288368316393,-0.0021281810959605345
TRIM,Five Below Inc - US,33829M101,,109109.0,-12.946799004276505,19616707.0,0.05315492608421247,0.0272785704589447,-0.02587635562526777
TRIM,Invesco Qqq Trust Series 1 - US ETP,46090E103,,26577.0,-89.02855869021376,19571303.0,0.25952132436674036,0.02721543263397143,-0.23230589173276894
NEW,Innio NV - US,N52A8C105,,494694.0,,19565148.0,0.0,0.027206873623472124,0.027206873623472124
ADD,Nokia Oyj - US ADR,654902204,,1470334.0,2450.0069372181756,19526036.0,0.0008604978991755571,0.027152485318248917,0.02629198741907336
ADD,Primo Brands Corp-A - US,741623102,,796917.0,2557.0985596158976,19476651.0,0.0010482743828793295,0.02708381160037593,0.026035537217496598
TRIM,Lululemon Athletica Inc - US,550021109,PUT,169000.0,-35.59451219512195,19296420.0,0.07456903513621053,0.0268331862516675,-0.04773584888454303
TRIM,Lam Research Corp - US,512807306,,44412.0,-76.44912742139898,19245052.0,0.07478871188630551,0.026761755016683205,-0.0480269568696223
ADD,Semtech Corp - US,816850101,,118649.0,97.24535767127159,19203341.0,0.008585125317292622,0.02670375259800952,0.0181186272807169
ADD,Cf Industries Holdings Inc - US,125269100,,177006.0,102.23247949180816,19162670.0,0.021094298950876694,0.026647196380947414,0.00555289743007072
TRIM,Aes Corp/The - US,00130H105,,1302440.0,-43.648224112575484,19093770.0,0.06044781589839253,0.026551385524180206,-0.03389643037421232
ADD,Paccar Inc - US,693718108,,158766.0,298.3990364106296,19070972.0,0.008543597058246286,0.026519683116160195,0.01797608605791391
ADD,Teekay Tankers Ltd - US,G8726X106,,293980.0,34.192099473237356,19070483.0,0.029814862115108705,0.026519003123287057,-0.003295858991821648
ADD,General Motors Co - US,37045V100,,246750.0,68.53126792885828,19019490.0,0.020246616101111403,0.02644809335523001,0.0062014772541186085
NEW,Myr Group Inc - US,55405W104,PUT,37800.0,,18915120.0,0.0,0.026302958680037073,0.026302958680037073
NEW,Texas Pacific Land Corp - US,88262P102,,43130.0,,18875413.0,0.0,0.026247742980622626,0.026247742980622626
ADD,Intuitive Surgical Inc - US,46120E602,,46795.0,23.940565737895962,18609436.0,0.032307025414617045,0.025877881090196335,-0.00642914432442071
ADD,F5 Inc - US,315616102,,44689.0,18.199851883199322,18588836.0,0.020304705175748467,0.02584923517365926,0.005544529997910792
ADD,Expand Energy Corp - US,165167735,CALL,203400.0,65.90538336052202,18548046.0,0.02498234484851786,0.025792513477758905,0.0008101686292410447
NEW,Equifax Inc - US,294429105,,116778.0,,18535004.0,0.0,0.02577437755331829,0.02577437755331829
KEEP,Procter & Gamble Co/The - US,742718109,CALL,126300.0,0.1586042823156225,18520632.0,0.03380820153720625,0.02575439215950903,-0.00805380937769722
ADD,Ishares Russell 1000 Value Etf - US ETP,464287598,,76311.0,2602.2308781869688,18500076.0,0.001120024923863378,0.02572580742842475,0.02460578250456137
ADD,Kkr & Co Inc - US,48251W104,CALL,201500.0,273.14814814814815,18493670.0,0.009271606576518506,0.025716899382728805,0.0164452928062103
ADD,Jetblue Airways Corp - US,477143101,,3225752.0,17.69411261631214,18483559.0,0.022486300281872075,0.0257028392437916,0.0032165389619195246
TRIM,Logitech International Sa - US,H50430232,,196313.0,-7.193339920294617,18461275.0,0.03577693392081094,0.025671851593106546,-0.010105082327704393
ADD,Costco Wholesale Corp - US,22160K105,,19680.0,15.676247575383531,18410050.0,0.03146641088874433,0.02560061921084384,-0.005865791677900488
KEEP,Curtiss-Wright Corp - US,231561101,,24247.0,0.0,18373407.0,0.03065498846630082,0.025549664243869667,-0.005105324222431151
TRIM,Sba Communications Corp - US REIT,78410G104,,103921.0,-35.09034921705673,18337900.0,0.05114693925899012,0.025500288974040445,-0.02564665028494968
ADD,Sensata Technologies Holding Plc - US,G8060N102,,382385.0,108.14259197770436,18255060.0,0.012010158876420662,0.025385093453364167,0.013374934576943505
NEW,Healthpeak Properties Inc - US REIT,42250P103,,850428.0,,18199159.0,0.0,0.025307358726163243,0.025307358726163243
ADD,Ezcorp Inc - US,302301106,,526371.0,13.292596833486867,18196645.0,0.021887772136964863,0.025303862811882943,0.00341609067491808
TRIM,Johnson Controls International Plc - US,G51502105,,122995.0,-43.711700662215286,17970799.0,0.053112206159215754,0.024989806226143507,-0.028122399933072247
ADD,Fortinet Inc - US,34959E109,CALL,116800.0,1045.0980392156862,17942816.0,0.0015472056120555638,0.024950893668742685,0.02340368805668712
TRIM,State Street Consumer Discretionary Select Sector,81369Y407,PUT,152800.0,-78.25839499146272,17920384.0,0.14216675764033554,0.02491970021244367,-0.11724705742789188
ADD,Paramount Skydance Corp - US Class B,69932A204,PUT,1816700.0,16.567212062880976,17912662.0,0.026093530655160544,0.024908962165477683,-0.0011845684896828607
TRIM,Abbott Laboratories - US,002824100,PUT,197400.0,-20.754716981132077,17912076.0,0.04747191942748723,0.024908147286492696,-0.02256377214099453
ADD,Super Micro Computer Inc - US,86800U302,CALL,609000.0,37.254901960784316,17861970.0,0.018753052162420163,0.024838470961540918,0.006085418799120754
ADD,Humana Inc - US,444859102,CALL,44900.0,498.66666666666663,17835178.0,0.002413819616069886,0.02480121458310105,0.02238739496703116
ADD,Costar Group Inc - US,22160N109,,627490.0,249.99972111131564,17770517.0,0.013424387932892284,0.024711298388479505,0.011286910455587221
TRIM,Mcdonald's Corp - US,580135101,PUT,65600.0,-44.122657580919935,17732336.0,0.06772587671058265,0.024658204711814354,-0.0430676719987683
ADD,Vf Corp - US,918204108,,1062322.0,95.57241902405438,17719531.0,0.017130160913095823,0.02464039835447177,0.007510237441375946
ADD,Okta Inc - US,679295105,CALL,129500.0,98.9247311827957,17670275.0,0.009511092452816604,0.02457190402122176,0.015060811568405155
TRIM,Walmart Inc - US,931142103,PUT,156000.0,-61.633054599114615,17668560.0,0.09379682139801085,0.024569519179141124,-0.06922730221886972
ADD,Interactive Brokers Group Inc - US,45841N107,CALL,202900.0,47.45639534883721,17660416.0,0.017130350243200088,0.024558194308059673,0.007427844064859586
TRIM,Albemarle Corp - US,012653101,PUT,130500.0,-25.7256687535572,17621415.0,0.05855018810600439,0.02450396035704693,-0.034046227748957464
ADD,Wintrust Financial Corp - US,97650W108,,109457.0,243.0608662947408,17591929.0,0.00822847194911673,0.02446295776020168,0.01623448581108495
ADD,Sotera Health Co - US,83601L102,,985120.0,16.565694812570996,17485880.0,0.022495054014928108,0.02431548830375312,0.0018204342888250118
ADD,Astera Labs Inc - US,04626A103,CALL,36200.0,82.82828282828282,17485324.0,0.004028053653567824,0.02431471514212231,0.020286661488554486
TRIM,United Parcel Service Inc - US Class B,911312106,PUT,162400.0,-35.8102766798419,17458000.0,0.04620051766055382,0.02427671897593498,-0.021923798684618842
TRIM,Mgic Investment Corp - US,552848103,,617290.0,-54.262990950993995,17407578.0,0.06576128545896438,0.024206603228185835,-0.041554682230778545
TRIM,Texas Instruments Inc - US,882508104,CALL,58400.0,-67.5194660734149,17407288.0,0.06479242206158187,0.02420619996042876,-0.040586222101153105
ADD,Crh Plc - US,G25508105,,162427.0,884.346403248288,17379689.0,0.0032196976363424133,0.024167821385161443,0.02094812374881903
NEW,SLB Ltd - US,806857108,,373556.0,,17366618.0,0.0,0.024149645133945127,0.024149645133945127
ADD,Vanguard Morningstar Mega Cap Value ETF - US ETP,921910840,,106191.0,103.54021314114851,17356919.0,0.014037028595277232,0.024136157913338663,0.010099129318061431
TRIM,Centene Corp - US,15135B101,,269575.0,-83.69701947104743,17304019.0,0.10048720899127161,0.024062596312134234,-0.07642461267913739
ADD,Innodata Inc - US,457642205,,228899.0,334.9707357859532,17300186.0,0.0037723819095325417,0.024057266224848474,0.020284884315315933
TRIM,Coreweave Inc - US,21873S108,PUT,173600.0,-45.23659305993691,17280144.0,0.04558398830632147,0.024029396251099153,-0.021554592055222314
ADD,Jd.Com Inc - US ADR,47215P106,,674704.0,149.1227033733089,17191458.0,0.014865201163415737,0.023906071408671625,0.009040870245255888
ADD,General Electric Co - US,369604301,,45666.0,55.98442410165323,17066754.0,0.015420474804208318,0.02373266071081534,0.008312185906607022
ADD,Apollo Global Management Inc - US,03769M106,CALL,144000.0,249.5145631067961,17036640.0,0.008520790205392294,0.02369078483068925,0.015169994625296956
ADD,Tradeweb Markets Inc - US,892672106,,170430.0,44.29035863049883,16985054.0,0.02579628053528662,0.02361905044959791,-0.0021772300856887083
TRIM,Citigroup Inc - US,172967424,PUT,121200.0,-65.44054747647561,16963152.0,0.07382553767293842,0.023588593999889416,-0.05023694367304901
ADD,Group 1 Automotive Inc - US,398905109,,58136.0,29.398148148148145,16927459.0,0.027572672094732752,0.023538960082464276,-0.004033712012268476
ADD,Reddit Inc - US,75734B100,CALL,97200.0,138.8206388206388,16871976.0,0.01017232598578547,0.023461806617064932,0.013289480631279462
NEW,Firstenergy Corp - US,337932107,,354030.0,,16830586.0,0.0,0.02340425057408097,0.02340425057408097
TRIM,Citigroup Inc - US,172967424,,120000.0,-53.06780138293546,16795200.0,0.05382464791685589,0.023355043564246947,-0.030469604352608946
NEW,Pfizer Inc - US,717081103,,697000.0,,16783760.0,0.0,0.023339135346519563,0.023339135346519563
ADD,Tenet Healthcare Corp - US,88033G407,CALL,88900.0,222.1014492753623,16631412.0,0.009667707428771308,0.02312728349736469,0.013459576068593382
TRIM,Teva Pharmaceutical Industries Ltd - US ADR,881624209,,490000.0,-10.009348008543602,16601200.0,0.0304419976675349,0.023085271340548275,-0.007356726326986626
NEW,Whirlpool Corp - US,963320106,,417619.0,,16462541.0,0.0,0.022892455120105834,0.022892455120105834
TRIM,Williams Cos Inc/The - US,969457100,,220567.0,-31.808218246349522,16396951.0,0.043695836300034055,0.022801247078083172,-0.020894589221950883
ADD,Ciena Corp - US,171779309,CALL,33400.0,17.192982456140353,16384704.0,0.020537777958808952,0.022784216663528343,0.0022464387047193904
ADD,State Street Health Care Select Sector SPDR ETF -,81369Y209,PUT,103200.0,106.4,16373712.0,0.013606709110944727,0.022768931424956715,0.009162222314011988
NEW,Blackrock Funding Inc/De - US,09290D101,,17000.0,,16346520.0,0.0,0.022731118815127772,0.022731118815127772
ADD,Thermo Fisher Scientific Inc - US,883556102,CALL,32600.0,1530.0,16344336.0,0.001824733846068525,0.022728081791743456,0.02090334794567493
ADD,Futu Holdings Ltd - US ADR,36118L106,PUT,174100.0,585.4330708661417,16320134.0,0.006447811181437166,0.022694427011547808,0.016246615830110642
KEEP,National Storage Affiliates Trust - US REIT,637870106,,366729.0,0.0057266271802087765,16308439.0,0.025688679782206698,0.022678164196309893,-0.003010515585896805
ADD,Valaris Ltd - US,G9460G101,CALL,224600.0,80.98307816277196,16305960.0,0.02258367349696669,0.022674716952276134,9.104345530944538e-05
ADD,Rio Tinto Plc - US ADR,767204100,CALL,171700.0,70.0,16299481.0,0.017489442628601512,0.022665707394351683,0.0051762647657501715
ADD,Tenet Healthcare Corp - US,88033G407,PUT,87100.0,5343.75,16294668.0,0.0005604468074650034,0.022659014540162704,0.0220985677326977
ADD,State Street SPDR S&P Oil & Gas Exploration & Prod,78468R556,,105515.0,47.08178257293801,16276744.0,0.02421253978164034,0.0226340898116185,-0.0015784499700218398
TRIM,Qnity Electronics Inc - US,74743L100,,99253.0,-19.511324840041198,16209007.0,0.026409422365594622,0.022539896197615015,-0.0038695261679796075
TRIM,Abcellera Biologics Inc - US,00288U106,,2063191.0,-9.250011766056488,16196049.0,0.014727797624511476,0.02252187708176611,0.007794079457254634
TRIM,State Street Technology Select Sector SPDR ETF - U,81369Y803,CALL,85000.0,-89.80815347721823,16194200.0,0.2057361146530739,0.022519305902170137,-0.18321680875090376
TRIM,Alibaba Group Holding Ltd - US ADR,01609W102,CALL,168600.0,-88.17174126560965,16182228.0,0.33194149066220274,0.02250265789669529,-0.30943883276550743
NEW,Aaon Inc - US,000360206,,127466.0,,16170337.0,0.0,0.02248612252807673,0.02248612252807673
ADD,Equity Lifestyle Properties Inc - US REIT,29472R108,,250538.0,36.07321312187703,16147174.0,0.021332621003886807,0.02245391255891419,0.0011212915550273816
ADD,United Airlines Holdings Inc - US,910047109,CALL,118300.0,1244.3181818181818,16087617.0,0.0015039047035036073,0.022371093876817173,0.020867189173313566
TRIM,Aon Plc - US,G0403H108,,47785.0,-21.66393442622951,15849807.0,0.03654735523861607,0.022040400410230674,-0.014506954828385394
TRIM,Eaton Corp Plc - US,G29183103,PUT,37000.0,-30.58161350844278,15766440.0,0.0353858169051263,0.021924472054699294,-0.013461344850427007
ADD,Vanguard Russell 1000 Value - US ETP,92206C714,,147214.0,677.3060879666298,15650320.0,0.00329534986241632,0.021762998082452443,0.018467648220036124
NEW,Marketaxess Holdings Inc - US,57060D108,,137847.0,,15644256.0,0.0,0.02175456561459415,0.02175456561459415
NEW,Forgent Power Solutions Inc - US,34631F102,CALL,279400.0,,15607284.0,0.0,0.02170315314730246,0.02170315314730246
TRIM,Jefferies Financial Group Inc - US,47233W109,,312268.0,-0.9606815161577813,15607155.0,0.024153151382758316,0.02170297376267949,-0.0024501776200788264
NEW,Hubbell Inc - US,443510607,PUT,29800.0,,15591360.0,0.0,0.02168100957570361,0.02168100957570361
ADD,Everus Construction Group Inc - US,300426103,,93699.0,29.12779240108595,15549349.0,0.015901479071159123,0.021622589983488122,0.0057211109123289985
NEW,Coupang Inc - US,22266T109,,894008.0,,15528919.0,0.0,0.0215941804652914,0.0215941804652914
TRIM,3M Co - US,88579Y101,,95629.0,-70.05483063877224,15483291.0,0.08608721973669797,0.02153073115074025,-0.06455648858595772
ADD,Coupang Inc - US,22266T109,CALL,891200.0,968.5851318944843,15480144.0,0.002922722230737423,0.021526355000286747,0.018603632769549322
TRIM,State Street Industrial Select Sector SPDR ETF - U,81369Y704,PUT,82900.0,-14.004149377593361,15355567.0,0.028939240081721843,0.021353120905896493,-0.00758611917582535
TRIM,DraftKings Inc - US,26142V105,,606444.0,-48.82268651275205,15318775.0,0.047554148090418115,0.021301958742729887,-0.026252189347688228
ADD,Progressive Corp/The - US,743315103,PUT,70100.0,343.6708860759494,15313345.0,0.005813904293517248,0.02129440790162327,0.015480503608106023
NEW,Diamondback Energy Inc - US,25278X109,,86939.0,,15282137.0,0.0,0.021251010728648073,0.021251010728648073
NEW,TKO Group Holdings Inc - US,87256C101,,75895.0,,15278422.0,0.0,0.021245844729622092,0.021245844729622092
ADD,Silicon Motion Technology Corp - US ADR,82706C108,CALL,45700.0,122.92682926829268,15233181.0,0.004272818498655434,0.021182933568939865,0.01691011507028443
NEW,Medline Inc - US,58507V107,,384695.0,,15172371.0,0.0,0.021098372492016588,0.021098372492016588
ADD,Stock Yards Bancorp Inc - US,861025104,,198148.0,31.898181430891707,15152378.0,0.018484955166248103,0.021070570656612428,0.002585615490364325
NEW,Uniqure Nv - US,N90064101,,328889.0,,15148627.0,0.0,0.021065354596761426,0.021065354596761426
ADD,Enphase Energy Inc - US,29355A107,PUT,307500.0,57.45007680491552,15141300.0,0.01370655846681473,0.021055165828292147,0.0073486073614774175
NEW,Us Bancorp - US,902973304,,250672.0,,15140589.0,0.0,0.021054177126998076,0.021054177126998076
TRIM,Hecla Mining Co - US,422704106,,976815.0,-47.32072170797317,15072255.0,0.06412167561896243,0.0209591533376464,-0.04316252228131602
ADD,Nxp Semiconductors Nv - US,N6596X109,CALL,53500.0,1307.8947368421052,15035105.0,0.0013885469846812905,0.02090749334738658,0.01951894636270529
NEW,Vertex Pharmaceuticals Inc - US,92532F100,,30176.0,,14989324.0,0.0,0.02084383127432911,0.02084383127432911
NEW,Zoetis Inc - US,98978V103,,208246.0,,14964558.0,0.0,0.02080939220787488,0.02080939220787488
TRIM,State Street SPDR S&P Biotech ETF - US ETP,78464A870,CALL,94300.0,-71.6390977443609,14922975.0,0.07883227575900315,0.020751567783245693,-0.058080707975757456
ADD,Humana Inc - US,444859102,,37563.0,71.32497149372861,14920775.0,0.00705639980835534,0.02074850851060581,0.013692108702250471
ADD,IREN Ltd - US,Q4982L109,CALL,325600.0,6.266318537859007,14889688.0,0.019496159828418794,0.020705279597625807,0.0012091197692070121
TRIM,Firefly Aerospace Inc - US,31816X106,,504659.0,-6.318753735859424,14836974.0,0.028467696751451818,0.020631976644017294,-0.007835720107434524
ADD,Costco Wholesale Corp - US,22160K105,CALL,15800.0,172.41379310344826,14780426.0,0.010727395447053843,0.02055334221254455,0.009825946765490708
TRIM,SLB Ltd - US,806857108,PUT,317700.0,-19.974811083123427,14769873.0,0.03786941765786037,0.020538667437922428,-0.017330750219937945
TRIM,Workday Inc - US,98138H101,CALL,120600.0,-51.76,14763852.0,0.060288644966030244,0.020530294764938457,-0.03975835020109179
ADD,Sunococorp LLC - US,86765Q106,,217766.0,42.02902331648459,14736225.0,0.017545491764173995,0.020491877253473907,0.0029463854892999124
ADD,PDD Holdings Inc - US ADR,722304102,CALL,192200.0,14.065281899109792,14661016.0,0.031958420432049925,0.0203872932371226,-0.011571127194927325
TRIM,Rocket Lab Corp - US,773121108,PUT,144100.0,-22.77599142550911,14647765.0,0.022243413888407178,0.020368866681781204,-0.001874547206625974
TRIM,Forgent Power Solutions Inc - US,34631F102,,261760.0,-14.814127785317021,14621914.0,0.016694673830623372,0.020332918837684122,0.0036382450070607496
ADD,Copa Holdings Sa - US,P31076105,,93623.0,11.894204682626,14564930.0,0.017644567094029503,0.020253678113997288,0.002609111019967785
TRIM,Ishares Expanded Tech-Software Sector Etf - US ETP,464287515,CALL,160200.0,-88.06526111897489,14514120.0,0.19944834123888816,0.020183022821800747,-0.17926531841708743
TRIM,Unity Software Inc - US,91332U101,PUT,506800.0,-37.02783300198807,14484344.0,0.03277510511768552,0.02014161695719842,-0.012633488160487101
NEW,Quantinuum Inc - US,74768A104,,176693.0,,14442886.0,0.0,0.02008396635487832,0.02008396635487832
TRIM,Dell Technologies Inc - US Class C,24703L202,,33474.0,-76.76352580210748,14442692.0,0.043887906122278664,0.020083696582654617,-0.023804209539624047
ADD,Ast Spacemobile Inc - US,00217D100,CALL,162000.0,213.3462282398453,14395320.0,0.007952567870409967,0.02001782209924713,0.012065254228837162
ADD,Colgate-Palmolive Co - US,194162103,CALL,156200.0,265.807962529274,14320416.0,0.006755225729261643,0.019913662209329986,0.013158436480068342
TRIM,Parker-Hannifin Corp - US,701094104,,14639.0,-80.83499162128194,14318699.0,0.12692915158654003,0.019911274586092407,-0.10701787700044763
NEW,Corpay Inc - US,219948106,,42931.0,,14307614.0,0.0,0.01989586002372282,0.01989586002372282
ADD,Trimble Inc - US,896239100,,278937.0,59.680909528062095,14275996.0,0.021150468737986206,0.019851892713573828,-0.0012985760244123776
ADD,Ishares China Large-Cap Etf - US ETP,464287184,,451440.0,83.25667869596457,14260990.0,0.016415502879529288,0.01983102569301289,0.0034155228134836006
NEW,Gamestop Corp - US,36467WAG4,,14000000.0,,14217000.0,0.0,0.01976985414599998,0.01976985414599998
ADD,Digitalocean Holdings Inc - US,25402D102,CALL,90300.0,11.07011070110701,14179809.0,0.012944822203498395,0.019718137142022776,0.0067733149385243805
TRIM,Baidu Inc - US ADR,056752108,PUT,123600.0,-53.84615384615385,14126244.0,0.05538513633504992,0.01964365080613402,-0.0357414855289159
NEW,Fuelcell Energy Inc - US,35952H700,,391831.0,,14109834.0,0.0,0.019620831413397443,0.019620831413397443
ADD,Driven Brands Holdings Inc - US,26210V102,,1010952.0,7.593869731800766,14092671.0,0.02199265173384034,0.019596964915070948,-0.0023956868187693936
ADD,Comfort Systems Usa Inc - US,199908104,,7108.0,3582.9015544041454,14087701.0,0.0004940123588203239,0.019590053740061758,0.019096041381241435
TRIM,iShares U.S. Equity Factor Rotation Active ETF - U,09290C103,,207045.0,-48.40012859781035,14081130.0,0.04333206077881831,0.01958091624891782,-0.023751144529900486
NEW,International Business Machines Corp - US,459200101,,50001.0,,14060781.0,0.0,0.019552619367577385,0.019552619367577385
ADD,BBB Foods Inc - US,G0896C103,,336799.0,168.3892612101459,14034414.0,0.008238729185941924,0.019515953984988402,0.011277224799046479
TRIM,Oscar Health Inc - US,687793109,CALL,490100.0,-33.64473327917682,13977652.0,0.015725056825178788,0.019437021969722506,0.0037119651445437184
ADD,Arteris Inc - US,04302A104,,287396.0,177.4333677636088,13964572.0,0.0031611370926221765,0.01941883320329994,0.016257696110677764
TRIM,Autoliv Inc - US,052800109,,119961.0,-3.5706534408334205,13935869.0,0.024282920463634707,0.01937891942939879,-0.004904001034235918
NEW,VanEck Rare Earth and Strategic Metals ETF - US ET,92189H805,,156720.0,,13869720.0,0.0,0.019286934054009906,0.019286934054009906
ADD,Netstreit Corp - US REIT,64119V303,,655291.0,59.834869993658224,13846299.0,0.014329547318722019,0.01925436531560142,0.0049248179968794
ADD,Lumentum Holdings Inc - US,55024U109,,16126.0,600.825727944372,13837076.0,0.0030015336709040695,0.01924154001034795,0.01624000633944388
ADD,Jd.Com Inc - US ADR,47215P106,CALL,542800.0,24.695612221456468,13830544.0,0.02389238443150531,0.019232456751764448,-0.004659927679740862
NEW,Eastman Chemical Co - US,277432100,,206474.0,,13829629.0,0.0,0.01923118437246195,0.01923118437246195
NEW,Brown-Forman Corp - US Class B,115637209,,516256.0,,13758222.0,0.0,0.019131887335463747,0.019131887335463747
TRIM,Regions Financial Corp - US,7591EP100,,455452.0,-29.02824677398997,13754650.0,0.03111356268442867,0.019126920189159357,-0.011986642495269314
TRIM,Kohl's Corp - US,500255104,,775246.0,-13.150742633598988,13737359.0,0.02137384484982432,0.01910287569678836,-0.00227096915303596
ADD,Nvent Electric Plc - US,G6700G107,PUT,80900.0,1072.463768115942,13721449.0,0.0015148858495509913,0.019080751593288123,0.01756586574373713
TRIM,Sitime Corp - US,82982T106,,18378.0,-72.17098986962249,13701902.0,0.04233304006571033,0.01905356995588277,-0.023279470109827557
NEW,Analog Devices Inc - US,032654105,,34449.0,,13682109.0,0.0,0.019026046236173145,0.019026046236173145
TRIM,Expeditors International Of Washington Inc - US,302130109,,83702.0,-17.042954270649567,13641752.0,0.026824773634625213,0.01896992666075146,-0.007854846973873755
ADD,Dana Inc - US,235825205,,498967.0,155.32795693422437,13576892.0,0.01220613038375513,0.018879733741013854,0.0066736033572587245
TRIM,Lumentum Holdings Inc - US,55024U109,CALL,15800.0,-48.86731391585761,13557348.0,0.04030742141048391,0.018852556275343917,-0.02145486513513999
ADD,Vertiv Holdings Co - US,92537N108,,40476.0,1314.7500873820343,13552174.0,0.0013307103501832443,0.018845361422326307,0.01751465107214306
TRIM,On Holding Ag - US,H5919C104,,381770.0,-19.681815695465392,13522293.0,0.0300152327631011,0.018803809546984348,-0.011211423216116751
ADD,First Solar Inc - US,336433107,CALL,57300.0,11.695906432748536,13520508.0,0.018783473055349605,0.018801327364410626,1.7854309061021006e-05
TRIM,American Eagle Outfitters Inc - US,02553E106,,786011.0,-39.24233312359606,13519389.0,0.04010176622516951,0.018799771307099703,-0.02130199491806981
TRIM,Asbury Automotive Group Inc - US,043436104,,67213.0,-13.613520981942035,13515190.0,0.028221090578291353,0.018793932268092946,-0.009427158310198407
TRIM,Johnson & Johnson - US,478160104,PUT,53100.0,-87.23250781437845,13485807.0,0.18870382255446327,0.018753072900830378,-0.16995074965363288
KEEP,Novanta Inc - US,67000B203,,200000.0,0.0,13480000.0,0.019901935077764048,0.018744997811639564,-0.0011569372661244838
ADD,Valero Energy Corp - US,91913Y100,,51652.0,19.95633897675283,13452247.0,0.01974790575705681,0.018706405087287457,-0.0010415006697693519
ADD,Delta Air Lines Inc - US,247361702,CALL,143600.0,53.91211146838156,13449576.0,0.011513096817979672,0.018702690852186947,0.007189594034207275
NEW,Booz Allen Hamilton Holding Corp - US,099502106,,220944.0,,13404672.0,0.0,0.01864024831645001,0.01864024831645001
ADD,Planet Labs PBC - US,72703X106,,404054.0,933.3861892583121,13386309.0,0.0020285142921151887,0.018614713123956305,0.016586198831841117
NEW,Apogee Therapeutics Inc - US,03770N101,PUT,100600.0,,13352638.0,0.0,0.018567890956202916,0.018567890956202916
NEW,Invesco Db Agriculture Fund - US ETP,46140H106,CALL,500000.0,,13335000.0,0.0,0.018543363933101898,0.018543363933101898
ADD,Twilio Inc - US,90138F102,CALL,64600.0,1368.1818181818182,13328918.0,0.0010275947094320836,0.0185349064348311,0.017507311725399016
TRIM,Davita Inc - US,23918K108,,59895.0,-25.05161734342739,13325440.0,0.022797824406665605,0.018530070002903142,-0.004267754403762463
ADD,TXNM Energy Inc - US,69349H107,,234603.0,24.849262142845742,13320758.0,0.020390406746768376,0.018523559314494082,-0.001866847432274294
ADD,Artisan Partners Asset Management Inc - US,04316A108,,385102.0,8.60333620045404,13297572.0,0.023951579787928085,0.018491317362026676,-0.005460262425901408
ADD,Sportradar Holding Ag - US,H8088L103,,887260.0,3619.3879689792498,13282282.0,0.0007412329267309039,0.018470055417179495,0.01772882249044859
ADD,Cheniere Energy Inc - US,16411R208,,55560.0,368.38644410723316,13279396.0,0.006247821049830792,0.018466042207707357,0.012218221157876564
ADD,Toronto-Dominion Bank/The - US,891160509,CALL,109300.0,107.79467680608366,13272299.0,0.009110315889459448,0.018456173272286793,0.009345857382827345
NEW,Nasdaq Inc - US,631103108,,168360.0,,13270135.0,0.0,0.01845316406047193,0.01845316406047193
NEW,Mettler-Toledo International Inc - US,592688105,,10377.0,,13256721.0,0.0,0.018434510840839486,0.018434510840839486
TRIM,Dow Inc - US,260557103,,483647.0,-13.208099072407487,13232582.0,0.04308080488103838,0.01840094366708762,-0.02467986121395076
TRIM,Atlassian Corp - US,049468101,PUT,169900.0,-38.77477477477477,13216521.0,0.03515484160263267,0.01837860958623801,-0.016776232016394662
ADD,Benchmark Electronics Inc - US,08160H101,,133869.0,65.56675530270238,13208854.0,0.008413553263100962,0.018367948021088022,0.00995439475798706
ADD,Cvs Health Corp - US,126650100,PUT,127600.0,26.08695652173913,13200220.0,0.01349103955430362,0.01835594176655496,0.004864902212251339
ADD,Arista Networks Inc - US,040413205,,77626.0,540.108848025068,13187105.0,0.002763761046431824,0.018337704329885844,0.01557394328345402
TRIM,Choice Hotels International Inc - US,169905106,,119186.0,-37.37501116558163,13142640.0,0.036562631579381784,0.018275872258098413,-0.01828675932128337
ADD,Roblox Corp - US,771049103,,241609.0,1771.6321945929194,13138697.0,0.0013552564413479853,0.018270389207180663,0.016915132765832678
TRIM,Corning Inc - US,219350105,PUT,51400.0,-83.59399936163422,13129102.0,0.07907204934281262,0.01825704660673536,-0.06081500273607726
ADD,Sea Ltd - US ADR,81141R100,PUT,136600.0,21.099290780141843,13090378.0,0.017338494562532315,0.01820319784595955,0.0008647032834272345
TRIM,Super Micro Computer Inc - US,86800U302,PUT,445800.0,-37.06945228684359,13075314.0,0.02994064041437558,0.018182250171847193,-0.011758390242528387
ADD,Agnico Eagle Mines Ltd - US,008474108,PUT,83900.0,1.820388349514563,13015407.0,0.03104559317699745,0.01809894478728474,-0.012946648389712712
TRIM,Teradyne Inc - US,880770102,CALL,26900.0,-47.047244094488185,13015296.0,0.02795434487933405,0.01809879043307427,-0.009855554446259778
NEW,Fastenal Co - US,311900104,,270971.0,,13014737.0,0.0,0.018098013099708047,0.018098013099708047
NEW,Kennametal Inc - US,489170100,,369547.0,,12952622.0,0.0,0.01801163731787793,0.01801163731787793
ADD,Mcdonald's Corp - US,580135101,CALL,47700.0,126.06635071090047,12893787.0,0.012172197603009317,0.017929822633438182,0.005757625030428865
ADD,Nextnav Inc - US,65345N106,,722398.0,274.41394001275,12880356.0,0.005737286855147087,0.017911145773971703,0.012173858918824616
NEW,Regency Centers Corp - US REIT,758849103,,161415.0,,12871232.0,0.0,0.01789845813598703,0.01789845813598703
NEW,Ball Corp - US,058498106,,206262.0,,12870749.0,0.0,0.017897786486584726,0.017897786486584726
ADD,Hecla Mining Co - US,422704106,PUT,834000.0,22.21570926143025,12868620.0,0.02359779235780107,0.017894825945016405,-0.005702966412784664
ADD,Frontier Group Holdings Inc - US,35909R108,,1617675.0,41.877171779539275,12795809.0,0.007470900948094232,0.017793576535842574,0.010322675587748341
ADD,Accenture Plc - US,G1151C101,PUT,102500.0,4.591836734693878,12755100.0,0.036070020634568524,0.017736967476798503,-0.01833305315777002
ADD,BellRing Brands Inc - US,07831C103,,984380.0,98.58061600781105,12737877.0,0.014804764024250284,0.017713017543763646,0.0029082535195133624
ADD,Freeport-Mcmoran Inc - US,35671D857,CALL,201900.0,49.44485566247224,12697491.0,0.014740235869890707,0.01765685764156625,0.0029166217716755424
NEW,Helios Technologies Inc - US,42328H109,,141953.0,,12669305.0,0.0,0.017617662796735475,0.017617662796735475
NEW,Marsh & Mclennan Cos Inc - US,571748102,,75646.0,,12607919.0,0.0,0.017532300746611936,0.017532300746611936
TRIM,Ciena Corp - US,171779309,PUT,25700.0,-5.86080586080586,12607392.0,0.01967302941317489,0.017531567911756838,-0.0021414615014180537
ADD,Clorox Co/The - US,189054109,,132094.0,56.99683852718154,12607051.0,0.01618442177491857,0.017531093724497657,0.0013466719495790862
ADD,Boston Scientific Corp - US,101137107,PUT,295000.0,39.2823418319169,12590600.0,0.024669434159137214,0.017508217318043702,-0.007161216841093512
NEW,Dynatrace Inc - US,268150109,,286301.0,,12571477.0,0.0,0.017481625285910768,0.017481625285910768
NEW,Knight-Swift Transportation Holdings Inc - US,499049104,,160691.0,,12513008.0,0.0,0.017400319553192017,0.017400319553192017
ADD,Valaris Ltd - US,G9460G101,,171907.0,50.13187312233634,12480448.0,0.020837396561163686,0.017355042318121766,-0.00348235424304192
TRIM,Servicenow Inc - US,81762P102,CALL,125700.0,-70.54136395594094,12479496.0,0.08280683437722856,0.01735371848741578,-0.06545311588981279
ADD,Fidelity National Information Services Inc - US,31620M106,,320643.0,598.8579150410845,12466600.0,0.003995009981841061,0.017335785587432182,0.013340775605591122
TRIM,Kkr & Co Inc - US,48251W104,,135472.0,-32.35498254847231,12433620.0,0.03438547088128846,0.017289924309403407,-0.017095546571885053
TRIM,Viper Energy Inc - US,64361Q101,,292000.0,-11.275326032791668,12380800.0,0.028705385847936887,0.017216473954476792,-0.011488911893460095
ADD,Cvr Energy Inc - US,12662P108,,448888.0,4.895568984292117,12362376.0,0.026729167500503744,0.01719085393669625,-0.009538313563807493
NEW,Ishares Latin America 40 Etf - US ETP,464287390,CALL,366000.0,,12352500.0,0.0,0.017177120583700127,0.017177120583700127
ADD,Centuri Holdings Inc - US,155923105,,408383.0,203.92423904145272,12349502.0,0.007285400137996628,0.017172951629439055,0.009887551491442426
NEW,Verisk Analytics Inc - US,92345Y106,,68701.0,,12333891.0,0.0,0.017151243308902147,0.017151243308902147
ADD,Sabra Health Care Reit Inc - US REIT,78573L106,,631543.0,1070.412720769473,12321404.0,0.0019260291642054156,0.017133879155513874,0.015207849991308458
TRIM,Ubs Group Ag - US,H42097107,,248111.0,-10.105035851319379,12296381.0,0.02001582827254455,0.01709908271039216,-0.002916745562152389
TRIM,Federal Signal Corp - US,313855108,,95615.0,-37.31356004431944,12285571.0,0.030616693668446934,0.01708405055710256,-0.013532643111344375
ADD,Devon Energy Corp - US,25179M103,CALL,296900.0,16.614296936370778,12267908.0,0.02378036597599253,0.017059488769539728,-0.006720877206452803
ADD,Cousins Properties Inc - US REIT,222795502,,407890.0,838.4764052182315,12228542.0,0.0018208358733336526,0.01700474725738446,0.01518391138405081
ADD,Nike Inc - US Class B,654106103,CALL,296600.0,100.0,12175430.0,0.014539820673638482,0.016930890853543823,0.002391070179905341
NEW,Voya Financial Inc - US,929089100,,133991.0,,12130205.0,0.0,0.016868001942117163,0.016868001942117163
ADD,Qualys Inc - US,74758T303,CALL,87600.0,5.0359712230215825,12044124.0,0.013599637074697172,0.016748299556610946,0.0031486624819137745
TRIM,Vaneck Gold Miners Etf/Usa - US ETP,92189F106,,159280.0,-14.319987520239266,12017676.0,0.031666638611069775,0.016711521537165677,-0.014955117073904099
NEW,Accenture Plc - US,G1151C101,,96473.0,,12005100.0,0.0,0.016694033622293332,0.016694033622293332
ADD,Greenbrier Cos Inc/The - US,393657101,,244407.0,5.250306827724307,11978387.0,0.02269384876822912,0.016656887099552806,-0.006036961668676313
ADD,Abbott Laboratories - US,002824100,CALL,131900.0,280.1152737752161,11968606.0,0.006612908888533949,0.016643285851511584,0.010030376962977636
ADD,Global Payments Inc - US,37940X102,PUT,164300.0,306.68316831683165,11921608.0,0.005046798108714254,0.016577931444452874,0.01153113333573862
ADD,Morningstar Inc - US,617700109,,76095.0,90.2375,11872342.0,0.012551472206289918,0.01650942320541814,0.003957950999128221
NEW,Vanguard Information Technology Etf - US ETP,92204A702,PUT,99000.0,,11832480.0,0.0,0.016453991966340425,0.016453991966340425
NEW,Graco Inc - US,384109104,,156398.0,,11825253.0,0.0,0.01644394225571841,0.01644394225571841
TRIM,Hims & Hers Health Inc - US,433000106,PUT,339900.0,-40.89723526343245,11784333.0,0.02216104415598684,0.01638703978461661,-0.005774004371370229
TRIM,Jpmorgan Chase & Co - US,46625H100,,35855.0,-92.6572381139618,11736417.0,0.26662041625743,0.016320408826519986,-0.25030000743091
ADD,Zoom Communications Inc - US,98980L101,CALL,135900.0,335.5769230769231,11729529.0,0.004655604989752406,0.01631083052200021,0.011655225532247803
TRIM,Paramount Skydance Corp - US Class B,69932A204,,1184585.0,-58.28334091069966,11680008.0,0.047542580392283006,0.016241967685454942,-0.03130061270682806
TRIM,Adaptive Biotechnologies Corp - US,00650F109,,543485.0,-30.879036883760385,11657753.0,0.020257541561834,0.01621102036154559,-0.004046521200288408
NEW,Elastic Nv - US,N14506104,,203743.0,,11617426.0,0.0,0.016154942503478084,0.016154942503478084
TRIM,Venture Global Inc - US,92333F101,CALL,1039300.0,-22.843355605048256,11567409.0,0.039404272264878866,0.01608538994001037,-0.023318882324868496
TRIM,Delta Air Lines Inc - US,247361702,PUT,123300.0,-53.64661654135339,11548278.0,0.032824048805815575,0.016058786783249655,-0.01676526202256592
TRIM,Azz Inc - US,002474104,,74434.0,-22.563798466548068,11540992.0,0.022325863436459703,0.016048655028497755,-0.006277208407961948
ADD,Maravai Lifesciences Holdings Inc - US,56600D107,,1849079.0,365.86271619868234,11538253.0,0.002084986636156029,0.016044846234061102,0.013959859597905072
ADD,Ishares Msci Eafe Small-Cap Etf - US ETP,464288273,,139628.0,4169.969418960245,11487196.0,0.00047592576533051487,0.015973847468981808,0.015497921703651293
ADD,Tutor Perini Corp - US,901109108,,138243.0,15.60519141676841,11470022.0,0.01713351131347032,0.01594996567429211,-0.001183545639178208
NEW,Constellation Brands Inc - US,21036P108,,82403.0,,11461433.0,0.0,0.01593802199579032,0.01593802199579032
TRIM,Pbf Energy Inc - US,69318G106,,250721.0,-65.67520539074553,11412820.0,0.06456418276471262,0.015870421804498238,-0.04869376096021438
TRIM,General Electric Co - US,369604301,PUT,30400.0,-71.15749525616698,11361392.0,0.05551707714359287,0.015798907134805584,-0.03971817000878729
ADD,3M Co - US,88579Y101,CALL,69900.0,507.82608695652175,11317509.0,0.003100085558706607,0.01573788437968925,0.012637798820982642
ADD,Capital One Financial Corp - US,14040H105,CALL,56300.0,1026.0,11294906.0,0.0016931123000543254,0.015706453134471412,0.014013340834417087
ADD,Cytokinetics Inc - US,23282W605,CALL,132400.0,1738.888888888889,11279156.0,0.0008808527415615636,0.015684551523526803,0.01480369878196524
NEW,Devon Energy Corp - US,25179M103,,271882.0,,11234164.0,0.0,0.015621986616884274,0.015621986616884274
TRIM,Home Depot Inc/The - US,437076102,PUT,31800.0,-75.63218390804597,11215224.0,0.07966740713656215,0.015595649060611835,-0.06407175807595031
NEW,State Street Consumer Staples Select Sector SPDR E,81369Y308,CALL,135000.0,,11214450.0,0.0,0.015594572752873986,0.015594572752873986
NEW,New York Times Co/The - US,650111107,,160141.0,,11206667.0,0.0,0.015583749880621167,0.015583749880621167
TRIM,Vistra Corp - US,92840M102,PUT,70600.0,-20.40586245772266,11199278.0,0.02475077371304905,0.015573474896286583,-0.009177298816762467
ADD,Mastercard Inc - US,57636Q104,CALL,21800.0,92.92035398230088,11196480.0,0.010480271400372889,0.015569584057720041,0.005089312657347153
NEW,Monarch Casino & Resort Inc - US,609027107,,84978.0,,11183955.0,0.0,0.015552167062349805,0.015552167062349805
NEW,Edison International - US,281020107,,150000.0,,11167500.0,0.0,0.015529285093581962,0.015529285093581962
ADD,Hca Healthcare Inc - US,40412C101,CALL,28600.0,1942.8571428571427,11150854.0,0.0012297844113674204,0.015506137524325838,0.014276353112958417
TRIM,PDD Holdings Inc - US ADR,722304102,,146171.0,-62.0701555899235,11149924.0,0.07309127840504795,0.01550484428634625,-0.0575864341187017
TRIM,Toronto-Dominion Bank/The - US,891160509,PUT,91800.0,-28.39313572542902,11147274.0,0.02220422998153424,0.015501159253393668,-0.006703070728140574
NEW,iShares MSCI USA Momentum Factor ETF - US ETP,46432F396,PUT,32500.0,,11141975.0,0.0,0.01549379057806697,0.01549379057806697
ADD,Omada Health Inc - US,68170A108,,505316.0,33.52675999767465,11091686.0,0.008829773223198185,0.01542385977725469,0.0065940865540565045
ADD,Hubspot Inc - US,443573100,,60569.0,295.9534549258025,11054448.0,0.006930963045747137,0.015372077416089272,0.008441114370342135
ADD,Cbl & Associates Properties Inc - US,124830878,,207106.0,112.37502435422842,10995258.0,0.006956312861766259,0.015289769076291723,0.008333456214525463
NEW,Roundhill Memory ETF - US ETP,77926X320,,148836.0,,10991539.0,0.0,0.01528459751495185,0.01528459751495185
ADD,Rh - US,74967X103,CALL,66500.0,86.79775280898876,10954545.0,0.009239294238723906,0.015233154454933763,0.0059938602162098575
TRIM,General Electric Co - US,369604301,CALL,29300.0,-81.04786545924968,10950289.0,0.0814320695104313,0.015227236152954066,-0.06620483335747723
ADD,Joby Aviation Inc - US,47775AAA9,,12000000.0,20.0,10932000.0,0.01606985664388568,0.01520180386326734,-0.0008680527806183419
NEW,Nokia Oyj - US ADR,654902204,PUT,822400.0,,10921472.0,0.0,0.015187163853107031,0.015187163853107031
ADD,Vanguard Information Technology Etf - US ETP,92204A702,,91364.0,3276.348854397635,10919825.0,0.0035045187917245716,0.015184873570362538,0.011680354778637967
ADD,Core Scientific Inc - US,21874A106,CALL,425300.0,3535.0427350427353,10883427.0,0.0003248904589191566,0.015134259295114166,0.014809368836195009
TRIM,Bancorp Inc/The - US,05969A105,,173297.0,-43.14999737560361,10855324.0,0.030401631375599054,0.015095179868296622,-0.015306451507302431
TRIM,Ishares Iboxx Investment Grade Corporate Bond Etf,464287242,,99349.0,-53.02647754137115,10835995.0,0.042787462014786795,0.015068301376998315,-0.02771916063778848
ADD,Roblox Corp - US,771049103,PUT,198900.0,187.012987012987,10816182.0,0.007275488150185095,0.015040749845719232,0.007765261695534136
NEW,Outfront Media Inc - US REIT,69007J304,,326204.0,,10686443.0,0.0,0.014860337585253038,0.014860337585253038
ADD,Burlington Stores Inc - US,122017106,,33704.0,6.429202980927119,10677427.0,0.01912630161355915,0.014847800129743412,-0.004278501483815738
ADD,Lemonade Inc - US,52567D107,,163831.0,45.8323690160403,10657207.0,0.013070453864743339,0.014819682633025955,0.0017492287682826166
TRIM,American Express Co - US,025816109,PUT,31500.0,-75.91743119266054,10654875.0,0.07343851909715787,0.014816439804027678,-0.058622079293130194
TRIM,Mongodb Inc - US,60937P106,PUT,31700.0,-6.21301775147929,10648030.0,0.015356575894018799,0.01480692129438223,-0.0005496545996365697
TRIM,Walt Disney Co/The - US,254687106,PUT,110300.0,-65.09493670886076,10616375.0,0.05653189021480956,0.014762902532829747,-0.04176898768197981
NEW,Builders Firstsource Inc - US,12008R107,,118626.0,,10614654.0,0.0,0.014760509347278277,0.014760509347278277
TRIM,Walt Disney Co/The - US,254687106,,110093.0,-82.46276086509803,10596451.0,0.11230650270464047,0.014735196647340201,-0.09757130605730027
ADD,Propetro Holding Corp - US,74347M108,,738241.0,45.53703970208161,10586376.0,0.013567759082435885,0.014721186569228013,0.0011534274867921277
NEW,Sanmina Corp - US,801056102,,41730.0,,10561028.0,0.0,0.014685938186102684,0.014685938186102684
TRIM,Moog Inc - US,615394202,,24904.0,-67.70621263793976,10555311.0,0.04188932083605733,0.014677988248974408,-0.027211332587082922
ADD,Arch Capital Group Ltd - US,G0450A105,,108571.0,38.67090709377475,10537901.0,0.013949992432640005,0.01465377827776516,0.0007037858451251558
ADD,Cimpress Plc - US,G2143T103,,103198.0,589.5035745306341,10495237.0,0.0020280428230320183,0.014594450637807017,0.012566407814774999
NEW,Nrg Energy Inc - US,629377508,,71599.0,,10457750.0,0.0,0.014542322022601903,0.014542322022601903
ADD,RTX Corp - US,75513E101,CALL,55100.0,118.65079365079364,10454123.0,0.0090230272866832,0.014537278394481518,0.005514251107798318
ADD,Lululemon Athletica Inc - US,550021109,CALL,91500.0,58.854166666666664,10447470.0,0.016368812590875484,0.01452802687590282,-0.0018407857149726637
ADD,Live Nation Entertainment Inc - US,538034109,CALL,57000.0,2180.0,10437270.0,0.0007077140735659847,0.01451384297548155,0.013806128901915566
ADD,Ishares Gold Trust - US ETP,464285204,,138128.0,3.8798516947559203,10430045.0,0.02175912789964911,0.014503796046016483,-0.007255331853632625
TRIM,Somnigroup International Inc - US,88023U101,,132528.0,-22.225808533987475,10390195.0,0.023380489658719385,0.014448381493880441,-0.008932108164838944
TRIM,Trade Desk Inc/The - US,88339J105,PUT,573300.0,-20.69442523170563,10365264.0,0.03044613879952133,0.014413712981978216,-0.016032425817543113
ADD,Amprius Technologies Inc - US,03214Q108,,747428.0,78.10280202353805,10359352.0,0.013133354151441734,0.014405491882047773,0.0012721377306060388
NEW,Netapp Inc - US,64110D104,CALL,66700.0,,10322492.0,0.0,0.014354235159545025,0.014354235159545025
TRIM,United Airlines Holdings Inc - US,910047109,,75871.0,-44.440864388286386,10317697.0,0.02333769548662296,0.014347567335768554,-0.008990128150854405
ADD,Digital Turbine Inc - US,25400W102,,794888.0,30.551563636841422,10254055.0,0.003254887049250849,0.014259068140610665,0.011004181091359816
ADD,Nextera Energy Inc - US,65339F101,CALL,116500.0,389.4957983193277,10225205.0,0.004103162019636342,0.014218949951674031,0.01011578793203769
ADD,Transocean Ltd - US,H8817H100,PUT,2086100.0,37.62369705765932,10201029.0,0.018654127182941575,0.014185331326518677,-0.004468795856422897
ADD,Huntington Ingalls Industries Inc - US,446413106,,36379.0,430.61551925320884,10182118.0,0.0048345887606728016,0.014159034097021945,0.009324445336349144
ADD,Nordic American Tankers Ltd - US,G65773106,,1834742.0,15.047292026697235,10164471.0,0.01734665431879065,0.014134494558714676,-0.0032121597600759735
TRIM,East West Bancorp Inc - US,27579R104,,78717.0,-18.3340422662337,10161578.0,0.019100975927847434,0.01413047161519323,-0.0049705043126542035
TRIM,Mge Energy Inc - US,55277P104,,124286.0,-22.13729936976106,10134280.0,0.022900003265289067,0.014092511604046188,-0.008807491661242879
TRIM,Humana Inc - US,444859102,PUT,25500.0,-42.95302013422819,10129110.0,0.01438636491177652,0.014085322313342466,-0.0003010425984340537
ADD,Enovix Corp - US,293594107,,1667130.0,36.216006869915276,10119479.0,0.011767673417294205,0.014071929652072147,0.002304256234777941
NEW,Generac Holdings Inc - US,368736104,,34522.0,,10108387.0,0.0,0.014056505355653252,0.014056505355653252
TRIM,Nmi Holdings Inc - US,629209305,,245988.0,-32.94662181685357,10107647.0,0.025542290488059814,0.014055476327583475,-0.011486814160476339
NEW,VanEck Morningstar Wide Moat ETF - US ETP,92189F643,,97185.0,,10103353.0,0.0,0.014049505183621813,0.014049505183621813
TRIM,WisdomTree U.S. Quality Dividend Growth Fund - US,97717X669,,105650.0,-55.54199629691971,10102253.0,0.03874640212552695,0.014047975547301871,-0.024698426578225078
ADD,Acv Auctions Inc - US,00091G104,,1396782.0,7.123809815974445,10042863.0,0.01026190511158783,0.013965389091809789,0.0037034839802219596
TRIM,Totalenergies Se - US,F92124100,,129041.0,-41.42859736557822,10034228.0,0.037205533503431795,0.013953381446698252,-0.023252152056733543
ADD,Northern Oil And Gas Inc - US,665531307,,549259.0,137.07043153233255,9969051.0,0.012570371805521572,0.013862747713584807,0.0012923759080632358
TRIM,Datadog Inc - US,23804L103,PUT,38200.0,-66.63755458515284,9945752.0,0.025089440721319738,0.01383034862574999,-0.011259092095569748
TRIM,Huntsman Corp - US,447011107,,936322.0,-28.351824601919297,9943740.0,0.032286252932295166,0.01382755078186297,-0.018458702150432195
ADD,Expand Energy Corp - US,165167735,PUT,108800.0,28.60520094562648,9921472.0,0.017239040572468278,0.013796585380433473,-0.0034424551920348052
ADD,On Semiconductor Corp - US,682189105,PUT,104700.0,10.443037974683545,9898338.0,0.010895791581555327,0.013764415738046643,0.0028686241564913166
TRIM,Echostar Corp - US,278768106,CALL,97500.0,-2.888446215139442,9896250.0,0.021817190987801275,0.013761512210195701,-0.008055678777605574
ADD,SouthState Bank Corp - US,84472E102,,99058.0,3297.0507544581624,9895894.0,0.0005007744134265815,0.01376101716425943,0.013260242750832847
TRIM,Bank Of America Corp - US,060505104,PUT,173300.0,-45.46884833228446,9874634.0,0.02875729385152294,0.013731453465930389,-0.01502584038559255
ADD,Telephone And Data Systems Inc - US,879433829,,266423.0,406.15156638866193,9860315.0,0.004113322735231909,0.013711541772780177,0.009598219037548268
ADD,Vertiv Holdings Co - US,92537N108,CALL,29400.0,52.331606217616574,9843708.0,0.008976834453597466,0.013688448436084487,0.0047116139824870205
TRIM,Cintas Corp - US,172908105,,57836.0,-68.12583011391506,9836747.0,0.05696724179632504,0.013678768619336206,-0.043288473176988834
NEW,Rexford Industrial Realty Inc - US REIT,76169C100,,292824.0,,9809604.0,0.0,0.013641024147852428,0.013641024147852428
TRIM,Flex Ltd - US,Y2573F102,,60430.0,-18.284833405452186,9793890.0,0.00898556591252358,0.013619172597732836,0.004633606685209256
TRIM,Kratos Defense & Security Solutions Inc - US,50077B207,,196111.0,-3.6461097026511804,9778094.0,0.026638079302399746,0.013597207020178484,-0.013040872282221262
ADD,Cipher Digital Inc - US,17253J106,CALL,396300.0,47.983569828230024,9709350.0,0.00639747536018751,0.013501613093653013,0.0071041377334655036
ADD,Wingstop Inc - US,974155103,,55866.0,325.9377859103385,9687723.0,0.003772842241550755,0.0134715390530245,0.009698696811473746
TRIM,Caretrust Reit Inc - US REIT,14174T107,,239612.0,-4.408326750763977,9668344.0,0.01705226085607814,0.01344459103280256,-0.0036076698232755788
ADD,Banc Of California Inc - US,05990K106,,472286.0,5.121807356296255,9648803.0,0.014660561307189911,0.013417417738868046,-0.0012431435683218656
TRIM,Allstate Corp/The - US,020002101,,40467.0,-51.1025991130874,9628718.0,0.0318506154994458,0.013389487970244399,-0.018461127529201406
NEW,Roundhill Memory ETF - US ETP,77926X320,PUT,130300.0,,9622655.0,0.0,0.01338105689296458,0.01338105689296458
ADD,Starbucks Corp - US,855244109,CALL,94000.0,87.25099601593625,9605860.0,0.008348006067297839,0.013357702127516028,0.005009696060218189
KEEP,James Hardie Industries Plc - US ADR,G4253H101,,366799.0,0.0,9602798.0,0.012895186161163523,0.013353444176232701,0.0004582580150691781
ADD,Synopsys Inc - US,871607107,PUT,21500.0,56.934306569343065,9590505.0,0.01008234035711219,0.013336349795068123,0.003254009437955934
ADD,Lamar Advertising Co - US REIT,512816109,,61469.0,2.223441761458125,9587935.0,0.01413723990575833,0.013332776008393355,-0.0008044638973649758
ADD,Camden Property Trust - US REIT,133131102,,83588.0,2354.8604992657856,9569990.0,0.000617238414034605,0.013307822077701224,0.01269058366366662
TRIM,Cencora Inc - US,03073E105,PUT,33800.0,-0.8797653958944283,9564724.0,0.01988369627771983,0.013300499291464127,-0.006583196986255702
ADD,Msa Safety Inc - US,553498106,,54782.0,1935.7487922705313,9563842.0,0.000818925091869394,0.01329927280125123,0.012480347709381836
ADD,Iron Mountain Inc - US REIT,46284V101,,75389.0,102.61502902601592,9522385.0,0.00705426334806113,0.013241623589509602,0.006187360241448472
TRIM,Cava Group Inc - US,148929102,CALL,121200.0,-34.20195439739413,9511776.0,0.027660348638604997,0.013226870942493007,-0.01443347769611199
ADD,Stryker Corp - US,863667101,CALL,30200.0,2223.076923076923,9508168.0,0.0007928977710654016,0.0132218537353636,0.012428955964298199
TRIM,Circle Internet Group Inc - US,172573107,CALL,151800.0,-52.84249767008388,9507234.0,0.057007812267785084,0.013220554935070124,-0.04378725733271496
ADD,Affirm Holdings Inc - US,00827B106,CALL,116200.0,315.0,9476110.0,0.002381401476158195,0.013177274570686633,0.010795873094528438
TRIM,Visa Inc - US,92826C839,PUT,27600.0,-80.93922651933701,9469284.0,0.0812344051692234,0.013167782482032164,-0.06806662268719123
ADD,Gilead Sciences Inc - US,375558103,,74896.0,28.31468759101578,9462361.0,0.015099796012020317,0.013158155507265843,-0.001941640504754474
ADD,Caesars Entertainment Inc - US,12769G100,,312238.0,128.08575915847914,9423343.0,0.006715900752899256,0.013103897916419065,0.006387997163519809
ADD,Uniqure Nv - US,N90064101,PUT,204000.0,358.42696629213486,9396240.0,0.001350508339321412,0.013066209068074194,0.011715700728752783
ADD,Diamondrock Hospitality Co - US REIT,252784301,,767977.0,16.373904794809082,9353960.0,0.011477615985204867,0.013007415410249556,0.0015297994250446888
ADD,Ishares U.S. Home Construction Etf - US ETP,464288752,,89297.0,154.16121136221324,9329751.0,0.005905213376742893,0.012973750896004603,0.00706853751926171
ADD,Agnico Eagle Mines Ltd - US,008474108,,60010.0,352.05273069679845,9309351.0,0.005001581624989732,0.012945383095162064,0.007943801470172332
ADD,Acadia Realty Trust - US REIT,004239109,,444943.0,824.7106012428039,9303758.0,0.0017076777248402997,0.012937605589764398,0.011229927864924098
KEEP,Vaneck Oil Services Etf - US ETP,92189H607,PUT,25000.0,0.0,9300750.0,0.01875713760908181,0.012933422729718598,-0.005823714879363211
TRIM,Onto Innovation Inc - US,683344105,,24510.0,-69.46707526720981,9275810.0,0.030556002232964966,0.012898741702610118,-0.017657260530354848
ADD,Lamb Weston Holdings Inc - US,513272104,,213435.0,72.84565486747164,9216123.0,0.009686261778989302,0.012815742245311651,0.0031294804663223492
TRIM,Amkor Technology Inc - US,031652100,,106660.0,-64.54947319440289,9197292.0,0.025147819359645687,0.012789556262092735,-0.012358263097552951
ADD,Globalstar Inc - US,378973507,CALL,112800.0,223.20916905444128,9169512.0,0.0043027270865968635,0.012750925992121865,0.008448198905525003
TRIM,State Street Consumer Discretionary Select Sector,81369Y407,CALL,78000.0,-67.22689075630252,9147840.0,0.04814412111326104,0.012720789375462083,-0.035423331737798956
ADD,Green Plains Inc - US,393222104,,594120.0,240.54212067888318,9137566.0,0.005327073485416554,0.012706502572233835,0.007379429086817281
ADD,Analog Devices Inc - US,032654105,CALL,23000.0,400.0,9134910.0,0.002716411814768078,0.012702809195810414,0.009986397381042336
NEW,Solventum Corp - US,83444M101,,118050.0,,9107558.0,0.0,0.012664774093425847,0.012664774093425847
ADD,Intuitive Surgical Inc - US,46120E602,CALL,22900.0,615.625,9106872.0,0.002738173639693624,0.012663820156593595,0.00992564651689997
ADD,C3.Ai Inc - US,12468P104,,1001584.0,516.04093883777,9104399.0,0.002541027172006215,0.012660381256030672,0.010119354084024458
ADD,Sweetgreen Inc - US,87043Q108,,1033063.0,73.16159030756518,9101285.0,0.005747276802413318,0.012656050994666766,0.006908774192253448
NEW,Fervo Energy Co - A - US,31556C106,,310643.0,,9080095.0,0.0,0.012626584636830812,0.012626584636830812
ADD,Tsakos Energy Navigation Ltd - US,G9108L173,,256291.0,12.77038562402098,9065013.0,0.016646190474511526,0.01260561193230595,-0.004040578542205575
NEW,Planet Fitness Inc - US,72703H101,,173703.0,,9062086.0,0.0,0.012601541709116437,0.012601541709116437
NEW,Keycorp - US,493267108,,392547.0,,9048208.0,0.0,0.012582243261072672,0.012582243261072672
TRIM,International Paper Co - US,460146103,,237418.0,-56.37462790783139,9045626.0,0.03606303027013065,0.012578652787456228,-0.023484377482674422
ADD,Hamilton Lane Inc - US,407497106,,114717.0,184.36826057856769,9043141.0,0.007443076847477213,0.012575197199951633,0.00513212035247442
ADD,Capital Group Growth ETF - US ETP,14020G101,,191298.0,162.91282417778754,9029266.0,0.005427954875972551,0.012555902923643288,0.0071279480476707366
NEW,Genpact Ltd - US,G3922B107,,328285.0,,9027838.0,0.0,0.012553917177584311,0.012553917177584311
ADD,Ishares Msci Brazil Etf - US ETP,464286400,PUT,261500.0,305.4263565891473,9021750.0,0.004596183179675512,0.012545451335842676,0.007949268156167165
ADD,Shopify Inc - US,82509L107,CALL,79000.0,41.57706093189964,9020220.0,0.012286031400110049,0.012543323750779484,0.00025729235066943544
TRIM,Applied Optoelectronics Inc - US,03823U102,,60695.0,-86.2923205828615,8992571.0,0.06952284028518144,0.012504875646588531,-0.057017964638592905
TRIM,Baidu Inc - US ADR,056752108,CALL,78400.0,-41.0969196093163,8960336.0,0.02752711593052705,0.012460050349521901,-0.015067065581005148
NEW,Cadence Design Systems Inc - US,127387108,,23813.0,,8937495.0,0.0,0.012428288146627565,0.012428288146627565
NEW,Api Group Corp - US,00187Y100,,210899.0,,8931573.0,0.0,0.012420053140912391,0.012420053140912391
NEW,Enphase Energy Inc - US,29355A107,,180536.0,,8889593.0,0.0,0.012361676656629555,0.012361676656629555
ADD,Trupanion Inc - US,898202106,,356697.0,13.15559898105175,8835385.0,0.014984852220778893,0.012286296178782866,-0.0026985560419960277
ADD,Celestica Inc - US,15101Q207,CALL,24200.0,1761.5384615384617,8828160.0,0.0006797024990221927,0.0122762492493178,0.011596546750295608
TRIM,Clorox Co/The - US,189054109,PUT,92400.0,-31.606217616580313,8818656.0,0.025987251500455492,0.012263033191513511,-0.013724218308941981
TRIM,Applovin Corp - US,03831W108,CALL,17100.0,-51.83098591549295,8810433.0,0.02622593179572172,0.012251598464732715,-0.013974333330989004
ADD,BAUSCH PLUS LOMB CORP,071705107,,532030.0,41.32969934598854,8810417.0,0.011110133677536002,0.012251576215477152,0.0011414425379411494
NEW,Saia Inc - US,78709Y105,,20890.0,,8798032.0,0.0,0.01223435390109309,0.01223435390109309
TRIM,Pan American Silver Corp - US,697900108,PUT,196000.0,-29.82456140350877,8778840.0,0.02832185131731032,0.01220766591904554,-0.01611418539826478
ADD,Douglas Dynamics Inc - US,25960R105,,162460.0,1.5552721726302101,8764717.0,0.012498053274224728,0.012188026779275971,-0.00031002649494875703
TRIM,Molson Coors Beverage Co - US Class B,60871R209,,224740.0,-55.029784713648546,8755870.0,0.03994375911609522,0.012175724331528229,-0.02776803478456699
NEW,Old Dominion Freight Line Inc - US,679580100,,40407.0,,8752156.0,0.0,0.01217055972308072,0.01217055972308072
TRIM,Novo Nordisk A/S - US ADR,670100205,,182382.0,-58.6075889037418,8743393.0,0.030056478883168532,0.012158374083924681,-0.01789810479924385
TRIM,Granite Construction Inc - US,387328107,,55256.0,-59.580413441984994,8734868.0,0.030419621447859233,0.01214651940244514,-0.018273102045414095
TRIM,Methanex Corp - US,59151K108,,189170.0,-25.151738163631904,8730195.0,0.02793179789132905,0.012140021229242336,-0.015791776662086712
ADD,Jumia Technologies Ag - US ADR,48138M105,,1236404.0,135.50552380952382,8716648.0,0.006724002967655314,0.012121183062673027,0.005397180095017713
ADD,Grand Canyon Education Inc - US,38526M106,,60860.0,959.1715976331361,8709675.0,0.0018134705610422359,0.012111486558983073,0.010298015997940837
ADD,Walmart Inc - US,931142103,CALL,76800.0,26.732673267326735,8698368.0,0.013979555771567774,0.012095763288192554,-0.0018837924833752205
NEW,Kla Corp - US,482480100,,28806.0,,8691058.0,0.0,0.01208559815955731,0.01208559815955731
ADD,Rocket Lab Corp - US,773121108,CALL,85400.0,85.24945770065075,8680910.0,0.005495291426878729,0.012071486569216618,0.006576195142337889
ADD,Sea Ltd - US ADR,81141R100,CALL,90500.0,328.90995260663504,8672615.0,0.0032432822275658855,0.012059951720785791,0.008816669493219905
TRIM,Global Ship Lease Inc - US,Y27183600,,230063.0,-13.913720266270529,8650369.0,0.018468234719392993,0.012029016912082696,-0.006439217807310297
NEW,Omnicom Group Inc - US,681919106,,118754.0,,8648854.0,0.0,0.012026910185696595,0.012026910185696595
TRIM,Golar Lng Ltd - US,G9456A100,,173181.0,-53.682907064131605,8631341.0,0.03755398071091203,0.012002556984904662,-0.02555142372600737
ADD,Applied Optoelectronics Inc - US,03823U102,PUT,58100.0,31.746031746031743,8608096.0,0.006924319786500418,0.011970232988307366,0.005045913201806948
ADD,Vistra Corp - US,92840M102,CALL,54200.0,110.89494163424125,8597746.0,0.0071713064760469064,0.011955840501115195,0.004784534025068289
NEW,State Street Real Estate Select Sector SPDR ETF -,81369Y860,,194773.0,,8575855.0,0.0,0.011925399347769898,0.011925399347769898
TRIM,West Pharmaceutical Services Inc - US,955306105,,23851.0,-63.53894366735459,8562509.0,0.030433173399734146,0.011906840687473596,-0.01852633271226055
ADD,General Motors Co - US,37045V100,CALL,111000.0,428.57142857142856,8555880.0,0.0029039896874801206,0.011897622542778243,0.008993632855298122
TRIM,Shell PLC - US ADR,780259305,CALL,110200.0,-22.720897615708274,8544908.0,0.024616254673968593,0.01188236511577607,-0.012733889558192523
ADD,Tronox Holdings Plc - US,G9087Q102,,1355904.0,40.181918560531656,8542195.0,0.017540864313684457,0.011878592476379705,-0.0056622718373047515
NEW,Kla Corp - US,482480100,CALL,28300.0,,8538393.0,0.0,0.011873305497026601,0.011873305497026601
TRIM,Barrick Mining Corp - US,06849F108,PUT,232300.0,-33.45746204525924,8532379.0,0.02643157584397115,0.011864942558091944,-0.014566633285879205
ADD,Lemaitre Vascular Inc - US,525558201,,88915.0,168.24448668054424,8532283.0,0.006716871533727989,0.011864809062558566,0.005147937528830577
ADD,Lockheed Martin Corp - US,539830109,CALL,16700.0,25.563909774436087,8507982.0,0.014920673027787962,0.011831016615094125,-0.003089656412693837
TRIM,Boston Scientific Corp - US,101137107,CALL,198800.0,-7.276119402985075,8484784.0,0.024972269517086962,0.011798757975685045,-0.013173511541401917
TRIM,Enersys - US,29275Y102,,36242.0,-69.57470743296564,8474104.0,0.038410213114209134,0.01178390659759689,-0.02662630651661224
TRIM,Comcast Corp - US,20030N101,,344757.0,-64.17063059449045,8463784.0,0.05127747308499354,0.0117695558277589,-0.03950791725723464
TRIM,Realreal Inc/The - US,88339P101,,715733.0,-24.852615233101545,8438492.0,0.016052493959618063,0.01173438531702804,-0.004318108642590024
TRIM,State Street Energy Select Sector SPDR ETF - US ET,81369Y506,,158803.0,-59.85595943202817,8434027.0,0.04498151949659704,0.011728176384147552,-0.033253343112449485
TRIM,Credo Technology Group Holding Ltd - US,G25457105,PUT,31000.0,-25.65947242206235,8430450.0,0.007265782198075262,0.0117232022849508,0.004457420086875537
ADD,Charter Communications Inc - US,16119P108,PUT,59200.0,197.48743718592965,8418832.0,0.007974160783183668,0.011707046544255277,0.0037328857610716085
TRIM,Garrett Motion Inc - US,366505105,,232090.0,-15.219503641955917,8408621.0,0.009232831028693987,0.011692847347470808,0.0024600163187768215
TRIM,Corecivic Inc - US,21871N101,,276540.0,-13.66677385215271,8401285.0,0.01124322717230199,0.011682646063795274,0.00043941889149328416
ADD,Ionq Inc - US,46222L108,PUT,156200.0,168.3848797250859,8319212.0,0.0031144913522282,0.011568517116807538,0.008454025764579338
ADD,Akamai Technologies Inc - US,00971T101,PUT,70300.0,136.7003367003367,8310163.0,0.0063315049559160294,0.011555933772208316,0.005224428816292286
NEW,Texas Roadhouse Inc - US,882681109,CALL,43000.0,,8308890.0,0.0,0.011554163565812601,0.011554163565812601
ADD,Axalta Coating Systems Ltd - US,G0750C108,,242631.0,32.472318679158754,8302833.0,0.0094171698716811,0.011545740832003618,0.0021285709603225175
TRIM,Zurn Elkay Water Solutions Corp - US,98983L108,,164073.0,-47.376743171642275,8290609.0,0.025950426795175906,0.011528742400753657,-0.014421684394422249
ADD,First Trust Capital Strength ETF - US ETP,33733E104,,88245.0,10.318660849345552,8287970.0,0.013772772030337766,0.011525072664164271,-0.002247699366173495
ADD,Buckle Inc/The - US,118440106,,195676.0,17.00240969618694,8257527.0,0.015633203881947753,0.011482739283720669,-0.004150464598227084
ADD,Ingevity Corp - US,45688C107,,110528.0,232.08544902803231,8253126.0,0.004400529078692312,0.011476619347862434,0.007076090269170122
ADD,Victory Capital Holdings Inc - US,92645B103,,97767.0,239.65744858254587,8218294.0,0.0034984787901630116,0.011428182718502268,0.007929703928339256
NEW,Paycom Software Inc - US,70432V102,,65305.0,,8207532.0,0.0,0.011413217312979356,0.011413217312979356
NEW,Nextpower Inc - US,65290E101,,68871.0,,8205291.0,0.0,0.011410101026622094,0.011410101026622094
TRIM,Blue Owl Capital Inc - US,09581B103,PUT,935600.0,-35.36888643271622,8186500.0,0.02453233317716428,0.011383970666542084,-0.013148362510622196
TRIM,Valaris Ltd - US,G9460G101,PUT,112500.0,-66.59738717339667,8167500.0,0.06129074322142128,0.011357549675561287,-0.04993319354585999
ADD,Lowe's Cos Inc - US,548661107,CALL,37000.0,273.73737373737373,8158130.0,0.00434191841817977,0.011344519955272336,0.007002601537092566
ADD,Ball Corp - US,058498106,PUT,130500.0,1491.4634146341464,8143200.0,0.0008996929431134481,0.01132375861867532,0.010424065675561874
ADD,Royal Bank Of Canada - US,780087102,CALL,39300.0,270.7547169811321,8133921.0,0.0031830993847169445,0.011310855441027383,0.008127756056310439
TRIM,Trip.Com Group Ltd - US ADR,89677Q107,PUT,203800.0,-30.93866485936971,8119392.0,0.027272869730806233,0.011290651726397908,-0.015982218004408327
TRIM,Amphenol Corp - US,032095101,CALL,46000.0,-63.05220883534136,8110720.0,0.02919873926374727,0.011278592629882882,-0.017920146633864386
ADD,Nio Inc - US ADR,62914V106,CALL,1602600.0,6.492125722639377,8109156.0,0.01684396989872398,0.011276417765151621,-0.00556755213357236
ADD,Wsfs Financial Corp - US,929328102,,105538.0,238.05695249687687,8097931.0,0.0037932768995689514,0.01126080852179586,0.007467531622226909
ADD,iShares Core Dividend Growth ETF - US ETP,46434V621,,106824.0,64.5293945508032,8096191.0,0.008457815671594187,0.011258388915253409,0.002800573243659222
NEW,Westlake Corp - US,960413102,,110710.0,,8081830.0,0.0,0.011238418817807344,0.011238418817807344
TRIM,Rivian Automotive Inc - US,76954A103,,464476.0,-59.395756659177735,8058659.0,0.031955665864650616,0.011206197724017024,-0.02074946814063359
ADD,Zoetis Inc - US,98978V103,CALL,111900.0,578.1818181818182,8041134.0,0.003620409233487321,0.01118182783628342,0.007561418602796098
TRIM,Royal Bank Of Canada - US,780087102,PUT,38800.0,-16.916488222698074,8030436.0,0.014023654836441635,0.011166951427782758,-0.002856703408658876
ADD,Chipotle Mexican Grill Inc - US,169656105,,235475.0,679.6152827440073,8006150.0,0.0017946080853604382,0.01113317983899541,0.00933857175363497
ADD,Sap Se - US ADR,803054204,PUT,51900.0,30.075187969924812,7998309.0,0.012680066326813367,0.011122276313191175,-0.0015577900136221918
TRIM,Paypal Holdings Inc - US,70450Y103,CALL,185000.0,-47.45810849190571,7988300.0,0.029560523106513248,0.011108358013258187,-0.018452165093255063
TRIM,Weis Markets Inc - US,948849104,,101920.0,-11.394716023194555,7981355.0,0.01460198591404973,0.011098700445765467,-0.003503285468284262
NEW,Regeneron Pharmaceuticals Inc - US,75886F107,CALL,12800.0,,7981312.0,0.0,0.011098640650891143,0.011098640650891143
NEW,Church & Dwight Co Inc - US,171340102,,81869.0,,7931469.0,0.0,0.011029330048077674,0.011029330048077674
TRIM,Bp Plc - US ADR,055622104,,214454.0,-30.775959741379033,7924075.0,0.027026796280586202,0.011019048110850726,-0.016007748169735478
TRIM,Merck & Co Inc - US,58933Y105,PUT,61500.0,-74.34292866082603,7902750.0,0.05352011786885522,0.010989394024920962,-0.04253072384393426
TRIM,Trade Desk Inc/The - US,88339J105,CALL,436800.0,-28.73225648556045,7897344.0,0.025813305395250553,0.01098187655769769,-0.014831428837552863
NEW,Cytokinetics Inc - US,23282W605,,92680.0,,7895409.0,0.0,0.010979185788353066,0.010979185788353066
TRIM,Central Garden & Pet Company - A,153527205,,203455.0,-5.810922794168707,7887950.0,0.012998712604646755,0.010968813463525394,-0.002029899141121361
ADD,Blacksky Technology Inc - US,09263B207,,282481.0,46.875373712479266,7886870.0,0.008981944510235134,0.010967311638774907,0.0019853671285397726
ADD,Snap-On Inc - US,833034101,,19551.0,135.92373597200432,7867322.0,0.005587101678027429,0.010940128610791083,0.005353026932763654
ADD,State Street Materials Select Sector SPDR ETF - US,81369Y100,,154263.0,84.05178070751059,7841188.0,0.007774109397720033,0.010903787232986234,0.0031296778352662017
ADD,Alliant Energy Corp - US,018802108,,102588.0,1560.2686518854182,7826439.0,0.0008230383811934311,0.01088327759109277,0.01006023920989934
ADD,Marriott International Inc/Md - US,571903202,CALL,21100.0,137.07865168539325,7819449.0,0.00540318975586366,0.010873557447568783,0.005470367691705123
ADD,Super Group Sghc Ltd - US,G8588X103,,575767.0,975.8782420210778,7801643.0,0.0010728204740440702,0.010848796807284358,0.009775976333240288
ADD,United Bankshares Inc/Wv - US,909907107,,170195.0,130.54468119691697,7800037.0,0.005675724872420998,0.010846563538257243,0.005170838665836244
NEW,Valvoline Inc - US,92047W101,,197110.0,,7793729.0,0.0,0.010837791769251618,0.010837791769251618
NEW,Conocophillips - US,20825C104,,74962.0,,7793050.0,0.0,0.010836847566468672,0.010836847566468672
ADD,Zoom Communications Inc - US,98980L101,PUT,90100.0,39.473684210526315,7776531.0,0.009639489818525816,0.01081387660067858,0.001174386782152764
TRIM,One Gas Inc - US,68235P108,,100785.0,-22.23319624379818,7767500.0,0.0207193251108469,0.010801318286491864,-0.009918006824355037
TRIM,Chart Industries Inc - US,16115Q308,,37163.0,-24.517609781858066,7764837.0,0.018894272002249614,0.010797615176019133,-0.00809665682623048
TRIM,Anheuser-Busch Inbev Sa/Nv - US ADR,03524A108,,94178.0,-62.92423675767179,7760267.0,0.032707742580294435,0.010791260232399015,-0.021916482347895422
NEW,Markel Group Inc - US,570535104,,3971.0,,7755403.0,0.0,0.010784496458707932,0.010784496458707932
TRIM,Carnival Corp Ltd - US,G2004J103,PUT,271300.0,-49.82430183095987,7751041.0,0.02597407820878912,0.010778430755410129,-0.01519564745337899
NEW,Ubiquiti Inc - US,90353W103,,14509.0,,7748241.0,0.0,0.010774537135686643,0.010774537135686643
ADD,Flutter Entertainment PLC - US,G3643J108,PUT,75700.0,48.431372549019606,7734269.0,0.009651102064920751,0.01075510797326645,0.001104005908345699
TRIM,Brookdale Senior Living Inc - US,112463104,,480265.0,-70.62047736180432,7727464.0,0.04150895480041097,0.010745645086759906,-0.03076330971365106
KEEP,Gorman-Rupp Co/The - US,383082104,PUT,84000.0,0.0,7706160.0,0.009687241840705497,0.010716020202978068,0.0010287783622725706
ADD,Viking Therapeutics Inc - US,92686J106,,197331.0,178.7594117730156,7697882.0,0.00427565659404192,0.010704508994381277,0.006428852400339357
ADD,National Health Investors Inc - US REIT,63633D104,,100628.0,283.60780725831046,7673891.0,0.003937175203520507,0.010671147626243365,0.006733972422722858
TRIM,Warner Music Group Corp - US,934550203,,283288.0,-16.00781548806774,7668606.0,0.01598930967776327,0.010663798419015285,-0.005325511258747985
ADD,Alcoa Corp - US,013872106,PUT,147000.0,13.076923076923078,7664580.0,0.01600563290263492,0.010658199950084301,-0.005347432952550619
ADD,Geo Group Inc/The - US REIT,36162J106,,259360.0,273.29802239557847,7664088.0,0.0021678760982743496,0.010657515785475746,0.008489639687201397
NEW,Allison Transmission Holdings Inc - US,01973R101,,67958.0,,7661585.0,0.0,0.010654035167558645,0.010654035167558645
TRIM,Extreme Networks Inc - US,30226D106,,236679.0,-25.335735083961374,7661299.0,0.008872944199325645,0.01065363746211546,0.001780693262789814
NEW,Cullen/Frost Bankers Inc - US,229899109,,49545.0,,7655693.0,0.0,0.010645841879197652,0.010645841879197652
ADD,Toast Inc - US,888787108,CALL,274800.0,119.31364724660813,7644936.0,0.0061656703463546046,0.010630883426567102,0.004465213080212497
ADD,Udr Inc - US REIT,902653104,,191129.0,2.649910040548887,7629870.0,0.01167473832258487,0.010609932971297802,-0.0010648053512870691
TRIM,Star Bulk Carriers Corp - US,Y8162K204,,305490.0,-58.43730017278676,7628085.0,0.031338178722831976,0.01060745078872408,-0.020730727934107896
ADD,Medtronic Plc - US,G5960L103,CALL,97500.0,293.1451612903226,7627425.0,0.00398877693782025,0.010606533006932116,0.006617756069111866
ADD,Four Corners Property Trust Inc - US REIT,35086T109,,309151.0,9.663791024022022,7589657.0,0.012375365510483358,0.01055401363917618,-0.001821351871307178
NEW,Versant Media Group Inc - US,925283103,,210665.0,,7586047.0,0.0,0.010548993650889828,0.010548993650889828
NEW,Kroger Co/The - US,501044101,,136494.0,,7579512.0,0.0,0.010539906220570907,0.010539906220570907
TRIM,Bank Of New York Mellon Corp/The - US,064058100,,52377.0,-69.34113019351666,7574238.0,0.03761824343189014,0.010532572309706027,-0.02708567112218411
TRIM,American Airlines Group Inc - US,02376R102,PUT,418300.0,-1.9915651358950328,7558681.0,0.008508405789160357,0.010510939080406645,0.0020025332912462883
ADD,Inspire Medical Systems Inc - US,457730109,,169095.0,1.1224868136205433,7543328.0,0.016009723917829045,0.010489589529115688,-0.005520134388713358
ADD,On Semiconductor Corp - US,682189105,CALL,79700.0,537.6,7534838.0,0.0014366813794244894,0.010477783517882689,0.0090411021384582
NEW,Ies Holdings Inc - US,44951W106,,10250.0,,7530265.0,0.0,0.010471424402527152,0.010471424402527152
TRIM,Adtran Holdings Inc - US,00486H105,,541455.0,-17.327920139615202,7526224.0,0.015293386043631528,0.010465805074919078,-0.00482758096871245
ADD,Enerpac Tool Group Corp - US,292765104,,209871.0,105.71151320303464,7525974.0,0.0069063575569026266,0.01046545743030091,0.003559099873398284
NEW,Astrazeneca Plc - US,G0593M107,,39644.0,,7517295.0,0.0,0.010453388599736576,0.010453388599736576
ADD,Aeva Technologies Inc - US,00835Q202,,261470.0,1.4723916856827954,7509418.0,0.006294327576912808,0.010442435013107326,0.004148107436194518
ADD,Oklo Inc - US,02156V109,PUT,143500.0,152.64084507042253,7509355.0,0.005228317418089809,0.01044234740666355,0.0052140299885737405
TRIM,Live Nation Entertainment Inc - US,538034109,,41000.0,-19.607843137254903,7507510.0,0.014437367100746088,0.010439781789381465,-0.003997585311364623
ADD,Klarna Group PLC - US,G5279N105,,370909.0,733.9343930570857,7507198.0,0.001080673961016092,0.010439347928897991,0.0093586739678819
NEW,Flowserve Corp - US,34354P105,,101114.0,,7498614.0,0.0,0.01042741120328856,0.01042741120328856
ADD,Tmc The Metals Co Inc - US,87261Y106,,1691752.0,3.80355916780538,7494461.0,0.014127353904431695,0.010421636130891547,-0.0037057177735401476
NEW,Patriot Acquisition Corp - US Unit,G6951A122,,750000.0,,7492500.0,0.0,0.010418909206506635,0.010418909206506635
ADD,Stmicroelectronics Nv - US NY Reg Shrs,861012102,PUT,99800.0,68.8663282571912,7474022.0,0.0037901381034286326,0.010393214097488572,0.00660307599405994
ADD,GeneDx Holdings Corp - US,81663L200,,108839.0,224.50506857483603,7471797.0,0.003998093092656595,0.010390120060386874,0.006392026967730278
NEW,Workday Inc - US,98138H101,,60933.0,,7459418.0,0.0,0.010372906089473648,0.010372906089473648
ADD,Mp Materials Corp - US,553368101,CALL,131800.0,862.0437956204379,7382118.0,0.0012272340234923181,0.010265414373535984,0.009038180350043666
ADD,Thor Industries Inc - US,885160101,,98182.0,18.747959023233875,7379359.0,0.012260766968255593,0.010261577767529876,-0.0019991892007257175
ADD,First Horizon Corp - US,320517105,PUT,287400.0,2.7529495888451914,7368936.0,0.011816373946172706,0.0102470837681092,-0.0015692901780635059
ADD,Okta Inc - US,679295105,PUT,54000.0,20.535714285714285,7368300.0,0.006545267924518952,0.01024619936020058,0.003700931435681628
TRIM,Borr Drilling Ltd - US,G1466R173,,1778781.0,-21.528637412376092,7346366.0,0.02427764706337767,0.010215698411980957,-0.014061948651396714
ADD,Bio-Rad Laboratories Inc - US,090572207,,25000.0,384.402247626429,7340250.0,0.0026703507702843326,0.010207193634042086,0.007536842863757753
ADD,Amkor Technology Inc - US,031652100,PUT,84900.0,477.5510204081633,7320927.0,0.0012286799857592066,0.010180323486214615,0.008951643500455408
TRIM,Atlassian Corp - US,049468101,CALL,93800.0,-63.24451410658307,7296702.0,0.03232978586303372,0.010146636722714097,-0.022183149140319623
NEW,Weyerhaeuser Co - US REIT,962166104,,304508.0,,7289922.0,0.0,0.010137208600669372,0.010137208600669372
ADD,Ares Management Corp - US,03990B101,CALL,65400.0,255.43478260869566,7279674.0,0.0037261649461394013,0.010122957952481413,0.0063967930063420116
NEW,Ferrovial NV - US,N3168P101,,105215.0,,7218801.0,0.0,0.010038309269114356,0.010038309269114356
NEW,Madison Air Solutions Corp - US,55658T105,,185056.0,,7217184.0,0.0,0.010036060703724042,0.010036060703724042
TRIM,Qorvo Inc - US,74736K101,CALL,77300.0,-1.653944020356234,7209771.0,0.011292315642276486,0.010025752345506112,-0.001266563296770374
TRIM,Union Pacific Corp - US,907818108,PUT,26500.0,-53.91304347826087,7208000.0,0.025894882539881463,0.010023289631031008,-0.015871592908850457
NEW,Columbia Banking System Inc - US,197236102,,224635.0,,7199552.0,0.0,0.010011542024093862,0.010011542024093862
TRIM,Bitdeer Technologies Group - US,G11448100,,452281.0,-60.92054431855198,7177699.0,0.01858212791417349,0.009981153712730527,-0.008600974201442964
NEW,Electronic Arts Inc - US,285512109,CALL,35000.0,,7176400.0,0.0,0.009979347351294524,0.009979347351294524
ADD,Rivian Automotive Inc - US,76954A103,CALL,413500.0,596.1279461279461,7174225.0,0.001659366993235285,0.009976322843116458,0.008316955849881173
TRIM,Taylor Morrison Home Corp - US,87724P106,,100000.0,-47.000211999152,7174000.0,0.02039702030717521,0.009976009962960107,-0.010421010344215104
NEW,Arxis Inc - US,04339D105,,154434.0,,7125585.0,0.0,0.009908685106205616,0.009908685106205616
TRIM,Western Alliance Bancorp - US,957638109,,86661.0,-77.77985749119897,7123534.0,0.05129041435447332,0.009905833029758162,-0.041384581324715154
NEW,Honeywell International Inc - US,438516205,CALL,31800.0,,7120020.0,0.0,0.00990094653700519,0.00990094653700519
NEW,Haleon PLC - US ADR,405552100,,762877.0,,7117642.0,0.0,0.00989763974139717,0.00989763974139717
ADD,Zim Integrated Shipping Services Ltd - US,M9T951109,,273755.0,69.23842553954388,7117630.0,0.007911579759014034,0.009897623054455499,0.0019860432954414645
ADD,Blackrock Funding Inc/De - US,09290D101,CALL,7400.0,572.7272727272727,7115544.0,0.001963614902257052,0.009894722307761502,0.00793110740550445
ADD,Deere & Co - US,244199105,CALL,11200.0,348.0,7104496.0,0.002613961954230668,0.009879359196795404,0.0072653972425647355
ADD,Chipotle Mexican Grill Inc - US,169656105,CALL,208700.0,8.471933471933472,7095800.0,0.011431684873145618,0.009867266726397034,-0.0015644181467485835
ADD,Black Hills Corp - US,092113109,,95184.0,7.918367346938776,7081690.0,0.011363448076155434,0.00984764566414761,-0.0015158024120078238
TRIM,Lockheed Martin Corp - US,539830109,PUT,13900.0,-49.45454545454545,7081494.0,0.030851015658960073,0.009847373110766968,-0.021003642548193105
TRIM,Thermo Fisher Scientific Inc - US,883556102,PUT,14100.0,-39.743589743589745,7069176.0,0.021349385999001744,0.009830243965140574,-0.01151914203386117
TRIM,Metropolitan Bank Holding Corp - US,591774104,,71487.0,-22.462769938284328,7060056.0,0.014253750310803674,0.009817561889469792,-0.004436188421333882
NEW,Procore Technologies Inc - US,74275K108,,173787.0,,7059228.0,0.0,0.009816410490494417,0.009816410490494417
NEW,New Linde Plc - US,G54950103,CALL,13600.0,,7057584.0,0.0,0.009814124379485343,0.009814124379485343
ADD,Cipher Digital Inc - US,17253J106,,287578.0,63.335340156532205,7045661.0,0.004206040657174588,0.009797544512355656,0.005591503855181069
ADD,Geo Group Inc/The - US REIT,36162J106,PUT,238100.0,608.6309523809524,7035855.0,0.0010483987467713467,0.009783908499852619,0.008735509753081272
TRIM,Astec Industries Inc - US,046224101,,114318.0,-25.132618177531533,6995118.0,0.015259718696267185,0.009727260504611316,-0.005532458191655869
ADD,Post Holdings Inc - US,737446104,,79111.0,36.19867435654644,6982337.0,0.010658696461867952,0.009709487521152074,-0.0009492089407158785
TRIM,International Seaways Inc - US,Y41053102,,91063.0,-46.384329149101525,6974515.0,0.022976193782835885,0.009698610416338823,-0.013277583366497063
ADD,Bloom Energy Corp - US,093712107,PUT,23000.0,360.0,6962100.0,0.0012574674424949874,0.009681346384600581,0.008423878942105594
NEW,Quantum Leap Acquisition Corp - US,G73167101,,700000.0,,6951000.0,0.0,0.009665910963553903,0.009665910963553903
TRIM,Cheniere Energy Inc - US,16411R208,CALL,29000.0,-19.88950276243094,6931290.0,0.019066863097884818,0.009638502661857508,-0.00942836043602731
NEW,Copt Defense Properties - US REIT,22002T108,,190257.0,,6923452.0,0.0,0.009627603307788692,0.009627603307788692
NEW,Fti Consulting Inc - US,302941109,,46327.0,,6903186.0,0.0,0.00959942184446149,0.00959942184446149
KEEP,Pattern Group Inc - US,70339W104,,273282.0,-0.16293546878653262,6883974.0,0.006315530692413023,0.009572706050844485,0.0032571753584314618
NEW,United Therapeutics Corp - US,91307C102,,12667.0,,6863361.0,0.0,0.009544042056787265,0.009544042056787265
ADD,Cbiz Inc - US,124805102,,213627.0,36.24518482614352,6853154.0,0.00781445712788095,0.009529848422316686,0.0017153912944357363
TRIM,Fedex Corp - US,31428X106,,21843.0,-79.37393767705383,6839699.0,0.07001401640479277,0.009511138188966864,-0.0605028782158259
NEW,Ferguson Enterprises INC - US,31488V107,,28808.0,,6837003.0,0.0,0.009507389189404535,0.009507389189404535
ADD,Alpha & Omega Semiconductor Ltd - US,G6331P104,,144312.0,107.4938892882818,6830287.0,0.0028607927248677605,0.00949805006438206,0.006637257339514299
TRIM,State Street SPDR S&P Bank ETF - US ETP,78464A797,PUT,100000.0,-20.0,6822000.0,0.013816921212003931,0.009486526340579015,-0.004330394871424916
TRIM,Cubesmart - US REIT,229663109,,171505.0,-73.7952667839097,6820754.0,0.044523626495609044,0.009484793679802064,-0.03503883281580698
TRIM,Intuit Inc - US,461202103,CALL,26100.0,-26.89075630252101,6812100.0,0.028651892668771987,0.009472759613699547,-0.01917913305507244
ADD,Dominion Energy Inc - US,25746U109,CALL,99000.0,134.04255319148936,6760710.0,0.004853878157177942,0.009401297785988853,0.004547419628810911
NEW,Ishares Latin America 40 Etf - US ETP,464287390,,200000.0,,6750000.0,0.0,0.009386404690546519,0.009386404690546519
NEW,HA Sustainable Infrastructure Capital Inc - US REI,41068X100,,171900.0,,6712695.0,0.0,0.00933452916062343,0.00933452916062343
TRIM,Sea Ltd - US ADR,81141R100,,70000.0,-2.635788302385423,6708100.0,0.01105098472555055,0.009328139452541497,-0.0017228452730090535
NEW,Septerna Inc - US,81734D104,CALL,200000.0,,6698000.0,0.0,0.009314094609967493,0.009314094609967493
ADD,Trip.Com Group Ltd - US ADR,89677Q107,,167727.0,8.447453155914188,6682244.0,0.014293719380756058,0.009292184655552049,-0.00500153472520401
ADD,Postal Realty Trust Inc - US REIT,73757R102,,270626.0,374.5576656671401,6668225.0,0.001964617238103162,0.009272690135943638,0.007308072897840476
ADD,Pfizer Inc - US,717081103,CALL,276600.0,1.0595542564852027,6660528.0,0.014265644696177514,0.00926198685343947,-0.005003657842738044
ADD,Molina Healthcare Inc - US,60855R100,PUT,29100.0,54.78723404255319,6655170.0,0.004651655044047735,0.009254536133982885,0.004602881089935149
ADD,Landbridge Co LLC - US,514952100,,83955.0,107.85056446821153,6652594.0,0.005177005247478943,0.009250954003837278,0.004073948756358335
TRIM,Schrodinger Inc/United States - US,80810D103,,409086.0,-25.69368256620772,6647648.0,0.011608782767733332,0.009244076202711435,-0.0023647065650218967
TRIM,Coca-Cola Co/The - US,191216100,PUT,81600.0,-83.7158251845939,6631632.0,0.07073642769174672,0.009221804697893094,-0.06151462299385363
KEEP,Archimedes Tech SPAC Partners III Co - US Unit,G0453R121,,650000.0,0.0,6623500.0,0.012065153703177236,0.009210496513753315,-0.002854657189423921
ADD,Southwest Airlines Co - US,844741108,CALL,128600.0,7.166666666666667,6612612.0,0.008368390608523731,0.009195355895342842,0.0008269652868191108
KEEP,Grindr Inc - US,39854F101,,460000.0,0.0,6610200.0,0.010322945508438442,0.009192001820066756,-0.0011309436883716866
ADD,Packaging Corp Of America - US,695156109,,27709.0,254.15388548057257,6602501.0,0.0030820138146367398,0.009181295756405642,0.006099281941768902
NEW,Siteone Landscape Supply Inc - US,82982L103,,57468.0,,6574914.0,0.0,0.009142933868079996,0.009142933868079996
ADD,Nucor Corp - US,670346105,CALL,29500.0,1743.75,6571125.0,0.0005022073824510205,0.009137664966247036,0.008635457583796016
NEW,Epr Properties - US REIT,26884U109,,113185.0,,6565862.0,0.0,0.009130346351745354,0.009130346351745354
ADD,Kyndryl Holdings Inc - US,50155Q100,,580197.0,10.27971124128991,6562028.0,0.01281248046061699,0.009125014873881124,-0.0036874655867358656
ADD,ATI Inc - US,01741R102,CALL,33200.0,29.18287937743191,6543720.0,0.006938989157225989,0.009099556163203416,0.0021605670059774273
TRIM,Goodyear Tire & Rubber Co/The - US,382550101,,988211.0,-26.359359642069634,6522193.0,0.016514489112865138,0.009069621180422174,-0.007444867932442964
ADD,Neumora Therapeutics Inc - US,640979100,CALL,3835200.0,590.7780979827089,6519840.0,0.0020095720008012,0.009066349149275971,0.007056777148474771
KEEP,Legato Merger Corp IV - US Unit,G7318R121,,650000.0,0.0,6519500.0,0.012041023395770881,0.009065876352595263,-0.0029751470431756185
TRIM,Tjx Cos Inc/The - US,872540109,,42952.0,-93.91035092892952,6507228.0,0.20908146993714616,0.009048811173578614,-0.20003265876356754
TRIM,Diamondback Energy Inc - US,25278X109,CALL,37000.0,-9.090909090909092,6503860.0,0.014942327194418927,0.009044127705282649,-0.005898199489136278
TRIM,Fidelity National Financial Inc - US,31620R303,,137715.0,-37.632465626868104,6494639.0,0.019009598166054555,0.009031305181186125,-0.00997829298486843
TRIM,Hewlett Packard Enterprise Co - US,42824C109,PUT,143500.0,-2.380952380952381,6473285.0,0.006496751157212238,0.009001610768480654,0.002504859611268416
TRIM,Hubspot Inc - US,443573100,PUT,35400.0,-16.113744075829384,6460854.0,0.01912052147684658,0.00898432448748685,-0.010136196989359731
NEW,Hallador Energy Co - US,40609P105,,370838.0,,6448873.0,0.0,0.008967663966805749,0.008967663966805749
TRIM,Essential Utilities Inc - US,29670G102,,168187.0,-87.86437644987535,6443244.0,0.1035932510235526,0.008959836400583067,-0.09463341462296954
ADD,Cdw Corp/De - US,12514G108,CALL,45800.0,6.2645011600928076,6441312.0,0.009681751267681806,0.008957149802973862,-0.0007246014647079441
TRIM,Amphenol Corp - US,032095101,PUT,36500.0,-60.962566844919785,6435680.0,0.021928370451087306,0.008949318065015765,-0.01297905238607154
ADD,Toll Brothers Inc - US,889478103,PUT,39000.0,71.05263157894737,6425250.0,0.0057755259676761875,0.008934814331545781,0.003159288363869594
ADD,Airbnb Inc - US,009066101,CALL,44900.0,259.2,6425190.0,0.002929976172379272,0.00893473089683742,0.006004754724458149
TRIM,Conocophillips - US,20825C104,PUT,61800.0,-81.08356290174473,6424728.0,0.08004654067035329,0.008934088449583044,-0.07111245222077024
TRIM,Hilton Grand Vacations Inc - US,43283X105,,122515.0,-46.3171501183069,6416111.0,0.016571889545652377,0.008922105834884017,-0.007649783710768359
ADD,Expedia Group Inc - US,30212P303,CALL,25000.0,233.33333333333334,6397000.0,0.0032142961598383758,0.008895530489692752,0.005681234329854377
TRIM,Eaton Corp Plc - US,G29183103,CALL,15000.0,-11.242603550295858,6391800.0,0.011219893165040044,0.00888829948163485,-0.0023315936834051934
NEW,Kimco Realty Corp - US REIT,49446R109,,251826.0,,6383789.0,0.0,0.008877159557490261,0.008877159557490261
ADD,Stratasys Ltd - US,M85548101,,745713.0,255.71970329382023,6383303.0,0.0030390247439035733,0.008876483736352542,0.005837458992448969
TRIM,Southwest Airlines Co - US,844741108,,124034.0,-36.29350371861774,6377828.0,0.013577435335705833,0.008868870319214656,-0.004708565016491178
ADD,Lennar Corp - US,526057104,CALL,70400.0,5.864661654135339,6370496.0,0.010719165156050783,0.008858674597853012,-0.0018604905581977704
NEW,Mayville Engineering Co Inc - US,578605107,,169848.0,,6362506.0,0.0,0.00884756387585635,0.00884756387585635
NEW,Shake Shack Inc - US,819047101,,113552.0,,6361183.0,0.0,0.008845724140537003,0.008845724140537003
KEEP,abrdn Gold ETF Trust - US ETP,00326A104,,166110.0,0.3673671617261423,6350385.0,0.013707312074876804,0.008830708674189076,-0.004876603400687728
ADD,Ofg Bancorp - US,67103X102,,129359.0,126.52832501532265,6347646.0,0.004288638699426538,0.008826899879752421,0.004538261180325883
ADD,Zscaler Inc - US,98980G102,CALL,44900.0,3.935185185185185,6337635.0,0.011249415668062973,0.008812978798662486,-0.0024364368694004875
TRIM,Brown & Brown Inc - US,115236101,,98596.0,-32.61203873939758,6324933.0,0.01770967808812182,0.008795315670902587,-0.008914362417219232
NEW,Apa Corp - US,03743Q108,,193820.0,,6312717.0,0.0,0.008778328364280406,0.008778328364280406
ADD,Ultra Clean Holdings Inc - US,90385V107,,44249.0,17.780616998056907,6309465.0,0.00433610487027233,0.008773806203087273,0.004437701332814943
NEW,Phillips Edison & Co Inc - US REIT,71844V201,,151562.0,,6308010.0,0.0,0.008771782911409532,0.008771782911409532
NEW,Elanco Animal Health Inc - US,28414H103,,256108.0,,6302818.0,0.0,0.008764563027979412,0.008764563027979412
NEW,FLEX LNG Ltd - US,G35947202,,224031.0,,6286310.0,0.0,0.008741607358552516,0.008741607358552516
ADD,Xtrackers Harvest Csi 300 China A-Shares Etf - US,233051879,CALL,171300.0,37.479935794542534,6279858.0,0.00754896991726376,0.008732635346246825,0.0011836654289830656
TRIM,Wheaton Precious Metals Corp - US,962879102,PUT,55900.0,-30.816831683168317,6278688.0,0.019648767317166548,0.0087310083694338,-0.010917758947732748
TRIM,Lifeway Foods Inc - US,531914109,,209953.0,-21.1882221337998,6264998.0,0.00956328073920407,0.008711971350142898,-0.0008513093890611719
ADD,Carnival Corp Ltd - US,G2004J103,CALL,219100.0,327.0955165692008,6259687.0,0.0024643429112463132,0.008704585987874528,0.0062402430766282145
ADD,Valero Energy Corp - US,91913Y100,CALL,24000.0,47.239263803680984,6250560.0,0.007475576659198587,0.008691894178154436,0.0012163175189558494
TRIM,Reddit Inc - US,75734B100,PUT,35900.0,-54.441624365482234,6231522.0,0.019694822793117815,0.008665420345191677,-0.011029402447926138
TRIM,Wolfspeed Inc/DE - US,97785W106,,128975.0,-40.84611045117023,6223044.0,0.006604834516440285,0.008653631020900351,0.002048796504460066
TRIM,Digitalocean Holdings Inc - US,25402D102,PUT,39600.0,-57.917109458023376,6218388.0,0.014982875391749065,0.008647156487531582,-0.006335718904217483
ADD,Triumph Financial Inc - US,89679E300,,81443.0,101.06900382668806,6214915.0,0.004485504884312536,0.008642327008495987,0.004156822124183451
NEW,Zimmer Biomet Holdings Inc - US,98956P102,,71996.0,,6198136.0,0.0,0.008618994492302998,0.008618994492302998
ADD,Coherent Corp - US,19247G107,CALL,15700.0,157.37704918032787,6193179.0,0.0026971762474102276,0.008612101394813956,0.005914925147403729
ADD,Enphase Energy Inc - US,29355A107,CALL,125600.0,38.78453038674033,6184544.0,0.00635147742573852,0.00860009374970242,0.0022486163239638993
TRIM,Madrigal Pharmaceuticals Inc - US,558868105,,11509.0,-1.0404127257093725,6179758.0,0.011300326904335394,0.008593438441132204,-0.0027068884632031904
ADD,Nextdoor Holdings Inc - US,65345M108,,2721518.0,6.159015518656402,6177846.0,0.006661958378781098,0.00859077965509245,0.001928821276311353
ADD,Pra Group Inc - US,69354N106,,324160.0,54.53336320774955,6155798.0,0.006813884650388998,0.008560120180926944,0.0017462355305379465
NEW,Dpc Holdings Ltd - US,G2R11M108,,125293.0,,6146875.0,0.0,0.008547712049215278,0.008547712049215278
ADD,Philip Morris International Inc - US,718172109,CALL,33900.0,76.5625,6132849.0,0.005892487423852281,0.008528207795557559,0.002635720371705278
NEW,Unum Group - US,91529Y106,,68542.0,,6127655.0,0.0,0.008520985130970493,0.008520985130970493
NEW,Zscaler Inc - US,98980G102,,43358.0,,6119982.0,0.0,0.008510315222349667,0.008510315222349667
ADD,Wayfair Inc - US,94419L101,,65662.0,22.00523978520597,6068482.0,0.0075132997543846895,0.00843870043100698,0.000925400676622291
TRIM,Thredup Inc - US,88556E102,,885805.0,-6.961661026419883,6067764.0,0.0057965490339596006,0.0084377019956636,0.002641152961704
ADD,Ishares Russell Mid-Cap Etf - US ETP,464287499,,54868.0,397.21794290892615,6053038.0,0.0019915540858786245,0.00841722433707501,0.0064256702511963845
ADD,Akamai Technologies Inc - US,00971T101,CALL,51200.0,361.26126126126127,6052352.0,0.0023663200340292233,0.008416270400242756,0.006049950366213532
NEW,Lindsay Corp - US,535555106,,48782.0,,6039212.0,0.0,0.008397998199111825,0.008397998199111825
NEW,Stride Inc - US,86333M108,,69883.0,,6026710.0,0.0,0.00838061318704646,0.00838061318704646
ADD,G-Iii Apparel Group Ltd - US,36237H101,,178324.0,74.09352728692767,6011302.0,0.0052665528182639235,0.008359187153939506,0.0030926343356755823
NEW,Casey's General Stores Inc - US,147528103,,7553.0,,6003049.0,0.0,0.008347710709804532,0.008347710709804532
NEW,Dutch Bros Inc - US,26701L100,,83324.0,,5983496.0,0.0,0.008320520728928344,0.008320520728928344
NEW,POET Technologies Inc - US,73044W302,CALL,580700.0,,5969596.0,0.0,0.008301191688158183,0.008301191688158183
NEW,Bj's Wholesale Club Holdings Inc - US,05550J101,,68426.0,,5968116.0,0.0,0.008299133632018627,0.008299133632018627
TRIM,Avantis US Large Cap Value ETF - US ETP,025072349,,65370.0,-65.06426529139834,5962398.0,0.027997356224197127,0.008291182304311879,-0.01970617391988525
NEW,Fluence Energy Inc - US,34379V103,CALL,299600.0,,5956048.0,0.0,0.008282352131010402,0.008282352131010402
ADD,Xpeng Inc - US ADR,98422D105,CALL,449800.0,102.3391812865497,5955352.0,0.0070600694712585985,0.008281384288393421,0.0012213148171348227
TRIM,Zevra Therapeutics Inc - US,488445206,,415058.0,-6.33049655953727,5951932.0,0.00766559726149115,0.008276628510016877,0.0006110312485257275
ADD,Microchip Technology Inc - US,595017104,CALL,65200.0,658.1395348837209,5946240.0,0.0010313775991624028,0.008268713337350419,0.007237335738188016
ADD,Invesco Solar Etf - US ETP,46138G706,PUT,100000.0,100.0,5915000.0,0.005170382406184644,0.008225271665864098,0.003054889259679453
NEW,Hexcel Corp - US,428291108,,59015.0,,5905041.0,0.0,0.008211422894854742,0.008211422894854742
ADD,Venture Global Inc - US,92333F101,PUT,530000.0,27.98840859695726,5898900.0,0.012113815252328389,0.008202883352454053,-0.003910931899874336
TRIM,General Mills Inc - US,370334104,PUT,169500.0,-43.17800871605766,5898600.0,0.020608630109886488,0.008202466178912252,-0.012406163930974237
TRIM,Cleveland-Cliffs Inc - US,185899101,,627232.0,-82.8515170793949,5889708.0,0.05736918960768015,0.008190101155133238,-0.04917908845254691
TRIM,Textron Inc - US,883203101,PUT,64200.0,-3.313253012048193,5889066.0,0.010791786244278954,0.008189208403753782,-0.002602577840525172
TRIM,Figs Inc - US,30260D103,,573087.0,-15.641739371074367,5862680.0,0.018624857120057667,0.008152516600173817,-0.01047234051988385
ADD,Helix Energy Solutions Group Inc - US,42330P107,,670247.0,167.6277751157962,5857959.0,0.004597476935387991,0.008145951679204325,0.0035484747438163343
ADD,BitMine Immersion Technologies Inc - US,09175A206,PUT,440000.0,4.562737642585551,5856400.0,0.015449752291802198,0.008143783767365426,-0.007305968524436771
NEW,Wesco International Inc - US,95082P105,,16929.0,,5847784.0,0.0,0.008131802543244871,0.008131802543244871
ADD,Etoro Group Ltd - US,G32089107,PUT,148000.0,112.64367816091954,5841560.0,0.0038795743035640465,0.008123147582830951,0.004243573279266904
TRIM,First Financial Bankshares Inc - US,32020R109,,168635.0,-66.80478730733647,5834771.0,0.027770076571091658,0.00811370694557997,-0.019656369625511688
ADD,Arista Networks Inc - US,040413205,CALL,34200.0,533.3333333333333,5809896.0,0.0012306679518539916,0.008079116306072215,0.006848448354218223
TRIM,Rio Tinto Plc - US ADR,767204100,PUT,61200.0,-44.05850091407678,5809716.0,0.01894401013434659,0.008078866001947134,-0.010865144132399456
ADD,Lkq Corp - US,501889208,,220339.0,257.5596773931811,5801526.0,0.0033594362465326115,0.008067477164255937,0.004708040917723325
TRIM,Unilever Plc - US ADR,904767803,PUT,96300.0,-42.1968787515006,5789556.0,0.017617355531985106,0.008050831939938035,-0.009566523592047071
ADD,Main Street Capital Corp - US,56035L104,,111577.0,52.99191005073358,5788615.0,0.007169249831384887,0.00804952340559525,0.0008802735742103624
ADD,Flex Ltd - US,Y2573F102,PUT,35700.0,25.263157894736842,5785899.0,0.0034629032923360744,0.00804574659446347,0.004582843302127395
ADD,Onterris Inc - US,615111101,,285428.0,69.22173936242744,5768500.0,0.006853393388323172,0.00802155191961742,0.001168158531294248
TRIM,Cno Financial Group Inc - US,12621E103,,112926.0,-74.8692567552531,5756967.0,0.03424735642640447,0.008005514378092077,-0.02624184204831239
NEW,Bridgebio Pharma Inc - US,10806X102,,77170.0,,5747622.0,0.0,0.007992519422264944,0.007992519422264944
ADD,Blackstone Inc - US,09260D107,PUT,48800.0,50.153846153846146,5742296.0,0.006936860121641752,0.007985113201319482,0.0010482530796777304
TRIM,Aris Mining Corp - US,04040Y109,,384920.0,-1.6874953706896332,5739157.0,0.013495628025065815,0.007980748175493761,-0.005514879849572054
ADD,Hut 8 Corp - US,44812J104,PUT,49700.0,41.19318181818182,5737625.0,0.0030649796737853463,0.007978617809273624,0.004913638135488278
TRIM,Sunrun Inc - US,86771W105,,427676.0,-47.01347100444656,5722305.0,0.020315550820838878,0.007957314147072266,-0.012358236673766612
ADD,Comcast Corp - US,20030N101,CALL,232900.0,54.34062292909212,5717695.0,0.008041590142964485,0.00795090358031324,-9.068656265124458e-05
TRIM,Goosehead Insurance Inc - US,38267D109,,117736.0,-55.54380824359227,5710196.0,0.02097091512057552,0.007940475632346662,-0.01303043948822886
ADD,Hilltop Holdings Inc - US,432748101,,147173.0,145.34149065630885,5707369.0,0.00398843168880659,0.007936544467004415,0.003948112778197825
ADD,Charles Schwab Corp/The - US,808513105,CALL,61800.0,808.8235294117646,5702286.0,0.0011862162132565011,0.007929476156627814,0.006743259943371313
NEW,Clean Harbors Inc - US,184496107,,19061.0,,5694474.0,0.0,0.007918612957599288,0.007918612957599288
ADD,Kura Sushi Usa Inc - US,501270102,,98899.0,1506.5464587394413,5692626.0,0.0007974639676976809,0.007916043168581788,0.007118579200884108
ADD,Conagra Brands Inc - US,205887102,,422428.0,73.31161611395797,5685881.0,0.007112086989316726,0.007906663716783604,0.0007945767274668784
TRIM,American Express Co - US,025816109,CALL,16800.0,-62.5,5682600.0,0.025153254247344593,0.007902101228814762,-0.01725115301852983
ADD,Nucor Corp - US,670346105,PUT,25500.0,56.44171779141104,5680125.0,0.00511623770871977,0.007898659547094894,0.002782421838375124
TRIM,First Majestic Silver Corp - US,32076V103,PUT,334900.0,-15.236648949633006,5679904.0,0.015752910624635692,0.007898352229252434,-0.007854558395383258
NEW,Cohu Inc - US,192576106,,76802.0,,5676436.0,0.0,0.007893529703109203,0.007893529703109203
TRIM,SPDR Gold MiniShares Trust - US ETP,98149E303,,71374.0,-26.110812041906495,5668523.0,0.016619253626736066,0.007882526055654936,-0.00873672757108113
TRIM,Herc Holdings Inc - US,42704L104,,39467.0,-65.94443006299076,5657200.0,0.02141443945159178,0.007866780535608854,-0.013547658915982927
ADD,Wayfair Inc - US,94419L101,CALL,61100.0,388.8,5646862.0,0.0017450388654153075,0.007852404735358354,0.0061073658699430464
TRIM,Interdigital Inc - US,45867G101,,19938.0,-29.98068481123793,5645046.0,0.01596210554042884,0.007849879444851979,-0.008112226095576863
TRIM,News Corp/new-cl A,65249B109,,226994.0,-9.052882939552624,5636261.0,0.01154960782926298,0.007837663212969543,-0.0037119446162934364
NEW,Avis Budget Group Inc - US,053774105,,38120.0,,5635280.0,0.0,0.00783629905548785,0.00783629905548785
TRIM,General Motors Co - US,37045V100,PUT,73000.0,-62.849872773536894,5626840.0,0.02717304636142113,0.007824562573178484,-0.019348483788242644
TRIM,Trade Desk Inc/The - US,88339J105,,311152.0,-63.62352490045197,5625628.0,0.03602516610545509,0.007822877192069606,-0.028202288913385488
ADD,Univest Financial Corp - US,915271100,,128460.0,9.86999657885734,5620125.0,0.007435251203167583,0.00781522483873448,0.0003799736355668973
ADD,Brookfield Infrastructure Corp - US,11276H106,,145564.0,323.6807637453794,5604214.0,0.0025202973817666638,0.007793099344655773,0.005272801962889109
ADD,Conocophillips - US,20825C104,CALL,53900.0,161.6504854368932,5603444.0,0.005047317838412237,0.007792028599231814,0.0027447107608195766
NEW,Forgent Power Solutions Inc - US,34631F102,PUT,100000.0,,5586000.0,0.0,0.007767771348354496,0.007767771348354496
ADD,Rubrik Inc - US,781154109,PUT,69300.0,96.875,5563404.0,0.003199574816143006,0.007736349837185965,0.004536775021042959
NEW,Lululemon Athletica Inc - US,550021109,,48687.0,,5559082.0,0.0,0.00773033975702707,0.00773033975702707
ADD,Ubs Group Ag - US,H42097107,CALL,112100.0,17.875920084121976,5555676.0,0.006896733276602477,0.007725603446749144,0.0008288701701466665
ADD,Autodesk Inc - US,052769106,CALL,28500.0,917.8571428571429,5540970.0,0.0012442328969713484,0.007705153599730005,0.006460920702758657
ADD,Standard Lithium Ltd - US,853606101,,2013385.0,13.403179638418358,5536809.0,0.011237649358936137,0.007699367402705212,-0.003538281956230924
ADD,Suncoke Energy Inc - US,86722A103,,687659.0,302.3986189946749,5535655.0,0.002064986323671147,0.007697762675147746,0.005632776351476599
TRIM,Victoria's Secret & Co - US,926400102,,66276.0,-89.27576286160887,5532720.0,0.05318054875832303,0.007693681327330449,-0.04548686743099258
NEW,Ishares Msci Eafe Min Vol Factor Etf - US ETP,46429B689,,62890.0,,5516082.0,0.0,0.007670544882702107,0.007670544882702107
ADD,Roblox Corp - US,771049103,CALL,101300.0,135.58139534883722,5508694.0,0.004514372156680506,0.0076602712889459945,0.0031458991322654882
TRIM,Bhp Group Ltd - US ADR,088606108,PUT,66000.0,-39.726027397260275,5498460.0,0.014784509415448888,0.007646040108856653,-0.007138469306592236
NEW,Carter Bankshares Inc - US,146103106,,161420.0,,5489894.0,0.0,0.007634128413659731,0.007634128413659731
ADD,Phinia Inc - US,71880K101,,66618.0,161.35980226764485,5487325.0,0.003238040382326228,0.0076305560175634335,0.004392515635237205
NEW,Mgm Resorts International - US,552953101,CALL,114700.0,,5483807.0,0.0,0.007625663962496567,0.007625663962496567
ADD,Strategic Education Inc - US,86272C103,,71534.0,78.91998699382206,5480935.0,0.006156614056367251,0.007621670221123049,0.0014650561647557986
NEW,Andersen Group Inc - US,033853102,,145271.0,,5479622.0,0.0,0.007619844391588428,0.007619844391588428
ADD,Tandem Diabetes Care Inc - US,875372203,,362708.0,359.12986240332157,5473264.0,0.002811015613043437,0.0076110030936591706,0.004799987480615733
TRIM,Duolingo Inc - US,26603R106,PUT,47500.0,-73.71333702268954,5463450.0,0.03306148917451661,0.007597355956528352,-0.025464133217988256
TRIM,Symbotic Inc - US,87151X101,,121312.0,-17.878176574917752,5452974.0,0.014587346242164045,0.007582788256448624,-0.007004557985715421
ADD,Ubs Group Ag - US,H42097107,PUT,110000.0,73.77567140600317,5451600.0,0.004590570098937295,0.00758087760162717,0.0029903075026898743
NEW,Bank Of Hawaii Corp - US,062540109,,66676.0,,5433427.0,0.0,0.0075556066190432735,0.0075556066190432735
TRIM,Applied Digital Corp - US,038169207,CALL,145600.0,-27.417746759720842,5430880.0,0.008839570128005165,0.007552064815673374,-0.001287505312331791
NEW,Boston Beer Co Inc/The - US,100557107,,30517.0,,5402425.0,0.0,0.007512495905233447,0.007512495905233447
ADD,Fiserv Inc - US,337738108,CALL,110100.0,27.136258660508084,5400405.0,0.00896956937489066,0.007509686936718648,-0.0014598824381720126
TRIM,Verizon Communications Inc - US,92343V104,PUT,127000.0,-81.6712368307115,5377180.0,0.0645644983148864,0.007477390751690804,-0.0570871075631956
ADD,XPLR Infrastructure LP - US,65341B106,,453605.0,114.13330312085463,5357075.0,0.004175779395509525,0.007449433171497703,0.003273653775988178
ADD,Newmont Corp - US,651639106,CALL,57300.0,103.91459074733096,5351820.0,0.005646167102025707,0.007442125681623803,0.0017959585795980964
ADD,Ascendis Pharma A/S - US,K08588103,PUT,20000.0,344.44444444444446,5334400.0,0.001910535650673043,0.00741790180462983,0.005507366153956787
TRIM,Redwire Corp - US,75776W103,,436007.0,-4.831886917650346,5332366.0,0.0072283709407079495,0.007415073368016411,0.00018670242730846158
TRIM,Duolingo Inc - US,26603R106,,46340.0,-50.89124859583307,5330027.0,0.01726479317900334,0.007411820804968827,-0.009852972374034513
ADD,Calix Inc - US,13100M509,,142647.0,120.12746520169131,5323586.0,0.005892713877506402,0.007402864089026338,0.0015101502115199361
TRIM,Technipfmc Plc - US,G87110105,CALL,80200.0,-4.976303317535545,5317260.0,0.010830001226500647,0.007394067289608204,-0.0034359339368924425
ADD,Butterfly Network Inc - US,124155102,,630954.0,46.21425774053535,5312633.0,0.003236002299439137,0.007387633083015144,0.004151630783576006
TRIM,Flutter Entertainment PLC - US,G3643J108,,51869.0,-53.97359220544128,5299456.0,0.02132590720989536,0.007369309430480725,-0.013956597779414635
ADD,Voyager Technologies Inc - US,92892B103,,163845.0,34.88404639790567,5284001.0,0.005273784485775859,0.0073478180401855536,0.0020740335544096947
TRIM,Sunrun Inc - US,86771W105,PUT,394700.0,-3.1886190826588177,5281086.0,0.010261713925306072,0.007343764503937712,-0.00291794942136836
TRIM,Onemain Holdings Inc - US,68268W103,,86531.0,-81.90689466266879,5275795.0,0.047484372522286405,0.007336406953238795,-0.04014796556904761
TRIM,Whirlpool Corp - US,963320106,CALL,133700.0,-2.194586686174104,5270454.0,0.013681631859263965,0.007328979873616246,-0.006352651985647719
TRIM,Chipotle Mexican Grill Inc - US,169656105,PUT,155000.0,-72.51773049645391,5270000.0,0.03351076023105056,0.0073283485509896525,-0.02618241168006091
TRIM,Penn Entertainment Inc - US,707569109,,246264.0,-10.901427305124912,5260199.0,0.007710964095592589,0.007314719491378979,-0.00039624460421361016
TRIM,ISHARES TR,464287432,,60824.0,-79.41302898300553,5256410.0,0.047541297773635485,0.007309450589546018,-0.04023184718408947
NEW,Aevex Corp - US,00835T107,,251545.0,,5254775.0,0.0,0.007307176993743197,0.007307176993743197
TRIM,Slm Corp - US,78442P106,,201704.0,-77.11895073695483,5232202.0,0.03503279236394882,0.007275787465879536,-0.027757004898069287
TRIM,Bp Plc - US ADR,055622104,PUT,141100.0,-59.26674364896074,5213645.0,0.03022005452472122,0.007249982501162134,-0.022970072023559086
TRIM,Boot Barn Holdings Inc - US,099406100,,31728.0,-58.04007141440191,5211959.0,0.02054233673073126,0.007247637985857206,-0.013294698744874055
TRIM,Aerovironment Inc - US,008073108,PUT,31500.0,-27.419354838709676,5199705.0,0.014746160788447711,0.007230597837253065,-0.007515562951194646
TRIM,Janus Henderson Group Plc - US,G4474Y214,,100000.0,-72.06508834415811,5195000.0,0.03413357460227353,0.007224055165539135,-0.026909519436734395
ADD,Southern Copper Corp - US,84265V105,PUT,29800.0,152.54237288135593,5192948.0,0.003768612013044672,0.00722120169851321,0.003452589685468538
NEW,Cytomx Therapeutics Inc - US,23284F105,,1380687.0,,5177576.0,0.0,0.007199825726231271,0.007199825726231271
NEW,Globalfoundries Inc - US,G39387108,CALL,62800.0,,5175348.0,0.0,0.007196727517394154,0.007196727517394154
NEW,Tg Therapeutics Inc - US,88322Q108,,93920.0,,5159965.0,0.0,0.007175336248749017,0.007175336248749017
ADD,Medtronic Plc - US,G5960L103,,65665.0,1330.2984099324765,5136973.0,0.0007384059684093747,0.0071433640685053075,0.006404958100095933
TRIM,BXP Inc - US REIT,101121101,,77406.0,-57.03819641013686,5132792.0,0.017357173276642327,0.007137550059911058,-0.010219623216731269
TRIM,Ocular Therapeutix Inc - US,67576A100,,522663.0,-14.928106149634266,5132551.0,0.009659143025819545,0.007137214930499145,-0.0025219280953203997
NEW,Ryder System Inc - US,783549108,,19439.0,,5127425.0,0.0,0.0071300868252482195,0.0071300868252482195
NEW,Principal Financial Group Inc - US,74251V102,,47548.0,,5124723.0,0.0,0.007126329482215055,0.007126329482215055
TRIM,State Street Financial Select Sector SPDR ETF - US,81369Y605,,95587.0,-77.46471900152298,5124419.0,0.03887035208996342,0.007125906746359364,-0.03174444534360406
ADD,Ichor Holdings Ltd - US,G4740B105,,45339.0,259.12079207920794,5090663.0,0.001092269501813592,0.007078966379435794,0.005986696877622202
TRIM,Ishares Msci Mexico Etf - US ETP,464286822,,67630.0,-24.645399948745947,5090510.0,0.012532570750880772,0.0070787536209294755,-0.005453817129951297
TRIM,Dropbox Inc - US,26210C104,,184865.0,-28.968016107217508,5078242.0,0.010975607213745575,0.0070616940042267165,-0.003913913209518859
NEW,Littelfuse Inc - US,537008104,,11140.0,,5072376.0,0.0,0.007053536870906012,0.007053536870906012
TRIM,Unusual Machines Inc /US - US,91532F102,,227362.0,-87.36876374307082,5070173.0,0.04142983523478051,0.0070504734265307125,-0.0343793618082498
TRIM,Vornado Realty Trust - US REIT,929042109,,128737.0,-83.61749510065918,5059364.0,0.03790957048938455,0.007035442663819584,-0.030874127825564965
TRIM,Kemper Corp - US,488401100,,187548.0,-44.02287460751424,5056294.0,0.019005299258981236,0.007031173587908477,-0.011974125671072759
ADD,Take-Two Interactive Software Inc - US,874054109,CALL,20200.0,551.6129032258065,5049596.0,0.0011364446699646557,0.007021859493298509,0.005885414823333853
NEW,Option Care Health Inc - US,68404L201,,240413.0,,5041461.0,0.0,0.0070105471374233095,0.0070105471374233095
ADD,Umh Properties Inc - US REIT,903002103,,332751.0,340.48476344285297,5037850.0,0.002023365255750171,0.007005525758558485,0.004982160502808314
NEW,Watsco Inc - US,942622200,,12083.0,,5035349.0,0.0,0.007002047921798329,0.007002047921798329
TRIM,Royal Gold Inc - US,780287108,PUT,25200.0,-1.1764705882352942,5030172.0,0.012045654558615409,0.006994848897045298,-0.0050508056615701106
ADD,Aflac Inc - US,001055102,CALL,42800.0,5.41871921182266,5018300.0,0.008267834049028974,0.006978339949417718,-0.0012894940996112554
ADD,Zoetis Inc - US,98978V103,PUT,69800.0,55.80357142857143,5015828.0,0.009829959615771634,0.006974902439433269,-0.002855057176338365
TRIM,Pan American Silver Corp - US,697900108,,111866.0,-10.064718414599831,5010478.0,0.012613010058708601,0.006967462844604464,-0.005645547214104137
ADD,Vontier Corp - US,928881101,,172270.0,357.45923840883745,4995830.0,0.002479350106275573,0.006947093651136742,0.00446774354486117
TRIM,Cheniere Energy Inc - US,16411R208,PUT,20900.0,-54.761904761904766,4995309.0,0.02433395235144416,0.0069463691597524795,-0.01738758319169168
TRIM,Mongodb Inc - US,60937P106,CALL,14800.0,-22.916666666666664,4971320.0,0.008723262046306536,0.006913010572771514,-0.0018102514735350217
TRIM,Vanguard S&P 500 Etf - US ETP,922908363,,7218.0,-86.48820666417072,4957395.0,0.05925126634503364,0.006893646767539535,-0.0523576195774941
ADD,Steel Dynamics Inc - US,858119100,PUT,21600.0,11.917098445595855,4956336.0,0.006448360609975033,0.006892174144936973,0.0004438135349619397
ADD,Unilever Plc - US ADR,904767803,CALL,82300.0,16.90340909090909,4947876.0,0.007444548796229,0.006880409851058154,-0.0005641389451708457
ADD,Ardmore Shipping Corp - US,Y0207T100,,352959.0,16.171809429770427,4944956.0,0.00860028471887629,0.006876349361917948,-0.0017239353569583416
ADD,Umb Financial Corp - US,902788108,,34513.0,38.445184323478685,4927076.0,0.0052190922159506105,0.006851485818826545,0.0016323936028759343
TRIM,iShares Bitcoin Trust ETF - US ETP,46438F101,CALL,148000.0,-85.17034068136272,4926920.0,0.07117171059469496,0.006851268888584808,-0.06432044170611015
ADD,Avantis Emerging Markets Equity ETF - US ETP,025072604,,51037.0,315.8477959749042,4924560.0,0.001835681580921039,0.006847987123389298,0.005012305542468259
NEW,Direxion Daily MSCI South Korea Bull 3X ETF - US E,25461A387,PUT,6300.0,,4922505.0,0.0,0.006845129484627954,0.006845129484627954
NEW,Chemours Co/The - US,163851108,,239835.0,,4921414.0,0.0,0.006843612363514267,0.006843612363514267
TRIM,Bankunited Inc - US,06652K103,,101512.0,-6.336098321630574,4918256.0,0.009084867696033208,0.006839220916697564,-0.002245646779335644
KEEP,Keurig Dr Pepper Inc - US,49271V100,,150100.0,0.0,4912773.0,0.007335860323138301,0.006831596374931895,-0.0005042639482064062
TRIM,Blue Owl Capital Inc - US,09581B103,CALL,560500.0,-42.97487028181911,4904375.0,0.016657108510524158,0.006819918296918382,-0.009837190213605776
TRIM,Fnb Corp/Pa - US,302520101,,256581.0,-86.08747753145596,4895565.0,0.057236673384114416,0.006807667300574128,-0.050429006083540284
ADD,Cal-Maine Foods Inc - US,128030202,CALL,60700.0,805.9701492537313,4889992.0,0.0009843402053174466,0.006799917606745918,0.005815577401428472
NEW,Norwegian Cruise Line Holdings Ltd - US,G66721104,CALL,231000.0,,4876410.0,0.0,0.006781030769930066,0.006781030769930066
ADD,Elastic Nv - US,N14506104,CALL,85400.0,52.22816399286988,4869508.0,0.005205536551720718,0.006771432997311674,0.0015658964455909563
TRIM,Ameren Corp - US,023608102,,43041.0,-53.657564925276716,4865355.0,0.01894958609153495,0.00676565792491466,-0.01218392816662029
ADD,Alaska Air Group Inc - US,011659109,,93108.0,52.951999211486026,4860238.0,0.004155881172786748,0.00675854233486999,0.002602661162083242
ADD,Grupo Financiero Galicia Sa - US ADR,399909100,PUT,97100.0,27.094240837696336,4857913.0,0.006624036672603265,0.006755309239921024,0.00013127256731775873
ADD,American Financial Group Inc/Oh - US,025932104,,34624.0,293.27578373466605,4845283.0,0.0020870098696231776,0.006737746233811156,0.004650736364187979
ADD,Medical Properties Trust Inc - US REIT,58463J304,,1048431.0,6.569093030725632,4843751.0,0.008454912609995454,0.00673561586759102,-0.0017192967424044334
TRIM,First Bancorp/Puerto Rico - US,318672706,,185465.0,-57.67639494576764,4835073.0,0.017374010662679486,0.00672354842760516,-0.010650462235074327
ADD,Riot Platforms Inc - US,767292105,PUT,176500.0,90.19396551724138,4832570.0,0.002129050433657525,0.006720067809688058,0.004591017376030532
TRIM,Nutrien Ltd - US,67077M108,,76560.0,-66.28293095399576,4819452.0,0.03180448763257231,0.006701826201283526,-0.025102661431288788
TRIM,Performance Food Group Co - US,71377A103,,43049.0,-76.62336957111982,4812448.0,0.029280516875547405,0.006692086589660921,-0.022588430285886484
TRIM,Devon Energy Corp - US,25179M103,PUT,116400.0,-45.45454545454545,4809648.0,0.019932168496766718,0.006688192969937434,-0.013243975526829283
NEW,Movado Group Inc - US,624580106,CALL,122300.0,,4807613.0,0.0,0.006685363142745544,0.006685363142745544
NEW,Semtech Corp - US,816850101,PUT,29700.0,,4806945.0,0.0,0.006684434236325798,0.006684434236325798
TRIM,Ulta Beauty Inc - US,90384S303,,10658.0,-79.9849765258216,4806545.0,0.051665416037165506,0.006683878004936727,-0.04498153803222878
TRIM,Target Corp - US,87612E106,PUT,36800.0,-87.11484593837535,4806448.0,0.06425106418345279,0.0066837431188248786,-0.05756732106462791
ADD,Cargurus Inc - US,141788109,,140698.0,283.7601942012383,4796395.0,0.002317205577569828,0.0066697636334390915,0.0043525580558692635
ADD,Mueller Water Products Inc - US Series A,624758108,,184747.0,18.782388416680597,4772015.0,0.00793632817352549,0.0066358613302753095,-0.0013004668432501807
ADD,Etoro Group Ltd - US,G32089107,CALL,120700.0,14.407582938388625,4764029.0,0.005880676566465617,0.006624756170592539,0.000744079604126922
ADD,Nlight Inc - US,65487K100,,68368.0,124.89473684210526,4759780.0,0.003217512915433392,0.006618847602662149,0.003401334687228757
TRIM,Cloudflare Inc - US,18915M107,PUT,19400.0,-52.798053527980535,4758432.0,0.015741450584795168,0.006616973102880986,-0.009124477481914181
TRIM,Mattel Inc - US,577081102,,341924.0,-44.94527116455362,4745905.0,0.016750203236497875,0.006599553326353803,-0.010150649910144072
NEW,Apogee Therapeutics Inc - US,03770N101,,35734.0,,4742974.0,0.0,0.006595477540850398,0.006595477540850398
TRIM,Otter Tail Corp - US,689648103,,52639.0,-38.69634081009946,4736457.0,0.013989005571183601,0.006586415140943984,-0.007402590430239617
TRIM,Sturm Ruger & Co Inc - US,864159108,PUT,125100.0,-1.805337519623234,4735035.0,0.009480363434423357,0.006584437738355842,-0.002895925696067515
TRIM,Rocket Cos Inc - US,77311W101,,300000.0,-70.1329382916638,4725000.0,0.0265682610421857,0.006570483283382563,-0.019997777758803136
ADD,Globalfoundries Inc - US,G39387108,PUT,57200.0,5.3406998158379375,4713852.0,0.00448315867596164,0.0065549811145691975,0.0020718224386075575
TRIM,Uwm Holdings Corp - US,91823B109,,2054332.0,-41.78769600972957,4704420.0,0.023712858656757017,0.006541865178414942,-0.017170993478342077
TRIM,Altria Group Inc - US,02209S103,,65235.0,-80.20788771878726,4693658.0,0.04037254725399616,0.006526899772892029,-0.03384564748110413
TRIM,Monday.Com Ltd - US,M7S64H106,PUT,64700.0,-53.45323741007194,4683633.0,0.017830979287276068,0.0065129592237034755,-0.011318020063572593
TRIM,Citizens Financial Group Inc - US,174610105,CALL,66800.0,-31.697341513292432,4680676.0,0.010886603502965985,0.00650884728315978,-0.0043777562198062045
NEW,Transdigm Group Inc - US,893641100,CALL,3500.0,,4662140.0,0.0,0.0064830715205903035,0.0064830715205903035
NEW,Axsome Therapeutics Inc - US,05464T104,,18950.0,,4638392.0,0.0,0.006450048063021252,0.006450048063021252
ADD,Forward Air Corp - US,34986A104,,343130.0,627.4943815460289,4635686.0,0.0014629351538826031,0.006446285157674196,0.004983350003791593
TRIM,Phillips 66 - US,718546104,PUT,27400.0,-16.207951070336392,4631970.0,0.011057780191351677,0.006441117768069741,-0.004616662423281936
ADD,Wingstop Inc - US,974155103,CALL,26700.0,229.62962962962962,4630047.0,0.0023299797910752533,0.00643844368566679,0.004108463894591537
TRIM,Roku Inc - US,77543R102,CALL,33500.0,-51.09489051094891,4627690.0,0.012030758734235716,0.006435166092206699,-0.0055955926420290176
ADD,Grocery Outlet Holding Corp - US,39874R101,,463551.0,362.833607907743,4626239.0,0.0013106339344211575,0.00643314836284285,0.005122514428421692
ADD,Geo Group Inc/The - US REIT,36162J106,CALL,156400.0,84.21672555948174,4621620.0,0.0026490789762168847,0.006426725280877571,0.003777646304660686
NEW,Fedex Freight Holding Co Inc - US,314352105,,30593.0,,4619543.0,0.0,0.006423837049389827,0.006423837049389827
ADD,Verra Mobility Corp - US,92511U102,,1085699.0,672.1514576087961,4614221.0,0.00372956917566119,0.006416436390758259,0.0026868672150970694
ADD,American Airlines Group Inc - US,02376R102,CALL,254600.0,246.86648501362396,4600622.0,0.001463254416411364,0.006397525914108371,0.004934271497697007
ADD,Hilton Worldwide Holdings Inc - US,43300A203,CALL,13900.0,1637.5,4593394.0,0.00045154116160764726,0.006387474812907886,0.005935933651300239
ADD,Monday.Com Ltd - US,M7S64H106,,63188.0,27.83847212106498,4574179.0,0.00634064477389056,0.006360754847555464,2.0110073664904304e-05
TRIM,Icon Plc - US,G4705A100,,26270.0,-59.81644359464627,4563362.0,0.013428324885354505,0.006345712960216555,-0.0070826119251379506
ADD,Hp Inc - US,40434L105,PUT,207900.0,122.3529411764706,4561326.0,0.0033339453610240375,0.00634288174244619,0.003008936381422153
ADD,Dime Commercial Bancshares Inc - US,25432X102,,112102.0,165.7390067559559,4556946.0,0.002648202860440285,0.0063367910087358805,0.0036885881482955954
ADD,Viasat Inc - US,92552V100,PUT,50700.0,71.28378378378379,4553367.0,0.002516382703434356,0.006331814128382182,0.0038154314249478263
ADD,Accel Entertainment Inc - US,00436Q106,,360503.0,20.61151704940849,4545943.0,0.006052911276022204,0.006321490473801054,0.0002685791977788503
ADD,Howmet Aerospace Inc - US,443201108,CALL,16900.0,131.50684931506848,4543734.0,0.0031227550544261308,0.006318418685954918,0.0031956636315287872
ADD,Alpha Metallurgical Resources Inc - US,020764106,,27545.0,1212.2915674130538,4543272.0,0.0007997563469012846,0.006317776238700543,0.0055180198917992584
NEW,Zoominfo Technologies Inc - US,98980F104,,1546997.0,,4532701.0,0.0,0.006303076433665911,0.006303076433665911
NEW,Alcon Inc - US,H01301128,CALL,67400.0,,4522540.0,0.0,0.006288946765805074,0.006288946765805074
ADD,Bunge Global SA - US,H11356104,CALL,42300.0,386.2068965517241,4514679.0,0.0020541202606283162,0.006278015428431387,0.004223895167803071
ADD,Lyft Inc - US,55087P104,,309004.0,165.43314864922905,4514548.0,0.0028739567356466738,0.0062778332626514674,0.0034038765270047937
TRIM,A10 Networks Inc - US,002121101,,120260.0,-49.65188376308837,4492914.0,0.010250506325604567,0.006247749487973648,-0.004002756837630919
ADD,Jbg Smith Properties - US REIT,46590V100,,306048.0,820.1683704149127,4489724.0,0.0009019704728971094,0.006243313542645819,0.0053413430697487095
TRIM,State Street SPDR S&P Oil & Gas Exploration & Prod,78468R556,CALL,29100.0,-89.20222634508349,4488966.0,0.09095860907234295,0.006242259484163532,-0.08471634958817942
ADD,Credo Technology Group Holding Ltd - US,G25457105,CALL,16500.0,71.875,4487175.0,0.0016726980599885497,0.006239768958118974,0.004567070898130424
ADD,Doordash Inc - US,25809K105,CALL,24300.0,135.92233009708738,4484079.0,0.0028706620205969594,0.006235463727167577,0.0033648017065706177
TRIM,Universal Health Services Inc - US Class B,913903100,,30081.0,-79.82765557939913,4472744.0,0.0495376760648179,0.006219701520179822,-0.04331797454463807
ADD,Futu Holdings Ltd - US ADR,36118L106,,47707.0,267.48574949930673,4472054.0,0.0032954909319057725,0.006218742021033678,0.002923251089127905
ADD,Advansix Inc - US,00773T101,,224886.0,57.17720404255022,4470734.0,0.006480106813634332,0.006216906457449748,-0.0002632003561845843
NEW,Hims & Hers Health Inc - US,433000106,,128796.0,,4465357.0,0.0,0.006209429317002182,0.006209429317002182
ADD,Root Inc/Oh - US,77664L207,,79805.0,110.54506120726045,4462696.0,0.0031076494819897525,0.006205728987686398,0.0030980795056966453
TRIM,Kraneshares Csi China Internet Etf - US ETP,500767306,,181964.0,-83.75805786488672,4452659.0,0.05912128751610057,0.006191771751556174,-0.052929515764544396
ADD,Cardinal Health Inc - US,14149Y108,CALL,18700.0,297.8723404255319,4442372.0,0.0018434756702132914,0.0061774668708077796,0.004333991200594488
TRIM,Crown Holdings Inc - US,228368106,,39717.0,-83.13252500371605,4441155.0,0.04381574907842369,0.006175774536806536,-0.037639974541617154
NEW,Ascendis Pharma A/S - US,K08588103,,16625.0,,4434220.0,0.0,0.0061661308750985445,0.0061661308750985445
ADD,Quest Diagnostics Inc - US,74834L100,CALL,20900.0,0.966183574879227,4429755.0,0.007530114866291932,0.006159921942218058,-0.001370192924073874
NEW,Wabash National Corp - US,929566107,,328014.0,,4428189.0,0.0,0.006157744296329851,0.006157744296329851
ADD,General Dynamics Corp - US,369550108,CALL,12500.0,1983.3333333333333,4428000.0,0.00038224634344656837,0.0061574814769985164,0.005775235133551948
TRIM,Nutanix Inc - US,67059N108,PUT,86800.0,-1.809954751131222,4423328.0,0.006236912294705628,0.006150984694374185,-8.592760033144294e-05
NEW,ERock Inc - US,296013105,,305002.0,,4422529.0,0.0,0.006149873622174519,0.006149873622174519
TRIM,Krispy Kreme Inc - US,50101L106,,1252694.0,-2.957911559350736,4422010.0,0.008122768209434448,0.006149151911947202,-0.001973616297487246
ADD,Avis Budget Group Inc - US,053774105,PUT,29900.0,174.3119266055046,4420117.0,0.0029508860118356243,0.006146519546898431,0.0031956335350628064
ADD,DraftKings Inc - US,26142V105,CALL,174800.0,3.4319526627218933,4415448.0,0.006782064199629989,0.006140026936009517,-0.0006420372636204716
TRIM,Canada Goose Holdings Inc - US,135086106,,463407.0,-18.885098293882166,4407001.0,0.01163290193807473,0.006128280719650845,-0.005504621218423885
TRIM,Leidos Holdings Inc - US,525327102,,42742.0,-78.49794497462031,4401144.0,0.057382652463035394,0.006120136101536395,-0.051262516361499
ADD,Amdocs Ltd - US,G02602103,PUT,86900.0,161.74698795180723,4391926.0,0.004021653553572662,0.0061073177491752905,0.002085664195602629
TRIM,Apollo Global Management Inc - US,03769M106,PUT,37100.0,-78.36734693877551,4389301.0,0.035468823306426665,0.006103667480684523,-0.029365155825742142
ADD,Ulta Beauty Inc - US,90384S303,CALL,9700.0,73.21428571428571,4374506.0,0.005433358208654081,0.006083093872181316,0.0006497356635272351
NEW,Ambiq Micro Inc - US,023193105,,49508.0,,4371556.0,0.0,0.00607899166568693,0.00607899166568693
TRIM,Elevance Health Inc - US,036752103,PUT,11300.0,-47.68518518518518,4370049.0,0.011737352757949375,0.006076896063928611,-0.005660456694020764
TRIM,Iradimed Corp - US,46266A109,,45626.0,-36.48588451472799,4360021.0,0.012835342998795764,0.00606295134300464,-0.0067723916557911245
NEW,Murphy Usa Inc - US,626755102,,8074.0,,4350836.0,0.0,0.006050178879733133,0.006050178879733133
ADD,National Energy Services Reunited Corp - US,G6375R107,,144952.0,9.41755487786467,4338413.0,0.005279451395661367,0.00603290372336711,0.0007534523277057436
TRIM,Bristol-Myers Squibb Co - US,110122108,PUT,75100.0,-66.14066726780884,4327262.0,0.024969615183272266,0.006017397382818327,-0.01895221780045394
TRIM,Kinsale Capital Group Inc - US,49714P108,,13075.0,-79.68458669981355,4312266.0,0.040815928659345475,0.005996544268042114,-0.03481938439130336
TRIM,Fifth Third Bancorp - US,316773100,CALL,76400.0,-12.685714285714287,4306668.0,0.007545825552590963,0.005988759809752088,-0.0015570657428388753
ADD,Axt Inc - US,00246W103,PUT,59700.0,42.482100238663485,4303176.0,0.004431553229306912,0.0059839039097255116,0.0015523506804185992
NEW,Simpson Manufacturing Co Inc - US,829073105,,20511.0,,4293978.0,0.0,0.00597111336893386,0.00597111336893386
TRIM,Pfizer Inc - US,717081103,PUT,178000.0,-60.94778411584028,4286240.0,0.023756963290163354,0.0059603530727123126,-0.01779661021745104
TRIM,Intapp Inc - US,45827U109,,169616.0,-17.25160748958425,4276019.0,0.009774417216654686,0.005946139970143116,-0.0038282772465115704
ADD,Avantis US Equity ETF - US ETP,025072885,,33361.0,180.22679546409074,4272877.0,0.002456832817110459,0.005941770772581976,0.0034849379554715166
TRIM,Duke Energy Corp - US,26441C204,CALL,33700.0,-60.259433962264154,4265746.0,0.020610460300894386,0.005931854557493341,-0.014678605743401046
NEW,Resolute Holdings Management Inc - US,76134H101,,29506.0,,4264502.0,0.0,0.005930124677873335,0.005930124677873335
NEW,Direxion Daily GOOGL Bull 2X ETF - US ETP,25461A841,CALL,37500.0,,4263750.0,0.0,0.005929078962861884,0.005929078962861884
NEW,Pathward Financial Inc - US,59100U108,,48951.0,,4261674.0,0.0,0.005926192121952614,0.005926192121952614
TRIM,Quest Diagnostics Inc - US,74834L100,PUT,20100.0,-4.739336492890995,4260195.0,0.007675624332307236,0.005924135456391529,-0.001751488875915707
ADD,Novagold Resources Inc - US,66987E206,,713582.0,14.900763555443916,4260085.0,0.010351822061693878,0.005923982492759536,-0.004427839568934342
NEW,Energy Recovery Inc - US,29270J100,,471905.0,,4256583.0,0.0,0.005919112686948233,0.005919112686948233
TRIM,Chime Financial Inc - US,16935C109,,207682.0,-72.44515088151317,4253327.0,0.026203427499799054,0.0059145849634412075,-0.02028884253635785
ADD,Bank Of New York Mellon Corp/The - US,064058100,CALL,29400.0,880.0000000000001,4251534.0,0.0006605950079113456,0.0059120916562397045,0.005251496648328359
ADD,Brandywine Realty Trust - US REIT,105368203,,1339385.0,51.83722377593046,4245850.0,0.004437270255984726,0.005904187608201028,0.001466917352216302
NEW,Ishares Core S&P Mid-Cap Etf - US ETP,464287507,,55060.0,,4245677.0,0.0,0.005903947038125254,0.005903947038125254
ADD,Cme Group Inc - US,12572Q105,CALL,19200.0,734.7826086956521,4239936.0,0.0012609106517441249,0.005895963727113636,0.004635053075369511
TRIM,Independent Bank Corp - US,453836108,,50616.0,-1.7546583850931676,4237572.0,0.007192351816460232,0.0058926763996042355,-0.001299675416855997
NEW,Atlas Energy Solutions Inc - US,642045108,,254793.0,,4232112.0,0.0,0.005885083841143438,0.005885083841143438
ADD,Wix.Com Ltd - US,M98068105,PUT,93100.0,6.0364464692482915,4223947.0,0.014678922614948655,0.005873729767914058,-0.008805192847034597
TRIM,Teradyne Inc - US,880770102,PUT,8700.0,-70.50847457627118,4209408.0,0.016233330195676268,0.005853512147499858,-0.01037981804817641
TRIM,Oscar Health Inc - US,687793109,PUT,147000.0,-15.273775216138327,4192440.0,0.0036938767386522063,0.005829916811975533,0.0021360400733233267
ADD,Ceva Inc - US,157210105,,88832.0,466.89215060625395,4189317.0,0.0005433328509814197,0.005825574035405373,0.0052822411844239536
TRIM,Embraer Sa - US ADR,29082A107,PUT,65400.0,-72.81795511221945,4172520.0,0.026501024724864132,0.005802216488799875,-0.020698808236064258
ADD,Upstart Holdings Inc - US,91680M107,CALL,117700.0,34.36073059360731,4170111.0,0.004170719455664163,0.0057988665852592046,0.0016281471295950412
NEW,Avis Budget Group Inc - US,053774105,CALL,28100.0,,4154023.0,0.0,0.005776494958790832,0.005776494958790832
TRIM,Tower Semiconductor Ltd - US,M87915274,CALL,15900.0,-77.22063037249283,4144176.0,0.022735397445227873,0.005762801932570416,-0.016972595512657458
ADD,Ishares Msci Australia Etf - US ETP,464286103,,146735.0,29.389097578611363,4132058.0,0.0058435270301247875,0.005745950902638557,-9.757612748623017e-05
TRIM,Technipfmc Plc - US,G87110105,PUT,62200.0,-40.24975984630163,4123860.0,0.013357856963017977,0.00573455094031958,-0.007623306022698398
ADD,Douglas Emmett Inc - US REIT,25960P109,,349389.0,421.18052447865387,4122790.0,0.0011721723743460027,0.005733063021353819,0.004560890647007816
NEW,Novavax Inc - US,670002401,CALL,436900.0,,4115598.0,0.0,0.005723061980978351,0.005723061980978351
TRIM,NU Holdings Ltd/Cayman Islands - US,G6683N103,PUT,307900.0,-40.84534101825168,4113544.0,0.013883437332458292,0.00572020573279548,-0.008163231599662812
NEW,NewHold Investment Corp IV - US Unit,G6486G123,,400000.0,,4100000.0,0.0,0.005701371737961589,0.005701371737961589
ADD,Titan International Inc - US,88830M102,,531303.0,676.7587719298245,4096346.0,0.000877311154905308,0.005696290564222439,0.0048189794093171315
ADD,USA Rare Earth Inc - US,91733P107,CALL,189800.0,66.49122807017544,4095884.0,0.003202639365183613,0.005695648116968065,0.0024930087517844516
NEW,Ocean Capital Acquisition Corp - US Unit,G66903132,,400000.0,,4092000.0,0.0,0.005690247110180201,0.005690247110180201
TRIM,Figma Inc - US,316841105,PUT,226200.0,-21.892265193370168,4091958.0,0.011363785900459122,0.005690188705884348,-0.005673597194574774
ADD,Kyndryl Holdings Inc - US,50155Q100,CALL,361700.0,2.3775827908293237,4090827.0,0.008603932107649636,0.005688615961631754,-0.002915316146017881
NEW,Netease Inc - US ADR,64110W102,,31860.0,,4082540.0,0.0,0.005677092237828709,0.005677092237828709
ADD,Novocure Ltd - US,G6674U108,,269027.0,20.743327244411134,4075759.0,0.004507946070200445,0.005667662725205509,0.001159716655005064
TRIM,Textron Inc - US,883203101,,44428.0,-61.75802231097644,4075380.0,0.018881726098575802,0.005667135695964366,-0.013214590402611436
NEW,Boyd Gaming Corp - US,103304101,,46105.0,,4072455.0,0.0,0.005663068253931796,0.005663068253931796
NEW,Rogers Corp - US,775133101,,24871.0,,4072129.0,0.0,0.005662614925349705,0.005662614925349705
TRIM,Hsbc Holdings Plc - US ADR,404280406,PUT,42700.0,-55.14705882352941,4060343.0,0.014576650947450552,0.005646225567470774,-0.008930425379979779
TRIM,Carlyle Group Inc/The - US,14316J108,CALL,96400.0,-19.46532999164578,4059404.0,0.010751505336507776,0.005644919814284933,-0.005106585522222843
TRIM,Novartis Ag - US ADR,66987V109,PUT,25900.0,-69.16666666666667,4059048.0,0.023816613410071866,0.005644424768348661,-0.018172188641723205
ADD,Cipher Digital Inc - US,17253J106,PUT,165500.0,204.2279411764706,4054750.0,0.0012995618356766265,0.0056384480620731104,0.004338886226396484
ADD,Global X US Infrastructure Development ETF - US ET,37954Y673,,68816.0,38.89034653964922,4054639.0,0.0046728952830978054,0.0056382937078626435,0.000965398424764838
TRIM,Ishares Msci South Korea Etf - US ETP,464286772,,20050.0,-93.87108804235521,4048095.0,0.0746948932511096,0.005629193762337468,-0.06906569948877214
TRIM,Unity Software Inc - US,91332U101,CALL,141400.0,-55.35206820334702,4041212.0,0.0128974599785922,0.005619622410710056,-0.007277837567882145
ADD,WisdomTree Inc - US,97717P104,CALL,238100.0,54.61038961038961,4033414.0,0.00416199542144802,0.005608778679780147,0.0014467832583321275
NEW,Invesco PHLX Semiconductor ETF - US ETP,46138G615,,35894.0,,4023717.0,0.0,0.005595294240330632,0.005595294240330632
NEW,Citizens Financial Group Inc - US,174610105,,57164.0,,4005481.0,0.0,0.005569935651302957,0.005569935651302957
NEW,Navitas Semiconductor Corp - US,63942X106,,223486.0,,4004869.0,0.0,0.0055690846172776805,0.0055690846172776805
NEW,Tg Therapeutics Inc - US,88322Q108,PUT,72800.0,,3999632.0,0.0,0.005561802157816289,0.005561802157816289
ADD,W&T Offshore Inc - US,92922P106,,1268610.0,13.632984297883393,3996121.0,0.00706638975562157,0.005556919836798732,-0.0015094699188228375
ADD,Rivian Automotive Inc - US,76954A103,PUT,230200.0,12.074001947419669,3993970.0,0.0057379457981570296,0.005553928702504011,-0.00018401709565301835
ADD,Azenta Inc - US,114340102,,155467.0,763.7535418634369,3967518.0,0.0007059395678828713,0.00551714512074485,0.004811205552861979
ADD,Danaher Corp - US,235851102,CALL,20800.0,617.2413793103449,3961984.0,0.0010206006326392264,0.005509449659477075,0.004488849026837848
TRIM,Planet Labs PBC - US,72703X106,PUT,119500.0,-81.46424693655963,3959035.0,0.033447139747484964,0.00550534884356116,-0.027941790903923805
TRIM,Affiliated Managers Group Inc - US,008252108,,11687.0,-1.8229166666666667,3954881.0,0.006113946104340338,0.005499572380585674,-0.0006143737237546635
NEW,A O Smith Corp - US,831865209,,62849.0,,3941889.0,0.0,0.0054815059850687,0.0054815059850687
TRIM,Williams Cos Inc/The - US,969457100,PUT,53000.0,-43.79639448568399,3940020.0,0.012739231984396256,0.005478906993903273,-0.007260324990492983
TRIM,Ameresco Inc - US,02361E108,,142606.0,-33.74681756518184,3935926.0,0.010188042240616979,0.005473213965636148,-0.004714828274980831
NEW,Everpure Inc - US,74624M102,CALL,49900.0,,3931621.0,0.0,0.005467227525311288,0.005467227525311288
ADD,Carmax Inc - US,143130102,,74291.0,59.65915196320732,3929251.0,0.003591256109785459,0.005463931854331051,0.0018726757445455921
NEW,Kilroy Realty Corp - US REIT,49427F108,CALL,104600.0,,3919362.0,0.0,0.0054501804238147825,0.0054501804238147825
NEW,Chubb Ltd - US,H1467J104,CALL,11500.0,,3918510.0,0.0,0.005448995650956065,0.005448995650956065
TRIM,Methode Electronics Inc - US,591520200,,206436.0,-22.360082590855583,3916091.0,0.0027243246994198694,0.005445631841630667,0.002721307142210798
TRIM,Lennox International Inc - US,526107107,,6820.0,-81.83803360762695,3907519.0,0.032350474817368434,0.00543371180296291,-0.026916763014405525
ADD,Bank Of Montreal - US,063671101,CALL,22100.0,250.79365079365078,3905070.0,0.0015826548898129915,0.005430306276283332,0.0038476513864703406
NEW,Blackberry Ltd - US,09228F103,CALL,308600.0,,3903790.0,0.0,0.00542852633583831,0.00542852633583831
TRIM,Procter & Gamble Co/The - US,742718109,PUT,26600.0,-89.44444444444444,3900624.0,0.06756278181900059,0.0054241237643938255,-0.06213865805460676
TRIM,Talos Energy Inc - US,87484T108,,301415.0,-33.14947025698691,3891268.0,0.013189724405720471,0.005411113512203492,-0.007778610893516979
TRIM,Resideo Technologies Inc - US,76118Y104,,125000.0,-29.906017988919544,3887500.0,0.011158544642725629,0.005405873812518458,-0.005752670830207171
ADD,Backblaze Inc - US,05637B105,,244903.0,10.626120815434165,3884162.0,0.0014176704095432676,0.005401232061576673,0.003983561652033406
NEW,Ishares Msci India Etf - US ETP,46429B598,,78532.0,,3878695.0,0.0,0.005393629769066567,0.005393629769066567
ADD,Solv Energy Inc - US,78475V103,,113824.0,29.576631034914563,3875707.0,0.004896457012685202,0.005389474720590219,0.0004930177079050168
ADD,Axon Enterprise Inc - US,05464C101,CALL,6900.0,200.0,3868209.0,0.0018130900446562126,0.005379048163202112,0.0035659581185459
ADD,MiniMed Group Inc - US,60365F109,,258215.0,1523.993710691824,3860314.0,0.0004403372742611276,0.005368069546160354,0.004927732271899227
TRIM,Ensign Group Inc/The - US,29358P101,,23996.0,-79.83139598409777,3846559.0,0.04449975048451921,0.005348942139268729,-0.039150808345250476
KEEP,Columbia Sportswear Co - US,198516106,CALL,62100.0,0.0,3839022.0,0.0063178731884089324,0.005338461349320189,-0.0009794118390887433
ADD,Procept Biorobotics Corp - US,74276L105,,169727.0,54.93249596071165,3832436.0,0.005085592218313701,0.005329302999499161,0.00024371078118545948
TRIM,Halliburton Co - US,406216101,PUT,112600.0,-47.53028890959926,3822770.0,0.015531108551311467,0.005315861667982299,-0.010215246883329167
KEEP,Spartacus Acquisition Corp II - US Unit,G8303R126,,375000.0,0.0,3817500.0,0.006985027927579821,0.0053085333194313085,-0.0016764946081485122
ADD,Invesco S&P 500 Low Volatility Etf - US ETP,46138E354,,50789.0,285.40749734405824,3804096.0,0.0017890562584794837,0.0052898940055835925,0.0035008377471041087
TRIM,Valero Energy Corp - US,91913Y100,PUT,14600.0,-66.5903890160183,3802424.0,0.020041883436010936,0.005287568958377282,-0.014754314477633652
TRIM,First Majestic Silver Corp - US,32076V103,,224161.0,-8.763039753185913,3801771.0,0.009795870916116427,0.005286660910634626,-0.004509210005481801
ADD,Best Buy Co Inc - US,086516101,CALL,50100.0,1152.5,3801588.0,0.00047666638015014063,0.005286406434774127,0.004809740054623987
ADD,Navigator Holdings Ltd - US,Y62132108,,203793.0,578.8348156290597,3796664.0,0.0010771509361347646,0.0052795592263746825,0.004202408290239918
NEW,Certara Inc - US,15687V109,,579215.0,,3793858.0,0.0,0.00527565726318036,0.00527565726318036
ADD,Evolent Health Inc - US,30050B101,,699267.0,579.7777712969173,3790027.0,0.0004353423006280122,0.005270329957051548,0.004834987656423536
NEW,Stag Industrial Inc - US REIT,85254J102,,99576.0,,3789863.0,0.0,0.00527010190218203,0.00527010190218203
ADD,Agilon Health Inc - US,00857U206,,35336.0,9.636984176233323,3787312.0,0.0004732120338360463,0.00526655453649824,0.004793342502662193
TRIM,Navient Corp - US,63938C108,,444930.0,-17.829090862080747,3786354.0,0.008221411049934133,0.0052652223623214185,-0.0029561886876127144
ADD,Uber Technologies Inc - US,90353T100,CALL,52300.0,1.5533980582524272,3773968.0,0.006876014623427882,0.005247998657358883,-0.0016280159660689991
ADD,3D Systems Corp - US,88554D205,,1249045.0,14.016911138475807,3772116.0,0.003822840238496722,0.005245423306027492,0.0014225830675307703
TRIM,At&T Inc - US,00206R102,PUT,181700.0,-79.35930932636602,3761190.0,0.04736945842988487,0.0052302298456350605,-0.04213922858424981
TRIM,Cameco Corp - US,13321L108,PUT,36900.0,-57.39030023094688,3758634.0,0.01745851128686155,0.005226675527058907,-0.012231835759802644
NEW,Twilio Inc - US,90138F102,PUT,18200.0,,3755206.0,0.0,0.005221908624054582,0.005221908624054582
TRIM,Transocean Ltd - US,H8817H100,CALL,767200.0,-44.05716785766371,3751608.0,0.016877074824308006,0.005216905322709903,-0.011660169501598103
NEW,GMR Solutions Inc - US,38013D106,,242364.0,,3746947.0,0.0,0.005210423836448771,0.005210423836448771
NEW,Constellium Se - US,F21107101,,116725.0,,3720026.0,0.0,0.005172988073385927,0.005172988073385927
TRIM,Hewlett Packard Enterprise Co - US,42824C109,CALL,82400.0,-51.47232037691401,3717064.0,0.007504410520371687,0.005168869179949867,-0.00233554134042182
ADD,Cytek Biosciences Inc - US,23285D109,,837913.0,161.26405063685826,3711955.0,0.002601479160591612,0.005161764714532978,0.002560285553941366
ADD,First Watch Restaurant Group Inc - US,33748L101,,287727.0,274.02116264559066,3708801.0,0.0014964595755800004,0.005157378830030166,0.0036609192544501653
NEW,Ethan Allen Interiors Inc - US,297602104,,165917.0,,3706586.0,0.0,0.005154298698713194,0.005154298698713194
TRIM,Unilever Plc - US ADR,904767803,,61617.0,-17.201483512053535,3704414.0,0.007869437105217583,0.0051512783622705465,-0.0027181587429470364
TRIM,Novartis Ag - US ADR,66987V109,CALL,23600.0,-36.38814016172507,3698592.0,0.010519004256115074,0.005143182414402641,-0.005375821841712433
ADD,Arko Corp - US,041242108,,459378.0,325.65741924723415,3688805.0,0.0011137918798425673,0.005129572822890585,0.004015780943048018
ADD,Solaredge Technologies Inc - US,83417M104,CALL,63100.0,1047.2727272727273,3687564.0,0.0005211682355399366,0.005127847115005997,0.004606678879466061
NEW,Ingles Markets Inc - US,457030104,,41520.0,,3677842.0,0.0,0.005114327911094665,0.005114327911094665
ADD,Personalis Inc - US,71535D106,,274321.0,30.7373728708549,3675901.0,0.0024809519874518567,0.005111628798279206,0.002630676810827349
NEW,Invesco Exchange-Traded Fund Trust - Invesco S&P 5,46137V241,,40797.0,,3675810.0,0.0,0.0051115022556381924,0.0051115022556381924
TRIM,Terawulf Inc - US,88080T104,PUT,148700.0,-68.22649572649573,3672890.0,0.012535212091453023,0.005107441766497986,-0.007427770324955037
NEW,Nuvation Bio Inc - US,67080NAA9,,3500000.0,,3663275.0,0.0,0.00509407135448323,0.00509407135448323
TRIM,Eos Energy Enterprises Inc - US,29415C101,,622810.0,-71.23413642134939,3662123.0,0.019933306333569805,0.005092469408082709,-0.014840836925487096
ADD,Cf Industries Holdings Inc - US,125269100,CALL,33800.0,64.8780487804878,3659188.0,0.004940624756126294,0.0050883880602654126,0.0001477633041391188
TRIM,Domino's Pizza Inc - US,25754A201,,12300.0,-68.76666412737107,3641292.0,0.02622687659006555,0.005063502267918446,-0.021163374322147106
ADD,Cummins Inc - US,231021106,CALL,5100.0,750.0,3637371.0,0.000599196368804623,0.005058049809727094,0.004458853440922471
NEW,Dianthus Therapeutics Inc - US,252828108,,37308.0,,3636784.0,0.0,0.005057233540163634,0.005057233540163634
NEW,Willis Lease Finance Corp - US,970646105,,15881.0,,3633573.0,0.0,0.00505276839268788,0.00505276839268788
ADD,Nokia Oyj - US ADR,654902204,CALL,273400.0,869.5035460992908,3630752.0,0.00042084741058676437,0.005048845570816468,0.004627998160229703
TRIM,Mongodb Inc - US,60937P106,,10782.0,-76.76893906748255,3621674.0,0.021086668205203808,0.0050362218994415365,-0.016050446305762273
ADD,Myers Industries Inc - US,628464109,,102118.0,8.379058191736624,3605787.0,0.0037042676202568817,0.005014129779246172,0.0013098621589892902
ADD,Aspen Aerogels Inc - US,04523Y105,,567384.0,275.51971302442865,3597215.0,0.0009591574452726766,0.005002209740578414,0.004043052295305737
NEW,XOMA Royalty Corporation - US,98419J206,,84391.0,,3586618.0,0.0,0.004987473780503492,0.004987473780503492
TRIM,RTX Corp - US,75513E101,PUT,18900.0,-91.64086687306502,3585897.0,0.08095660593329648,0.004986471173424695,-0.07597013475987179
ADD,Cars.Com Inc - US,14575E105,,324772.0,26.649352269979797,3553006.0,0.0038650144473105505,0.004940733656879989,0.0010757192095694383
ADD,Modine Manufacturing Co - US,607828100,PUT,13300.0,259.4594594594595,3551366.0,0.0014883332305165374,0.004938453108184804,0.0034501198776682664
NEW,Capri Holdings Ltd - US,G1890L107,,191099.0,,3548708.0,0.0,0.004934756950604437,0.004934756950604437
TRIM,Wix.Com Ltd - US,M98068105,CALL,78200.0,-13.399778516057587,3547934.0,0.015096887381889105,0.004933680642866588,-0.010163206739022518
ADD,Chiron Real Estate Inc - US REIT,37954A303,,94464.0,79.24177450571136,3544289.0,0.003236026429746544,0.004928611984333693,0.0016925855545871491
TRIM,Par Pacific Holdings Inc - US,69888T207,CALL,63200.0,-3.3639143730886847,3544256.0,0.007604120662929729,0.004928566095244095,-0.002675554567685634
ADD,First Hawaiian Inc - US,32051X108,,120818.0,565.2973568281939,3539967.0,0.0008305688932817066,0.004922601904174798,0.004092033010893091
ADD,Atlassian Corp - US,049468101,,45394.0,676.8954304295738,3531199.0,0.0007402157414648513,0.004910409312126397,0.004170193570661546
ADD,Ford Motor Co - US,345370860,PUT,253200.0,241.23989218328842,3519480.0,0.0015893853894018717,0.004894113123005135,0.0033047277336032636
ADD,Snap Inc - US,83304A106,CALL,792600.0,2.988565488565489,3519144.0,0.00657116531289845,0.004893645888638316,-0.0016775194242601337
ADD,Starwood Property Trust Inc - US REIT,85571B105,,214813.0,260.2008820027835,3518637.0,0.0019061996200498707,0.004892940865352672,0.002986741245302801
NEW,Bilibili Inc - US ADR,090040106,CALL,206600.0,,3518398.0,0.0,0.004892608517097702,0.004892608517097702
ADD,Automatic Data Processing Inc - US,053015103,CALL,15700.0,145.3125,3516015.0,0.0024136841151129115,0.004889294768597321,0.0024756106534844094
ADD,Rigetti Computing Inc - US,76655K103,PUT,181900.0,3.234960272417707,3514308.0,0.00459190097819963,0.004886921051144467,0.0002950200729448368
NEW,Viking Therapeutics Inc - US,92686J106,CALL,90000.0,,3510900.0,0.0,0.004882181959709596,0.004882181959709596
ADD,Pvh Corp - US,693656100,,47230.0,684.9426624563736,3507300.0,0.0007791230778913588,0.004877175877207971,0.0040980527993166125
NEW,Repligen Corp - US,759916109,,25678.0,,3503506.0,0.0,0.004871900022482648,0.004871900022482648
ADD,Wolfspeed Inc/DE - US,97785W106,CALL,72500.0,144.93243243243242,3498125.0,0.0008966673738001899,0.004864417319721192,0.003967749945921002
TRIM,Phreesia Inc - US,71944F106,,339896.0,-20.98841196229529,3497530.0,0.006691427052656735,0.00486358992552995,-0.0018278371271267845
ADD,GE HealthCare Technologies Inc - US,36266G107,CALL,54600.0,104.49438202247192,3494946.0,0.003527676462124701,0.004859996670756562,0.0013323202086318615
TRIM,Dow Inc - US,260557103,CALL,127500.0,-81.36237392194123,3488400.0,0.052887629100539804,0.00485089394407444,-0.048036735156465366
TRIM,Southwest Airlines Co - US,844741108,PUT,67700.0,-54.34929197572488,3481134.0,0.010341936060367244,0.004840790000891995,-0.005501146059475249
NEW,Sherwin-Williams Co/The - US,824348106,CALL,10100.0,,3477632.0,0.0,0.004835920195080692,0.004835920195080692
TRIM,Banco Bilbao Vizcaya Argentaria Sa - US ADR,05946K101,,138655.0,-50.21203557745133,3474694.0,0.011196676096960146,0.0048318346755279774,-0.006364841421432168
ADD,Gogo Inc - US,38046C109,,1116983.0,10.975957492680145,3462647.0,0.007510402261318435,0.004815082376667678,-0.002695319884650757
NEW,Arcutis Biotherapeutics Inc - US,03969K108,,131914.0,,3458785.0,0.0,0.004809711962606213,0.004809711962606213
TRIM,Qualys Inc - US,74758T303,,25125.0,-89.98545150168404,3454436.0,0.040910610417075534,0.0048036643368285555,-0.03610694608024698
NEW,Ishares Msci Brazil Etf - US ETP,464286400,,100000.0,,3450000.0,0.0,0.0047974957307237755,0.0047974957307237755
TRIM,Sofi Technologies Inc - US,83406F102,CALL,192200.0,-28.176382660687594,3446146.0,0.007887803981508804,0.004792136441290092,-0.0030956675402187116
ADD,Farmland Partners Inc - US REIT,31154R109,,355959.0,11.133694247232265,3445683.0,0.006676572064181884,0.004791492603457245,-0.0018850794607246394
ADD,Cleanspark Inc - US,18452B209,PUT,236800.0,508.7403598971722,3445440.0,0.0006144671410378598,0.004791154692888384,0.004176687551850525
TRIM,Spotify Technology Sa - US,L8681T102,PUT,7500.0,-72.01492537313433,3443475.0,0.024122117951256253,0.0047884222061895815,-0.019333695745066673
TRIM,Lemonade Inc - US,52567D107,CALL,52900.0,-60.015117157974295,3441145.0,0.015392470654374497,0.004785182158348251,-0.010607288496026247
ADD,Honest Co Inc/The - US,438333106,,935671.0,83.77227009095604,3424556.0,0.002778497239547135,0.0047621138520650705,0.0019836166125179354
TRIM,General Mills Inc - US,370334104,CALL,98400.0,-26.785714285714285,3424320.0,0.00928528289228543,0.004761785675545519,-0.004523497216739911
TRIM,Coeur Mining Inc - US,192108504,PUT,209500.0,-6.5566458519179305,3419040.0,0.007811229235220977,0.004754443421209802,-0.0030567858140111747
ADD,Dxp Enterprises Inc/Tx - US,233377407,,20251.0,98.09253643744498,3417154.0,0.0026514753013600852,0.00475182079021034,0.002100345488850255
ADD,Southern Copper Corp - US,84265V105,CALL,19600.0,24.050632911392405,3415496.0,0.0050461076106869335,0.004749515211102648,-0.00029659239958428583
TRIM,QuidelOrtho Corp - US,219798105,,194953.0,-16.867582907265817,3414602.0,0.007151820324727528,0.004748272033948077,-0.002403548290779451
ADD,Apartment Investment And Management Co - US REIT,03748R747,,1149070.0,151.7996331706633,3412738.0,0.00344750815621082,0.004745679995675014,0.0012981718394641938
TRIM,German American Bancorp Inc - US,373865104,,71594.0,-31.95198220718366,3397851.0,0.008161181802647872,0.004724978453952322,-0.0034362033486955495
ADD,Dave & Buster's Entertainment Inc - US,238337109,,297449.0,11.163889272994314,3390919.0,0.0053789406530977656,0.00471533896397975,-0.0006636016891180159
NEW,Liberty Media Corp-Liberty Formula One-c,531229755,CALL,35600.0,,3386984.0,0.0,0.00470986703768978,0.00470986703768978
TRIM,Truist Financial Corp - US,89832Q109,PUT,67900.0,-45.06472491909385,3382778.0,0.010546600046900478,0.004704018264633714,-0.005842581782266764
TRIM,Fmc Corp - US,302491303,,294083.0,-39.626983638192605,3381955.0,0.015569679919611779,0.0047028738185507036,-0.010866806101061076
NEW,Tractor Supply Co - US,892356106,CALL,106300.0,,3360143.0,0.0,0.004672542520904748,0.004672542520904748
TRIM,Wec Energy Group Inc - US,92939U106,,28760.0,-43.917943917943916,3358305.0,0.011019971712000906,0.004669986637671974,-0.006349985074328932
NEW,Sl Green Realty Corp - US REIT,78440X887,,64848.0,,3357181.0,0.0,0.004668423627468689,0.004668423627468689
ADD,Robert Half Inc - US,770323103,,109182.0,24.849344204182913,3351887.0,0.004123043536761684,0.004661061905034356,0.0005380183682726714
KEEP,Teucrium Corn Fund - US ETP,88166A102,CALL,200000.0,0.0,3350000.0,0.0068307331734911115,0.0046584378834564205,-0.002172295290034691
NEW,Septerna Inc - US,81734D104,PUT,100000.0,,3349000.0,0.0,0.004657047304983747,0.004657047304983747
ADD,Bancfirst Corp - US,05945F103,,30078.0,7.659818168802349,3342568.0,0.005626580717121719,0.004648103104247511,-0.0009784776128742081
TRIM,Medtronic Plc - US,G5960L103,PUT,42700.0,-50.52143684820394,3340421.0,0.013880300392495467,0.00464511753226668,-0.009235182860228786
ADD,Kimbell Royalty Partners Lp - US Unit,49435R102,,229449.0,124.80453823996238,3333894.0,0.0027413792582236837,0.00463604122657554,0.0018946619683518563
TRIM,Estee Lauder Cos Inc/The - US,518439104,CALL,42200.0,-1.8604651162790697,3331690.0,0.0057283679222942,0.004632976391621768,-0.0010953915306724325
ADD,Caleres Inc - US,129500104,,269099.0,21.685515707031197,3328755.0,0.004326465740552238,0.0046288950438044705,0.00030242930325223225
NEW,Select Medical Holdings Corp - US,81619Q105,,201568.0,,3327888.0,0.0,0.004627689412268663,0.004627689412268663
ADD,Ishares Russell 1000 Growth Etf - US ETP,464287614,CALL,26800.0,300.0,3327756.0,0.005302876355620458,0.004627505855910269,-0.0006753704997101888
TRIM,Ginkgo Bioworks Holdings Inc - US,37611X209,,335710.0,-27.751940653764123,3326886.0,0.0052871062716416594,0.0046262960526390435,-0.0006608102190026159
TRIM,Emerson Electric Co - US,291011104,,23208.0,-88.05632179175758,3322225.0,0.04725597359415278,0.004619814566377912,-0.04263615902777487
TRIM,United Parcel Service Inc - US Class B,911312106,CALL,30900.0,-42.13483146067416,3321750.0,0.009751413608986459,0.004619154041603392,-0.005132259567383067
ADD,Five9 Inc - US,338307101,CALL,155700.0,15.934475055845123,3319524.0,0.003781647947576582,0.0046160586139232206,0.0008344106663466387
NEW,Vestis Corp - US,29430C102,,227999.0,,3310545.0,0.0,0.004603572609817085,0.004603572609817085
TRIM,Dollar General Corp - US,256677105,PUT,28700.0,-52.166666666666664,3303657.0,0.01322303722318369,0.00459399430529731,-0.008629042917886381
TRIM,Ltc Properties Inc - US REIT,502175102,,85892.0,-71.8866195339094,3302547.0,0.021073411385550255,0.0045924507631926416,-0.016480960622357613
TRIM,Cra International Inc - US,12618T105,,23149.0,-12.80322434835016,3294103.0,0.007977089831267301,0.0045807087185693865,-0.0033963811126979148
ADD,Tyson Foods Inc - US,902494103,,57477.0,99.17870880548914,3290558.0,0.0034318271687516755,0.004575779117883759,0.001143951949132083
NEW,Teladoc Health Inc - US,87918A105,,387807.0,,3288603.0,0.0,0.004573060536969682,0.004573060536969682
NEW,Bandwidth Inc - US,05988J103,,51722.0,,3274003.0,0.0,0.004552758091268648,0.004552758091268648
ADD,Highpeak Energy Inc - US,43114Q105,,467463.0,125.03393828527416,3267566.0,0.0026605278789924537,0.004543806937640048,0.0018832790586475944
ADD,Carvana Co - US,146869102,PUT,49600.0,213.9240506329114,3264672.0,0.009220012266928734,0.004539782603540131,-0.004680229663388603
NEW,American Healthcare REIT Inc - US,398182303,,62553.0,,3262139.0,0.0,0.004536260268268848,0.004536260268268848
ADD,Rocket Cos Inc - US,77311W101,CALL,206700.0,434.1085271317829,3255525.0,0.0010236354828399485,0.004527062982250586,0.003503427499410637
ADD,Orthopediatrics Corp - US,68752L100,,170022.0,0.6148547487025322,3252521.0,0.004977822553081936,0.004522885684518674,-0.00045493686856326165
TRIM,Ishares U.S. Real Estate Etf - US ETP,464287739,PUT,31800.0,-87.6216426625146,3251550.0,0.04509112492136918,0.004521535432821708,-0.04056958948854747
ADD,Ranpak Holdings Corp - US,75321W103,,444473.0,2070.702285602657,3249098.0,0.00013568471854593118,0.004518125734406713,0.004382441015860781
NEW,Firstenergy Corp - US,337932107,CALL,68300.0,,3246982.0,0.0,0.004515183270358536,0.004515183270358536
TRIM,Western Alliance Bancorp - US,957638109,PUT,39500.0,-18.219461697722565,3246900.0,0.006351941470111719,0.004515069242923776,-0.0018368722271879436
TRIM,Lowe's Cos Inc - US,548661107,PUT,14700.0,-73.70304114490162,3241203.0,0.02451648884608577,0.004507147117364955,-0.020009341728720816
ADD,Vanguard Morningstar Mid Cap ETF - US ETP,922908629,,40205.0,2550.2966381015162,3239317.0,0.0008086474370917798,0.004504524486365492,0.0036958770492737125
ADD,Builders Firstsource Inc - US,12008R107,CALL,35900.0,18.48184818481848,3212332.0,0.00463041851735265,0.004466999726280397,-0.00016341879107225309
ADD,International Money Express Inc - US,46005L101,,222055.0,1.2267281778231613,3208695.0,0.0064334202373355145,0.004461942192375283,-0.0019714780449602313
NEW,Twist Bioscience Corp - US,90184D100,,31109.0,,3200494.0,0.0,0.004450538058320887,0.004450538058320887
ADD,Vertex Inc - US,92538J106,,278719.0,27.563685959339846,3199694.0,0.0048221523714710645,0.004449425595542749,-0.00037272677592831583
TRIM,Capital One Financial Corp - US,14040H105,PUT,15900.0,-80.63337393422655,3189858.0,0.027800903966892023,0.004435747865685531,-0.023365156101206493
NEW,Beazer Homes Usa Inc - US,07556Q881,,113520.0,,3184236.0,0.0,0.004427930033512161,0.004427930033512161
NEW,Ishares Biotechnology Etf - US ETP,464287556,,16732.0,,3182259.0,0.0,0.004425180859871685,0.004425180859871685
TRIM,Invitation Homes Inc - US REIT,46187W107,,105172.0,-61.709687989223426,3177246.0,0.012669432285957136,0.004418209889988173,-0.008251222395968963
ADD,Mckesson Corp - US,58155Q103,CALL,4200.0,740.0,3173520.0,0.0008031308775831887,0.004413028594598991,0.003609897717015802
ADD,Barrick Mining Corp - US,06849F108,,86202.0,9.857647163775855,3166199.0,0.0059410097596914735,0.004402848169600548,-0.0015381615900909255
NEW,AmperCap Acquisition Co - US Unit,G0344N123,,315000.0,,3162600.0,0.0,0.004397843477677395,0.004397843477677395
TRIM,Constellation Brands Inc - US,21036P108,CALL,22700.0,-29.721362229102166,3157343.0,0.008993179952599031,0.004390533206646551,-0.0046026467459524805
ADD,State Street SPDR S&P Homebuilders ETF - US ETP,78464A888,,27312.0,9.239260859131269,3156175.0,0.004581411719187837,0.004388909010990468,-0.00019250270819736945
ADD,Canadian Imperial Bank Of Commerce - US,136069101,CALL,27400.0,194.6236559139785,3151000.0,0.001635617202214954,0.004381712767394382,0.002746095565179428
TRIM,Eqt Corp - US,26884L109,PUT,59200.0,-42.01762977473066,3147664.0,0.012060780549004207,0.004377073797609543,-0.007683706751394664
NEW,Primerica Inc - US,74164M108,,11057.0,,3142399.0,0.0,0.004369752401950916,0.004369752401950916
TRIM,Evolv Technologies Holdings Inc - US,30049H102,,540950.0,-31.29807832742984,3137510.0,0.008842256016837241,0.004362953863798016,-0.0044793021530392255
ADD,Pinnacle West Capital Corp - US,723484101,,29320.0,81.36830384758134,3137240.0,0.003023202686954976,0.004362578407610394,0.001339375720655418
ADD,Ishares Expanded Tech Sector Etf - US ETP,464287549,,19177.0,209.45618847829596,3136974.0,0.0013631878877747047,0.004362208513736663,0.0029990206259619583
TRIM,Caesars Entertainment Inc - US,12769G100,CALL,103900.0,-1.2357414448669202,3135702.0,0.0051609827233611225,0.004360439697919422,-0.0008005430254417007
NEW,Mercury Systems Inc - US,589378108,CALL,25600.0,,3131648.0,0.0,0.004354802292791203,0.004354802292791203
TRIM,Franco-Nevada Corp - US,351858105,PUT,15000.0,-3.225806451612903,3126600.0,0.007107814068728308,0.004347782652661147,-0.0027600314160671612
ADD,Argan Inc - US,04010E109,PUT,3900.0,875.0,3114345.0,0.00040438682858064503,0.004330741113478533,0.003926354284897888
ADD,Domino's Pizza Inc - US,25754A201,CALL,10500.0,87.5,3108420.0,0.00372947636678655,0.004322501936027942,0.0005930255692413919
ADD,Rubrik Inc - US,781154109,CALL,38700.0,54.18326693227091,3106836.0,0.002281514996738337,0.004320299259727227,0.0020387842629888903
TRIM,T-Mobile Us Inc - US,872590104,PUT,18500.0,-52.926208651399484,3103005.0,0.015321221281313505,0.0043149719535984146,-0.01100624932771509
ADD,Clearpoint Neuro Inc - US,18507C103,,173759.0,10.694969134426104,3099861.0,0.002651430753100258,0.004310599974880329,0.0016591692217800711
NEW,Incyte Corp - US,45337C102,CALL,27300.0,,3094728.0,0.0,0.004303462135580095,0.004303462135580095
NEW,Gorman-Rupp Co/The - US,383082104,,33708.0,,3092372.0,0.0,0.004300185932698477,0.004300185932698477
TRIM,Albemarle Corp - US,012653101,CALL,22900.0,-50.752688172043015,3092187.0,0.01549563885560162,0.004299928675681032,-0.011195710179920588
NEW,Gap Inc/The - US,364760108,,165398.0,,3089635.0,0.0,0.004296379919418769,0.004296379919418769
ADD,Sezzle Inc - US,78435P105,CALL,18000.0,13.20754716981132,3089340.0,0.0018678918289535365,0.00429596969876933,0.0024280778698157934
ADD,Hershey Co/The - US,427866108,CALL,17600.0,87.2340425531915,3087920.0,0.0036272789463881613,0.004293995077338134,0.000666716130949973
ADD,Sellas Life Sciences Group Inc - US,81642T209,PUT,209200.0,31.738035264483628,3087792.0,0.0012468389701712347,0.004293817083293632,0.003046978113122397
TRIM,Servisfirst Bancshares Inc - US,81768T108,,35537.0,-60.191999641540924,3082835.0,0.01206813658040816,0.00428692398580459,-0.0077812125946035695
NEW,Mercury Systems Inc - US,589378108,PUT,25200.0,,3082716.0,0.0,0.00428675850696634,0.00428675850696634
NEW,Loews Corp - US,540424108,,27230.0,,3082708.0,0.0,0.004286747382338559,0.004286747382338559
TRIM,Mastercard Inc - US,57636Q104,PUT,6000.0,-88.50574712643679,3081600.0,0.04841328912384644,0.004285206621390838,-0.044128082502455604
ADD,Sprouts Farmers Market Inc - US,85208M102,CALL,36400.0,50.413223140495866,3078712.0,0.003464640674469332,0.004281190630761756,0.0008165499562924239
TRIM,Delek Us Holdings Inc - US,24665A103,,60502.0,-77.32691262718058,3074107.0,0.02232369727732561,0.004274787016895094,-0.018048910260430515
TRIM,Trimas Corp - US,896215209,,68254.0,-57.469903541786096,3073478.0,0.010706051262064175,0.0042739123430357824,-0.006432138919028393
ADD,Sap Se - US ADR,803054204,CALL,19900.0,24.375,3066789.0,0.0050847383766670145,0.004264610763632069,-0.0008201276130349452
TRIM,Shell PLC - US ADR,780259305,PUT,39500.0,-80.63725490196079,3062830.0,0.03521539939333516,0.004259105463458754,-0.030956293929876404
TRIM,Wolverine World Wide Inc - US,978097103,,184442.0,-68.7752669750056,3048826.0,0.017893723655065072,0.004239631802527434,-0.013654091852537638
TRIM,Accenture Plc - US,G1151C101,CALL,24500.0,-11.552346570397113,3048780.0,0.010195301750791306,0.0042395678359176915,-0.005955733914873615
TRIM,Lakeland Financial Corp - US,511656100,,49386.0,-17.6172285518875,3048104.0,0.0063848032364441885,0.004238627804870164,-0.002146175431574025
NEW,Blackline Inc - US,09239B109,,108432.0,,3043686.0,0.0,0.004232484229177892,0.004232484229177892
TRIM,Celsius Holdings Inc - US,15118V207,PUT,103800.0,-13.427856547122602,3039264.0,0.007896275575585927,0.004226335091171729,-0.003669940484414198
ADD,Truist Financial Corp - US,89832Q109,CALL,61000.0,193.26923076923077,3039020.0,0.0017748323703521839,0.004225995790024397,0.0024511634196722133
NEW,State Street Corp - US,857477103,CALL,17900.0,,3035840.0,0.0,0.004221573750481295,0.004221573750481295
ADD,Arcos Dorados Holdings Inc - US,G0457F107,,376069.0,1817.349852146426,3031116.0,0.0003003592171743581,0.004215004657776385,0.003914645440602027
ADD,Alcoa Corp - US,013872106,CALL,58100.0,130.55555555555557,3029334.0,0.0031026303780492307,0.004212526646938081,0.00110989626888885
TRIM,Microchip Technology Inc - US,595017104,PUT,33200.0,-47.96238244514107,3027840.0,0.007651382654251314,0.0042104491226999064,-0.0034409335315514072
TRIM,Clorox Co/The - US,189054109,CALL,31700.0,-58.99094437257438,3025448.0,0.014869093567618133,0.004207122858993271,-0.010661970708624862
ADD,Hsbc Holdings Plc - US ADR,404280406,CALL,31800.0,51.42857142857142,3023862.0,0.0032154377089964447,0.004204917401535611,0.0009894796925391663
ADD,Sunrun Inc - US,86771W105,CALL,225900.0,2114.7058823529414,3022542.0,0.00025673162138366924,0.004203081837951682,0.003946350216568013
NEW,Innventure Inc - US,45784M108,,595917.0,,3021299.0,0.0,0.004201353348910149,0.004201353348910149
TRIM,Fastly Inc - US,31188V100,,164334.0,-84.14497544089171,3017172.0,0.05590821457722994,0.004195614431553425,-0.05171260014567652
ADD,Charter Communications Inc - US,16119P108,CALL,21200.0,186.48648648648648,3014852.0,0.002965265818872319,0.004192388289496822,0.0012271224706245035
KEEP,Mountain Lake Acquisition Corp II. - US,G6301L125,,300000.0,0.0,3009000.0,0.005529552751040767,0.004184250624274737,-0.0013453021267660296
NEW,Champion Homes Inc - US,830830105,,34107.0,,3005509.0,0.0,0.004179396114826634,0.004179396114826634
TRIM,Hca Healthcare Inc - US,40412C101,PUT,7700.0,-71.26865671641791,3002153.0,0.023541587303319192,0.004174729333472341,-0.01936685796984685
TRIM,Graphic Packaging Holding Co - US,388689101,,283868.0,-82.10000283758603,3000485.0,0.02925966643377082,0.004172409848579922,-0.025087256585190898
TRIM,Revolution Medicines Inc - US,76155X100,,16000.0,-81.78755179164959,2996480.0,0.01585845102069861,0.004166840581796864,-0.011691610438901745
NEW,Qnity Electronics Inc - US,74743L100,CALL,18300.0,,2988573.0,0.0,0.004155845277813434,0.004155845277813434
NEW,Cigna Group/The - US,125523100,CALL,10800.0,,2977344.0,0.0,0.004140230472143783,0.004140230472143783
NEW,Peace Acquisition Corp - US,G6956D105,,300000.0,,2976000.0,0.0,0.004138361534676509,0.004138361534676509
NEW,Andersons Inc/The - US,034164103,,43414.0,,2969518.0,0.0,0.0041293478050166395,0.0041293478050166395
ADD,Pagaya Technologies Ltd - A - US,M7S64L123,,161811.0,76.51659775932977,2953051.0,0.001982293616367063,0.004106449149307124,0.002124155532940061
ADD,T-Mobile Us Inc - US,872590104,CALL,17600.0,147.88732394366198,2952048.0,0.002767956007565544,0.004105054399099032,0.001337098391533488
ADD,United Rentals Inc - US,911363109,CALL,2600.0,271.42857142857144,2945514.0,0.0009466356719062714,0.004095968359358584,0.0031493326874523124
TRIM,Duolingo Inc - US,26603R106,CALL,25600.0,-75.64224548049476,2944512.0,0.01922945496536633,0.004094574999728965,-0.015134879965637364
ADD,Hycroft Mining Holding Corp - US,44862P208,PUT,125700.0,151.90380761523045,2941380.0,0.0032603386425471923,0.004090219707952551,0.0008298810654053584
TRIM,Oneok Inc - US,682680103,PUT,33800.0,-65.19052523171987,2938572.0,0.016291426695023304,0.004086314963601284,-0.012205111731422021
NEW,Spectrum Brands Holdings Inc - US,84790A105,,34210.0,,2933508.0,0.0,0.0040792730742156644,0.0040792730742156644
NEW,Align Technology Inc - US,016255101,,17353.0,,2926757.0,0.0,0.004069885278946645,0.004069885278946645
TRIM,Chewy Inc - US,16679L109,PUT,148900.0,-4.856230031948882,2925885.0,0.007843277995811603,0.004068672694518475,-0.003774605301293128
TRIM,Natwest Group Plc - US ADR,639057207,,165842.0,-40.07234305495832,2923794.0,0.007653727006424716,0.004065764994932114,-0.003587962011492602
TRIM,Ferrari Nv - US,N3167Y103,PUT,7800.0,-66.08695652173913,2903862.0,0.01444913526605042,0.004038047984814785,-0.010411087281235635
ADD,Moody's Corp - US,615369105,,6403.0,26.817191523073873,2900047.0,0.004088464806248379,0.004032742927941535,-5.572187830684382e-05
TRIM,Alexandria Real Estate Equities Inc - US REIT,015271109,PUT,54700.0,-48.926237161531276,2890895.0,0.009228138611992199,0.004020016353759626,-0.005208122258232572
TRIM,Estee Lauder Cos Inc/The - US,518439104,PUT,36600.0,-59.51327433628318,2889570.0,0.01204289442268362,0.004018173837283334,-0.008024720585400286
ADD,Xpel Inc - US,98379L100,,58186.0,43.864507355668195,2886026.0,0.0033227359051450395,0.0040132456271761785,0.000690509722031139
ADD,Teekay Corp Ltd - US,G8726T105,,288259.0,114.28231603517614,2882590.0,0.0030488197925330604,0.004008467599544072,0.0009596478070110119
TRIM,Structure Therapeutics Inc - US ADR,86366E106,,53656.0,-28.744638185415866,2879718.0,0.006737011059524831,0.004004473858170553,-0.002732537201354277
ADD,American Tower Corp - US REIT,03027X100,CALL,17600.0,225.9259259259259,2878832.0,0.0017298312032168258,0.0040032418056437655,0.00227341060242694
TRIM,Biontech Se - US ADR,09075V102,PUT,30900.0,-10.951008645533141,2875245.0,0.005724703827923419,0.003998253800662285,-0.0017264500272611344
KEEP,Peloton Interactive Inc - US,70614W100,PUT,485400.0,0.08247422680412371,2868714.0,0.0038620557003870336,0.003989171932657254,0.00012711623227022045
TRIM,Alexandria Real Estate Equities Inc - US REIT,015271109,,54230.0,-20.712896764477975,2866056.0,0.00589334312167646,0.003985475775076888,-0.0019078673465995726
TRIM,Bankunited Inc - US,06652K103,CALL,59100.0,-22.440944881889763,2863395.0,0.006387463138791367,0.003981775445761103,-0.0024056876930302635
TRIM,Pool Corp - US,73278L105,CALL,13300.0,-24.858757062146893,2858170.0,0.006647418940480022,0.003974509673241384,-0.0026729092672386386
ADD,Ionis Pharmaceuticals Inc - US,462222100,CALL,36000.0,73.07692307692307,2854440.0,0.0028991116530290516,0.003969322815538311,0.0010702111625092597
ADD,Vanguard Ftse Emerging Markets Etf - US ETP,922042858,,47814.0,649.6707431796801,2854018.0,0.0006398819232692295,0.003968735991422843,0.003328854068153614
ADD,Simulations Plus Inc - US,829214105,,155702.0,3.0443012005135603,2850904.0,0.003315181262749358,0.003964405730058938,0.0006492244673095798
TRIM,Idacorp Inc - US,451107106,,18815.0,-70.29194890499424,2846710.0,0.01680716561139681,0.003958573643944545,-0.012848591967452265
TRIM,Unity Software Inc - US,91332U101,,99539.0,-91.77628698188187,2844825.0,0.0492925696830716,0.003955952403523555,-0.04533661727954805
NEW,Tootsie Roll Industries Inc - US,890516107,,71895.0,,2843447.0,0.0,0.0039540361863882115,0.0039540361863882115
ADD,Anglogold Ashanti Plc - US,G0378L100,PUT,35100.0,11.78343949044586,2839239.0,0.0056745276379381445,0.003948184632175201,-0.001726343005762944
NEW,Amc Entertainment Holdings Inc - US,00165C302,CALL,1494000.0,,2838600.0,0.0,0.003947296052531162,0.003947296052531162
ADD,Kratos Defense & Security Solutions Inc - US,50077B207,PUT,56900.0,5.565862708719852,2837034.0,0.007054382143420668,0.0039451184066429555,-0.0031092637367777128
NEW,Getty Realty Corp - US REIT,374297109,,84942.0,,2833665.0,0.0,0.003940433547768519,0.003940433547768519
ADD,Nvent Electric Plc - US,G6700G107,CALL,16700.0,142.02898550724638,2832487.0,0.0015148858495509913,0.003938795446327709,0.002423909596776718
KEEP,ECARX Holdings Inc - US,G29201103,,2195151.0,0.0,2831745.0,0.003984134637910766,0.003937763637100985,-4.6371000809780974e-05
ADD,Bill Holdings Inc - US,090043100,PUT,78300.0,463.3093525179856,2831328.0,0.0009881732118400715,0.0039371837658778806,0.002949010554037809
ADD,Caledonia Mining Corp Plc - US,G1757E113,,148117.0,3.0866775239765594,2829035.0,0.0060247363578590455,0.00393399516944004,-0.0020907411884190054
TRIM,Verizon Communications Inc - US,92343V104,CALL,66800.0,-51.48874364560639,2828312.0,0.012830901166055501,0.003932989781204297,-0.008897911384851204
ADD,Idex Corp - US,45167R104,,12460.0,68.7889460850718,2827797.0,0.002597271206215442,0.00393227363329087,0.0013350024270754285
ADD,Apa Corp - US,03743Q108,CALL,86700.0,2.0,2823819.0,0.006695974687514086,0.003926741912126575,-0.002769232775387511
ADD,Brighthouse Financial Inc - US,10922N103,,44594.0,155.96372402709218,2822800.0,0.0019364181896325977,0.00392532491266292,0.0019889067230303226
ADD,Nice Ltd - US ADR,653656108,CALL,31000.0,20.622568093385212,2816350.0,0.005259816750142565,0.003916355681514176,-0.0013434610686283892
NEW,Applied Aerospace & Defense Inc - US,03815J107,,123492.0,,2813148.0,0.0,0.003911903049244676,0.003911903049244676
NEW,Clover Health Investments Corp - US,18914F103,CALL,535900.0,,2808116.0,0.0,0.003904905658370182,0.003904905658370182
NEW,Federal Realty Investment Trust - US REIT,313745101,,22710.0,,2803322.0,0.0,0.0038982392251721847,0.0038982392251721847
NEW,Edwards Lifesciences Corp - US,28176E108,CALL,30800.0,,2786168.0,0.0,0.0038743852420519424,0.0038743852420519424
TRIM,Wheaton Precious Metals Corp - US,962879102,,24681.0,-29.19356226869782,2772170.0,0.008476449837444371,0.003854919924591458,-0.004621529912852913
NEW,Revolution Medicines Inc - US,76155X100,PUT,14800.0,,2771744.0,0.0,0.003854327538162099,0.003854327538162099
NEW,Lloyds Banking Group Plc - US ADR,539439109,,475209.0,,2770468.0,0.0,0.003852553160030968,0.003852553160030968
TRIM,Lsb Industries Inc - US,502160104,,256136.0,-20.833526508232342,2768830.0,0.008948188066351137,0.003850275392492728,-0.00509791267385841
NEW,State Street SPDR Portfolio S&P 500 High Dividend,78468R788,,58023.0,,2768277.0,0.0,0.0038495064025973395,0.0038495064025973395
TRIM,Ishares U.S. Energy Etf - US ETP,464287796,,48862.0,-71.71781484782885,2765101.0,0.02077072637797742,0.0038450899253681284,-0.01692563645260929
NEW,Brady Corp - US,104674106,,30178.0,,2763399.0,0.0,0.003842723160807638,0.003842723160807638
ADD,ERO Copper Corp - US,296006109,CALL,103300.0,403.9024390243902,2763275.0,0.0010148372015240932,0.0038425507290770267,0.0028277135275529336
NEW,State Street SPDR Portfolio S&P 500 Value ETF - US,78464A508,,45417.0,,2760899.0,0.0,0.003839246714625954,0.003839246714625954
TRIM,HF Sinclair Corp - US,403949100,CALL,39600.0,-51.707317073170735,2758140.0,0.009496166929597026,0.003835410108619848,-0.005660756820977178
TRIM,Safehold Inc - US REIT,78646V107,,175653.0,-9.551394939290017,2757752.0,0.004877204739729916,0.0038348705641724507,-0.001042334175557465
TRIM,Generac Holdings Inc - US,368736104,CALL,9400.0,-28.24427480916031,2752414.0,0.004749629660650013,0.0038274476562853194,-0.0009221820043646936
TRIM,State Street SPDR EURO STOXX 50 ETF - US ETP,78463X202,PUT,40000.0,-86.66666666666667,2747200.0,0.03456944962584197,0.0038201971801287995,-0.030749252445713172
TRIM,Moderna Inc - US,60770K107,PUT,39200.0,-74.22748191978961,2745176.0,0.014342089510040843,0.0038173826493001083,-0.010524706860740736
TRIM,Steven Madden Ltd - US,556269108,,65109.0,-45.76645314985881,2741089.0,0.0075587222738109135,0.0038116993550822913,-0.0037470229187286223
ADD,Petroleo Brasileiro S.A. - ADR (NYSE),71654V408,PUT,169600.0,37.886178861788615,2740736.0,0.004737429005989862,0.0038112084808814375,-0.0009262205251084244
TRIM,Kinross Gold Corp - US,496902404,PUT,116000.0,-12.121212121212121,2739920.0,0.007477870894579682,0.0038100737688477357,-0.0036677971257319465
NEW,Axt Inc - US,00246W103,,37990.0,,2738319.0,0.0,0.003807847452712985,0.003807847452712985
NEW,Epam Systems Inc - US,29414B104,,34461.0,,2734480.0,0.0,0.003802509021956392,0.003802509021956392
NEW,Osi Systems Inc - US,671044105,CALL,12500.0,,2733750.0,0.0,0.0038014938996713396,0.0038014938996713396
ADD,Fedex Corp - US,31428X106,CALL,8700.0,148.57142857142858,2724231.0,0.002313966547844898,0.0037882569831899603,0.0014742904353450621
TRIM,Teva Pharmaceutical Industries Ltd - US ADR,881624209,PUT,80300.0,-65.610278372591,2720564.0,0.013054533430387625,0.0037831577319306663,-0.009271375698456959
ADD,Roivant Sciences Ltd - US,G76279101,CALL,76800.0,825.301204819277,2717952.0,0.00042675376736884277,0.003779525540960043,0.0033527717735912003
TRIM,SLB Ltd - US,806857108,CALL,58400.0,-58.13620071684588,2715016.0,0.013306760108996278,0.0037754428025642732,-0.009531317306432006
NEW,First Industrial Realty Trust Inc - US REIT,32054K103,,44255.0,,2713274.0,0.0,0.0037730204148648766,0.0037730204148648766
NEW,Lpl Financial Holdings Inc - US,50212V100,,9632.0,,2713142.0,0.0,0.0037728368585064837,0.0037728368585064837
TRIM,Oklo Inc - US,02156V109,CALL,51800.0,-48.09619238476954,2710694.0,0.009186374618404278,0.003769432722405378,-0.0054169418959989
NEW,Acushnet Holdings Corp - US,005098108,,22805.0,,2703077.0,0.0,0.0037588406861790236,0.0037588406861790236
NEW,Blackstone Mortgage Trust Inc - US REIT,09257W100,,159207.0,,2698559.0,0.0,0.003752558052639485,0.003752558052639485
NEW,Newamsterdam Pharma Co NV - US,N62509109,,79460.0,,2692899.0,0.0,0.003744687378484153,0.003744687378484153
ADD,Arthur J Gallagher & Co - US,363576109,CALL,11700.0,200.0,2685969.0,0.0015678425934204754,0.003735050669668525,0.0021672080762480494
TRIM,Global Industrial Co - US,37892E102,,80258.0,-8.932259162600703,2685433.0,0.005156197497784694,0.0037343053196071717,-0.0014218921781775223
ADD,Vertex Pharmaceuticals Inc - US,92532F100,CALL,5400.0,237.5,2682342.0,0.001326171996213357,0.0037300070415481374,0.00240383504533478
ADD,Vitesse Energy Inc - US,92852X103,,169620.0,95.41249524775061,2674907.0,0.0029259037189600765,0.00371966809060381,0.0007937643716437333
NEW,Universal Health Realty Income Trust - US REIT,91359E105,,60853.0,,2669013.0,0.0,0.0037114720210858717,0.0037114720210858717
ADD,Kinder Morgan Inc - US,49456B101,,83196.0,32.73768687078194,2659776.0,0.0039008683717614077,0.003698627247733786,-0.00020224112402762165
TRIM,Sprinklr Inc - US,85208T107,,515000.0,-4.913656060692782,2657400.0,0.006031979162435938,0.0036953232332827143,-0.0023366559291532235
NEW,Reliance Inc - US,759509102,,7093.0,,2649945.0,0.0,0.003684956470768932,0.003684956470768932
TRIM,Flutter Entertainment PLC - US,G3643J108,CALL,25900.0,-39.05882352941176,2646203.0,0.008042585054100625,0.0036797529261241883,-0.004362832127976436
TRIM,Plains Gp Holdings Lp - US,72651A207,PUT,109000.0,-11.883589329021827,2645430.0,0.005574910304254742,0.0036786780089648114,-0.0018962322952899304
NEW,Franklin Resources Inc - US,354613101,CALL,79200.0,,2634984.0,0.0,0.0036641520262392633,0.0036641520262392633
ADD,Powell Industries Inc - US,739128106,CALL,9200.0,736.3636363636364,2634512.0,0.0011047745695825619,0.0036634956732001615,0.0025587211036175997
TRIM,First Citizens Bancshares Inc/Nc - US,31946M103,,1264.0,-62.581409117821195,2630119.0,0.01181713312276726,0.003657386861969706,-0.008159746260797554
TRIM,Nextera Energy Inc - US,65339F101,PUT,29900.0,-83.7588267246062,2624323.0,0.03173916503424582,0.0036493270691420904,-0.028089837965103732
ADD,Emerson Electric Co - US,291011104,CALL,18300.0,131.64556962025316,2619645.0,0.0019212513633389574,0.0036428219430469236,0.0017215705797079663
TRIM,Skywater Technology Inc - US,83089J108,,75000.0,-3.039391863065765,2611500.0,0.0039354508146297,0.0036314956813869974,-0.0003039551332427023
NEW,Sofi Technologies Inc - US,83406F102,,145484.0,,2608528.0,0.0,0.0036273628821662115,0.0036273628821662115
NEW,Teledyne Technologies Inc - US,879360105,,3910.0,,2607579.0,0.0,0.0036260432231956445,0.0036260432231956445
NEW,Trane Technologies Plc - US,G8994E103,CALL,5300.0,,2603148.0,0.0,0.003619881569983228,0.003619881569983228
NEW,Global Net Lease Inc - US REIT,379378201,,290979.0,,2601352.0,0.0,0.0036173840910463063,0.0036173840910463063
ADD,Dutch Bros Inc - US,26701L100,CALL,36200.0,524.1379310344828,2599522.0,0.0005453969203534093,0.003614839332441313,0.0030694424120879036
NEW,RB Global Inc - US,74935Q107,,22309.0,,2597883.0,0.0,0.0036125601743246015,0.0036125601743246015
TRIM,Gitlab Inc - US,37637K108,PUT,85000.0,-62.35606731620903,2595050.0,0.00906986235718144,0.0036086206655115173,-0.005461241691669923
TRIM,Surgery Partners Inc - US,86881A100,,153926.0,-43.02265753110275,2585957.0,0.005977307310563109,0.0035959761354594968,-0.0023813311751036126
NEW,Billiontoone Inc - US,090168105,,21517.0,,2581610.0,0.0,0.003589931290838785,0.003589931290838785
TRIM,Byline Bancorp Inc - US,124411109,,68297.0,-43.26784898450804,2572065.0,0.0070545027949577,0.0035766582193171156,-0.0034778445756405846
TRIM,Dave Inc - US,23834J201,CALL,6900.0,-9.210526315789473,2570871.0,0.0024558787418791617,0.0035749978686207434,0.0011191191267415817
TRIM,Ivanhoe Electric Inc / US - US,46578C108,,267090.0,-13.852495500551546,2566735.0,0.006802238992799193,0.0035692464360577657,-0.0032329925567414273
NEW,Revolution Medicines Inc - US,76155X100,CALL,13700.0,,2565736.0,0.0,0.003567857248163565,0.003567857248163565
TRIM,Adecoagro Sa - US,L00849106,,267964.0,-26.969565655822368,2559056.0,0.010229678157957897,0.003558568183966105,-0.006671109973991792
ADD,Cable One Inc - US,12685J105,,48176.0,129.90217131949416,2558627.0,0.003547723179046903,0.003557971625801328,1.0248446754424715e-05
ADD,First Mid Bancshares Inc - US,320866106,,53084.0,89.33552091878589,2552810.0,0.002143595440491079,0.0035498826308257864,0.0014062871903347076
TRIM,Anheuser-Busch Inbev Sa/Nv - US ADR,03524A108,PUT,30900.0,-41.254752851711025,2546160.0,0.006772935518720414,0.003540635283982507,-0.0032323002347379066
ADD,Us Global Jets Etf - US ETP,26922A842,,76571.0,97.78122174867623,2543689.0,0.0017699580482561004,0.0035371991645765308,0.0017672411163204304
ADD,Oxford Industries Inc - US,691497309,,72916.0,24.483141271873667,2542581.0,0.004187022262583395,0.003535658403628809,-0.0006513638589545857
ADD,Ford Motor Co - US,345370860,CALL,182800.0,1692.1568627450981,2540920.0,0.00021848694032209015,0.003533348652785698,0.0033148617124636078
NEW,International Flavors & Fragrances Inc - US,459506101,,31997.0,,2534802.0,0.0,0.0035248410936898804,0.0035248410936898804
TRIM,Lennar Corp - US,526057104,PUT,28000.0,-55.27156549520767,2533720.0,0.010090522387500436,0.0035233364877824483,-0.006567185899717987
NEW,Annovis Bio Inc - US,03615A108,,1357134.0,,2524269.0,0.0,0.0035101941306372106,0.0035101941306372106
TRIM,Viasat Inc - US,92552V100,CALL,28100.0,-36.711711711711715,2523661.0,0.0037745740551515345,0.003509348658925825,-0.00026522539622570937
NEW,Ecovyst Inc - US,27923Q109,,202156.0,,2516842.0,0.0,0.0034998663043206636,0.0034998663043206636
NEW,Dexcom Inc - US,252131107,CALL,37300.0,,2512155.0,0.0,0.0034933486630192427,0.0034933486630192427
NEW,Orion Group Holdings Inc - US,68628V308,,149220.0,,2509880.0,0.0,0.0034901850969939105,0.0034901850969939105
ADD,Centene Corp - US,15135B101,PUT,39100.0,8.61111111111111,2509829.0,0.0021877650401096642,0.003490114177491804,0.00130234913738214
ADD,Silvercorp Metals Inc - US,82835P103,,247832.0,72.2778333889445,2503103.0,0.002867818356677995,0.0034807611466846017,0.0006129427900066066
NEW,Madison Square Garden Sports Corp - US,55825T103,CALL,6200.0,,2491408.0,0.0,0.0034644983314466847,0.0034644983314466847
NEW,Southern Copper Corp - US,84265V105,,14258.0,,2484599.0,0.0,0.00345502988262625,0.00345502988262625
ADD,Wp Carey Inc - US REIT,92936U109,,34746.0,253.50493437786145,2484339.0,0.0012398875854607119,0.0034546683322233553,0.0022147807467626434
TRIM,Monday.Com Ltd - US,M7S64H106,CALL,34300.0,-51.69014084507042,2482977.0,0.009107910283428784,0.003452774364343574,-0.00565513591908521
TRIM,Mp Materials Corp - US,553368101,PUT,44300.0,-39.31506849315068,2481243.0,0.006539276183572206,0.003450363101271958,-0.003088913082300248
ADD,Dollar Tree Inc - US,256746108,CALL,20500.0,135.63218390804596,2479475.0,0.0017684489759544572,0.0034479045585322707,0.0016794555825778135
TRIM,Suncor Energy Inc - US,867224107,PUT,46100.0,-44.85645933014354,2474648.0,0.010258714342477713,0.0034411922362446753,-0.0068175221062330375
ADD,TWFG Inc - US,87318A101,,102591.0,251.7606720384022,2467314.0,0.000995549661196445,0.0034309937337260875,0.0024354440725296426
ADD,Bristol-Myers Squibb Co - US,110122108,CALL,42800.0,21.246458923512748,2466136.0,0.003973973922315198,0.003429355632285278,-0.0005446182900299195
NEW,Fermi Inc - US,314911108,CALL,269000.0,,2464040.0,0.0,0.0034264409798065547,0.0034264409798065547
ADD,Powerfleet Inc - US,73931J109,,642466.0,25.412810547336324,2460645.0,0.0029287232525716344,0.003421719965891828,0.0004929967133201936
ADD,Orthofix Medical Inc - US,68752M108,,269038.0,2.3059313848517347,2459007.0,0.005598810445651989,0.0034194421983535887,-0.0021793682472984006
NEW,Mgm Resorts International - US,552953101,,51348.0,,2454948.0,0.0,0.0034137978403330064,0.0034137978403330064
ADD,Quantumscape Corp - US,74767V109,CALL,324100.0,122.13845099383138,2450196.0,0.0017278079697496777,0.003407189811430862,0.0016793818416811841
NEW,Brunswick Corp/De - US,117043109,CALL,29000.0,,2442960.0,0.0,0.003397127585602596,0.003397127585602596
ADD,Agios Pharmaceuticals Inc - US,00847X104,,65779.0,13.11757321456209,2441059.0,0.003651561460348925,0.0033944840959260433,-0.0002570773644228817
TRIM,Viavi Solutions Inc - US,925550105,PUT,51100.0,-46.659707724425886,2440025.0,0.005917909630793621,0.0033930462377852987,-0.0025248633930083225
NEW,Westinghouse Air Brake Technologies Corp - US,929740108,,9032.0,,2435027.0,0.0,0.0033860961265788766,0.0033860961265788766
NEW,Chefs' Warehouse Inc/The - US,163086101,,25337.0,,2434886.0,0.0,0.0033859000550142296,0.0033859000550142296
NEW,Idaho Strategic Resources Inc - US,645827205,,74344.0,,2434766.0,0.0,0.0033857331855975093,0.0033857331855975093
NEW,GCT Semiconductor Holding Inc - US,36170N107,,818485.0,,2430900.0,0.0,0.003380357209222153,0.003380357209222153
ADD,Global Payments Inc - US,37940X102,CALL,33400.0,9.15032679738562,2423504.0,0.003822574805115252,0.0033700724908382594,-0.0004525023142769925
TRIM,ProFrac Holding Corp - US,74319N100,,416889.0,-12.347934687080809,2422125.0,0.005473555588438082,0.0033681548831244424,-0.0021054007053136394
ADD,At&T Inc - US,00206R102,CALL,117000.0,908.6206896551724,2421900.0,0.0006242027919875774,0.003367842002968091,0.0027436392109805134
NEW,Plexus Corp - US,729132100,,8052.0,,2420995.0,0.0,0.0033665835294503215,0.0033665835294503215
ADD,Bridgebio Pharma Inc - US,10806X102,CALL,32500.0,14.840989399293287,2420600.0,0.0039008646594064222,0.0033660342509536155,-0.0005348304084528068
ADD,Stanley Black & Decker Inc - US,854502101,CALL,25700.0,50.29239766081871,2418884.0,0.002255489532111837,0.003363648018294507,0.0011081584861826698
TRIM,Mativ Inc - US,808541106,,319441.0,-6.786441706692189,2418168.0,0.005534143077980453,0.0033626523641080734,-0.0021714907138723795
ADD,Dht Holdings Inc - US,Y2065G121,PUT,146000.0,521.2765957446808,2413380.0,0.0007969405256447123,0.003355994274380912,0.0025590537487361993
NEW,Westrock Coffee Co - US,96145W103,,296402.0,,2403820.0,0.0,0.0033427003441821534,0.0033427003441821534
ADD,D-Wave Quantum Inc - US,26740W109,CALL,99900.0,130.18433179723502,2396601.0,0.0011624534289937202,0.0033326617581879224,0.002170208329194202
TRIM,NuScale Power Corp - US,67079K100,PUT,238900.0,-10.69158878504673,2396167.0,0.005382357875862004,0.0033320582471307817,-0.0020502996287312227
NEW,Sinclair Inc - US,829242106,,167971.0,,2393587.0,0.0,0.0033284705546712846,0.0033284705546712846
NEW,Totalenergies Se - US,F92124100,CALL,30700.0,,2387232.0,0.0,0.0033196334284774443,0.0033196334284774443
ADD,Talen Energy Corp - US,87422Q109,CALL,6200.0,675.0,2382412.0,0.0004740380328203408,0.003312930840239157,0.002838892807418816
TRIM,Lincoln Educational Services Corp - US,533535100,,47668.0,-42.54375391736175,2378633.0,0.0062645544899283525,0.0033076758441909237,-0.002956878645737429
NEW,IperionX Ltd - US ADR,44916E100,,80000.0,,2378400.0,0.0,0.0033073518394067915,0.0033073518394067915
TRIM,Marathon Petroleum Corp - US,56585A102,PUT,9300.0,-71.29629629629629,2377731.0,0.014685022014189981,0.0033064215424085724,-0.011378600471781408
TRIM,WEBULL CORP - US,G9572D103,,364622.0,-79.68810929210146,2377335.0,0.015993859168798114,0.0033058708733333937,-0.01268798829546472
ADD,Magnite Inc - US,55955D100,CALL,125200.0,123.97137745974956,2376296.0,0.0012326726235462118,0.0033044260623002857,0.002071753438754074
ADD,TORM PLC - US,G89479102,,91015.0,137.93527135836035,2371851.0,0.001980970161814699,0.0032982449409892515,0.0013172747791745524
NEW,Acadia Healthcare Co Inc - US,00404A109,,80204.0,,2368424.0,0.0,0.0032934794285634,0.0032934794285634
ADD,Ishares Russell Mid-Cap Value Etf - US ETP,464287473,,14381.0,684.5608292416803,2367113.0,0.0004958611116031492,0.0032916563801857245,0.0027957952685825752
TRIM,Blend Labs Inc - US,09352U108,,1381617.0,-2.0144380828370645,2362565.0,0.004449324272622946,0.003285332029292005,-0.0011639922433309409
ADD,International Bancshares Corp - US,459044103,,31104.0,18.392204628501826,2362349.0,0.003281430387397839,0.0032850316643419078,3.601276944068584e-06
ADD,Dr Horton Inc - US,23331A109,CALL,14500.0,229.54545454545453,2361760.0,0.001120700572470756,0.003284212613621503,0.002163512041150747
TRIM,Crocs Inc - US,227046109,,19576.0,-32.07023388160178,2361649.0,0.004440848966190837,0.0032840582594110363,-0.001156790706779801
ADD,Wix.Com Ltd - US,M98068105,,51876.0,24.800923809752927,2353614.0,0.00694941716238052,0.003272884961383104,-0.003676532200997416
TRIM,Altria Group Inc - US,02209S103,PUT,32700.0,-77.4327122153209,2352765.0,0.017748678233422965,0.0032717043602598045,-0.01447697387316316
ADD,Cannae Holdings Inc - US,13765N107,,163207.0,29.02453100171551,2350181.0,0.002669600874577243,0.003268111105486416,0.0005985102309091729
ADD,NewtekOne Inc - US,652526203,,158583.0,79.6526644915715,2348614.0,0.0017941403286322532,0.0032659320690197366,0.0014717917403874834
ADD,Mosaic Co/The - US,61945C103,PUT,110800.0,27.35632183908046,2347852.0,0.004117929767769031,0.0032648724482235592,-0.0008530573195454716
NEW,Satellogic Inc - US,80401C100,,410090.0,,2345715.0,0.0,0.003261900782027456,0.003261900782027456
ADD,Nektar Therapeutics - US,640268306,CALL,33600.0,719.5121951219512,2345616.0,0.0005475630794875029,0.003261763114758661,0.002714200035271158
TRIM,Pagaya Technologies Ltd - A - US,M7S64L123,PUT,128500.0,-12.465940054495912,2345125.0,0.0031744718717304264,0.003261080340728578,8.660846899815168e-05
ADD,Alphatec Holdings Inc - US,02081G201,,270709.0,1.5606886538685194,2341633.0,0.005383013106516962,0.0032562244407020025,-0.0021267886658149593
TRIM,Antero Resources Corp - US,03674X106,PUT,66600.0,-31.762295081967213,2340324.0,0.007688554464722056,0.0032544041734812726,-0.004434150291240784
TRIM,Kite Realty Group Trust - US REIT,49803T300,,82338.0,-30.055471079434927,2336752.0,0.005364354810359372,0.0032494370271768823,-0.0021149177831824894
ADD,Obsidian Energy Ltd - US,674482203,,285961.0,935.2653681847803,2324863.0,0.00048553890856570795,0.003232904439715267,0.0027473655311495587
ADD,Modine Manufacturing Co - US,607828100,CALL,8700.0,155.88235294117646,2323074.0,0.0013676575631773587,0.0032304166948276536,0.001862759131650295
TRIM,Crispr Therapeutics Ag - US,H17182108,,42512.0,-2.070903688005344,2318604.0,0.0038331197494518286,0.0032242008090548027,-0.0006089189403970258
TRIM,Sphere Entertainment Co - US,55826T102,CALL,13400.0,-48.06201550387597,2318602.0,0.005622213131481168,0.0032241980278978574,-0.0023980151035833106
TRIM,Welltower Inc - US REIT,95040Q104,CALL,10200.0,-14.285714285714285,2315094.0,0.004367119739999467,0.003219319878615719,-0.0011477998613837483
ADD,Edgewise Therapeutics Inc - US,28036F105,,56934.0,90.48479373682625,2313228.0,0.0017475985341778738,0.00321672505918571,0.001469126525007836
TRIM,Capital Group Dividend Value ETF - US ETP,14020W106,,46876.0,-96.24055748435904,2310049.0,0.09845643016261521,0.0032123044102210807,-0.09524412575239413
TRIM,Jfrog Ltd - US,M6191J100,PUT,25400.0,-24.404761904761905,2308352.0,0.002926909767161172,0.003209944598552954,0.00028303483139178196
ADD,Neumora Therapeutics Inc - US,640979100,,1356147.0,75.79924243406299,2305450.0,0.0027921828362015236,0.0032059091398252554,0.00041372630362373174
TRIM,Celestica Inc - US,15101Q207,PUT,6300.0,-58.27814569536424,2298240.0,0.007895005950180854,0.0031958830690372786,-0.004699122881143576
TRIM,Lightpath Technologies Inc - US,532257805,,140032.0,-84.14543017205071,2289523.0,0.01644346248110328,0.003183761396490983,-0.013259701084612299
ADD,Toll Brothers Inc - US,889478103,,13896.0,79.79039979298746,2289366.0,0.0019578533273194114,0.003183543075670773,0.0012256897483513616
TRIM,Celanese Corp - US,150870103,,49709.0,-82.01243341824919,2286614.0,0.033737271426674015,0.0031797162037139758,-0.03055755522296004
ADD,J M Smucker Co/The - US,832696405,,20300.0,237.04134152415742,2283750.0,0.0010781755461107881,0.003175733586968239,0.0020975580408574505
TRIM,Motorola Solutions Inc - US,620076307,,5497.0,-49.33640552995392,2282849.0,0.00873995093814427,0.0031744806757643598,-0.005565470262379911
TRIM,Realty Income Corp - US REIT,756109104,CALL,36700.0,-30.492424242424242,2273932.0,0.005996017579690498,0.0031620808875235298,-0.0028339366921669683
NEW,Apollo Commercial Real Estate Finance Inc - US REI,03762U105,,212399.0,,2268421.0,0.0,0.003154417409560626,0.003154417409560626
ADD,QXO Inc - US,82846H405,CALL,131000.0,235.8974358974359,2263680.0,0.0014058317094942114,0.00314782467702168,0.0017419929675274687
ADD,Ready Capital Corp - US REIT,75574U101,,1292949.0,5.837239970236706,2262661.0,0.003673477348006373,0.003146407677558026,-0.0005270696704483468
TRIM,Compass Diversified Holdings - US,20451Q104,,211889.0,-54.02682161090222,2258737.0,0.006724281394279234,0.003140951047631255,-0.0035833303466479786
ADD,Dollar General Corp - US,256677105,,19594.0,30.905932656333512,2255465.0,0.0032987076875007886,0.003136401074868667,-0.00016230661263212176
TRIM,B2Gold Corp - US,11777Q209,,602161.0,-54.347399217744865,2252082.0,0.01109084984956334,0.0031316967478956124,-0.007959153101667726
ADD,Pinterest Inc - US,72352L106,CALL,107000.0,81.35593220338984,2250210.0,0.0020084954178553787,0.0031290935849947674,0.0011205981671393887
TRIM,Knowles Corp - US,49926D109,,54166.0,-68.10913287174415,2246806.0,0.008096083801798007,0.003124360055873787,-0.00497172374592422
TRIM,Fastly Inc - US,31188V100,CALL,122300.0,-28.10111699000588,2245428.0,0.009175282101707325,0.0031224438387384428,-0.006052838262968882
ADD,Ingersoll Rand Inc - US,45687V106,,27381.0,119.048,2244968.0,0.0018589617590356925,0.0031218041726410128,0.0012628424136053203
KEEP,Axon Enterprise Inc - US,05464C101,,4000.0,0.0,2242440.0,0.0031532000776629786,0.0031182887902620944,-3.4911287400884224e-05
ADD,Veeva Systems Inc - US,922475108,CALL,12600.0,306.4516129032258,2236122.0,0.0010107740289923618,0.0031095031154717424,0.0020987290864793806
NEW,Penguin Solutions Inc - US,706915105,PUT,29400.0,,2234694.0,0.0,0.003107517369412765,0.003107517369412765
NEW,X-Energy Inc - US,98386P102,,121676.0,,2233971.0,0.0,0.0031065119811770213,0.0031065119811770213
NEW,Abeona Therapeutics Inc - US,00289Y206,,360800.0,,2229744.0,0.0,0.0031006340059730308,0.0031006340059730308
ADD,Gold Fields Ltd - US ADR,38059T106,,66284.0,712.7023050514958,2226480.0,0.0006873091143876728,0.0030960951578382244,0.0024087860434505518
NEW,Shift4 Payments Inc - US,82452J109,,45683.0,,2222021.0,0.0,0.0030898945684285726,0.0030898945684285726
NEW,Las Vegas Sands Corp - US,517834107,CALL,48100.0,,2221739.0,0.0,0.0030895024252992785,0.0030895024252992785
TRIM,Freeport-Mcmoran Inc - US,35671D857,,35125.0,-72.16785654857651,2209011.0,0.013769518151192893,0.00307180314249909,-0.010697715008693803
TRIM,Charter Communications Inc - US,16119P108,,15521.0,-26.649338374291116,2207241.0,0.00847905776682175,0.0030693418186024573,-0.005409715948219293
NEW,Immunovant Inc - US,45258J102,,57145.0,,2201797.0,0.0,0.0030617715093972223,0.0030617715093972223
NEW,Dominion Energy Inc - US,25746U109,,32220.0,,2200304.0,0.0,0.0030596953757375213,0.0030596953757375213
TRIM,Lindblad Expeditions Holdings Inc - US,535219109,,77813.0,-51.434563077710436,2197439.0,0.005145060432827915,0.003055711368413311,-0.0020893490644146038
ADD,Bok Financial Corp - US,05561Q201,,15805.0,397.3253618628068,2194998.0,0.0007554178351308546,0.0030523169663615153,0.0022968991312306607
TRIM,Fedex Corp - US,31428X106,PUT,7000.0,-89.44193061840122,2191910.0,0.04383313774917621,0.0030480228600378995,-0.04078511488913831
TRIM,Pnc Financial Services Group Inc/The - US,693475105,PUT,8900.0,-50.27932960893855,2191358.0,0.006913910343120815,0.0030472552607209834,-0.003866655082399832
TRIM,Realty Income Corp - US REIT,756109104,PUT,35200.0,-71.70418006430869,2180992.0,0.014126980812755643,0.003032840524273249,-0.011094140288482393
ADD,Astrazeneca Plc - US,G0593M107,CALL,11500.0,167.4418604651163,2180630.0,0.0015741238980560989,0.0030323371348661412,0.0014582132368100424
TRIM,Orla Mining Ltd - US,68634K106,,222684.0,-23.51518815173039,2180076.0,0.00871701229668829,0.0030315667543922803,-0.005685445542296009
TRIM,Globalstar Inc - US,378973507,PUT,26800.0,-68.01909307875896,2178572.0,0.010331476500195336,0.0030294753243693792,-0.007302001175825957
TRIM,American Electric Power Co Inc - US,025537101,CALL,15900.0,-37.64705882352941,2175279.0,0.006204347516772006,0.003024896149458865,-0.003179451367313141
NEW,United Microelectronics Corp - US ADR,910873405,CALL,79900.0,,2174079.0,0.0,0.003023227455291657,0.003023227455291657
TRIM,Gitlab Inc - US,37637K108,CALL,71000.0,-48.810382119682764,2167630.0,0.005571257346948919,0.0030142596147213854,-0.0025569977322275335
NEW,Lci Industries - US,50189K103,,20463.0,,2166622.0,0.0,0.00301285791162093,0.00301285791162093
NEW,Axcelis Technologies Inc - US,054540208,,11424.0,,2164277.0,0.0,0.003009597005102511,0.003009597005102511
TRIM,Sezzle Inc - US,78435P105,PUT,12600.0,-61.111111111111114,2162538.0,0.0038062701420185268,0.0030071787891385315,-0.0007990913528799952
TRIM,Dow Inc - US,260557103,PUT,79000.0,-52.751196172248804,2161440.0,0.012926197318535674,0.003005651933975536,-0.009920545384560138
ADD,Altria Group Inc - US,02209S103,CALL,30000.0,9.090909090909092,2158500.0,0.0033684517006151247,0.0030015636332658756,-0.0003668880673492491
ADD,Vaneck Junior Gold Miners Etf - US ETP,92189F791,,21927.0,20.783298446623334,2154328.0,0.004044993129367085,0.0029957621398778818,-0.0010492309894892032
TRIM,MARA Holdings Inc - US,565788106,PUT,154700.0,-16.872649113379904,2148783.0,0.0028187465923009344,0.0029880513822469067,0.00016930478994597225
TRIM,Ares Management Corp - US,03990B101,PUT,19300.0,-73.11977715877437,2148283.0,0.01454014364852223,0.0029873560930105698,-0.01155278755551166
TRIM,Modine Manufacturing Co - US,607828100,,8042.0,-68.1479721166033,2147375.0,0.010156064014771081,0.0029860934477573824,-0.007169970567013699
ADD,Alamos Gold Inc - US,011532108,PUT,70700.0,1.8731988472622478,2145038.0,0.005723415640743418,0.0029828436658667443,-0.002740571974876674
ADD,Si-Bone Inc - US,825704109,,131414.0,0.997571397829629,2144676.0,0.0030503771254495166,0.0029823402764596364,-6.803684898988019e-05
NEW,Virtu Financial Inc - US,928254101,PUT,36000.0,,2144520.0,0.0,0.002982123346217899,0.002982123346217899
NEW,Quince Therapeutics Inc - US,22053A305,PUT,117800.0,,2142782.0,0.0,0.0029797065208323923,0.0029797065208323923
TRIM,Mosaic Co/The - US,61945C103,CALL,101000.0,-45.902517407605785,2140190.0,0.008836982616580207,0.0029761021414312226,-0.005860880475148985
ADD,Carlyle Group Inc/The - US,14316J108,PUT,50800.0,568.421052631579,2139188.0,0.0006826352594608112,0.002974708781801604,0.0022920735223407925
ADD,Lyft Inc - US,55087P104,CALL,146300.0,299.72677595628414,2137443.0,0.0009035500799434792,0.0029722822223667887,0.0020687321424233095
NEW,Once Upon a Farm PBC - US,68237F108,,104297.0,,2136003.0,0.0,0.0029702797893661386,0.0029702797893661386
TRIM,Central Garden & Pet Company,153527106,,48161.0,-33.52794225221868,2135459.0,0.004945036890026671,0.002969523314677004,-0.001975513575349667
NEW,Prudential Financial Inc - US,744320102,CALL,19700.0,,2126221.0,0.0,0.0029566771507464457,0.0029566771507464457
TRIM,Alaska Air Group Inc - US,011659109,PUT,40700.0,-57.42677824267782,2124540.0,0.006526631902491277,0.0029543395883338814,-0.0035722923141573953
ADD,Shift4 Payments Inc - US,82452J109,CALL,43400.0,221.48148148148147,2110976.0,0.0010958036637598765,0.0029354777819305374,0.0018396741181706609
NEW,Quince Therapeutics Inc - US,22053A305,CALL,115800.0,,2106402.0,0.0,0.0029291172759965283,0.0029291172759965283
TRIM,Vanguard Morningstar Total Stock Market ETF - US E,922908769,,5669.0,-88.34306629379832,2097757.0,0.028959398169293608,0.0029170957251002656,-0.02604230244419334
TRIM,Disc Medicine Inc - US,254604101,,28663.0,-7.544674537126637,2096412.0,0.003679441246290728,0.00291522539705452,-0.0007642158492362082
ADD,Washington Trust Bancorp Inc - US,940610108,,57274.0,419.53918722786653,2089356.0,0.0006846751985253945,0.002905413475351335,0.0022207382768259405
ADD,Costar Group Inc - US,22160N109,CALL,73600.0,2.937062937062937,2084352.0,0.005353791304247867,0.0028984550206740765,-0.00245533628357379
ADD,Mfa Financial Inc - US REIT,55272X607,,214680.0,102.8153046764289,2080249.0,0.001882243793327839,0.002892749477200697,0.001010505683872858
TRIM,Sezzle Inc - US,78435P105,,12103.0,-48.692187036330495,2077238.0,0.002771176475515546,0.002888562445419477,0.00011738596990393084
TRIM,Sellas Life Sciences Group Inc - US,81642T209,CALL,140200.0,-9.897172236503856,2069352.0,0.0012217137516287414,0.002877596343583973,0.0016558825919552316
TRIM,American Coastal Insurance Corp - US,910710102,,186408.0,-13.762282795758619,2069129.0,0.004513768898995347,0.002877286244584567,-0.0016364826544107802
NEW,Dick's Sporting Goods Inc - US,253393102,CALL,9100.0,,2063971.0,0.0,0.0028701136408225167,0.0028701136408225167
NEW,Columbia Sportswear Co - US,198516106,,33316.0,,2059595.0,0.0,0.002864028469426097,0.002864028469426097
NEW,AH Realty Trust Inc - US REIT,04208T108,,290347.0,,2055657.0,0.0,0.002858552371400709,0.002858552371400709
TRIM,Lemonade Inc - US,52567D107,PUT,31600.0,-70.90239410681399,2055580.0,0.012635089289985416,0.002858445296858313,-0.009776643993127103
NEW,Fortive Corp - US,34959J108,,33615.0,,2053540.0,0.0,0.002855608516774059,0.002855608516774059
TRIM,United Airlines Holdings Inc - US,910047109,PUT,15100.0,-89.8110661268556,2053449.0,0.02532712239309484,0.002855481974133046,-0.022471640418961793
NEW,United Parks & Resorts Inc - US,81282V100,,42926.0,,2049287.0,0.0,0.002849694386529778,0.002849694386529778
TRIM,Comcast Corp - US,20030N101,PUT,83200.0,-36.391437308868504,2042560.0,0.006970443941018919,0.0028403399651441034,-0.004130103975874815
NEW,Yeti Holdings Inc - US,98585X104,CALL,41100.0,,2036916.0,0.0,0.0028324915402443336,0.0028324915402443336
NEW,Enliven Therapeutics Inc - US,29337E102,,40118.0,,2035989.0,0.0,0.002831202474000165,0.002831202474000165
ADD,U Haul Holding Co - US,023586100,,31095.0,55.49054905490549,2034857.0,0.001773585019077025,0.002829628339169099,0.001056043320092074
TRIM,Fair Isaac Corp - US,303250104,CALL,1700.0,-32.0,2031126.0,0.004953859301649933,0.0028244400908875537,-0.0021294192107623794
ADD,Dream Finders Homes Inc - US,26154D100,,117493.0,125.50573874323443,2027929.0,0.001346211288425588,0.002819994411510416,0.0014737831230848281
ADD,Kroger Co/The - US,501044101,CALL,36500.0,1116.6666666666665,2026845.0,0.00040293901013626373,0.0028184870244460382,0.0024155480143097747
TRIM,NU Holdings Ltd/Cayman Islands - US,G6683N103,,150859.0,-32.03937291647897,2015476.0,0.005920933343929387,0.0028026775377902125,-0.003118255806139175
NEW,Cricut Inc - US,22658D100,,458934.0,,2014720.0,0.0,0.0028016262604648712,0.0028016262604648712
ADD,Fastly Inc - US,31188V100,PUT,109600.0,91.2739965095986,2012256.0,0.003090791678000175,0.0027981998751082037,-0.00029259180289197126
TRIM,Grupo Financiero Galicia Sa - US ADR,399909100,CALL,40200.0,-10.46770601336303,2011206.0,0.003892922075914746,0.0027967397677118966,-0.0010961823082028493
TRIM,Willdan Group Inc - US,96924N100,,25425.0,-77.07228654907478,2011117.0,0.015758746446673046,0.0027966160062278286,-0.012962130440445217
TRIM,Stanley Black & Decker Inc - US,854502101,,21297.0,-81.09772874526267,2004474.0,0.014861037757299396,0.002787378393433858,-0.012073659363865537
ADD,Hut 8 Corp - US,44812J104,CALL,17300.0,80.20833333333334,1997206.0,0.0008359035473960037,0.0027772716690944665,0.0019413681216984627
TRIM,Wingstop Inc - US,974155103,PUT,11500.0,-24.836601307189543,1994215.0,0.004401072938697701,0.0027731124488827,-0.001627960489815001
NEW,Immunitybio Inc - US,45256X103,CALL,227500.0,,1991763.0,0.0,0.0027697027504677047,0.0027697027504677047
NEW,Avanos Medical Inc - US,05350V106,,80000.0,,1990400.0,0.0,0.0027678073920094502,0.0027678073920094502
TRIM,Hubspot Inc - US,443573100,CALL,10900.0,-30.128205128205128,1989359.0,0.007068249645469352,0.0027663597998193973,-0.004301889845649954
NEW,West Enclave Merger Corp - US,G9600E107,,200000.0,,1984000.0,0.0,0.0027589076897843396,0.0027589076897843396
ADD,Amrize Ltd - US,H2927K103,PUT,37200.0,132.5,1982760.0,0.0016637290103433569,0.0027571833724782243,0.0010934543621348674
ADD,Intellia Therapeutics Inc - US,45826J105,,116908.0,31.028994765923585,1978083.0,0.0021231682071828533,0.00275067963696153,0.0006275114297786769
ADD,Steel Dynamics Inc - US,858119100,CALL,8600.0,8.860759493670885,1973356.0,0.00263948439475662,0.0027441063725212023,0.00010462197776458246
ADD,Shake Shack Inc - US,819047101,PUT,35200.0,208.7719298245614,1971904.0,0.0018720626597798502,0.0027420872525788804,0.0008700245927990302
TRIM,Lumen Technologies Inc - US,550241103,,256676.0,-89.38747124901751,1971272.0,0.031201155700313735,0.0027412084069841506,-0.028459947293329586
NEW,Intercontinental Exchange Inc - US,45866F104,CALL,16000.0,,1969760.0,0.0,0.0027391058523334685,0.0027391058523334685
NEW,Louisiana-Pacific Corp - US,546347105,,25022.0,,1968231.0,0.0,0.0027369796578487504,0.0027369796578487504
ADD,State Street SPDR S&P Dividend ETF - US ETP,78464A763,,12929.0,160.98102543399273,1967535.0,0.0013419921969844617,0.0027360118152317697,0.001394019618247308
TRIM,State Street SPDR S&P Homebuilders ETF - US ETP,78464A888,CALL,17000.0,-95.75,1964520.0,0.0732967368355481,0.0027318192211366584,-0.07056491761441144
ADD,Johnson Controls International Plc - US,G51502105,CALL,13400.0,67.5,1957874.0,0.001944531541453611,0.00272257743660727,0.0007780458951536591
ADD,Crocs Inc - US,227046109,CALL,16200.0,350.0,1954368.0,0.000554759479627075,0.0027177020684820766,0.0021629425888550014
ADD,Cadence Design Systems Inc - US,127387108,CALL,5200.0,271.42857142857144,1951664.0,0.000722086455892708,0.0027139419442919676,0.0019918554883992597
TRIM,Whirlpool Corp - US,963320106,PUT,49500.0,-68.370607028754,1951290.0,0.01566331664941339,0.0027134218679431875,-0.012949894781470205
NEW,Biocryst Pharmaceuticals Inc - US,09058V103,,195128.0,,1951280.0,0.0,0.0027134079621584607,0.0027134079621584607
TRIM,Axt Inc - US,00246W103,CALL,27000.0,-56.66131621187801,1946160.0,0.0065891590975136185,0.002706288200378372,-0.0038828708971352464
TRIM,Mbia Inc - US,55262C100,,298409.0,-14.497213506969814,1945627.0,0.003828588820191912,0.002705547022052437,-0.001123041798139475
ADD,Quanta Services Inc - US,74762E102,CALL,2700.0,28.57142857142857,1944108.0,0.00214006499089978,0.002703434733352446,0.000563369742452666
ADD,Accendra Health Inc - US,690732102,,567250.0,163.161557304038,1939995.0,0.0009122351344322741,0.0026977152840943395,0.0017854801496620654
ADD,Epam Systems Inc - US,29414B104,PUT,24400.0,41.86046511627907,1936140.0,0.004322814639423907,0.0026923546040821832,-0.0016304600353417241
KEEP,Cogent Communications Holdings Inc - US,19239V302,,139269.0,-0.3028090370243106,1933054.0,0.004885082357009345,0.0026880632789155123,-0.0021970190780938323
ADD,Union Pacific Corp - US,907818108,CALL,7100.0,73.17073170731707,1931200.0,0.0018464177115393736,0.0026854851464271755,0.000839067434887802
TRIM,United Rentals Inc - US,911363109,PUT,1700.0,-55.26315789473685,1925913.0,0.0051388793617769025,0.0026781331580421506,-0.002460746203734752
TRIM,Vaneck Oil Services Etf - US ETP,92189H607,,5174.0,-83.73262906369867,1924883.0,0.023863580269172093,0.0026767008622152967,-0.021186879406956797
ADD,Strive Inc - US Class B,862945300,CALL,176200.0,12.229299363057326,1922342.0,0.0029200270610178825,0.0026731674023162334,-0.0002468596587016491
TRIM,Arcelormittal Sa - US NY Reg Shrs,03938L203,,31892.0,-5.401477174977011,1920536.0,0.0032527691507315687,0.002670656017594585,-0.0005821131331369836
TRIM,United States Lime & Minerals Inc - US,911922102,,18344.0,-12.58934527780425,1920066.0,0.005087747240382837,0.002670002445712428,-0.002417744794670409
TRIM,Avalonbay Communities Inc - US REIT,053484101,,10147.0,-89.46554265899795,1914637.0,0.029205466050981163,0.0026624529951842836,-0.026543013055796878
NEW,Invesco S&P Midcap Momentum Et - US ETP,46137V464,,11244.0,,1913054.0,0.0,0.0026602517094620414,0.0026602517094620414
TRIM,Global X Cybersecurity ETF - US ETP,37954Y384,CALL,50000.0,-67.92815907633099,1909500.0,0.007266283365998317,0.0026553095935701594,-0.004610973772428157
ADD,Cytokinetics Inc - US,23282W605,PUT,22300.0,79.83870967741935,1899737.0,0.0015170241660226928,0.0026417333759414475,0.0011247092099187547
TRIM,Eog Resources Inc - US,26875P101,PUT,14600.0,-79.66573816155989,1894058.0,0.01926735625359174,0.002633836280795134,-0.016633519972796607
TRIM,Marathon Petroleum Corp - US,56585A102,CALL,7400.0,-7.5,1891958.0,0.0036259313615283908,0.00263091606600252,-0.0009950152955258708
NEW,Logitech International Sa - US,H50430232,CALL,20100.0,,1890204.0,0.0,0.0026284769913614506,0.0026284769913614506
TRIM,Smith & Wesson Brands Inc - US,831754106,,125673.0,-23.0223142368874,1890122.0,0.0043425291005748995,0.002628362963926691,-0.0017141661366482084
TRIM,Rigetti Computing Inc - US,76655K103,CALL,97700.0,-12.140287769784171,1887564.0,0.0028979533982735465,0.002624805864193592,-0.00027314753407995437
NEW,Ametek Inc - US,031100100,CALL,7800.0,,1887132.0,0.0,0.0026242051342933973,0.0026242051342933973
TRIM,Marinemax Inc - US,567908108,,51434.0,-59.267295995945254,1883513.0,0.006342409998686209,0.0026191726308007917,-0.003723237367885417
ADD,Texas Pacific Land Corp - US,88262P102,CALL,4300.0,95.45454545454545,1881852.0,0.0019379087001593132,0.002616862879957681,0.0006789541797983679
TRIM,Morgan Stanley - US,617446448,CALL,9000.0,-67.27272727272727,1881360.0,0.008400456074711791,0.0026161787153491257,-0.0057842773593626655
TRIM,Equinix Inc - US REIT,29444U700,CALL,1800.0,-55.00000000000001,1876302.0,0.007277997702155356,0.002609145169434343,-0.0046688525327210125
TRIM,Gladstone Investment Corp - US,376546107,,120964.0,-3.3903313659561216,1870103.0,0.003300224184512404,0.002600524973482239,-0.0006996992110301649
ADD,Us Bancorp - US,902973304,CALL,30900.0,47.14285714285714,1866360.0,0.002027335619407263,0.002595320038259022,0.0005679844188517594
ADD,Vaxcyte Inc - US,92243G108,CALL,32100.0,60.5,1865973.0,0.0021572494821280896,0.0025947818843900976,0.000437532402262008
ADD,Xpeng Inc - US ADR,98422D105,PUT,140600.0,6.838905775075988,1861544.0,0.0041795103122700475,0.0025886230123346263,-0.0015908872999354211
TRIM,Apa Corp - US,03743Q108,PUT,57100.0,-21.023513139695712,1859747.0,0.005695517293026688,0.002586124142819232,-0.0031093931502074556
TRIM,Doubleverify Holdings Inc - US,25862V105,,170969.0,-72.37561115904515,1853304.0,0.010913594179888738,0.002577164645719796,-0.008336429534168941
KEEP,Liberty Live Holdings Class C - US,530909308,,17536.0,-0.05129666571672841,1852503.0,0.0030648460290058654,0.002576050792363185,-0.0004887952366426805
TRIM,Nov Inc - US,62955J103,,99779.0,-18.20052467617642,1850900.0,0.004258895311281968,0.002573821695071489,-0.0016850736162104785
TRIM,Pnc Financial Services Group Inc/The - US,693475105,CALL,7500.0,-42.30769230769231,1846650.0,0.005021275668188302,0.0025679117365626264,-0.0024533639316256755
TRIM,Nutanix Inc - US,67059N108,CALL,36100.0,-2.4324324324324325,1839656.0,0.0026104723405442104,0.002558186030724748,-5.228630981946253e-05
NEW,Harley-Davidson Inc - US,412822108,,75086.0,,1836604.0,0.0,0.0025539419852261477,0.0025539419852261477
NEW,Axsome Therapeutics Inc - US,05464T104,CALL,7500.0,,1835775.0,0.0,0.0025527891956723015,0.0025527891956723015
ADD,Allstate Corp/The - US,020002101,CALL,7700.0,450.0,1832138.0,0.0005388037778989961,0.0025477316617671876,0.0020089278838681915
NEW,Digital Realty Trust Inc - US REIT,253868103,CALL,10200.0,,1831716.0,0.0,0.002547144837651719,0.002547144837651719
ADD,Pangaea Logistics Solutions Ltd - US,G6891L105,,281751.0,44.52623263639535,1831382.0,0.0025619555732374955,0.0025466803844418464,-1.5275188795649177e-05
NEW,Simply Good Foods Co/The - US,82900L102,,137335.0,,1823809.0,0.0,0.0025361495336682894,0.0025361495336682894
NEW,AGNT Inc - US,30212W100,,336624.0,,1821136.0,0.0,0.002532432517410833,0.002532432517410833
KEEP,On Semiconductor Corp - US,682189AU9,,1500000.0,0.0,1819350.0,0.0027230123819324626,0.0025299489442586385,-0.0001930634376738241
TRIM,Universal Insurance Holdings Inc - US,91359V107,,43910.0,-12.18,1816118.0,0.0031703511576964185,0.0025254545946349575,-0.000644896563061461
ADD,Digital Realty Trust Inc - US REIT,253868103,PUT,10100.0,339.1304347826087,1813758.0,0.0007693540157467708,0.0025221728294394477,0.0017528188136926768
TRIM,Gitlab Inc - US,37637K108,,59202.0,-84.99787139150179,1807437.0,0.01585113025666702,0.002513382982913678,-0.01333774727375334
NEW,New York Times Co/The - US,650111107,PUT,25700.0,,1798486.0,0.0,0.0025009359150047774,0.0025009359150047774
ADD,Ally Financial Inc - US,02005N100,PUT,39100.0,458.57142857142856,1796645.0,0.0005097249012968462,0.002498375860036585,0.001988650958739739
ADD,T Rowe Price Group Inc - US,74144T108,CALL,15800.0,14.492753623188406,1796302.0,0.0023089585809693332,0.002497898891620458,0.0001889403106511249
TRIM,Viavi Solutions Inc - US,925550105,CALL,37600.0,-41.158059467918626,1795400.0,0.00394733220676109,0.0024966445898381064,-0.0014506876169229832
NEW,Serve Robotics Inc - US,81758H106,,272448.0,,1792708.0,0.0,0.0024929011525896693,0.0024929011525896693
TRIM,Designer Brands Inc - US,250565108,,307346.0,-11.964000297896963,1791827.0,0.003687220486163038,0.002491676052955244,-0.001195544433207794
ADD,Ishares Core S&P U.S. Value Etf - US ETP,464287663,,16241.0,631.5765765765766,1788946.0,0.00042134300997734097,0.0024876697963754713,0.0020663267863981305
ADD,Ross Stores Inc - US,778296103,CALL,8400.0,663.6363636363636,1787940.0,0.00044231410329095583,0.002486270874431962,0.002043956771141006
KEEP,Caris Life Sciences Inc - US,142152107,,100327.0,0.0,1787827.0,0.0033296984269205188,0.0024861137390645494,-0.0008435846878559693
ADD,Orasure Technologies Inc - US,68554V108,,400829.0,255.48352194118272,1787697.0,0.0006278854481332857,0.002485932963863102,0.0018580475157298163
NEW,Fluor Corp - US,343412102,CALL,34100.0,,1786499.0,0.0,0.0024842670508528394,0.0024842670508528394
ADD,Centene Corp - US,15135B101,CALL,27800.0,189.58333333333331,1784482.0,0.0005834040106959105,0.0024814622540734565,0.0018980582433775462
TRIM,Teck Resources Ltd - US Class B,878742204,CALL,30000.0,-13.544668587896252,1783800.0,0.0033331843282519906,0.0024805138795550934,-0.0008526704486968972
NEW,Independence Realty Trust Inc - US REIT,45378A106,,106831.0,,1783009.0,0.0,0.0024794139319832087,0.0024794139319832087
ADD,Alta Equipment Group Inc - US,02128L106,,275387.0,86.95655125594027,1781754.0,0.0014682382529795225,0.002477668756000003,0.0010094305030204807
TRIM,ERO Copper Corp - US,296006109,PUT,66600.0,-25.58659217877095,1781550.0,0.004430630709092992,0.002477385077991578,-0.0019532456311014143
TRIM,Liberty Media Corp-Liberty Formula One-c,531229755,,18662.0,-33.37855204912181,1775503.0,0.004420635193294283,0.0024689762499673206,-0.0019516589433269628
NEW,Hallador Energy Co - US,40609P105,PUT,101900.0,,1772041.0,0.0,0.0024641620672949246,0.0024641620672949246
TRIM,Affirm Holdings Inc - US,00827B106,PUT,21700.0,-33.43558282208589,1769635.0,0.002772631718669898,0.0024608163354896723,-0.00031181538318022584
ADD,Up Fintech Holding Ltd - US ADR,91531W106,PUT,401800.0,616.2210338680927,1767920.0,0.0006560288112790662,0.0024584314934090372,0.001802402682129971
ADD,Jbs NV-A - US,N4732M103,CALL,149000.0,15.057915057915059,1765650.0,0.004317134736295951,0.002455274880276068,-0.0018618598560198826
NEW,N-Able Inc - US,62878D100,,480600.0,,1763802.0,0.0,0.0024527050912585674,0.0024527050912585674
ADD,Amprius Technologies Inc - US,03214Q108,PUT,127200.0,318.42105263157896,1762992.0,0.0009513726368678882,0.0024515787226957017,0.0015002060858278136
TRIM,Kratos Defense & Security Solutions Inc - US,50077B207,CALL,35300.0,-10.178117048346055,1760058.0,0.005143547648171286,0.0024474987654568778,-0.002696048882714408
TRIM,Ypf Sa - US ADR Class D,984245100,CALL,38600.0,-80.16443987667009,1755142.0,0.016695225115338733,0.0024406626816852145,-0.014254562433653518
TRIM,S&P Global Inc - US,78409V104,PUT,4300.0,-68.84057971014492,1751218.0,0.010895190180047662,0.0024352060517584435,-0.008459984128289218
NEW,Seabridge Gold Inc - US,811927102,PUT,68000.0,,1750320.0,0.0,0.0024339573122899825,0.0024339573122899825
NEW,Silicon Laboratories Inc - US,826919102,PUT,8000.0,,1748480.0,0.0,0.002431398647900263,0.002431398647900263
TRIM,Neuropace Inc - US,641288105,,109874.0,-19.0346707932648,1745898.0,0.0033123877156226987,0.00242780817428382,-0.0008845795413388786
ADD,Atrium Therapeutics Inc - US,04965N104,,129591.0,81.60428257122437,1742999.0,0.0017709232605523546,0.002423776887291539,0.0006528536267391845
TRIM,Ardagh Metal Packaging Sa - US,L02235106,,367706.0,-41.29450137860677,1742926.0,0.004708650830141545,0.002423675375063034,-0.0022849754550785108
TRIM,Ollie's Bargain Outlet Holdings Inc - US,681116109,,22663.0,-71.1699678153901,1742331.0,0.013429763422911424,0.002422847980871793,-0.01100691544203963
TRIM,Enova International Inc - US,29357K103,,7234.0,-95.61160855111498,1741441.0,0.041561226614785604,0.002421610366031114,-0.03913961624875449
ADD,Site Centers Corp - US REIT,82981J851,,437982.0,11.161533483077626,1738789.0,0.003949253350466134,0.002417922551921584,-0.0015313307985445504
TRIM,Citizens Financial Group Inc - US,174610105,PUT,24800.0,-36.08247422680412,1737736.0,0.004319020612628632,0.0024164582727898586,-0.001902562339838773
TRIM,Magnera Corp - US,55939A107,,147495.0,-45.220055710306404,1733066.0,0.0047528668341974495,0.002409964271322473,-0.0023429025628749767
TRIM,Cameco Corp - US,13321L108,CALL,17000.0,-71.13752122241087,1731620.0,0.011874206868315767,0.002407953494850987,-0.009466253373464779
NEW,Sony Group Corp - US ADR,835699307,CALL,86300.0,,1731178.0,0.0,0.0024073388591660653,0.0024073388591660653
ADD,Toll Brothers Inc - US,889478103,CALL,10500.0,45.83333333333333,1729875.0,0.001823850305581954,0.0024055269354161714,0.0005816766298342175
ADD,Quanterix Corp - US,74766Q101,,400402.0,26.709092692744647,1729737.0,0.002064670773497372,0.0024053350355869424,0.0003406642620895706
TRIM,Pool Corp - US,73278L105,PUT,8000.0,-57.446808510638306,1719200.0,0.00706053537180929,0.0023906825102203814,-0.004669852861588908
TRIM,Elf Beauty Inc - US,26856L103,PUT,23200.0,-12.781954887218044,1716800.0,0.0029925776145013267,0.0023873451218859648,-0.000605232492615362
ADD,L3Harris Technologies Inc - US,502431109,CALL,5900.0,637.5,1714481.0,0.000512527729310969,0.002384120370407835,0.0018715926410968662
NEW,Energy Recovery Inc - US,29270J100,PUT,190000.0,,1713800.0,0.0,0.002383173386467944,0.002383173386467944
NEW,Richtech Robotics Inc - US Class B,765504105,,812011.0,,1713343.0,0.0,0.0023825378921059326,0.0023825378921059326
TRIM,New Linde Plc - US,G54950103,PUT,3300.0,-83.5820895522388,1712502.0,0.018496392931958715,0.0023813684156104137,-0.016115024516348303
TRIM,On Holding Ag - US,H5919C104,CALL,48300.0,-72.66553480475382,1710786.0,0.011158102872482343,0.002378982182951306,-0.008779120689531038
ADD,Conagra Brands Inc - US,205887102,CALL,127100.0,15.126811594202898,1710766.0,0.003221373764618408,0.0023789543713818523,-0.0008424193932365558
ADD,Etsy Inc - US,29786A106,CALL,22700.0,131.6326530612245,1709991.0,0.0009091631606816958,0.0023778766730655305,0.0014687135123838348
ADD,Williams-Sonoma Inc - US,969904101,CALL,7300.0,305.55555555555554,1701630.0,0.0006091863160708538,0.002366250046455507,0.001757063730384653
TRIM,Schwab U.S. Large-Cap Growth ETF - US ETP,808524300,,50068.0,-27.29648883338658,1694301.0,0.003723616414441792,0.0023560584968292824,-0.0013675579176125096
TRIM,The Campbell's Company - US,134429109,PUT,76000.0,-67.01388888888889,1692520.0,0.009524061564958773,0.002353581876569451,-0.007170479688389322
ADD,Ideaya Biosciences Inc - US,45166A102,,45287.0,6.046130429692074,1687846.0,0.002641212496002413,0.0023470823127881746,-0.00029413018321423857
ADD,Beam Therapeutics Inc - US,07373V105,,49092.0,3.7666455294863663,1684837.0,0.0020926489368462936,0.0023428980621639,0.00025024912531760625
ADD,Velocity Financial Inc - US,92262D101,,91219.0,54.865709144001904,1683903.0,0.001977825797141902,0.0023415992618704227,0.0003637734647285208
TRIM,Ocular Therapeutix Inc - US,67576A100,CALL,171400.0,-66.72490778489613,1683148.0,0.008098311214789362,0.002340549375123554,-0.0057577618396658075
TRIM,Royal Caribbean Cruises Ltd - US,V7780T103,PUT,5300.0,-79.53667953667953,1682909.0,0.013229277691914475,0.0023402170268685854,-0.010889060665045889
NEW,Netscout Systems Inc - US,64115T104,,38630.0,,1682337.0,0.0,0.002339421615982216,0.002339421615982216
NEW,Avantis International Equity ETF - US ETP,025072703,,18826.0,,1679279.0,0.0,0.0023351692270127803,0.0023351692270127803
ADD,Fulgent Genetics Inc - US,359664109,,81727.0,27.525083090174295,1677038.0,0.0018914133101422539,0.002332052940655519,0.00044063963051326513
TRIM,Kinder Morgan Inc - US,49456B101,PUT,52400.0,-68.41470765521397,1675228.0,0.010325223038222104,0.0023295359936199795,-0.007995687044602125
TRIM,Velo3D Inc - US,92259N302,,95144.0,-28.332216003675885,1669777.0,0.0023138885883902008,0.002321955950365436,8.067361975235433e-06
TRIM,DIREXION SHARES ETF TRUST,25460G849,CALL,45000.0,-14.122137404580155,1667700.0,0.0036337718552579626,0.0023190677188776932,-0.0013147041363802694
NEW,Ipg Photonics Corp - US,44980X109,,14214.0,,1667586.0,0.0,0.0023189091929318086,0.0023189091929318086
NEW,Dover Corp - US,260003108,,7427.0,,1665728.0,0.0,0.0023163254981295807,0.0023163254981295807
TRIM,Eog Resources Inc - US,26875P101,CALL,12800.0,-28.08988764044944,1660544.0,0.0047765869263778965,0.002309116739327241,-0.0024674701870506556
ADD,Peloton Interactive Inc - US,70614W100,CALL,280700.0,182.1105527638191,1658937.0,0.0007923186436876492,0.0023068820797216547,0.0015145634360340056
TRIM,Nxp Semiconductors Nv - US,N6596X109,PUT,5900.0,-31.3953488372093,1658077.0,0.0031425010705945,0.0023056861822351557,-0.0008368148883593444
ADD,Bhp Group Ltd - US ADR,088606108,CALL,19900.0,145.679012345679,1657869.0,0.0010936486416907396,0.0023053969419128393,0.0012117483002220997
TRIM,Costar Group Inc - US,22160N109,PUT,58400.0,-56.482861400894194,1653888.0,0.01004865444797292,0.002299861049013126,-0.007748793398959794
TRIM,Esquire Financial Holdings Inc - US,29667J101,,13873.0,-39.732394978061606,1652413.0,0.004593191021557124,0.0022978099457659326,-0.0022953810757911914
TRIM,Applied Industrial Technologies Inc - US,03820C105,,4881.0,-92.38984689263775,1650510.0,0.031586746875602326,0.002295163674932435,-0.02929158320066989
TRIM,TPG Partners LLC - US,872657101,,40692.0,-92.27970053768134,1650061.0,0.03963297189376633,0.0022945393051982043,-0.03733843258856812
ADD,Qiagen Nv - US,N72482156,,42188.0,110.94,1649551.0,0.0014864269362314356,0.002293830110177141,0.0008074031739457054
TRIM,Spire Inc - US,84857L101,,21039.0,-25.066780638957155,1642936.0,0.0047185739550180345,0.002284631433580405,-0.0024339425214376293
NEW,FTAI Infrastructure Inc - US,35953C106,,354066.0,,1642866.0,0.0,0.0022845340930873178,0.0022845340930873178
NEW,Burford Capital Ltd - US,G17977110,,400401.0,,1641644.0,0.0,0.002282834806193711,0.002282834806193711
TRIM,Prospect Capital Corp - US,74348T102,,709303.0,-51.313226300218965,1638490.0,0.0070579868401116795,0.0022784489216908987,-0.004779537918420781
ADD,Rci Hospitality Holdings Inc - US,74934Q108,,59830.0,3.1409460764032544,1634556.0,0.0024560235237235995,0.002272978385979401,-0.0001830451377441986
KEEP,Carlisle Cos Inc - US,142339100,CALL,4500.0,0.0,1632375.0,0.002786660708160454,0.0022699455343304998,-0.0005167151738299544
ADD,Northrop Grumman Corp - US,666807102,CALL,3200.0,220.00000000000003,1629792.0,0.0012663585326854825,0.0022663536701355838,0.0009999951374501013
NEW,Twilio Inc - US,90138F102,,7893.0,,1628563.0,0.0,0.002264644649192668,0.002264644649192668
TRIM,Equinor Asa - US ADR,29446M102,,51822.0,-64.25822470515207,1627211.0,0.01135716677151981,0.0022627645870976136,-0.009094402184422196
NEW,Invesco Semiconductors ETF - US ETP,46137V647,CALL,8600.0,,1615252.0,0.0,0.0022461346591429103,0.0022461346591429103
TRIM,Joby Aviation Inc - US,G65163100,CALL,180900.0,-50.5332239540607,1613628.0,0.00560692194129551,0.0022438763597032885,-0.0033630455815922217
NEW,Takeda Pharmaceutical Co Ltd - US ADR,874060205,,100149.0,,1605388.0,0.0,0.0022324179930884583,0.0022324179930884583
TRIM,Kinder Morgan Inc - US,49456B101,CALL,50200.0,-38.32923832923833,1604894.0,0.005066143190544179,0.002231731047322958,-0.002834412143221221
TRIM,Uipath Inc - US,90364P105,PUT,147600.0,-19.86970684039088,1604412.0,0.0037951776253215756,0.0022310607884991293,-0.0015641168368224464
ADD,State Street SPDR S&P Metals & Mining ETF - US ETP,78464A755,,15000.0,200.0,1603950.0,0.0010024286549847488,0.002230418341244754,0.001227989686260005
ADD,Hp Inc - US,40434L105,CALL,73000.0,78.4841075794621,1601620.0,0.0014583782381377875,0.0022271782934034246,0.0007688000552656372
TRIM,Csx Corp - US,126408103,PUT,33600.0,-41.968911917098445,1597008.0,0.004411753383991252,0.002220764945487454,-0.002190988438503798
TRIM,Privia Health Group Inc - US,74276R102,,62026.0,-52.31850189108576,1595929.0,0.004966811708194667,0.002219264511315439,-0.0027475471968792277
KEEP,Lands' End Inc - US,51509F105,,151942.0,-0.2880936599707313,1592352.0,0.0031791902749171153,0.002214290412118686,-0.0009648998627984295
NEW,Recursion Pharmaceuticals Inc - US,75629V104,CALL,433600.0,,1591312.0,0.0,0.0022128442105071055,0.0022128442105071055
ADD,Metlife Inc - US,59156R108,CALL,18800.0,506.4516129032258,1590668.0,0.0004069335041007618,0.002211948677970704,0.0018050151738699422
NEW,Casey's General Stores Inc - US,147528103,CALL,2000.0,,1589580.0,0.0,0.002210435728592435,0.002210435728592435
TRIM,Bp Plc - US ADR,055622104,CALL,43000.0,-86.65839280173752,1588850.0,0.02811756227863063,0.002209420606307383,-0.02590814167232325
TRIM,Chemed Corp - US,16359R103,,3406.0,-89.02918250338207,1586310.0,0.021767980010112254,0.0022058885369867923,-0.019562091473125463
TRIM,Albemarle Corp - US,012653101,,11746.0,-95.65188420818835,1586062.0,0.09002133039117786,0.002205543673525569,-0.08781578671765229
TRIM,Eldorado Gold Corp - US,284902509,PUT,51000.0,-6.077348066298343,1585590.0,0.0034601357316943145,0.0022048873204864672,-0.0012552484112078473
ADD,Quanta Services Inc - US,74762E102,PUT,2200.0,37.5,1584088.0,0.0016305257073522131,0.0022027986716205115,0.0005722729642682984
NEW,Wafd Inc - US,938824109,,41222.0,,1581688.0,0.0,0.0021994612832860953,0.0021994612832860953
TRIM,Rh - US,74967X103,PUT,9600.0,-80.5668016194332,1581408.0,0.012820818409914631,0.0021990719213137466,-0.010621746488600885
TRIM,Cf Industries Holdings Inc - US,125269100,PUT,14600.0,-72.34848484848484,1580596.0,0.012725121323096018,0.0021979427715939355,-0.010527178551502082
NEW,Ormat Technologies Inc - US,686688102,CALL,14500.0,,1579050.0,0.0,0.002195792937275182,0.002195792937275182
TRIM,Figure Technology Solutions Inc - US,349381103,CALL,51400.0,-51.279620853080566,1578494.0,0.006648317330386537,0.002195019775644376,-0.00445329755474216
ADD,Agilent Technologies Inc - US,00846U101,CALL,11800.0,413.0434782608695,1567394.0,0.0004866043544465731,0.0021795843545976993,0.0016929800001511263
ADD,Floor & Decor Holdings Inc - US,339750101,CALL,26400.0,23.364485981308412,1567104.0,0.0020178876759689287,0.0021791810868406238,0.00016129341087169503
ADD,Ebay Inc - US,278642103,CALL,14000.0,324.24242424242425,1564500.0,0.0005575326088013129,0.002175560020497782,0.001618027411696469
ADD,Petroleo Brasileiro S.A. - ADR (NYSE),71654V408,CALL,96800.0,426.0869565217392,1564288.0,0.0007086885667497028,0.002175265217861575,0.0014665766511118724
ADD,International Paper Co - US,460146103,PUT,41000.0,9.042553191489363,1562100.0,0.0024915841721305947,0.0021722226321633656,-0.0003193615399672291
NEW,Corecivic Inc - US,21871N101,PUT,51400.0,,1561532.0,0.0,0.0021714327835908867,0.0021714327835908867
NEW,State Street Materials Select Sector SPDR ETF - US,81369Y100,CALL,30600.0,,1555398.0,0.0,0.002162902975239507,0.002162902975239507
ADD,Martin Marietta Materials Inc - US,573284106,,2694.0,1.698754246885617,1553630.0,0.002894547312574265,0.0021604444324998203,-0.0007341028800744447
TRIM,Industrial Logistics Properties Trust - US REIT,456237106,,175122.0,-18.10950717562392,1553332.0,0.00225462826575518,0.0021600300401149637,-9.459822564021614e-05
TRIM,Oppfi Inc - US,68386H103,,156293.0,-67.92601515732963,1551989.0,0.0069736551280814565,0.0021581624932261634,-0.004815492634855293
NEW,Insteel Industries Inc - US,45774W108,,51327.0,,1550075.0,0.0,0.002155500926029466,0.002155500926029466
TRIM,Ziprecruiter Inc - US,98980B103,,413015.0,-17.113528266672017,1548806.0,0.00170184375898044,0.002153736281947643,0.0004518925229672029
NEW,Pricesmart Inc - US,741511109,,7906.0,,1544358.0,0.0,0.0021475509889011908,0.0021475509889011908
TRIM,Rhythm Pharmaceuticals Inc - US,76243J105,,13886.0,-29.318945332383183,1541763.0,0.0031714889944995024,0.0021439424377646035,-0.001027546556734899
NEW,Aurora Innovation Inc - US,051774107,CALL,225500.0,,1537910.0,0.0,0.0021385845389093917,0.0021385845389093917
NEW,Futu Holdings Ltd - US ADR,36118L106,CALL,16400.0,,1537336.0,0.0,0.0021377863468660776,0.0021377863468660776
TRIM,Planet Labs PBC - US,72703X106,CALL,46400.0,-21.222410865874362,1537232.0,0.0030557414784036984,0.0021376417267049194,-0.0009180997516987791
ADD,Sentinelone Inc - US,81730H109,PUT,90500.0,232.72058823529412,1535785.0,0.0006502857981163538,0.002135629559654961,0.001485343761538607
NEW,Del Monte Corp - US,G36738105,,54983.0,,1534576.0,0.0,0.0021339483502814983,0.0021339483502814983
ADD,QXO Inc - US,82846H405,PUT,88700.0,10.736579275905118,1532736.0,0.0028873620494996497,0.002131389685891779,-0.0007559723636078705
NEW,SEALSQ Corp - US,G79483106,,484909.0,,1527463.0,0.0,0.0021240571656053714,0.0021240571656053714
TRIM,Suncor Energy Inc - US,867224107,,28424.0,-22.88868994330051,1525800.0,0.004523283664823422,0.0021217446336053154,-0.002401539031218107
TRIM,Vail Resorts Inc - US,91879Q109,CALL,11200.0,-17.647058823529413,1524880.0,0.003239311863908794,0.0021204653014104554,-0.0011188465624983384
NEW,IQM Quantum Computers Oyj - US ADR,G73944103,,140446.0,,1516817.0,0.0,0.0021092530671852888,0.0021092530671852888
ADD,Solaredge Technologies Inc - US,83417M104,PUT,25800.0,54.49101796407185,1507752.0,0.0015824562788212622,0.002096647473330503,0.0005141911945092407
ADD,Us Physical Therapy Inc - US,90337L108,,21877.0,422.8728489483748,1502512.0,0.0005821585155982439,0.0020893608421336933,0.0015072023265354493
TRIM,Intrepid Potash Inc - US,46121Y201,,45731.0,-22.13746956566155,1499062.0,0.004662736423679731,0.0020845633464029695,-0.0025781730772767614
ADD,Air Products And Chemicals Inc - US,009158106,CALL,5100.0,70.0,1495218.0,0.0016176029996473641,0.0020792179627540123,0.0004616149631066482
ADD,Paychex Inc - US,704326107,CALL,15200.0,70.78651685393258,1494616.0,0.001521820528664079,0.002078380834513463,0.000556560305849384
ADD,Green Dot Corp - US,39304D102,,110305.0,630.8354866494401,1490221.0,0.00031433066516263735,0.0020722692421260625,0.001757938576963425
TRIM,Invesco Ltd - US,G491BT108,,56260.0,-30.371287128712872,1484701.0,0.003642993345042176,0.0020645932489569046,-0.0015784000960852715
TRIM,Dominion Energy Inc - US,25746U109,PUT,21700.0,-70.27397260273973,1481893.0,0.008376669160141603,0.0020606885046056374,-0.0063159806555359655
TRIM,Macy's Inc - US,55616P104,,62910.0,-79.67360153021497,1481531.0,0.010392435225236266,0.0020601851151985295,-0.008332250110037735
NEW,Credicorp Ltd - US,G2519Y108,PUT,3800.0,,1480404.0,0.0,0.002058617933259826,0.002058617933259826
ADD,Chewy Inc - US,16679L109,CALL,75100.0,254.2452830188679,1475715.0,0.0010624759968767153,0.0020520975108014603,0.000989621513924745
NEW,Canadian Natural Resources Ltd - US,136385101,,37261.0,,1471810.0,0.0,0.00204666730186567,0.00204666730186567
NEW,Beyond Meat Inc - US,08862E109,CALL,1962400.0,,1471800.0,0.0,0.002046653396080943,0.002046653396080943
ADD,Jefferies Financial Group Inc - US,47233W109,CALL,29400.0,164.86486486486487,1469412.0,0.0008503093409175973,0.0020433326946881986,0.0011930233537706014
ADD,Alexandria Real Estate Equities Inc - US REIT,015271109,CALL,27800.0,0.7246376811594203,1469230.0,0.0023781197543509304,0.002043079609406172,-0.00033504014494475844
TRIM,Cleanspark Inc - US,18452B209,CALL,100800.0,-51.7472474868358,1466640.0,0.0032997991198665533,0.0020394780111619476,-0.0012603211087046057
NEW,S&P Global Inc - US,78409V104,CALL,3600.0,,1466136.0,0.0,0.00203877715961172,0.00203877715961172
KEEP,Coinbase Global Inc - US,19260Q107,,10000.0,0.0,1461900.0,0.003241071520171965,0.002032886669201475,-0.00120818485097049
TRIM,Franco-Nevada Corp - US,351858105,,7005.0,-56.58775409023302,1460122.0,0.007399464101106466,0.002030414220677061,-0.005369049880429405
NEW,Bwx Technologies Inc - US,05605H100,CALL,7500.0,,1459875.0,0.0,0.002030070747794311,0.002030070747794311
TRIM,Ingram Micro Holding Corp - US,457152106,,53171.0,-12.298150988833358,1458481.0,0.0026231778754824027,0.002028132281403404,-0.0005950455940789989
ADD,Core Natural Resources Inc - US,218937100,PUT,18200.0,304.44444444444446,1456364.0,0.0008747886096925974,0.002025188426776754,0.0011503998170841565
TRIM,Verisk Analytics Inc - US,92345Y106,CALL,8100.0,-94.65699208443272,1454193.0,0.05339498737553333,0.0020221694809125796,-0.051372817894620754
TRIM,Iheartmedia Inc - Class A,45174J509,,337548.0,-11.42448535103717,1448081.0,0.0020654949163041733,0.002013670265287599,-5.182465101657421e-05
ADD,Clover Health Investments Corp - US,18914F103,,276123.0,44.29429194036402,1446885.0,0.0006251512986863965,0.0020120071334342815,0.0013868558347478852
TRIM,Paycom Software Inc - US,70432V102,CALL,11500.0,-64.61538461538461,1445320.0,0.007331993905420806,0.0020098308781245472,-0.0053221630272962586
TRIM,Scholar Rock Holding Corp - US,80706P103,,26226.0,-13.181938559322035,1442430.0,0.0027564699812401188,0.002005812106338521,-0.0007506578749015978
TRIM,Goldman Sachs Physical Gold ETF - US ETP,38150K103,,36444.0,-12.708982035928143,1442089.0,0.003579513930966029,0.002005337919079339,-0.00157417601188669
TRIM,Winnebago Industries Inc - US,974637100,,46132.0,-51.7856209696805,1441164.0,0.005503852117475507,0.002004051633992116,-0.003499800483483391
NEW,Versant Media Group Inc - US,925283103,PUT,40000.0,,1440400.0,0.0,0.002002989232038993,0.002002989232038993
TRIM,Charles Schwab Corp/The - US,808513105,PUT,15600.0,-81.38424821002387,1439412.0,0.014618370392778645,0.002001615340507992,-0.012616755052270653
NEW,Innovative Solutions And Support Inc - US,45769N105,,79726.0,,1435068.0,0.0,0.001995574667622698,0.001995574667622698
ADD,NuScale Power Corp - US,67079K100,CALL,143000.0,76.10837438423646,1434290.0,0.00163382227857942,0.0019944927975709577,0.0003606705189915377
ADD,Kraft Heinz Co/The - US,500754106,CALL,60600.0,119.56521739130434,1431372.0,0.0011521739180386133,0.0019904350895876967,0.0008382611715490834
ADD,Simon Property Group Inc - US REIT,828806109,CALL,6400.0,255.55555555555554,1431360.0,0.0006232190179163953,0.0019904184026460245,0.0013671993847296292
ADD,First Trust Natural Gas Etf - US ETP,33733E807,,53778.0,190.06472491909386,1431033.0,0.0010905655308752046,0.00198996368348546,0.0008993981526102554
NEW,Aptiv Holdings Ltd - US,G3265R107,CALL,23300.0,,1430154.0,0.0,0.00198874136500798,0.00198874136500798
NEW,Cna Financial Corp - US,126117100,,29410.0,,1429620.0,0.0,0.0019879987961035723,0.0019879987961035723
ADD,Black Rock Coffee Bar Inc - US,092244102,,172383.0,82.63619604602378,1429055.0,0.002263547198608067,0.001987213119266512,-0.00027633407934155507
ADD,Applied Digital Corp - US,038169207,PUT,38200.0,55.28455284552846,1424860.0,0.0010840150805031259,0.0019813796425736463,0.0008973645620705204
TRIM,Astronics Corp - US,046433108,,17508.0,-70.30831326527152,1422700.0,0.007303689054833152,0.0019783759930726715,-0.00532531306176048
TRIM,Zillow Group Inc - C,98954M200,CALL,44700.0,-8.775510204081632,1408944.0,0.003763622607944035,0.001959247195602574,-0.0018043754123414609
ADD,Shake Shack Inc - US,819047101,CALL,25100.0,62.98701298701299,1406102.0,0.0025289267509306748,0.0019552951715832356,-0.0005736315793474392
ADD,Canadian Pacific Kansas City Ltd - US,13646K108,CALL,16200.0,406.25,1403730.0,0.0004672221490667921,0.0019519967194460538,0.0014847745703792617
NEW,Ibotta Inc - US,451051106,,41019.0,,1401209.0,0.0,0.0019484910711164438,0.0019484910711164438
TRIM,Autodesk Inc - US,052769106,PUT,7200.0,-15.294117647058824,1399824.0,0.0037771355800915933,0.001946565119931791,-0.0018305704601598023
NEW,Pacer US Cash Cows 100 ETF - US ETP,69374H881,,22500.0,,1399500.0,0.0,0.001946114572506645,0.001946114572506645
TRIM,Darling Ingredients Inc - US,237266101,PUT,25600.0,-33.33333333333333,1398272.0,0.004408495792491394,0.0019444069421422016,-0.0024640888503491922
KEEP,Evertec Inc - US,30040P103,,50287.0,-0.06558028616852146,1396973.0,0.0026358277250958105,0.001942600580706199,-0.0006932271443896116
TRIM,Miller Industries Inc/Tn - US,600551204,,27287.0,-38.00381696732858,1395730.0,0.003721335172303145,0.0019408720916646656,-0.0017804630806384793
NEW,United Microelectronics Corp - US ADR,910873405,PUT,51200.0,,1393152.0,0.0,0.0019372871803621128,0.0019372871803621128
ADD,Cemex Sab De Cv - US ADR,151290889,,115936.0,66.70165499590205,1391232.0,0.001476808224463764,0.0019346172696945798,0.00045780904523081583
TRIM,United Natural Foods Inc - US,911163103,,30425.0,-63.36014836580842,1389510.0,0.006945244475376713,0.001932222693564636,-0.005013021781812077
ADD,Transmedics Group Inc - US,89377M109,CALL,20800.0,156.79012345679013,1381536.0,0.0014946330969270887,0.001921134220823537,0.00042650112389644836
ADD,Gen Digital Inc - US,668771108,CALL,55500.0,69.20731707317073,1381395.0,0.0011464197678109442,0.00192093814925889,0.0007745183814479458
NEW,Everspin Technologies Inc - US,30041T104,,57096.0,,1380581.0,0.0,0.0019198062183821336,0.0019198062183821336
ADD,Biohaven Ltd,G1110E107,,92773.0,11.324037630795814,1380462.0,0.0013086478245038654,0.0019196407395438856,0.0006109929150400202
ADD,Trevi Therapeutics Inc - US,89532M101,,73978.0,14.651912466679065,1379690.0,0.001428831604807453,0.0019185672129629816,0.0004897356081555286
TRIM,D-Wave Quantum Inc - US,26740W109,PUT,57400.0,-43.16831683168317,1377026.0,0.0027052487633264,0.0019148627119117791,-0.0007903860514146207
NEW,Everforth Inc - US,00191U102,,76836.0,,1373059.0,0.0,0.0019093462871106832,0.0019093462871106832
ADD,Public Storage - US REIT,74460D109,CALL,4300.0,7.5,1368733.0,0.002011205436994861,0.0019033306446378973,-0.00010787479235696389
TRIM,Domino's Pizza Inc - US,25754A201,PUT,4600.0,-29.230769230769234,1361784.0,0.00432885649716296,0.001893667514831289,-0.002435188982331671
ADD,Diageo Plc - US ADR,25243Q205,CALL,16900.0,14.965986394557824,1358422.0,0.002031428490778879,0.0018889923900061603,-0.00014243610077271864
NEW,Alkermes Plc - US,G01767105,,25889.0,,1356454.0,0.0,0.0018862557315719388,0.0018862557315719388
TRIM,Bitdeer Technologies Group - US,G11448100,PUT,85400.0,-2.5114155251141552,1355298.0,0.0014064999333916182,0.001884648222857528,0.00047814828946590986
ADD,Dexcom Inc - US,252131107,PUT,20100.0,3.608247422680412,1353735.0,0.002261418163023829,0.0018824747487047396,-0.00037894341431908953
ADD,Anaptysbio Inc - US,032724106,,20019.0,303.4461910519952,1351283.0,0.0005108070527751466,0.001879065050289744,0.0013682579975145973
ADD,Octave Specialty Group Inc - US,023139884,,216362.0,35.257528303420166,1350099.0,0.0013806767921118335,0.0018774186053780984,0.0004967418132662649
TRIM,Gorilla Technology Group Inc - US,G4000K175,CALL,67800.0,-0.7320644216691069,1347864.0,0.0013349609966417483,0.001874310662491673,0.0005393496658499246
KEEP,Corcept Therapeutics Inc - US,218352102,PUT,15500.0,0.0,1347725.0,0.0011597489783867158,0.0018741173720839715,0.0007143683936972557
NEW,Cbre Group Inc - US,12504L109,CALL,10000.0,,1346900.0,0.0,0.0018729701448440157,0.0018729701448440157
ADD,Sentinelone Inc - US,81730H109,CALL,79000.0,2.1992238033635187,1340630.0,0.0018480548600880204,0.0018642512178203524,1.6196357732332044e-05
NEW,Darden Restaurants Inc - US,237194105,CALL,6500.0,,1339065.0,0.0,0.001862074962510618,0.001862074962510618
NEW,Academy Sports & Outdoors Inc - US,00402L107,,28401.0,,1338539.0,0.0,0.001861343518233992,0.001861343518233992
ADD,Dollar General Corp - US,256677105,CALL,11600.0,31.818181818181817,1335276.0,0.001939378792733608,0.0018568060606776581,-8.257273205594987e-05
NEW,Archimedes Tech SPAC Partners II Co - US,G04537109,,123842.0,,1335017.0,0.0,0.001856445900853236,0.001856445900853236
NEW,World Kinect Corp - US,981475106,,40384.0,,1330249.0,0.0,0.0018498156226955283,0.0018498156226955283
TRIM,On Holding Ag - US,H5919C104,PUT,37500.0,-49.25575101488498,1328250.0,0.004666574998734833,0.001847035856328654,-0.002819539142406179
ADD,Ttm Technologies Inc - US,87305R109,PUT,7100.0,14.516129032258066,1327842.0,0.0011211386303590558,0.0018464685003118028,0.000725329869952747
TRIM,Columbia Financial Inc - US,197641103,,62518.0,-43.761581778601375,1326632.0,0.0036130810447457607,0.0018447859003598679,-0.0017682951443858928
ADD,Iron Mountain Inc - US REIT,46284V101,CALL,10500.0,118.75,1326255.0,0.0009100318517483245,0.00184426165227567,0.0009342298005273454
ADD,Madison Square Garden Sports Corp - US,55825T103,PUT,3300.0,266.66666666666663,1326072.0,0.000536917901566315,0.0018440071764151708,0.001307089274848856
NEW,Rmr Group Inc/The - US,74967R106,,64511.0,,1324411.0,0.0,0.00184169742557206,0.00184169742557206
NEW,Skyworks Solutions Inc - US,83088M102,CALL,19400.0,,1315320.0,0.0,0.0018290556766769846,0.0018290556766769846
ADD,Ssr Mining Inc - US,784730103,PUT,46400.0,71.21771217712177,1312192.0,0.0014788908556106818,0.0018247059472144616,0.00034581509160377987
NEW,Yeti Holdings Inc - US,98585X104,,26414.0,,1309078.0,0.0,0.0018203756858505564,0.0018203756858505564
NEW,Liquidia Corp - US,53635D202,CALL,16400.0,,1307572.0,0.0,0.0018182814746707098,0.0018182814746707098
ADD,Qcr Holdings Inc - US,74727A104,,13385.0,12.09278954861402,1303030.0,0.001893965554194849,0.0018119654672478268,-8.20000869470221e-05
TRIM,Zevra Therapeutics Inc - US,488445206,CALL,90800.0,-31.574981160512433,1302072.0,0.0022956535007009676,0.0018106332930710055,-0.0004850202076299621
TRIM,The Campbell's Company - US,134429109,CALL,58300.0,-57.44525547445255,1298341.0,0.005663178968747187,0.0018054450447894605,-0.0038577339239577266
TRIM,Honda Motor Co Ltd - US ADR,438128308,,47839.0,-88.6282004654358,1296915.0,0.018982672455344046,0.0018034620798874279,-0.017179210375456617
TRIM,Zillow Group Inc - C,98954M200,PUT,41000.0,-28.57142857142857,1292320.0,0.004408815055020155,0.001797072371805493,-0.002611742683214662
TRIM,State Street Industrial Select Sector SPDR ETF - U,81369Y704,,6963.0,-89.68245736215864,1289756.0,0.020259570363833627,0.001793506928601558,-0.01846606343523207
ADD,Corecivic Inc - US,21871N101,CALL,42400.0,68.25396825396825,1288112.0,0.0008845279729973006,0.0017912208175924827,0.000906692844595182
NEW,Ishares U.S. Healthcare Etf - US ETP,464287762,,19196.0,,1286324.0,0.0,0.001788734463283342,0.001788734463283342
ADD,Bank Of Nova Scotia/The - US,064149107,CALL,14800.0,7.246376811594203,1285232.0,0.0017753929359550086,0.0017872159515911826,1.1823015636173995e-05
NEW,JPMorgan Equity Premium Income ETF - US ETP,46641Q332,,22754.0,,1285146.0,0.0,0.0017870963618425329,0.0017870963618425329
TRIM,ATI Inc - US,01741R102,PUT,6500.0,-64.28571428571429,1281150.0,0.0049139923214596495,0.0017815396102657292,-0.0031324527111939206
TRIM,Cme Group Inc - US,12572Q105,PUT,5800.0,-50.427350427350426,1280814.0,0.006414197663220114,0.0017810723758989108,-0.004633125287321203
TRIM,McCormick & Company,579780206,PUT,25400.0,-41.339491916859124,1280668.0,0.004053988165497176,0.0017808693514419003,-0.002273118814055276
NEW,Mettler-Toledo International Inc - US,592688105,CALL,1000.0,,1277510.0,0.0,0.0017764779046251975,0.0017764779046251975
TRIM,Moderna Inc - US,60770K107,CALL,18200.0,-76.87420584498093,1274546.0,0.007420923369100686,0.0017723562300321928,-0.005648567139068493
ADD,Kestra Medical Technologies Inc - US,G52441105,,49977.0,56.66771159874608,1271415.0,0.001180096396062751,0.001768002328834252,0.000587905932771501
TRIM,Uipath Inc - US,90364P105,CALL,116300.0,-52.95307443365695,1264181.0,0.005093202546034166,0.0017579428841629316,-0.003335259661871234
TRIM,Cognizant Technology Solutions Corp - US,192446102,PUT,32600.0,-29.89247311827957,1262598.0,0.005295256747012529,0.0017557415984406893,-0.0035395151485718397
ADD,Southern Co/The - US,842587107,CALL,13100.0,107.93650793650794,1253801.0,0.0011286969851097232,0.00174350867961658,0.0006148116945068568
ADD,Huntington Bancshares Inc/Oh - US,446150104,PUT,70700.0,78.9873417721519,1253511.0,0.001147442521609475,0.0017431054118595048,0.0005956628902500298
ADD,Healthcare Services Group Inc - US,421906108,,50959.0,81.9899289311096,1251553.0,0.0009641338571308642,0.0017403826592100099,0.0007762488020791457
TRIM,Hyliion Holdings Corp - US,449109107,,240198.0,-19.27962684159587,1251432.0,0.0009721172765273818,0.0017402143992148165,0.0007680971226874347
TRIM,British American Tobacco Plc - US ADR,110448107,PUT,20200.0,-60.3921568627451,1247552.0,0.005535065598194372,0.001734818954740843,-0.0038002466434535294
TRIM,Canadian Natural Resources Ltd - US,136385101,PUT,31500.0,-41.988950276243095,1244250.0,0.0049115180368617525,0.001730227264624075,-0.0031812907722376773
TRIM,Northrim Bancorp Inc - US,666762109,,44804.0,-22.09761271364735,1242863.0,0.0024425383942384333,0.0017282985322824766,-0.0007142398619559567
NEW,El Pollo Loco Holdings Inc - US,268603107,,73215.0,,1241726.0,0.0,0.001726717444559047,0.001726717444559047
ADD,First Trust RBA American Industrial Renaissance ET,33738R704,,9304.0,33.928314380308045,1239758.0,0.001428493780503764,0.0017239807861248253,0.00029548700562106144
TRIM,Crispr Therapeutics Ag - US,H17182108,CALL,22700.0,-2.9914529914529915,1238058.0,0.002066181701976508,0.0017216168027212803,-0.0003445648992552277
ADD,Epam Systems Inc - US,29414B104,CALL,15600.0,766.6666666666667,1237860.0,0.0004523875785443625,0.001721341468183691,0.0012689538896393285
NEW,Biontech Se - US ADR,09075V102,CALL,13300.0,,1237565.0,0.0,0.001720931247534252,0.001720931247534252
ADD,Elevance Health Inc - US,036752103,CALL,3200.0,45.45454545454545,1237536.0,0.0011954711142355844,0.0017208909207585446,0.0005254198065229602
TRIM,Axon Enterprise Inc - US,05464C101,PUT,2200.0,-65.07936507936508,1233342.0,0.004966290122319191,0.0017150588346441515,-0.0032512312876750394
TRIM,Celestica Inc - US,15101Q207,,3377.0,-70.7441739582431,1231930.0,0.006035234897758302,0.0017130953378407365,-0.0043221395599175655
TRIM,"XPO, Inc - US",983793100,CALL,6000.0,-13.043478260869565,1231740.0,0.0024917233854425546,0.0017128311279309288,-0.0007788922575116257
TRIM,Kinross Gold Corp - US,496902404,,52130.0,-10.753111571450583,1231311.0,0.0033090150411182882,0.0017122345697661516,-0.0015967804713521367
TRIM,Emerson Electric Co - US,291011104,PUT,8600.0,-69.93006993006993,1231090.0,0.006955416328037238,0.001711927251923691,-0.0052434890761135465
ADD,Angel Studios Inc - US,034948109,,335035.0,173.78403556369105,1229578.0,0.0006927904065239008,0.0017098246972730082,0.0010170342907491075
ADD,Elf Beauty Inc - US,26856L103,CALL,16600.0,84.44444444444444,1228400.0,0.0010125262605455616,0.0017081865958321991,0.0006956603352866375
ADD,Incyte Corp - US,45337C102,,10828.0,370.9873858199217,1227462.0,0.00040164339824629177,0.0017068822332248312,0.0013052388349785394
ADD,Waste Management Inc - US,94106L109,CALL,5500.0,358.33333333333337,1225840.0,0.0005118372312836487,0.0017046267149421548,0.0011927894836585061
ADD,Elme Communities - US REIT,939653101,,827354.0,24.14251524859143,1224484.0,0.0024864889649128686,0.0017027410905332094,-0.0007837478743796592
ADD,Iovance Biotherapeutics Inc - US,462260100,,293989.0,36.10349808336883,1222994.0,0.0014073055144234918,0.0017006691286089257,0.0002933636141854339
ADD,Arrowhead Pharmaceuticals Inc - US,04280A100,CALL,15000.0,368.75,1222650.0,0.0003724234521546893,0.0017001907696143261,0.0013277673174596368
KEEP,Zim Integrated Shipping Services Ltd - US,M9T951109,CALL,47000.0,0.0,1222000.0,0.002298783015953823,0.0016992868936070882,-0.0005994961223467347
TRIM,Metalla Royalty & Streaming Ltd - US,59124U605,,160449.0,-69.1523722732988,1221017.0,0.006401005809778809,0.00169791995496845,-0.004703085854810359
TRIM,Totalenergies Se - US,F92124100,PUT,15700.0,-44.522968197879855,1220832.0,0.004779163300737898,0.0016976626979510055,-0.003081500602786892
TRIM,Ishares Msci Emerging Markets Min Vol Factor Etf -,464286533,,16210.0,-48.76738305941846,1220289.0,0.003801557307364317,0.0016969076138403437,-0.002104649693523973
NEW,Hyperliquid Strategies Inc - US,44916Y106,CALL,155000.0,,1219850.0,0.0,0.00169629714989084,0.00169629714989084
NEW,Hyperliquid Strategies Inc - US,44916Y106,PUT,155000.0,,1219850.0,0.0,0.00169629714989084,0.00169629714989084
ADD,Empire State Realty Trust Inc - US REIT,292104106,,225094.0,1237.2980038022813,1217759.0,0.00016246379123450628,0.0016933894503044797,0.0015309256590699733
NEW,Autonation Inc - US,05329W102,,6554.0,,1217668.0,0.0,0.0016932629076634662,0.0016932629076634662
TRIM,Ulta Beauty Inc - US,90384S303,PUT,2700.0,-82.35294117647058,1217646.0,0.014844710820072757,0.0016932323149370676,-0.01315147850513569
ADD,Clearwater Paper Corp - US,18538R103,,77655.0,361.5178889813384,1217630.0,0.00044911699380205503,0.0016932100656815046,0.0012440930718794496
TRIM,Stanley Black & Decker Inc - US,854502101,PUT,12900.0,-64.85013623978202,1214148.0,0.004840728995818972,0.0016883680714396554,-0.003152360924379317
NEW,Palvella Therapeutics Inc - US,697947109,,7906.0,,1208195.0,0.0,0.0016800899577918299,0.0016800899577918299
NEW,Sk Telecom Co Ltd - US ADR,78440P306,PUT,37500.0,,1206000.0,0.0,0.0016770376380443113,0.0016770376380443113
NEW,Parabilis Medicines Inc - US,698955101,,44045.0,,1205512.0,0.0,0.0016763590357496464,0.0016763590357496464
TRIM,Assurant Inc - US,04621X108,,4476.0,-83.8142764157084,1201940.0,0.011180347303556016,0.0016713918894452567,-0.009508955414110759
NEW,Resideo Technologies Inc - US,76118Y104,CALL,38600.0,,1200460.0,0.0,0.0016693338333057,0.0016693338333057
ADD,Sunstone Hotel Investors Inc - US REIT,867892101,,104374.0,354.5114091621669,1195082.0,0.00038405426032455216,0.0016618553022796612,0.001277801041955109
ADD,Matador Resources Co - US,576485205,CALL,24000.0,233.33333333333334,1194720.0,0.0008443677167631556,0.0016613519128725537,0.0008169841961093981
TRIM,Vale Sa - US ADR,91912E105,PUT,79100.0,-69.43585780525503,1189664.0,0.0076428256760095225,0.001654321148114716,-0.005988504527894806
ADD,Ew Scripps Co/The - US,811054402,,428753.0,109.02137243813499,1187646.0,0.0014163766538307886,0.001651514960756861,0.00023513830692607242
ADD,Northern Dynasty Minerals Ltd - US,66510M204,CALL,618500.0,181.7767653758542,1187520.0,0.0005704033435363638,0.001651339747869304,0.0010809364043329402
TRIM,Thryv Holdings Inc - US,886029206,,301226.0,-9.091841908302953,1186830.0,0.0016852309704199115,0.0016503802487231592,-3.485072169675239e-05
KEEP,Blackstone Secured Lending Fund - US,09261X102,CALL,50000.0,0.0,1185500.0,0.0021986422402174516,0.0016485307793545035,-0.0005501114608629481
TRIM,Annaly Capital Management Inc - US REIT,035710839,PUT,53000.0,-14.100486223662884,1185080.0,0.002422228100112254,0.0016479467363959806,-0.0007742813637162732
TRIM,Embraer Sa - US ADR,29082A107,,18531.0,-85.51326250615634,1182278.0,0.014089491595933631,0.0016440503355155491,-0.012445441260418083
KEEP,Under Armour Inc - US,904311107,PUT,185000.0,0.0,1182150.0,0.0020294516617490508,0.001643872341471047,-0.0003855793202780038
TRIM,Williams Cos Inc/The - US,969457100,CALL,15900.0,-8.620689655172415,1182006.0,0.002350611203907686,0.001643672098170982,-0.0007069391057367041
TRIM,Novavax Inc - US,670002401,,125468.0,-2.6315585252097256,1181909.0,0.0019469668463241601,0.0016435372120591327,-0.00030342963426502746
NEW,Macom Technology Solutions Holdings Inc - US,55405Y100,CALL,3100.0,,1179147.0,0.0,0.0016396964343176083,0.0016396964343176083
TRIM,Philip Morris International Inc - US,718172109,PUT,6500.0,-81.48148148148148,1175915.0,0.010772203571729951,0.0016352020846939273,-0.009137001487036023
KEEP,Walt Disney Co/The - US,254687106,CALL,12200.0,0.0,1174250.0,0.002182560318419863,0.0016328867715369258,-0.0005496735468829372
ADD,Xencor Inc - US,98401F105,,72917.0,66.4087817791775,1173964.0,0.0009808877151808453,0.0016324890660937414,0.0006516013509128961
NEW,Leidos Holdings Inc - US,525327102,CALL,11400.0,,1173858.0,0.0,0.0016323416647756378,0.0016323416647756378
TRIM,Ishares Msci United Kingdom Etf - US ETP,46435G334,,25426.0,-47.3505476984242,1173156.0,0.004084015548798146,0.001631365478687821,-0.0024526500701103245
NEW,Trekor Metals Ltd - US,89472Y107,,170476.0,,1172875.0,0.0,0.0016309747261369996,0.0016309747261369996
NEW,Vanguard Morningstar Small-Cap ETF - US ETP,922908751,,3863.0,,1170953.0,0.0,0.0016283020343125212,0.0016283020343125212
NEW,SharonAI Holdings Inc - US,778920306,CALL,13800.0,,1168308.0,0.0,0.0016246239542522993,0.0016246239542522993
ADD,Cenovus Energy Inc - US,15135U109,PUT,47000.0,10.328638497652582,1166070.0,0.0020978109664537606,0.001621511839630456,-0.0004762991268233046
ADD,Mastec Inc - US,576323109,CALL,2800.0,154.54545454545453,1164968.0,0.0006569272011855798,0.0016199794221535698,0.00096305222096799
NEW,VivoPower PLC - US,G9376R209,CALL,225000.0,,1163250.0,0.0,0.0016175904083375167,0.0016175904083375167
TRIM,Doordash Inc - US,25809K105,PUT,6300.0,-40.56603773584906,1162539.0,0.002954273535759978,0.0016166017070434456,-0.0013376718287165324
NEW,Ishares U.S. Real Estate Etf - US ETP,464287739,,11350.0,,1160538.0,0.0,0.0016138191595196259,0.0016138191595196259
ADD,Gemini Space Station Inc - US,36866J105,,272416.0,179.90054045167787,1160492.0,0.0007984922900286902,0.001613755192909883,0.0008152629028811929
ADD,Patrick Industries Inc - US,703343103,,12872.0,124.05570060922541,1155648.0,0.0011844212896209667,0.0016070192307882523,0.00042259794116728563
TRIM,Talen Energy Corp - US,87422Q109,PUT,3000.0,-82.35294117647058,1152780.0,0.010073308197432242,0.0016030310517286244,-0.008470277145703618
NEW,Blackberry Ltd - US,09228F103,PUT,91000.0,,1151150.0,0.0,0.0016007644088181666,0.0016007644088181666
NEW,Supernus Pharmaceuticals Inc - US,868459108,,24746.0,,1150936.0,0.0,0.0016004668250250143,0.0016004668250250143
NEW,Flex Ltd - US,Y2573F102,CALL,7100.0,,1150697.0,0.0,0.0016001344767700453,0.0016001344767700453
KEEP,Pacific Biosciences Of California Inc - US,69404D108,,684707.0,0.0,1150308.0,0.0016776373482968812,0.0015995935417441756,-7.804380655270556e-05
NEW,Madison Square Garden Sports Corp - US,55825T103,,2861.0,,1149664.0,0.0,0.0015986980092077736,0.0015986980092077736
NEW,Entergy Corp - US,29364G103,CALL,10000.0,,1148600.0,0.0,0.0015972184337128491,0.0015972184337128491
NEW,Equinor Asa - US ADR,29446M102,CALL,36500.0,,1146100.0,0.0,0.001593741987531165,0.001593741987531165
TRIM,ServiceTitan Inc - US,81764X103,PUT,16200.0,-13.368983957219251,1145502.0,0.0022027295430565898,0.0015929104216045064,-0.0006098191214520834
TRIM,MoonLake Immunotherapeutics - US,61559X104,,58740.0,-4.607239716127775,1143668.0,0.0021305112453443562,0.0015903601006856231,-0.0005401511446587331
ADD,Western Alliance Bancorp - US,957638109,CALL,13900.0,195.74468085106383,1142580.0,0.0006180978242137698,0.001588847151307354,0.0009707493270935842
NEW,Viridian Therapeutics Inc - US,92790C104,,62184.0,,1142320.0,0.0,0.0015884856009044592,0.0015884856009044592
TRIM,Conagra Brands Inc - US,205887102,PUT,84600.0,-36.8185212845407,1138716.0,0.00390708285400729,0.0015834739560889434,-0.002323608897918347
TRIM,Procore Technologies Inc - US,74275K108,CALL,28000.0,-6.976744186046512,1137360.0,0.0031846437243909518,0.001581588331679998,-0.0016030553927109537
TRIM,J M Smucker Co/The - US,832696405,CALL,10100.0,-54.29864253393665,1136250.0,0.003956115638657003,0.0015800447895753307,-0.0023760708490816723
NEW,Vita Coco Co Inc/The - US,92846Q107,,17174.0,,1135888.0,0.0,0.0015795414001682226,0.0015795414001682226
NEW,Portillo's Inc - US,73642K106,,239582.0,,1135619.0,0.0,0.0015791673345590736,0.0015791673345590736
TRIM,General Dynamics Corp - US,369550108,PUT,3200.0,-69.52380952380952,1133568.0,0.006689311010314947,0.00157631525811162,-0.005112995752203327
NEW,Compass Minerals International Inc - US,20451N101,,36392.0,,1132883.0,0.0,0.0015753627118578386,0.0015753627118578386
NEW,Manchester United Plc - US,G5784H106,,49395.0,,1132627.0,0.0,0.0015750067237688345,0.0015750067237688345
NEW,Lifemd Inc - US,53216B104,,274143.0,,1132211.0,0.0,0.0015744282431242023,0.0015744282431242023
TRIM,Deckers Outdoor Corp - US,243537107,PUT,11400.0,-82.1875,1131906.0,0.011890227536256095,0.0015740041166900365,-0.010316223419566058
TRIM,Pinterest Inc - US,72352L106,PUT,53800.0,-71.59450897571278,1131414.0,0.006447610714267944,0.0015733199520814815,-0.004874290762186462
NEW,Ishares Us Technology Etf - US ETP,464287721,,4485.0,,1131252.0,0.0,0.001573094678368908,0.001573094678368908
TRIM,Gamestop Corp - US,36467W109,PUT,51100.0,-64.80716253443526,1128288.0,0.006209671033821346,0.0015689730037759036,-0.004640698030045442
TRIM,Paylocity Holding Corp - US,70438V106,,10790.0,-78.32854646608689,1127879.0,0.009984757393960892,0.0015684042571805802,-0.008416353136780312
TRIM,Ionq Inc - US,46222L108,CALL,21100.0,-29.900332225913623,1123786.0,0.0016107592732314234,0.0015627126194919275,-4.804665373949585e-05
TRIM,Tower Semiconductor Ltd - US,M87915274,PUT,4300.0,-88.50267379679144,1120752.0,0.01218200378870376,0.0015584936044058357,-0.010623510184297925
TRIM,Ptc Therapeutics Inc - US,69366J200,,13739.0,-67.42151190363275,1120690.0,0.005333128336398056,0.00155840738854053,-0.0037747209478575256
ADD,Henry Schein Inc - US,806407102,,13418.0,218.71733966745842,1120671.0,0.000575929183932419,0.0015583809675495494,0.0009824517836171305
NEW,Ollie's Bargain Outlet Holdings Inc - US,681116109,CALL,14500.0,,1114760.0,0.0,0.001550161258197576,0.001550161258197576
TRIM,Starbucks Corp - US,855244109,PUT,10900.0,-91.49102263856362,1113871.0,0.021302382016351658,0.001548925033935369,-0.01975345698241629
NEW,ARK Genomic Revolution ETF - US ETP,00214Q302,,26477.0,,1113623.0,0.0,0.001548580170474146,0.001548580170474146
NEW,Everspin Technologies Inc - US,30041T104,PUT,46000.0,,1112280.0,0.0,0.0015467126235853455,0.0015467126235853455
ADD,Encore Capital Group Inc - US,292554102,,11871.0,35.80825992449376,1107446.0,0.0011376864527073366,0.0015399905672484416,0.00040230411454110493
NEW,Ashland Inc - US,044186104,CALL,16800.0,,1106952.0,0.0,0.0015393036214829407,0.0015393036214829407
NEW,Onewater Marine Inc - US,68280L101,,97848.0,,1102747.0,0.0,0.0015334562390053484,0.0015334562390053484
TRIM,Ishares 10-20 Year Treasury Bond Etf - US ETP,464288653,,10984.0,-43.13522468419963,1102244.0,0.0036112081616555287,0.0015327567780335934,-0.0020784513836219353
ADD,Fifth Third Bancorp - US,316773100,PUT,19500.0,59.83606557377049,1099215.0,0.0010521036770469684,0.0015285447158398654,0.00047644103879289704
NEW,Doubleverify Holdings Inc - US,25862V105,CALL,101400.0,,1099176.0,0.0,0.001528490483279431,0.001528490483279431
TRIM,Gilead Sciences Inc - US,375558103,PUT,8700.0,-73.14814814814815,1099158.0,0.008381732812341952,0.0015284654528669231,-0.006853267359475028
TRIM,Phillips 66 - US,718546104,CALL,6500.0,-25.287356321839084,1098825.0,0.002941978216047694,0.0015280023902355226,-0.0014139758258121715
TRIM,Texas Pacific Land Corp - US,88262P102,PUT,2500.0,-50.0,1094100.0,0.00440433795490753,0.00152143190695214,-0.00288290604795539
ADD,Kyivstar Group Ltd - US,G5331N101,,67655.0,20.322615067226295,1093981.0,0.0010562151101935128,0.001521266428113892,0.0004650513179203792
NEW,Appian Corp - US,03782L101,,47561.0,,1089147.0,0.0,0.001514544371776988,0.001514544371776988
TRIM,Cadence Design Systems Inc - US,127387108,PUT,2900.0,-76.8,1088428.0,0.006447200499042035,0.0015135445458551355,-0.0049336559531868995
TRIM,Lyondellbasell Industries Nv - US,N53745100,PUT,20600.0,-75.70754716981132,1084590.0,0.012680454267909362,0.0015082075056770147,-0.011172246762232347
ADD,Schmid Group NV - US,N68722102,,173007.0,434.1865563343317,1083024.0,0.00031861472281601163,0.0015060298597888077,0.0011874151369727962
TRIM,Veeva Systems Inc - US,922475108,PUT,6100.0,-16.43835616438356,1082567.0,0.0023802098102078196,0.001505394365426796,-0.0008748154447810236
NEW,Transunion - US,89400J107,CALL,15000.0,,1082100.0,0.0,0.0015047449652800574,0.0015047449652800574
NEW,Sila Realty Trust Inc - US,146280508,,35630.0,,1081727.0,0.0,0.0015042262795097502,0.0015042262795097502
ADD,8X8 Inc - US,282914100,,632486.0,51.07245906024879,1081551.0,0.0012900099462986956,0.0015039815376985597,0.00021397159139986406
NEW,Carriage Services Inc - US,143905107,,28190.0,,1080805.0,0.0,0.0015029441661579452,0.0015029441661579452
TRIM,Entegris Inc - US,29362U104,CALL,6000.0,-71.29186602870813,1079160.0,0.004548221409439144,0.0015006566645703971,-0.0030475647448687465
ADD,Yext Inc - US,98585N106,,230961.0,533.3251069430734,1078588.0,0.00025993352755874317,0.001499861253684028,0.0012399277261252847
TRIM,Brookfield Corp - US,11271J107,,25194.0,-20.60130471778387,1073012.0,0.0023836177520845936,0.0014921073881204,-0.0008915103639641935
ADD,Mobileye Global Inc - US,60741F104,CALL,110800.0,443.13725490196083,1072544.0,0.00026013956326044355,0.0014914565973951888,0.0012313170341347454
TRIM,Diamondback Energy Inc - US,25278X109,PUT,6100.0,-80.7570977917981,1072258.0,0.011638127077716953,0.0014910588919520042,-0.010147068185764949
NEW,State Street Communication Services Select Sector,81369Y852,PUT,10000.0,,1071300.0,0.0,0.0014897267177751829,0.0014897267177751829
ADD,American Water Works Co Inc - US,030420103,CALL,8100.0,125.0,1065798.0,0.0009093859019808314,0.0014820757550185332,0.0005726898530377018
ADD,Everquote Inc - US,30041R108,CALL,44800.0,234.32835820895522,1065792.0,0.00038353824298155474,0.001482067411547697,0.0010985291685661424
NEW,Churchill Capital Corp XII - US,G2131M102,,100000.0,,1065000.0,0.0,0.0014809660733973396,0.0014809660733973396
TRIM,Preferred Bank/Los Angeles Ca - US,740367404,,10018.0,-82.04369880446667,1064513.0,0.00939167527381754,0.0014802888616811474,-0.007911386412136392
TRIM,Us Bancorp - US,902973304,PUT,17600.0,-82.6086956521739,1063040.0,0.009769826889715,0.0014782405395908995,-0.0082915863501241
ADD,Elastic Nv - US,N14506104,PUT,18600.0,66.07142857142857,1060572.0,0.0010392515040868455,0.001474808591920341,0.0004355570878334955
NEW,Ase Technology Holding Co Ltd - US ADR,00215W100,PUT,23500.0,,1060320.0,0.0,0.0014744581661452272,0.0014744581661452272
NEW,Kailera Therapeutics Inc - US,482931102,,48050.0,,1058542.0,0.0,0.0014719857176208138,0.0014719857176208138
ADD,Innodata Inc - US,457642205,PUT,14000.0,17.647058823529413,1058120.0,0.0008530583397844289,0.0014713988935053455,0.0006183405537209167
ADD,Cvrx Inc - US,126638105,,205684.0,4.228235532583359,1057216.0,0.003465178965942243,0.0014701418105660486,-0.0019950371553761944
ADD,GeneDx Holdings Corp - US,81663L200,CALL,15400.0,43.925233644859816,1057210.0,0.0012754797888850846,0.0014701334670952125,0.00019465367821012796
ADD,Amrize Ltd - US,H2927K103,CALL,19800.0,395.0,1055340.0,0.0004159322525858392,0.001467533085351313,0.001051600832765474
NEW,Denali Therapeutics Inc - US,24823R105,,40965.0,,1053620.0,0.0,0.0014651412903783144,0.0014651412903783144
ADD,Liberty Live Holdings Class A - US,530909100,,10387.0,3.901170351105332,1051788.0,0.0017004906055881914,0.0014625937506163764,-0.00023789685497181494
NEW,Liftoff Mobile Inc - US,53229X101,,43657.0,,1048641.0,0.0,0.0014582176001628727,0.0014582176001628727
ADD,Carpenter Technology Corp - US,144285103,CALL,1700.0,142.85714285714286,1048628.0,0.0005121286511500177,0.001458199522642728,0.0009460708714927103
TRIM,Canadian Imperial Bank Of Commerce - US,136069101,PUT,9100.0,-53.333333333333336,1046500.0,0.003429519940128129,0.0014552403716528786,-0.00197427956847525
KEEP,Axiom Intelligence Acquisition Corp 1 - US,G0750N104,,101204.0,0.0,1046449.0,0.0019029475970824912,0.0014551694521507724,-0.0004477781449317188
TRIM,Tjx Cos Inc/The - US,872540109,PUT,6900.0,-86.08870967741935,1045350.0,0.014703004661740194,0.0014536412064093042,-0.01324936345533089
NEW,Gildan Activewear Inc - US,375916103,PUT,20200.0,,1042320.0,0.0,0.0014494277536371031,0.0014494277536371031
NEW,Adeia Inc - US,00676P107,,31644.0,,1042037.0,0.0,0.0014490342199293368,0.0014490342199293368
NEW,Sba Communications Corp - US REIT,78410G104,CALL,5900.0,,1041114.0,0.0,0.001447750715999059,0.001447750715999059
TRIM,Marcus Corp/The - US,566330106,,44312.0,-30.182139030692635,1039560.0,0.0020227619980650122,0.0014455897570525241,-0.0005771722410124881
ADD,Stoneridge Inc - US,86183P102,,141626.0,10.565843300128034,1036702.0,0.0011483873159533085,0.0014416154837776233,0.00029322816782431475
TRIM,Hershey Co/The - US,427866108,PUT,5900.0,-65.49707602339181,1035155.0,0.0065985606365146325,0.0014394642588803973,-0.005159096377634235
TRIM,Edison International - US,281020107,CALL,13900.0,-58.63095238095239,1034855.0,0.004564058315807683,0.0014390470853385953,-0.003125011230469088
NEW,Dnow Inc - US,67011P100,CALL,79600.0,,1032412.0,0.0,0.0014356499021298537,0.0014356499021298537
TRIM,Theravance Biopharma Inc - US,G8807B106,,60425.0,-49.69697474234528,1027225.0,0.0036187665164061963,0.001428436971592096,-0.0021903295448141005
TRIM,SEALSQ Corp - US,G79483106,CALL,325700.0,-74.37652427031705,1025955.0,0.006181594493065307,0.0014266709369318005,-0.004754923556133507
ADD,Equillium Inc - US,29446K106,,320100.0,1492.5373134328358,1024320.0,7.461833521041922e-05,0.0014243973411289792,0.00134977900591856
NEW,Lithia Motors Inc - US,536797103,CALL,3500.0,,1016715.0,0.0,0.0014138219918442968,0.0014138219918442968
TRIM,Cracker Barrel Old Country Store Inc - US,22410J106,CALL,19000.0,-58.87445887445888,1012700.0,0.0024105842986999414,0.0014082388192765125,-0.0010023454794234289
TRIM,Canadian Solar Inc - US,136635109,PUT,63200.0,-45.89041095890411,1012464.0,0.0030027012065470386,0.0014079106427569614,-0.0015947905637900771
NEW,Dmc Global Inc - US,23291C103,,173986.0,,1010859.0,0.0,0.0014056787643083205,0.0014056787643083205
ADD,Iridium Communications Inc - US,46269C102,PUT,18400.0,130.0,1009240.0,0.00041192290920139885,0.001403427417761062,0.000991504508559663
NEW,Everquote Inc - US,30041R108,,42362.0,,1007792.0,0.0,0.0014014138601326307,0.0014014138601326307
TRIM,Sm Energy Co - US,78454L100,PUT,38600.0,-9.389671361502346,1007460.0,0.0024655011660018188,0.001400952188079703,-0.0010645489779221157
ADD,Sterling Infrastructure Inc - US,859241101,PUT,1200.0,71.42857142857143,1007232.0,0.0005291757852438608,0.0014006351361879334,0.0008714593509440726
TRIM,Bank Of Montreal - US,063671101,PUT,5700.0,-33.72093023255814,1007190.0,0.002160449532125671,0.0014005767318920812,-0.0007598728002335897
NEW,Mitek Systems Inc - US,606710200,CALL,50000.0,,1006500.0,0.0,0.0013996172327459364,0.0013996172327459364
TRIM,State Street Communication Services Select Sector,81369Y852,,9394.0,-42.71252591779485,1006379.0,0.003374311652959883,0.001399448972750743,-0.00197486268020914
TRIM,Ferrari Nv - US,N3167Y103,CALL,2700.0,-64.93506493506493,1005183.0,0.004837319197764705,0.0013977858408974254,-0.00343953335686728
ADD,Thomson Reuters Corp - US,884903881,CALL,12300.0,3.361344537815126,1004541.0,0.0019875243245417638,0.001396893089517969,-0.0005906312350237948
NEW,Fortrea Holdings Inc - US,34965K107,,57695.0,,1003893.0,0.0,0.0013959919946676764,0.0013959919946676764
TRIM,3M Co - US,88579Y101,PUT,6200.0,-88.09980806142035,1003842.0,0.014044735444227322,0.0013959210751655702,-0.012648814369061753
ADD,Procore Technologies Inc - US,74275K108,PUT,24700.0,19.902912621359224,1003314.0,0.0021795236120416474,0.0013951868497319984,-0.0007843367623096491
TRIM,Beta Bionics Inc - US,08659B102,,63809.0,-70.74243216227865,999887.0,0.004056308387363173,0.0013904213373061463,-0.0026658870500570263
NEW,Community Health Systems Inc - US,203668108,,299218.0,,999388.0,0.0,0.001389727438648282,0.001389727438648282
TRIM,Unifirst Corp/Ma - US,904708104,,3771.0,-73.10654685494224,997279.0,0.00654821367820002,0.0013867947086494137,-0.0051614189695506065
ADD,Skyworks Solutions Inc - US,83088M102,PUT,14700.0,34.862385321100916,996660.0,0.0010834415216578518,0.0013859339405748285,0.00030249241891697675
TRIM,Sysco Corp - US,871829107,PUT,11900.0,-58.39160839160839,994602.0,0.0037866726200495816,0.0013830721300780665,-0.0024036004899715153
NEW,Malibu Boats Inc - US,56117J100,,36258.0,,994557.0,0.0,0.001383009554046796,0.001383009554046796
NEW,Enact Holdings Inc - US,29249E109,,21755.0,,994421.0,0.0,0.0013828204353745124,0.0013828204353745124
NEW,Sionna Therapeutics Inc - US,829401108,,22575.0,,993074.0,0.0,0.001380947326171821,0.001380947326171821
TRIM,Cigna Group/The - US,125523100,PUT,3600.0,-78.18181818181819,992448.0,0.008169733212357186,0.0013800768240479276,-0.006789656388309258
TRIM,Community Healthcare Trust Inc - US REIT,20369C106,,54290.0,-24.0146680103012,992421.0,0.002107335013169299,0.0013800392784291654,-0.0007272957347401337
ADD,Crown Castle Inc - US REIT,22822V101,CALL,13100.0,42.391304347826086,992063.0,0.0013885172858414058,0.0013795414513359484,-8.9758345054574e-06
TRIM,Docusign Inc - US,256163106,PUT,22100.0,-73.50119904076739,981682.0,0.007339314669452395,0.001365105856211124,-0.005974208813241271
NEW,State Street SPDR EURO STOXX 50 ETF - US ETP,78463X202,,14276.0,,980476.0,0.0,0.0013634288185730798,0.0013634288185730798
TRIM,Davita Inc - US,23918K108,PUT,4400.0,-21.428571428571427,978912.0,0.001597545145660205,0.0013612539538418182,-0.00023629119181838671
TRIM,Shift4 Payments Inc - US,82452J109,PUT,20100.0,-7.373271889400922,977664.0,0.0017614029261918014,0.0013595185119079215,-0.0004018844142838799
NEW,State Street SPDR S&P MidCap 400 ETF Trust - US ET,78467Y107,,1387.0,,975533.0,0.0,0.0013565551891826543,0.0013565551891826543
ADD,Prologis Inc - US REIT,74340W103,CALL,7200.0,132.25806451612902,975384.0,0.0007605835770933074,0.001356347992990226,0.0005957644158969186
TRIM,Pepsico Inc - US,713448108,PUT,7200.0,-94.65875370919882,974880.0,0.03885553422503842,0.0013556471414399986,-0.03749988708359842
TRIM,Constellation Brands Inc - US,21036P108,PUT,7000.0,-94.0068493150685,973630.0,0.03252022967379464,0.0013539089183491565,-0.031166320755445485
NEW,Vanguard Real Estate Etf - US ETP,922908553,,10092.0,,973172.0,0.0,0.001353272033408672,0.001353272033408672
NEW,Septerna Inc - US,81734D104,,28966.0,,970071.0,0.0,0.0013489598495649113,0.0013489598495649113
TRIM,Interactive Brokers Group Inc - US,45841N107,PUT,11100.0,-64.76190476190476,966144.0,0.003921555469918625,0.0013434990479027223,-0.0025780564220159027
TRIM,Watts Water Technologies Inc - US,942749102,,2466.0,-93.61685605570366,965316.0,0.020816611085599353,0.0013423476489273487,-0.019474263436672003
NEW,Restaurant Brands International Inc - US,76131D103,CALL,13300.0,,964383.0,0.0,0.0013410502392123443,0.0013410502392123443
TRIM,Netease Inc - US ADR,64110W102,PUT,7500.0,-74.57627118644068,961050.0,0.006129525002037379,0.0013364154411629233,-0.004793109560874456
TRIM,State Street Materials Select Sector SPDR ETF - US,81369Y100,PUT,18900.0,-74.00275103163686,960687.0,0.006743156863203481,0.0013359106611773427,-0.005407246202026138
NEW,Insulet Corp - US,45784P101,CALL,6300.0,,959175.0,0.0,0.0013338081065266602,0.0013338081065266602
TRIM,Red Violet Inc - US,75704L104,,15047.0,-85.78124261752895,958795.0,0.006796477417861553,0.0013332796867070442,-0.005463197731154509
TRIM,Deutsche Bank Ag - US,D18190898,CALL,28300.0,-24.331550802139038,955408.0,0.002067358518506941,0.0013285697974200989,-0.0007387887210868421
NEW,Csx Corp - US,126408103,CALL,20100.0,,955353.0,0.0,0.001328493315604102,0.001328493315604102
ADD,Paramount Skydance Corp - US Class B,69932A204,CALL,96700.0,142.35588972431077,953462.0,0.000668034567302474,0.0013258637317122763,0.0006578291644098024
TRIM,Zymeworks Inc - US,98985Y108,,36471.0,-1.095593220338983,953352.0,0.0017139014879736464,0.001325710768080282,-0.0003881907198933644
TRIM,Ryman Hospitality Properties Inc - US REIT,78377T107,,7413.0,-95.461419309019,952941.0,0.027973960963077922,0.0013251392403280133,-0.026648821722749908
TRIM,Crh Plc - US,G25508105,PUT,8900.0,-65.90038314176245,952300.0,0.005092667966916241,0.0013242478795270295,-0.0037684200873892115
TRIM,Ww Grainger Inc - US,384802104,CALL,700.0,-65.0,952280.0,0.004049473941834696,0.001324220067957576,-0.0027252538738771195
NEW,Invesco Nasdaq 100 ETF - US ETP,46138G649,,3143.0,,952235.0,0.0,0.0013241574919263057,0.0013241574919263057
ADD,Monster Beverage Corp - US,61174X109,CALL,9900.0,147.5,951588.0,0.000537994484512137,0.001323257787654486,0.0007852633031423489
NEW,Virtu Financial Inc - US,928254101,CALL,15900.0,,947163.0,0.0,0.0013171044779129056,0.0013171044779129056
TRIM,Texas Capital Bancshares Inc - US,88224Q107,,9164.0,-64.19473314057981,946275.0,0.004507465320229811,0.0013158696442291714,-0.0031915956760006393
ADD,Selectquote Inc - US,816307300,,1124580.0,14.603491973230856,945884.0,0.0011465886799627886,0.0013153259280463561,0.00016873724808356754
TRIM,Teva Pharmaceutical Industries Ltd - US ADR,881624209,CALL,27900.0,-78.01418439716312,945252.0,0.007094733585936572,0.0013144470824516263,-0.0057802865034849455
NEW,Byrna Technologies Inc - US,12448X201,,140697.0,,944077.0,0.0,0.0013128131527462348,0.0013128131527462348
NEW,Dorian Lpg Ltd - US,Y2106R110,,27117.0,,943129.0,0.0,0.0013114948843541403,0.0013114948843541403
TRIM,Generac Holdings Inc - US,368736104,PUT,3200.0,-84.07960199004975,936992.0,0.007287599708325592,0.0013029609042673428,-0.005984638804058249
NEW,Ishares S&P 500 Value Etf - US ETP,464287408,,4125.0,,936623.0,0.0,0.001302447780810926,0.001302447780810926
TRIM,Tc Energy Corp - US,87807B107,,14105.0,-39.95317156236696,935020.0,0.0027294607425424372,0.0013002186835192305,-0.0014292420590232067
ADD,Hudbay Minerals Inc - US,443628102,PUT,39300.0,5.080213903743315,927873.0,0.0014508996990193104,0.0012902802191750325,-0.0001606194798442779
ADD,Hormel Foods Corp - US,440452100,CALL,37300.0,164.53900709219857,925786.0,0.0005927981249869535,0.001287378081902563,0.0006945799569156094
TRIM,Aerovironment Inc - US,008073108,,5604.0,-84.94600548004084,925052.0,0.012648399938786258,0.0012863573973036205,-0.011362042541482638
NEW,Travelers Cos Inc/The - US,89417E109,CALL,2800.0,,924336.0,0.0,0.0012853617431171863,0.0012853617431171863
ADD,Centrus Energy Corp - US,15643U104,PUT,5500.0,27.906976744186046,923285.0,0.0013855195591905393,0.001283900245142406,-0.00010161931404813326
NEW,Sun Communities Inc - US REIT,866674104,,7696.0,,922827.0,0.0,0.0012832633602019219,0.0012832633602019219
NEW,Mgp Ingredients Inc - US,55303J106,,52662.0,,922638.0,0.0,0.0012830005408705865,0.0012830005408705865
ADD,Gh Research Plc - US,G3855L106,,34278.0,84.6875,921393.0,0.0004843769414552173,0.0012812692706721078,0.0007968923292168905
NEW,Tripadvisor Inc - US,896945201,PUT,67200.0,,921312.0,0.0,0.0012811566338158213,0.0012811566338158213
ADD,Cintas Corp - US,172908105,CALL,5400.0,125.0,918432.0,0.0007534892667158391,0.0012771517678145214,0.0005236625010986823
NEW,X-Energy Inc - US,98386P102,PUT,50000.0,,918000.0,0.0,0.0012765510379143265,0.0012765510379143265
TRIM,ProShares S&P 500 Dividend Aristocrats ETF - US ET,74348A467,,16302.0,-60.522109749600425,915520.0,0.008125559900383616,0.001273102403302096,-0.006852457497081519
TRIM,State Street SPDR S&P Insurance ETF - US ETP,78464A789,PUT,15000.0,-75.0,914850.0,0.0061253857262284425,0.0012721707157254047,-0.004853215010503038
TRIM,Bumble Inc - US,12047B105,,285280.0,-66.58608346920035,912896.0,0.005166317377475421,0.0012694535253898007,-0.0038968638520856204
NEW,Heritage Insurance Holdings Inc - US,42727J102,CALL,35000.0,,912800.0,0.0,0.001269320029856424,0.001269320029856424
TRIM,City Holding Co - US,177835105,,6877.0,-91.92091258326383,912165.0,0.018884122423719004,0.0012684370125262763,-0.017615685411192728
ADD,O'Reilly Automotive Inc - US,67103H107,CALL,9900.0,209.375,911691.0,0.0005482999819521431,0.001267777878330229,0.0007194778963780858
TRIM,Ishares Core S&P U.S. Growth Etf - US ETP,464287671,,4845.0,-89.14699162223914,911296.0,0.012852954410847418,0.001267228599833523,-0.011585725811013895
TRIM,Ovintiv Inc - US,69047Q102,PUT,17300.0,-8.465608465608465,910845.0,0.002082452953878362,0.0012666014489423473,-0.0008158515049360147
NEW,Navitas Semiconductor Corp - US,63942X106,CALL,50800.0,,910336.0,0.0,0.0012658936444997562,0.0012658936444997562
NEW,Td Synnex Corp - US,87162W100,CALL,3400.0,,908956.0,0.0,0.0012639746462074668,0.0012639746462074668
KEEP,Array Digital Infrastructure Inc - US,911684108,PUT,25000.0,0.0,906500.0,0.0021411007379407605,0.0012605593854785806,-0.00088054135246218
TRIM,Arcelormittal Sa - US NY Reg Shrs,03938L203,PUT,15000.0,-36.97478991596639,903300.0,0.0022963217245983744,0.0012561095343660252,-0.0010402121902323492
NEW,Corvus Pharmaceuticals Inc - US,221015100,CALL,60400.0,,902376.0,0.0,0.0012548246398572749,0.0012548246398572749
TRIM,Biocryst Pharmaceuticals Inc - US,09058V103,CALL,89900.0,-6.0606060606060606,899000.0,0.0016910964912971484,0.001250130046933529,-0.00044096644436361935
TRIM,Everpure Inc - US,74624M102,PUT,11400.0,-9.523809523809524,898206.0,0.0013808178616012859,0.0012490259276262262,-0.00013179193397505964
TRIM,Equinox Gold Corp - US,29446Y502,PUT,92200.0,-1.7057569296375266,896184.0,0.0025176226299995445,0.0012462141779544802,-0.0012714084520450643
ADD,Republic Services Inc - US,760759100,CALL,4200.0,110.00000000000001,894936.0,0.0008130799889445778,0.0012444787360205835,0.0004313987470760057
TRIM,Dave Inc - US,23834J201,PUT,2400.0,-58.620689655172406,894216.0,0.0018742232503814655,0.0012434775195202586,-0.0006307457308612069
NEW,Futurefuel Corp - US,36116M106,,197564.0,,892989.0,0.0,0.0012417712797342883,0.0012417712797342883
KEEP,Bruker Corp - US,116794207,,2000.0,0.0,892500.0,0.001067970282255393,0.0012410912868611507,0.00017312100460575765
ADD,Sibanye Stillwater Ltd - US ADR,82575P107,CALL,105100.0,410.19417475728153,892299.0,0.0004710829982518088,0.0012408117805881435,0.0007697287823363347
NEW,Viking Holdings Ltd - US,G93A5A101,CALL,8500.0,,889695.0,0.0,0.0012371907142453013,0.0012371907142453013
NEW,Turning Point Brands Inc - US,90041L105,,10486.0,,889318.0,0.0,0.0012366664661611034,0.0012366664661611034
ADD,Copa Holdings Sa - US,P31076105,CALL,5700.0,72.72727272727273,886749.0,0.0006959050723568134,0.0012330940700648052,0.0005371889977079918
ADD,Renaissancere Holdings Ltd - US,G7496G103,,2798.0,104.23357664233576,886686.0,0.0007558447559541979,0.0012330064636210268,0.0004771617076668289
ADD,Sm Energy Co - US,78454L100,CALL,33800.0,8.681672025723474,882180.0,0.0017999316024097782,0.0012267405170231598,-0.0005731910853866184
TRIM,Thomson Reuters Corp - US,884903881,PUT,10800.0,-35.32934131736527,882036.0,0.0027892148083905424,0.0012265402737230947,-0.0015626745346674477
ADD,Five9 Inc - US,338307101,PUT,41300.0,153.37423312883436,880516.0,0.0004589788648212828,0.001224426594444631,0.0007654477296233481
NEW,Capital Group Global Growth Equity ETF - US ETP,14020X104,,20789.0,,879998.0,0.0,0.001223706274795786,0.001223706274795786
ADD,Tapestry Inc - US,876030107,CALL,6000.0,87.5,878280.0,0.0008381606592272441,0.0012213172609797328,0.0003831566017524887
TRIM,Li Auto Inc - US ADR,50202M102,CALL,74800.0,-44.42793462109955,878152.0,0.0044546737761571855,0.0012211392669352306,-0.003233534509221955
TRIM,Jetblue Airways Corp - US,477143101,PUT,152500.0,-32.99648506151142,873825.0,0.0018672997083333345,0.001215122233883972,-0.0006521774744493625
TRIM,Vicor Corp - US,925815102,PUT,2300.0,-32.35294117647059,873494.0,0.001016071559556803,0.0012146619524095173,0.00019859039285271434
TRIM,Crispr Therapeutics Ag - US,H17182108,PUT,16000.0,-26.605504587155966,872640.0,0.001924904320644781,0.001213474398393854,-0.0007114299222509271
TRIM,Agnc Investment Corp - US REIT,00123Q104,PUT,80000.0,-35.63958165728077,872000.0,0.002314150309416685,0.0012125844281713428,-0.0011015658812453422
NEW,Inmode Ltd - US,M5425M103,,59509.0,,870022.0,0.0,0.0012098338639523947,0.0012098338639523947
NEW,Dupont De Nemours Inc - US,26614N201,CALL,6400.0,,868096.0,0.0,0.0012071556098140251,0.0012071556098140251
TRIM,American Tower Corp - US REIT,03027X100,PUT,5300.0,-90.11194029850746,866921.0,0.017170176387485532,0.0012055216801086337,-0.0159646547073769
NEW,Pvh Corp - US,693656100,CALL,11600.0,,861416.0,0.0,0.001197866545616566,0.001197866545616566
NEW,Ehang Holdings Ltd - US ADR,26853E102,CALL,131500.0,,861325.0,0.0,0.0011977400029755526,0.0011977400029755526
TRIM,Bank Of Nt Butterfield & Son Ltd/The - US,G0772R208,,14463.0,-84.8451825850055,860549.0,0.00929653318406927,0.001196660914080758,-0.008099872269988512
TRIM,Curbline Properties Corp - US,23128Q101,,28299.0,-52.977634508657076,860290.0,0.002880961949504487,0.0011963007542563353,-0.001684661195248152
TRIM,Klarna Group PLC - US,G5279N105,PUT,42500.0,-51.093210586881476,860200.0,0.002111440877783365,0.0011961756021937947,-0.0009152652755895704
NEW,Vaneck Pharmaceutical Etf - US ETP,92189F692,,7860.0,,859491.0,0.0,0.0011951896820566693,0.0011951896820566693
TRIM,Sl Green Realty Corp - US REIT,78440X887,CALL,16600.0,-9.289617486338798,859382.0,0.001254779697485418,0.001195038109003148,-5.9741588482270166e-05
TRIM,Dollar Tree Inc - US,256746108,PUT,7100.0,-80.33240997229917,858745.0,0.007338046900224815,0.001194152310516055,-0.00614389458970876
TRIM,Albertsons Cos Inc - US,013091103,,63464.0,-43.12853968026381,858668.0,0.0035295734755223388,0.001194045235973659,-0.00233552823954868
TRIM,Nextpower Inc - US,65290E101,PUT,7200.0,-90.41278295605859,857808.0,0.016804540976422,0.0011928493384871597,-0.015611691637934839
ADD,Resmed Inc - US,761152107,CALL,4400.0,214.28571428571428,857472.0,0.000583344613016141,0.0011923821041203413,0.0006090374911042004
NEW,Uranium Royalty Corp - US,91702V101,,305573.0,,849493.0,0.0,0.001181286678486879,0.001181286678486879
ADD,Zeta Global Holdings Corp - US,98956A105,PUT,43100.0,36.82539682539683,848208.0,0.0009308358890875876,0.0011794997851494935,0.00024866389606190587
NEW,Jabil Inc - US,466313103,CALL,2200.0,,848056.0,0.0,0.0011792884172216471,0.0011792884172216471
TRIM,Fluence Energy Inc - US,34379V103,,42610.0,-91.22852161167938,847087.0,0.012407282482471995,0.0011779409466816265,-0.011229341535790369
TRIM,Jfrog Ltd - US,M6191J100,CALL,9300.0,-56.33802816901409,845184.0,0.0018554517273968144,0.0011752946758481287,-0.0006801570515486857
TRIM,Wynn Resorts Ltd - US,983134107,PUT,8700.0,-79.08653846153845,844683.0,0.007841384694768949,0.0011745979960333193,-0.006666786698735629
ADD,Mondelez International Inc - US,609207105,CALL,14600.0,8.955223880597014,844464.0,0.0014336669471761878,0.0011742934593478038,-0.00025937348782838405
TRIM,Corcept Therapeutics Inc - US,218352102,CALL,9700.0,-25.384615384615383,843415.0,0.0009726926915501488,0.0011728347425299691,0.00020014205097982035
NEW,Warrior Met Coal Inc - US,93627C101,,10385.0,,842847.0,0.0,0.0011720448939574906,0.0011720448939574906
ADD,Insmed Inc - US,457669307,PUT,7900.0,8.21917808219178,842298.0,0.0022157116484412083,0.0011712814663759929,-0.0010444301820652154
NEW,Semtech Corp - US,816850101,CALL,5200.0,,841620.0,0.0,0.00117033865417152,0.00117033865417152
ADD,Anglogold Ashanti Plc - US,G0378L100,CALL,10400.0,14.285714285714285,841256.0,0.0016445287103578699,0.0011698324836074668,-0.0004746962267504031
NEW,Symbotic Inc - US,87151X101,CALL,18700.0,,840565.0,0.0,0.0011688715938828495,0.0011688715938828495
TRIM,Legend Biotech Corp - US ADR,52490G102,,29066.0,-47.250553518928534,839426.0,0.001850228443932085,0.0011672877250024742,-0.0006829407189296109
ADD,Jeld-Wen Holding Inc - US,47580P103,,559131.0,3.775889173272555,838697.0,0.001240104758227369,0.0011662739932958954,-7.383076493147362e-05
ADD,Cooper-Standard Holdings Inc - US,21676P103,,30869.0,121.12464183381088,835006.0,0.0007221736962348695,0.001161141368153257,0.00043896767191838764
NEW,Serve Robotics Inc - US,81758H106,CALL,126800.0,,834344.0,0.0,0.0011602208052043474,0.0011602208052043474
ADD,Nextnav Inc - US,65345N106,CALL,46600.0,10.16548463356974,830878.0,0.0012578312532835756,0.0011554010602180607,-0.00010243019306551489
NEW,Proshares Ultrapro Qqq - US ETP,74347X831,,10241.0,,829521.0,0.0,0.0011535140452306428,0.0011535140452306428
NEW,Exzeo Group Inc - US,30234F101,,49149.0,,829144.0,0.0,0.0011529897971464449,0.0011529897971464449
NEW,Belden Inc - US,077454106,CALL,6900.0,,827379.0,0.0,0.001150535426142176,0.001150535426142176
NEW,Odyssey Therapeutics INC - US,67613T104,,44171.0,,826439.0,0.0,0.0011492282823778628,0.0011492282823778628
TRIM,Flagstar Financial Inc - US,649445400,CALL,55300.0,-42.21525600835946,826182.0,0.002339468570418429,0.0011488709037103856,-0.0011905976667080434
ADD,Snap Inc - US,83304A106,PUT,185900.0,43.88544891640867,825396.0,0.0011031634075188146,0.0011477779090308643,4.4614501512049666e-05
TRIM,Waste Management Inc - US,94106L109,PUT,3700.0,-80.21390374331551,824656.0,0.007976130187503525,0.001146748880961086,-0.006829381306542439
NEW,Hertz Global Holdings Inc - US,42806J700,,363210.0,,822671.0,0.0,0.001143988582692829,0.001143988582692829
NEW,Osisko Gold Group Inc - US,68828E809,,334087.0,,821854.0,0.0,0.0011428524800806547,0.0011428524800806547
NEW,Interdigital Inc - US,45867G101,CALL,2900.0,,821077.0,0.0,0.0011417720006073873,0.0011417720006073873
TRIM,FuboTV Inc - US,35953D401,,89199.0,-52.46801413186544,820631.0,0.003295221786169317,0.0011411518026085748,-0.002154069983560742
NEW,Danaos Corp - US,Y1968P121,CALL,6700.0,,819879.0,0.0,0.0011401060875971243,0.0011401060875971243
TRIM,Danaher Corp - US,235851102,PUT,4300.0,-81.54506437768241,819064.0,0.008199998186377231,0.0011389727661418954,-0.007061025420235336
ADD,Vanguard Morningstar Growth ETF - US ETP,922908736,,9507.0,15.769605455431076,818933.0,0.006657958316284121,0.0011387906003619752,-0.0055191677159221455
NEW,Aercap Holdings Nv - US,N00985106,CALL,5600.0,,816368.0,0.0,0.0011352237665795675,0.0011352237665795675
NEW,Avantis International Small Cap Value ETF - US ETP,025072802,,7917.0,,815847.0,0.0,0.0011344992751953044,0.0011344992751953044
TRIM,Jefferies Financial Group Inc - US,47233W109,PUT,16300.0,-55.70652173913043,814674.0,0.002819043580699782,0.0011328681266468586,-0.0016861754540529233
TRIM,BitMine Immersion Technologies Inc - US,09175A206,CALL,61000.0,-53.36391437308868,811910.0,0.004802346957622926,0.0011290245677483888,-0.0036733223898745373
ADD,Copart Inc - US,217204106,CALL,28800.0,11.196911196911197,811872.0,0.0015960899025058526,0.001128971725766427,-0.0004671181767394255
ADD,ArriVent Biopharma Inc - US,04272N102,,23287.0,5.366273019320393,808990.0,0.0009464092182521503,0.001124964078608182,0.00017855486035603168
TRIM,Codexis Inc - US,192005106,,357925.0,-33.45053204247415,808910.0,0.00162725141025492,0.001124852832330368,-0.000502398577924552
NEW,Medifast Inc - US,58470H101,,76031.0,,806689.0,0.0,0.00112176435754256,0.00112176435754256
TRIM,Cerence Inc - US,156727109,,71252.0,-79.15419610596686,806573.0,0.004003385054688558,0.00112160305043973,-0.002881782004248828
NEW,Cameco Corp - US,13321L108,,7888.0,,803472.0,0.0,0.0011172908665959692,0.0011172908665959692
NEW,Urban Edge Properties - US REIT,91704F104,,35106.0,,803225.0,0.0,0.0011169473937132188,0.0011169473937132188
NEW,Popular Inc - US,733174700,,4886.0,,802183.0,0.0,0.001115498410944693,0.001115498410944693
TRIM,Ferrari Nv - US,N3167Y103,,2151.0,-56.26270841805612,800796.0,0.003089601868227292,0.0011135696786030947,-0.0019760321896241974
NEW,Rush Enterprises Inc - CL A,781846209,,10971.0,,800718.0,0.0,0.0011134612134822263,0.0011134612134822263
ADD,Intuitive Machines Inc - US,46125A100,PUT,37300.0,61.471861471861466,797847.0,0.0007958101135515993,0.0011094688626871803,0.000313658749135581
ADD,Manitowoc Co Inc/The - US,563571405,,57412.0,143.29180439020254,797453.0,0.0005102947477871348,0.001108920974768947,0.0005986262269818121
ADD,Lincoln Electric Holdings Inc - US,533900106,CALL,3000.0,3.4482758620689653,796530.0,0.0013407764007266798,0.0011076374708386693,-0.00023313892988801048
TRIM,Zeta Global Holdings Corp - US,98956A105,,40379.0,-93.84818129880023,794659.0,0.019396108149202076,0.0011050356985162972,-0.01829107245068578
TRIM,Rockwell Automation Inc - US,773903109,CALL,1600.0,-81.17647058823529,792128.0,0.00566223231822586,0.0011015161444019603,-0.0045607161738239
ADD,Lendingtree Inc - US,52603B107,CALL,17800.0,0.5649717514124294,788362.0,0.0014087941687727147,0.0010962792258738716,-0.00031251494289884305
TRIM,McCormick & Company,579780206,CALL,15600.0,-17.02127659574468,786552.0,0.0017601611434491205,0.0010937622788383325,-0.000666398864610788
TRIM,Progressive Corp/The - US,743315103,CALL,3600.0,-20.0,786420.0,0.0016558588177738997,0.0010935787224799398,-0.0005622800952939599
TRIM,Nextpower Inc - US,65290E101,CALL,6600.0,-44.06779661016949,786324.0,0.00264039392172809,0.001093445226946563,-0.001546948694781527
ADD,Evercore Inc - US,29977A105,CALL,2300.0,64.28571428571429,785312.0,0.0007757225607245556,0.0010920379615322175,0.00031631540080766186
TRIM,Cummins Inc - US,231021106,PUT,1100.0,-79.62962962962963,784531.0,0.005392767319241607,0.0010909519197450594,-0.0043018153994965475
NEW,Ishares Us Telecommunications Etf - US ETP,464287713,,18533.0,,784131.0,0.0,0.00109039568835599,0.00109039568835599
ADD,Marsh & Mclennan Cos Inc - US,571748102,CALL,4700.0,261.53846153846155,783349.0,0.00041854018196321827,0.0010893082559903593,0.000670768074027141
TRIM,Core Scientific Inc - US,21874A106,PUT,30600.0,-65.26674233825199,783054.0,0.002446397387245957,0.0010888980353409205,-0.0013574993519050364
ADD,American Vanguard Corp - US,030371108,,279443.0,38.778500091875706,782440.0,0.0009306576960482793,0.0010880442201586988,0.00015738652411041948
TRIM,Netease Inc - US ADR,64110W102,CALL,6100.0,-86.38392857142857,781654.0,0.00930856678275507,0.0010869512254791775,-0.008221615557275892
ADD,Davita Inc - US,23918K108,CALL,3500.0,6.0606060606060606,778680.0,0.0009414105322640493,0.0010828156451014464,0.00014140511283739713
TRIM,Caesars Entertainment Inc - US,12769G100,PUT,25800.0,-33.84615384615385,778644.0,0.0019132920742498459,0.00108276558427643,-0.0008305264899734158
TRIM,Bwx Technologies Inc - US,05605H100,PUT,4000.0,-31.03448275862069,778600.0,0.0022015044659113438,0.0010827043988236326,-0.0011188000670877111
TRIM,Nio Inc - US ADR,62914V106,PUT,153600.0,-59.95828988529719,777216.0,0.004293539008007522,0.0010807798382174523,-0.003212759169790069
NEW,Lgi Homes Inc - US,50187T106,,12155.0,,774030.0,0.0,0.0010763494552035143,0.0010763494552035143
NEW,Matthews International Corp - US,577128101,,28610.0,,770181.0,0.0,0.0010709971186621938,0.0010709971186621938
TRIM,Trinity Industries Inc - US,896522109,,22240.0,-79.26282320251381,769059.0,0.006406054612559216,0.001069436889615854,-0.0053366177229433615
NEW,Csw Industrials Inc - US,126402106,,2755.0,,766717.0,0.0,0.0010661801548328526,0.0010661801548328526
NEW,Silicon Motion Technology Corp - US ADR,82706C108,PUT,2300.0,,766659.0,0.0,0.0010660995012814374,0.0010660995012814374
NEW,Landstar System Inc - US,515098101,,3699.0,,764990.0,0.0,0.0010637786258105453,0.0010637786258105453
ADD,Ambarella Inc - US,G037AX101,PUT,8900.0,74.50980392156863,763620.0,0.0004872967086513862,0.0010618735333029826,0.0005745768246515964
NEW,Global-E Online Ltd - US,M5216V106,,21987.0,,763609.0,0.0,0.0010618582369397833,0.0010618582369397833
NEW,Conmed Corp - US,207410101,,23303.0,,762707.0,0.0,0.0010606039351574315,0.0010606039351574315
TRIM,Deere & Co - US,244199105,PUT,1200.0,-95.55555555555556,761196.0,0.028230789105691215,0.0010585027710852217,-0.027172286334605993
TRIM,Bilibili Inc - US ADR,090040106,PUT,44600.0,-42.377260981912144,759538.0,0.003241153191981648,0.001056197191977529,-0.002184956000004119
TRIM,Ypf Sa - US ADR Class D,984245100,PUT,16700.0,-78.80710659898476,759349.0,0.006760450868903866,0.0010559343726461938,-0.005704516496257672
TRIM,Chatham Lodging Trust - US REIT,16208T102,,57271.0,-52.65411737473442,757695.0,0.0017670419934149172,0.0010536343558523917,-0.0007134076375625254
NEW,Biogen Inc - US,09062X103,CALL,3500.0,,756210.0,0.0,0.0010515693468204715,0.0010515693468204715
TRIM,Nextdecade Corp - US,65342K105,PUT,100000.0,-16.666666666666664,754000.0,0.001706198351378541,0.001048496168395863,-0.0006577021829826781
TRIM,MARA Holdings Inc - US,565788106,CALL,54000.0,-20.236336779911372,750060.0,0.0010254118447005549,0.001043017289213529,1.7605444512974137e-05
NEW,Lineage Inc - US REIT,53566V106,,17308.0,,748571.0,0.0,0.0010409467178677182,0.0010409467178677182
NEW,Cenovus Energy Inc - US,15135U109,CALL,29800.0,,739338.0,0.0,0.0010281075068295231,0.0010281075068295231
ADD,Chime Financial Inc - US,16935C109,CALL,36000.0,12.149532710280374,737280.0,0.0011159951625265168,0.001025245696332761,-9.07494661937559e-05
TRIM,Southern Co/The - US,842587107,PUT,7700.0,-83.95833333333333,736967.0,0.008599596077026463,0.0010248104452708143,-0.007574785631755648
NEW,Caredx Inc - US,14167L103,,25842.0,,736497.0,0.0,0.0010241568733886576,0.0010241568733886576
TRIM,Papa John's International Inc - US,698813102,CALL,20000.0,-68.50393700787401,735400.0,0.00382007824638744,0.0010226314088041346,-0.0027974468375833055
ADD,State Street SPDR Portfolio Long Term Treasury ETF,78464A664,,27992.0,140.646492434663,734230.0,0.0005678455309512902,0.0010210044319911068,0.0004531589010398166
TRIM,Calumet Inc - US MLP,131428104,CALL,20300.0,-61.40684410646388,731206.0,0.0035050942067473387,0.0010167993226897418,-0.002488294884057597
NEW,Praxis Precision Medicines Inc - US,74006W207,,2183.0,,730847.0,0.0,0.0010163001050180521,0.0010163001050180521
TRIM,Johnson Controls International Plc - US,G51502105,PUT,5000.0,-82.69896193771626,730550.0,0.00702462019350117,0.001015887103211668,-0.006008733090289502
ADD,Otis Worldwide Corp - US,68902V107,CALL,10200.0,161.53846153846155,730320.0,0.0005579892284645407,0.001015567270162953,0.00045757804169841224
ADD,SoundHound AI Inc - US,836100107,CALL,112600.0,227.32558139534885,728522.0,0.0004386667145176107,0.001013067010069086,0.0005744002955514753
NEW,Netapp Inc - US,64110D104,PUT,4700.0,,727372.0,0.0,0.0010114678448255115,0.0010114678448255115
NEW,Sei Investments Co - US,784117103,,8288.0,,726940.0,0.0,0.0010108671149253164,0.0010108671149253164
TRIM,Arhaus Inc - US,04035M102,,86319.0,-83.70214147883254,726806.0,0.006665383026255307,0.0010106807774099783,-0.005654702248845329
NEW,Chemours Co/The - US,163851108,CALL,35400.0,,726408.0,0.0,0.0010101273271778542,0.0010101273271778542
NEW,Marketaxess Holdings Inc - US,57060D108,PUT,6400.0,,726336.0,0.0,0.0010100272055278217,0.0010100272055278217
NEW,Seabridge Gold Inc - US,811927102,CALL,28200.0,,725868.0,0.0,0.0010093764148026104,0.0010093764148026104
TRIM,Tempus AI Inc - US,88023B103,PUT,12500.0,-84.375,724125.0,0.006714907697940611,0.0010069526365247404,-0.0057079550614158705
TRIM,Targa Resources Corp - US,87612G101,CALL,2700.0,-18.181818181818183,723978.0,0.0015358179631372575,0.0010067482214892575,-0.000529069741648
NEW,Tower Semiconductor Ltd - US,M87915274,,2771.0,,722233.0,0.0,0.0010043216620544422,0.0010043216620544422
ADD,Up Fintech Holding Ltd - US ADR,91531W106,,163900.0,709.8626346476925,721160.0,0.00023666077415406068,0.0010028295713532633,0.0007661687971992026
TRIM,Alaska Air Group Inc - US,011659109,CALL,13800.0,-66.74698795180723,720360.0,0.0028332136396797903,0.0010017171085751244,-0.0018314965311046658
TRIM,Abercrombie & Fitch Co - US,002896207,CALL,8000.0,-37.5,720080.0,0.002170866400215245,0.0010013277466027757,-0.0011695386536124694
ADD,Re/Max Holdings Inc - US,75524W108,,72999.0,1.1178523936170213,719770.0,0.0007718468621195966,0.001000896667276247,0.0002290498051566505
TRIM,Assured Guaranty Ltd - US,G0585R106,,8965.0,-70.37636718104616,718634.0,0.004577016290884895,0.0009993169701312898,-0.0035776993207536053
NEW,Qnity Electronics Inc - US,74743L100,PUT,4400.0,,718564.0,0.0,0.0009992196296382027,0.0009992196296382027
NEW,1-800-Flowers.Com Inc - US,68243Q106,,206422.0,,718349.0,0.0,0.000998920655266578,0.000998920655266578
TRIM,Weyerhaeuser Co - US REIT,962166104,CALL,29900.0,-29.97658079625293,715806.0,0.0019362919695630875,0.000995384414210569,-0.0009409075553525185
NEW,National Grid Plc - US ADR,636274409,,8632.0,,715334.0,0.0,0.000994728061171467,0.000994728061171467
TRIM,Flagstar Financial Inc - US,649445400,PUT,47800.0,-54.734848484848484,714132.0,0.0025814825604617148,0.0009930565858473136,-0.0015884259746144012
NEW,Teradata Corp - US,88076W103,PUT,20600.0,,713790.0,0.0,0.0009925810080096593,0.0009925810080096593
TRIM,Workiva Inc - US,98139A105,,14708.0,-91.80982397915147,713485.0,0.01987671890652441,0.0009921568815754937,-0.018884562024948915
TRIM,Nice Ltd - US ADR,653656108,PUT,7800.0,-87.52,708630.0,0.012791383147233866,0.0009854056230906634,-0.011805977524143202
ADD,Microvast Holdings Inc - US,59516C106,,605657.0,1.4912242483552798,708619.0,0.0016615331523693788,0.0009853903267274641,-0.0006761428256419147
TRIM,Adient Plc - US,G0084W101,,38450.0,-85.1040585145124,706711.0,0.00968309514018659,0.0009827371030016031,-0.008700358037184988
TRIM,Range Resources Corp - US,75281A109,PUT,18900.0,-21.25,702891.0,0.0020126903789890985,0.0009774250932359902,-0.0010352652857531083
NEW,Fortune Brands Innovations Inc - US,34964C106,,12789.0,,702116.0,0.0,0.0009763473949196681,0.0009763473949196681
TRIM,iShares Gold Trust Micro - US ETP,46436F103,,17543.0,-43.83184452342074,701895.0,0.0027073852236206087,0.0009760400770772071,-0.0017313451465434016
TRIM,Keysight Technologies Inc - US,49338L103,CALL,2000.0,-91.63179916317992,700140.0,0.012526679243518636,0.0009735996118576651,-0.011553079631660971
NEW,Innodata Inc - US,457642205,CALL,9200.0,,695336.0,0.0,0.0009669192728749413,0.0009669192728749413
NEW,Nova Ltd - US,M7516K103,,1280.0,,694963.0,0.0,0.0009664005871046341,0.0009664005871046341
TRIM,Icon Plc - US,G4705A100,CALL,4000.0,-24.528301886792452,694840.0,0.0010886443871701602,0.0009662295459524952,-0.00012241484121766502
TRIM,Enbridge Inc - US,29250N105,PUT,12800.0,-58.032786885245905,693888.0,0.003065050208530073,0.00096490571524651,-0.0021001444932835633
ADD,La-Z-Boy Inc - US,505336107,,17258.0,91.92615658362989,692391.0,0.0005364408639506662,0.0009628240192729177,0.0004263831553222515
NEW,Movado Group Inc - US,624580106,,17591.0,,691502.0,0.0,0.0009615877950107109,0.0009615877950107109
NEW,Aktis Oncology Inc - US,01021M104,,21402.0,,689786.0,0.0,0.0009592015623516031,0.0009592015623516031
TRIM,Garmin Ltd - US,H2906T109,CALL,2900.0,-39.58333333333333,688866.0,0.0020671283524978344,0.0009579222301567434,-0.001109206122341091
ADD,Parker-Hannifin Corp - US,701094104,CALL,700.0,40.0,684684.0,0.0008308621693255684,0.0009521068309840226,0.00012124466165845422
NEW,Synchrony Financial - US,87165B103,CALL,9000.0,,684450.0,0.0,0.000951781435621417,0.000951781435621417
TRIM,Evercore Inc - US,29977A105,PUT,2000.0,-41.17647058823529,682880.0,0.0018838976474739207,0.0009495982274193196,-0.0009342994200546011
TRIM,Tjx Cos Inc/The - US,872540109,CALL,4500.0,-77.15736040609137,681750.0,0.005839701448312134,0.0009480268737451984,-0.004891674574566936
NEW,Hubbell Inc - US,443510607,CALL,1300.0,,680160.0,0.0,0.0009458158539736474,0.0009458158539736474
NEW,Verisign Inc - US,92343E102,CALL,2700.0,,679212.0,0.0,0.0009444975855815528,0.0009444975855815528
NEW,Public Storage - US REIT,74460D109,,2132.0,,678637.0,0.0,0.0009436980029597655,0.0009436980029597655
TRIM,Schwab Us Dividend Equity Etf - US ETP,808524797,,21388.0,-65.55655758825046,678213.0,0.003536213022414072,0.000943108397687352,-0.00259310462472672
TRIM,Zions Bancorp Na - US,989701107,CALL,9800.0,-58.29787234042553,678062.0,0.0025133942576709535,0.0009428984203379784,-0.0015704958373329752
NEW,Ase Technology Holding Co Ltd - US ADR,00215W100,,14984.0,,676078.0,0.0,0.0009401395126481939,0.0009401395126481939
TRIM,Immatics Nv - US,N44445109,,66434.0,-0.91576184226226,672976.0,0.0012246168132274751,0.0009358259382259605,-0.00028879087500151464
TRIM,Huntington Ingalls Industries Inc - US,446413106,PUT,2400.0,-48.93617021276596,671736.0,0.0033142605987129307,0.0009341016209198454,-0.0023801589777930855
NEW,Adeia Inc - US,00676P107,CALL,20300.0,,668479.0,0.0,0.0009295725068343475,0.0009295725068343475
TRIM,Hecla Mining Co - US,422704106,CALL,43300.0,-24.82638888888889,668119.0,0.001991841793390008,0.000929071898584185,-0.001062769894805823
TRIM,Dht Holdings Inc - US,Y2065G121,CALL,40400.0,-49.18238993710692,667812.0,0.0026960328420746653,0.0009286449909930743,-0.001767387851081591
ADD,Fluence Energy Inc - US,34379V103,PUT,33500.0,108.07453416149069,665980.0,0.00041121013704416493,0.0009260974512311363,0.0005148873141869714
TRIM,NET Power Inc - US,64107A105,,397515.0,-7.801870797605491,663850.0,0.0012484631254774316,0.0009231355190843415,-0.0003253276063930901
TRIM,Crocs Inc - US,227046109,PUT,5500.0,-62.06896551724138,663520.0,0.002234447904053496,0.0009226766281883595,-0.0013117712758651367
ADD,Iamgold Corp - US,450913108,CALL,41800.0,169.67741935483872,662112.0,0.0005414655364236664,0.000920718693698835,0.00037925315727516855
TRIM,Stryker Corp - US,863667101,PUT,2100.0,-77.6595744680851,661164.0,0.005733260806165211,0.0009194004253067405,-0.004813860380858471
ADD,Sysco Corp - US,871829107,CALL,7900.0,25.396825396825395,660282.0,0.0008341271855353973,0.0009181739350938424,8.40467495584451e-05
TRIM,Icon Plc - US,G4705A100,PUT,3800.0,-61.224489795918366,660098.0,0.0020129650932580326,0.0009179180686548705,-0.001095047024603162
NEW,Openlane Inc - US,48238T109,,15933.0,,657077.0,0.0,0.0009137171310889237,0.0009137171310889237
TRIM,Airsculpt Technologies Inc - US,009496100,,145904.0,-47.26596525215141,656568.0,0.0014533906892146434,0.0009130093266463328,-0.0005403813625683106
TRIM,Equinox Gold Corp - US,29446Y502,CALL,67500.0,-14.664981036662454,656100.0,0.002123069829775735,0.0009123585359211215,-0.0012107112938546136
TRIM,Brinker International Inc - US,109641100,CALL,3900.0,-46.57534246575342,655200.0,0.0019345471627198586,0.0009111070152957153,-0.0010234401474241432
TRIM,Vanguard Dividend Appreciation Etf - US ETP,921908844,,2768.0,-91.52480097979179,654964.0,0.013037530844553608,0.0009107788387761644,-0.012126752005777444
TRIM,Digitalbridge Group Inc - US REIT,25401T603,,41443.0,-65.32865951092185,653971.0,0.003421246957042735,0.0009093979943527997,-0.0025118489626899353
ADD,Pennantpark Investment Corp - US,708062104,,188423.0,1709.4977432056085,653828.0,8.678372249820746e-05,0.0009091991416312073,0.0008224154191329999
ADD,Sirius Xm Holdings Inc - US,829933100,CALL,22100.0,37.267080745341616,652834.0,0.0006897332821932651,0.0009078169066293697,0.0002180836244361046
ADD,Scorpio Tankers Inc - US,Y7542C130,PUT,9400.0,22.07792207792208,651044.0,0.0010670830294138363,0.0009053277711632841,-0.0001617552582505522
NEW,National Beverage Corp - US,635017106,,20855.0,,650676.0,0.0,0.0009048160382853402,0.0009048160382853402
ADD,Ishares Global Energy Etf - US ETP,464287341,,13203.0,134.13725837914524,648663.0,0.0006030033888423487,0.0009020168038198483,0.0002990134149774996
ADD,Roivant Sciences Ltd - US,G76279101,PUT,18300.0,94.68085106382979,647637.0,0.0004833114955743521,0.0009005900703068853,0.00041727857473253314
TRIM,Intuitive Machines Inc - US,46125A100,,30260.0,-95.51999715743375,647261.0,0.023269557067039894,0.00090006721280116,-0.022369489854238735
ADD,BXP Inc - US REIT,101121101,CALL,9700.0,21.25,643207.0,0.0007706848950091058,0.0008944298076729414,0.00012374491266383563
NEW,Global X Defense Tech ETF - US ETP,37960A529,,10762.0,,642599.0,0.0,0.0008935843359615559,0.0008935843359615559
TRIM,Mannkind Corp - US,56400P706,,150389.0,-4.1057719284821586,640657.0,0.0007131972218797056,0.0008908838325676239,0.00017768661068791824
TRIM,Ch Robinson Worldwide Inc - US,12541W209,PUT,3400.0,-79.39393939393939,640356.0,0.005086214037773787,0.0008904652684473491,-0.004195748769326438
TRIM,Argan Inc - US,04010E109,CALL,800.0,-11.11111111111111,638840.0,0.0009098703643064513,0.000888357151482776,-2.1513212823675372e-05
TRIM,Chewy Inc - US,16679L109,,32486.0,-79.42100595464335,638350.0,0.007911436833347088,0.0008876757680311659,-0.007023761065315923
ADD,Amylyx Pharmaceuticals Inc - US,03237H101,,35410.0,13.008233867364524,635964.0,0.000808445113745065,0.0008843578477953668,7.59127340503018e-05
TRIM,Cava Group Inc - US,148929102,PUT,8100.0,-93.25,635688.0,0.0180197711000684,0.0008839740481369089,-0.017135797051931488
TRIM,Rxsight Inc - US,78349D107,,131736.0,-12.73449920508744,634968.0,0.0017260854370363624,0.0008829728316365839,-0.0008431126053997785
ADD,Klaviyo Inc - US Series A,49845K101,CALL,41900.0,197.16312056737587,632690.0,0.0005093091175384598,0.0008798050938758336,0.0003704959763373739
ADD,Fidelity National Information Services Inc - US,31620M106,CALL,16200.0,113.1578947368421,629856.0,0.0006617569750218363,0.0008758641944842767,0.00021410721946244046
ADD,Gates Industrial Corp Ltd - US,G39108108,,22437.0,11.565809755855003,627563.0,0.0008440224677494955,0.0008726755980464363,2.8653130296940783e-05
ADD,Vici Properties Inc - US REIT,925652109,CALL,23600.0,52.25806451612903,626580.0,0.000786016921099605,0.0008713086594077982,8.529173830819326e-05
TRIM,Sibanye Stillwater Ltd - US ADR,82575P107,PUT,73800.0,-22.964509394572026,626562.0,0.0021907646229380236,0.00087128362899529,-0.0013194809939427337
NEW,Gildan Activewear Inc - US,375916103,,12118.0,,625289.0,0.0,0.0008695134225995765,0.0008695134225995765
TRIM,Array Technologies Inc - US,04271T100,,84296.0,-92.15077192394361,624633.0,0.014412449774082788,0.0008686012031215027,-0.013543848570961286
NEW,Marketaxess Holdings Inc - US,57060D108,CALL,5500.0,,624195.0,0.0,0.0008679921297504717,0.0008679921297504717
NEW,Illinois Tool Works Inc - US,452308109,CALL,2300.0,,622081.0,0.0,0.0008650524468592398,0.0008650524468592398
TRIM,Spire Global Inc - US,848560306,,33444.0,-87.35241840940891,622058.0,0.00617462825893484,0.0008650204635543684,-0.005309607795380472
ADD,Adamas Trust Inc - US REIT,649604840,,66252.0,49.401285376028866,621444.0,0.0006058173539214281,0.0008641666483721467,0.00025834929445071864
NEW,Aurora Innovation Inc - US,051774107,PUT,91000.0,,620620.0,0.0,0.0008630208117106638,0.0008630208117106638
NEW,Two Harbors Investment Corp - US REIT,90187B804,,50000.0,,620500.0,0.0,0.000862853942293943,0.000862853942293943
NEW,iShares MSCI Global Gold Miners ETF - US ETP,46434G855,,9584.0,,619126.0,0.0,0.0008609432874724894,0.0008609432874724894
TRIM,Sirius Xm Holdings Inc - US,829933100,PUT,20900.0,-47.22222222222222,617386.0,0.0016964868307362297,0.0008585236809300374,-0.0008379631498061922
TRIM,Belden Inc - US,077454106,,5138.0,-83.35816544665414,616098.0,0.006580633674289205,0.0008567326158572339,-0.005723901058431971
NEW,Limbach Holdings Inc - US,53263P105,PUT,8000.0,,616000.0,0.0,0.0008565963391669118,0.0008565963391669118
NEW,Credicorp Ltd - US,G2519Y108,,1580.0,,615536.0,0.0,0.0008559511107555913,0.0008559511107555913
TRIM,Healthcare Realty Trust Inc - US REIT,42226K105,,30507.0,-70.77285660908802,615326.0,0.0032917433095478164,0.0008556590892763299,-0.0024360842202714866
TRIM,Figma Inc - US,316841105,CALL,34000.0,-87.50459389930172,615060.0,0.010677093036999059,0.0008552891954025988,-0.00982180384159646
NEW,Enlight Renewable Energy Ltd,M4056D110,CALL,6900.0,,614238.0,0.0,0.000854146139898061,0.000854146139898061
TRIM,Figure Technology Solutions Inc - US,349381103,PUT,20000.0,-64.22182468694096,614200.0,0.0035226629267166576,0.0008540932979160996,-0.002668569628800558
NEW,Equitable Holdings Inc - US,29452E101,,13997.0,,614188.0,0.0,0.0008540766109744274,0.0008540766109744274
NEW,Kb Home - US,48666K109,CALL,9800.0,,613382.0,0.0,0.0008529558047254526,0.0008529558047254526
NEW,Kadant Inc - US,48282T104,,1951.0,,613063.0,0.0,0.0008525122101926696,0.0008525122101926696
TRIM,Frontline PLC - US,M46528101,PUT,17600.0,-41.333333333333336,612304.0,0.0019411904219665775,0.0008514567611319103,-0.0010897336608346672
KEEP,Innovate Corp - US,45784J303,,32787.0,0.0,612133.0,0.00034567593448349177,0.0008512189722130832,0.0005055430377295914
TRIM,Pbf Energy Inc - US,69318G106,PUT,13400.0,-31.28205128205128,609968.0,0.0017236278580358999,0.0008482083698197451,-0.0008754194882161548
ADD,TPG Partners LLC - US,872657101,CALL,15000.0,48.51485148514851,608250.0,0.0007594568773551799,0.0008458193560036918,8.636247864851198e-05
TRIM,Align Technology Inc - US,016255101,PUT,3600.0,-66.66666666666666,607176.0,0.003436608681973119,0.0008443258747240403,-0.002592282807249079
TRIM,Keurig Dr Pepper Inc - US,49271V100,PUT,18500.0,-71.49460708782742,605505.0,0.003171867654708033,0.0008420022180962029,-0.0023298654366118304
KEEP,Bluerock Homes Trust Inc,09631H100,,66761.0,0.0,600849.0,0.001407734291424328,0.0008355276847274349,-0.000572206606696893
NEW,Tarsus Pharmaceuticals Inc - US,87650L103,,9541.0,,600511.0,0.0,0.0008350576692036712,0.0008350576692036712
TRIM,Sony Group Corp - US ADR,835699307,PUT,29900.0,-32.95964125560538,599794.0,0.0017136601848995827,0.0008340606244387642,-0.0008795995604608185
ADD,Riot Platforms Inc - US,767292105,CALL,21900.0,80.99173553719008,599622.0,0.00027760248111267303,0.0008338214449414644,0.0005562189638287913
TRIM,Fair Isaac Corp - US,303250104,PUT,500.0,-80.76923076923077,597390.0,0.005152013673715931,0.0008307176737904569,-0.004321295999925473
NEW,Vishay Intertechnology Inc - US,928298108,PUT,11100.0,,596958.0,0.0,0.0008301169438902621,0.0008301169438902621
NEW,Global X Artificial Intelligence & Technology ETF,37954Y632,,9091.0,,596461.0,0.0,0.0008294258263893433,0.0008294258263893433
NEW,Celcuity Inc - US,15102K100,PUT,5700.0,,596334.0,0.0,0.0008292492229233137,0.0008292492229233137
TRIM,Vertex Pharmaceuticals Inc - US,92532F100,PUT,1200.0,-47.82608695652174,596076.0,0.0019063722445567006,0.0008288904536773639,-0.0010774817908793368
ADD,United Microelectronics Corp - US ADR,910873405,,21902.0,24.676951101497124,595953.0,0.0002928157118436331,0.000828719412525225,0.0005359037006815919
TRIM,Bank Of New York Mellon Corp/The - US,064058100,PUT,4100.0,-56.38297872340425,592901.0,0.002069864358122216,0.0008244753670266254,-0.0012453889910955906
NEW,Hertz Global Holdings Inc - US,42806J700,CALL,261600.0,,592525.0,0.0,0.0008239525095209002,0.0008239525095209002
ADD,Sable Offshore Corp - US,78574H104,CALL,191800.0,0.8412197686645636,590744.0,0.005832302724825847,0.0008214758892610685,-0.005010826835564778
TRIM,Builders Firstsource Inc - US,12008R107,PUT,6600.0,-88.48167539267016,590568.0,0.008756534027864913,0.000821231147449878,-0.007935302880415036
ADD,Lincoln National Corp - US,534187109,CALL,16700.0,30.46875,590345.0,0.0008434470527267286,0.0008209210484504718,-2.2526004276256792e-05
NEW,Match Group Inc - US,57667L107,CALL,15500.0,,589775.0,0.0,0.0008201284187210479,0.0008201284187210479
ADD,Booking Holdings Inc - US,09857L108,PUT,3300.0,1550.0,588192.0,0.0015630202442941902,0.0008179271329988056,-0.0007450931112953845
ADD,Boston Omaha Corp - US,101044105,,42991.0,46.696922131986625,586397.0,0.0006353584187192844,0.0008154310446403567,0.00018007262592107222
NEW,Bright Minds Biosciences Inc - US,10919W405,,8291.0,,582028.0,0.0,0.0008093556072932458,0.0008093556072932458
TRIM,Emcor Group Inc - US,29084Q100,CALL,700.0,-66.66666666666666,580916.0,0.0028779122498838227,0.0008078092840316328,-0.0020701029658521898
NEW,Happen Inc - US,52603A208,PUT,28000.0,,580720.0,0.0,0.0008075367306509887,0.0008075367306509887
TRIM,Kroger Co/The - US,501044101,PUT,10400.0,-4.587155963302752,577512.0,0.001464011736828425,0.000803075754910652,-0.000660935981917773
NEW,Bioventus Inc - US,09075A108,,61117.0,,576944.0,0.0,0.0008022859063381734,0.0008022859063381734
NEW,Makemytrip Ltd - US,V5633W109,CALL,10800.0,,575532.0,0.0,0.0008003224095347584,0.0008003224095347584
TRIM,"XPO, Inc - US",983793100,PUT,2800.0,-50.0,574812.0,0.0020222682548519284,0.0007993211930344334,-0.001222947061817495
TRIM,Harley-Davidson Inc - US,412822108,PUT,23500.0,-43.7799043062201,574810.0,0.0015688337922016287,0.0007993184118774881,-0.0007695153803241406
TRIM,Planet Fitness Inc - US,72703H101,CALL,11000.0,-42.40837696335078,573870.0,0.002636993404561287,0.0007980112681131749,-0.0018389821364481122
TRIM,Hamilton Insurance Group Ltd - US Class B,G42706104,,16907.0,-93.54551771002741,573824.0,0.01450366976078878,0.0007979473015034319,-0.013705722459285348
NEW,Coca-Cola Consolidated Inc - US,191098102,CALL,3000.0,,572760.0,0.0,0.0007964677260085072,0.0007964677260085072
KEEP,Transmedics Group Inc - US,89377M109,PUT,8600.0,0.0,571212.0,0.0015868943992065384,0.0007943151105328086,-0.0007925792886737298
TRIM,Olin Corp - US,680665205,,28804.0,-95.63921977096972,570895.0,0.036450460917314596,0.000793874297156971,-0.035656586620157624
NEW,Macom Technology Solutions Holdings Inc - US,55405Y100,PUT,1500.0,,570555.0,0.0,0.0007934015004762621,0.0007934015004762621
NEW,Merlin Inc - US,590106100,,100000.0,,569000.0,0.0,0.0007912391509512546,0.0007912391509512546
NEW,Exelon Corp - US,30161N101,,12203.0,,568904.0,0.0,0.0007911056554178781,0.0007911056554178781
TRIM,Ishares Russell 1000 Etf - US ETP,464287622,,1384.0,-82.12809917355372,566748.0,0.005125279149287182,0.0007881075682307937,-0.004337171581056389
NEW,Six Flags Entertainment Corporation - US MLP,83001C108,,26594.0,,566452.0,0.0,0.0007876959570028825,0.0007876959570028825
ADD,York Space Systems Inc - US,987084100,,23006.0,61.15158307649201,566408.0,0.0005874783202925988,0.0007876347715500848,0.00020015645125748608
TRIM,Eos Energy Enterprises Inc - US,29415C101,CALL,96300.0,-65.92356687898089,566244.0,0.0026017965669428798,0.0007874067166805664,-0.0018143898502623133
KEEP,GRAB HOLDINGS LTD - CL A - US,G4124C109,PUT,150000.0,0.0,565500.0,0.0010190414435452774,0.0007863721262968972,-0.00023266931724838015
NEW,Strive Inc - US Class B,862945300,PUT,51800.0,,565138.0,0.0,0.0007858687368897894,0.0007858687368897894
ADD,NioCorp Developments Ltd,654484609,,116999.0,713.6230876216968,563935.0,0.00011904594350050339,0.000784195870987163,0.0006651499274866596
NEW,Aon Plc - US,G0403H108,CALL,1700.0,,563873.0,0.0,0.0007841096551218573,0.0007841096551218573
NEW,Itau Unibanco Holding Sa - US ADR,465562106,,68747.0,,561663.0,0.0,0.0007810364766972488,0.0007810364766972488
TRIM,Safe Pro Group Inc - US,78642D101,,129459.0,-42.589225529499416,560557.0,0.001594716331161183,0.0007794984969064718,-0.0008152178342547112
NEW,Karman Holdings Inc - US,485924104,CALL,11200.0,,559104.0,0.0,0.0007774779863856771,0.0007774779863856771
TRIM,Vail Resorts Inc - US,91879Q109,PUT,4100.0,-46.75324675324675,558215.0,0.0018340221582424788,0.0007762417621234702,-0.0010577803961190086
ADD,Bullish - US,G16910120,PUT,23800.0,95.08196721311475,557634.0,0.0008091189061749501,0.0007754338360308469,-3.3685070144103186e-05
NEW,National Cinemedia Inc - US,635309206,,146572.0,,556974.0,0.0,0.0007745160542388824,0.0007745160542388824
NEW,Trueblue Inc - US,89785X101,,79430.0,,553627.0,0.0,0.000769861788090844,0.000769861788090844
NEW,Cerebras Systems Inc - US,15675D103,CALL,2500.0,,552500.0,0.0,0.0007682946061521408,0.0007682946061521408
TRIM,Live Nation Entertainment Inc - US,538034109,PUT,3000.0,-72.22222222222221,549330.0,0.0030573247978050535,0.0007638864723937658,-0.002293438325411288
ADD,Upwork Inc - US,91688F104,PUT,65700.0,89.33717579250721,549252.0,0.0007059265746404217,0.0007637780072728973,5.7851432632475674e-05
NEW,Ingredion Inc - US,457187102,,5782.0,,547613.0,0.0,0.0007614988491561852,0.0007614988491561852
TRIM,Enbridge Inc - US,29250N105,CALL,10100.0,-29.37062937062937,547521.0,0.0014370563272780342,0.0007613709159366992,-0.000675685411341335
NEW,Xcel Energy Inc - US,98389B100,CALL,6800.0,,546040.0,0.0,0.0007593114692186698,0.0007593114692186698
NEW,Himax Technologies Inc - US ADR,43289P106,PUT,35500.0,,544570.0,0.0,0.0007572673188638396,0.0007572673188638396
NEW,Adeia Inc - US,00676P107,PUT,16500.0,,543345.0,0.0,0.0007555638602348145,0.0007555638602348145
NEW,Colliers International Group Inc - US,194693107,,5788.0,,542857.0,0.0,0.0007548852579401499,0.0007548852579401499
NEW,Enviri Corp - US,29390K102,,24700.0,,542165.0,0.0,0.0007539229776370597,0.0007539229776370597
ADD,Klaviyo Inc - US Series A,49845K101,PUT,35900.0,128.6624203821656,542090.0,0.0005671030599541716,0.0007538186842516092,0.0001867156242974376
NEW,Exelon Corp - US,30161N101,CALL,11600.0,,540792.0,0.0,0.000752013713394079,0.000752013713394079
ADD,Western Copper & Gold Corp - US,95805V108,,240761.0,128.74719720290352,539305.0,0.0004942777922017939,0.0007499459232052134,0.0002556681310034195
TRIM,Nutrien Ltd - US,67077M108,PUT,8500.0,-78.75,535075.0,0.005602686144256948,0.0007440637762658042,-0.0048586223679911444
NEW,Ally Financial Inc - US,02005N100,CALL,11600.0,,533020.0,0.0,0.0007412061375044601,0.0007412061375044601
TRIM,Barrick Mining Corp - US,06849F108,CALL,14500.0,-81.50510204081633,532585.0,0.005935936826603661,0.000740601235868847,-0.005195335590734814
TRIM,Vicor Corp - US,925815102,CALL,1400.0,-64.1025641025641,531692.0,0.0011654938477269209,0.0007393594492927496,-0.0004261343984341713
ADD,Suncor Energy Inc - US,867224107,CALL,9900.0,86.79245283018868,531432.0,0.0006503730384585152,0.0007389978988898544,8.862486043133917e-05
ADD,Biomarin Pharmaceutical Inc - US,09061G101,CALL,9200.0,70.37037037037037,526424.0,0.0005662195194676005,0.0007320338818987053,0.0001658143624311048
TRIM,Wolfspeed Inc/DE - US,97785W106,PUT,10900.0,-46.82926829268293,525925.0,0.0006210027419899963,0.0007313399832408412,0.00011033724125084489
TRIM,Victoria's Secret & Co - US,926400102,PUT,6300.0,-59.09090909090909,525924.0,0.0013252067839171027,0.0007313385926623685,-0.0005938681912547342
TRIM,TPG Partners LLC - US,872657101,PUT,12900.0,-53.597122302158276,523095.0,0.0020903862564825744,0.0007274046461631749,-0.0013629816103193995
TRIM,Enovis Corp - US,194014502,,25167.0,-83.10157052594825,520957.0,0.006289063457543238,0.0007244315893885989,-0.005564631868154639
TRIM,C3.Ai Inc - US,12468P104,PUT,57200.0,-80.20076150917272,519948.0,0.004515222285972208,0.0007230284957096712,-0.0037921937902625365
TRIM,Helen Of Troy Ltd - US,G4388N106,,17744.0,-66.32569791053841,515818.0,0.0014103849128840411,0.0007172854066175295,-0.0006930995062665116
ADD,Schwab Fundamental U.S. Small Company Index ETF -,808524763,,13453.0,19.62475546861106,512021.0,0.0006769627810428251,0.000712005380156788,3.504259911396297e-05
NEW,Archer-Daniels-Midland Co - US,039483102,CALL,6700.0,,511880.0,0.0,0.000711809308592141,0.000711809308592141
NEW,Yum! Brands Inc - US,988498101,CALL,3200.0,,511552.0,0.0,0.0007113531988531041,0.0007113531988531041
TRIM,Vivani Medical Inc - US,92854B109,,410902.0,-3.612462526565674,509518.0,0.0007912921775341327,0.0007085247622396861,-8.27674152944466e-05
TRIM,State Street Corp - US,857477103,PUT,3000.0,-55.223880597014926,508800.0,0.0015739494173717759,0.0007075263268963065,-0.0008664230904754694
NEW,iShares Global Infrastructure ETF - US ETP,464288372,,7626.0,,507892.0,0.0,0.0007062636816431188,0.0007062636816431188
NEW,Methanex Corp - US,59151K108,PUT,11000.0,,507650.0,0.0,0.0007059271616527319,0.0007059271616527319
ADD,Burlington Stores Inc - US,122017106,PUT,1600.0,14.285714285714285,506880.0,0.0008455482456485742,0.0007048564162287733,-0.00014069182941980093
TRIM,Lightpath Technologies Inc - US,532257805,PUT,31000.0,-40.38461538461539,506850.0,0.0009681079331429413,0.0007048146988745931,-0.00026329323426834827
NEW,Franklin FTSE Japan ETF - US ETP,35473P744,,12732.0,,506097.0,0.0,0.0007037675932846699,0.0007037675932846699
TRIM,Wheaton Precious Metals Corp - US,962879102,CALL,4500.0,-69.38775510204081,505440.0,0.003574713855969657,0.0007028539832281233,-0.0028718598727415336
TRIM,Ishares Jp Morgan Usd Emerging Markets Bond Etf -,464288281,,5235.0,-88.37002643680715,504863.0,0.007848050228145581,0.0007020516194493906,-0.00714599860869619
NEW,Camtek Ltd/Israel - US,M20791105,,3085.0,,503225.0,0.0,0.0006997738519111514,0.0006997738519111514
NEW,Tanger Inc - US REIT,875465106,,12742.0,,502927.0,0.0,0.0006993594595262946,0.0006993594595262946
ADD,Molson Coors Beverage Co - US Class B,60871R209,CALL,12900.0,53.57142857142857,502584.0,0.0006713868238544644,0.0006988824911101677,2.7495667255703266e-05
NEW,Virgin Galactic Holdings Inc - US,92766K403,CALL,173900.0,,502571.0,0.0,0.0006988644135900228,0.0006988644135900228
NEW,Dupont De Nemours Inc - US,26614N201,PUT,3700.0,,501868.0,0.0,0.0006978868369237333,0.0006978868369237333
NEW,Jackson Financial Inc - US,46817M107,CALL,4900.0,,501711.0,0.0,0.0006976685161035236,0.0006976685161035236
NEW,WillScot Holdings Corp - US,971378104,,17378.0,,501529.0,0.0,0.000697415430821497,0.000697415430821497
NEW,Ouster Inc - US,68989M202,CALL,8000.0,,500160.0,0.0,0.0006955117288924069,0.0006955117288924069
TRIM,BGC Group Inc - US,088929104,,46729.0,-94.39823156309826,499533.0,0.015143271401256595,0.0006946398361900405,-0.014448631565066554
NEW,Unusual Machines Inc /US - US,91532F102,PUT,22400.0,,499520.0,0.0,0.0006946217586698959,0.0006946217586698959
TRIM,Check Point Software Technologies Ltd - US,M22465104,CALL,3800.0,-41.53846153846154,499434.0,0.0017235072064988681,0.000694502168921246,-0.0010290050375776222
NEW,Zimmer Biomet Holdings Inc - US,98956P102,CALL,5800.0,,499322.0,0.0,0.0006943464241323065,0.0006943464241323065
TRIM,Proshares Ultra S&P500 - US ETP,74347R107,,7383.0,-17.911941294196133,497467.0,0.0008661091237362811,0.000691766901065497,-0.00017434222267078412
TRIM,Nutrien Ltd - US,67077M108,CALL,7900.0,-87.33974358974359,497305.0,0.00874019038504084,0.0006915416273529239,-0.008048648757687916
TRIM,Archer-Daniels-Midland Co - US,039483102,PUT,6500.0,-79.55974842767296,496600.0,0.004290632234053802,0.0006905612695296891,-0.0036000709645241133
NEW,Acm Research Inc - US,00108J109,CALL,3900.0,,494871.0,0.0,0.0006881569593504364,0.0006881569593504364
ADD,Gartner Inc - US,366651107,CALL,3800.0,11.76470588235294,492556.0,0.0009992842903119514,0.0006849377701861972,-0.00031434652012575417
TRIM,Carrier Global Corp - US,14448C104,PUT,6700.0,-46.82539682539682,491445.0,0.001316969068204072,0.0006833928375030568,-0.0006335762307010152
NEW,Titan Machinery Inc - US,88830R101,,23253.0,,491103.0,0.0,0.0006829172596654025,0.0006829172596654025
TRIM,Monster Beverage Corp - US,61174X109,PUT,5100.0,-76.16822429906543,490212.0,0.0028782704921399326,0.0006816782542462504,-0.002196592237893682
NEW,Magna International Inc - US,559222401,,7462.0,,489955.0,0.0,0.0006813208755787732,0.0006813208755787732
NEW,Fastenal Co - US,311900104,CALL,10200.0,,489906.0,0.0,0.0006812527372336122,0.0006812527372336122
ADD,Permian Resources Corp - US,71424F105,PUT,26600.0,24.299065420560748,489706.0,0.0008468772687334165,0.0006809746215390775,-0.00016590264719433903
TRIM,Doximity Inc - US,26622P107,CALL,23600.0,-35.869565217391305,489464.0,0.0015915608294234291,0.0006806381015486905,-0.0009109227278747387
NEW,Canadian National Railway Co - US,136375102,CALL,4100.0,,488884.0,0.0,0.0006798315660345399,0.0006798315660345399
ADD,Omnicom Group Inc - US,681919106,CALL,6700.0,4.6875,487961.0,0.0008946478526880271,0.0006785480621042621,-0.000216099790583765
TRIM,Up Fintech Holding Ltd - US ADR,91531W106,CALL,110900.0,-30.860349127182047,487960.0,0.0018757044800207171,0.0006785466715257894,-0.0011971578084949276
NEW,Harrow Inc - US,415858109,,11480.0,,487556.0,0.0,0.0006779848778228294,0.0006779848778228294
ADD,SharkNinja Inc,G8068L108,CALL,3200.0,52.38095238095239,487264.0,0.0004127953126230132,0.0006775788289088086,0.00026478351628579546
TRIM,Carmax Inc - US,143130102,CALL,9200.0,-86.47058823529412,486588.0,0.0052482304902325295,0.0006766387978612813,-0.004571591692371248
TRIM,Bank Of Nova Scotia/The - US,064149107,PUT,5600.0,-75.22123893805309,486304.0,0.002907527561781391,0.000676243873575042,-0.002231283688206349
TRIM,Fs Kkr Capital Corp - US,302635206,CALL,46200.0,-6.288032454361055,485100.0,0.0009315672230197495,0.0006745696170939432,-0.0002569976059258063
NEW,Toro Co/The - US,891092108,,4973.0,,484470.0,0.0,0.0006736935526561588,0.0006736935526561588
TRIM,Docusign Inc - US,256163106,CALL,10900.0,-85.89909443725745,484178.0,0.006802506282358156,0.000673287503742138,-0.006129218778616018
NEW,Cognizant Technology Solutions Corp - US,192446102,CALL,12500.0,,484125.0,0.0,0.0006732138030830864,0.0006732138030830864
TRIM,Eqt Corp - US,26884L109,CALL,9100.0,-94.33727442439329,483847.0,0.018983030697600156,0.0006728272222676832,-0.018310203475332472
TRIM,Apogee Enterprises Inc - US,037598109,,10523.0,-50.78800916616003,481322.0,0.0013312245113487491,0.0006693160116241824,-0.0006619084997245667
ADD,Pultegroup Inc - US,745867101,CALL,3500.0,84.21052631578947,480235.0,0.0004147795663628126,0.0006678044528243862,0.0002530248864615736
NEW,Brookfield Asset Management Ltd - US,113004105,CALL,10700.0,,479895.0,0.0,0.0006673316561436773,0.0006673316561436773
NEW,Vanguard Long-Term Treasury ETF - US ETP,92206C847,,8670.0,,478411.0,0.0,0.0006652680376902296,0.0006652680376902296
KEEP,Kura Oncology Inc - US,50127T109,,43520.0,0.0,477414.0,0.0006567490081462712,0.0006638816309529742,7.132622806702992e-06
NEW,Regal Rexnord Corp - US,758750103,PUT,2000.0,,476380.0,0.0,0.0006624437728122298,0.0006624437728122298
NEW,Burlington Stores Inc - US,122017106,CALL,1500.0,,475200.0,0.0,0.0006608028902144749,0.0006608028902144749
TRIM,Defiance Quantum ETF - US ETP,26922A420,,2873.0,-73.93158515561201,475137.0,0.002195028262638977,0.0006607152837706965,-0.0015343129788682804
TRIM,Diageo Plc - US ADR,25243Q205,PUT,5900.0,-90.95092024539878,474242.0,0.009010145414883191,0.0006594707160376536,-0.008350674698845538
TRIM,Virtu Financial Inc - US,928254101,,7957.0,-69.24712066166808,473998.0,0.002112216759975354,0.0006591314148903212,-0.0014530853450850328
TRIM,Otis Worldwide Corp - US,68902V107,PUT,6600.0,-36.53846153846153,472560.0,0.001487971275905442,0.0006571317630466167,-0.0008308395128588253
TRIM,Toyota Motor Corp - US ADR,892331307,PUT,2800.0,-54.09836065573771,471576.0,0.0023334916788916244,0.0006557634338295059,-0.0016777282450621185
TRIM,Occidental Petroleum Corp - US,674599105,CALL,9700.0,-88.70779976717112,471129.0,0.010363967031029245,0.0006551418452522209,-0.009708825185777025
TRIM,BXP Inc - US REIT,101121101,PUT,7100.0,-75.08771929824562,470801.0,0.0027455649384699396,0.0006546857355131839,-0.002090879202956756
ADD,Karman Holdings Inc - US,485924104,PUT,9400.0,54.09836065573771,469248.0,0.0009063807506199939,0.0006525261671451219,-0.000253854583474872
TRIM,Entegris Inc - US,29362U104,PUT,2600.0,-48.0,467636.0,0.001088091246277307,0.000650284554647172,-0.0004378066916301349
ADD,Guidewire Software Inc - US,40171V100,CALL,3800.0,18.75,467590.0,0.0008883516986324615,0.0006502205880374292,-0.0002381311105950323
TRIM,Cryoport Inc - US,229050307,,29751.0,-91.52875854214123,467091.0,0.005397645353692676,0.000649526689379565,-0.004748118664313111
TRIM,Godaddy Inc - US,380237107,CALL,5500.0,-61.267605633802816,466840.0,0.002178992745278708,0.0006491776541829239,-0.001529815091095784
KEEP,Olaplex Holdings Inc - US,679369108,,227607.0,0.0,466594.0,0.0008576319611266795,0.0006488355718786463,-0.00020879638924803324
KEEP,Cabaletta Bio Inc - US,12674W109,CALL,150000.0,0.0,466500.0,0.0007489676183433868,0.0006487048575022149,-0.00010026276084117191
ADD,Pagaya Technologies Ltd - A - US,M7S64L123,CALL,25500.0,44.06779661016949,465375.0,0.0003827530799021018,0.0006471404567204572,0.00026438737681835537
NEW,Laser Photonics Corp - US,51807Q100,CALL,281600.0,,464640.0,0.0,0.0006461183815430421,0.0006461183815430421
NEW,Fuelcell Energy Inc - US,35952H700,PUT,12900.0,,464529.0,0.0,0.0006459640273325754,0.0006459640273325754
TRIM,Arbor Realty Trust Inc - US REIT,038923108,,85584.0,-83.7270191490454,463865.0,0.00752660854700804,0.0006450406832267201,-0.00688156786378132
NEW,Almonty Industries Inc - US,020398707,,27969.0,,463167.0,0.0,0.000644070059452794,0.000644070059452794
TRIM,Jb Hunt Transport Services Inc - US,445658107,PUT,1600.0,-74.60317460317461,463088.0,0.0024779412675585404,0.0006439602037534528,-0.0018339810638050877
TRIM,Central Pacific Financial Corp - US,154760409,,12114.0,-67.44248548699204,462755.0,0.002207306876753826,0.0006434971411220524,-0.0015638097356317734
NEW,New York Times Co/The - US,650111107,CALL,6600.0,,461868.0,0.0,0.000642263698016791,0.000642263698016791
ADD,Kinsale Capital Group Inc - US,49714P108,CALL,1400.0,100.0,461734.0,0.00044392712153219603,0.0006420773605014528,0.00019815023896925678
ADD,Natera Inc - US,632307104,PUT,1700.0,54.54545454545454,461465.0,0.00040833863046280876,0.0006417032948923036,0.00023336466442949483
TRIM,Check Point Software Technologies Ltd - US,M22465104,PUT,3500.0,-25.53191489361702,460005.0,0.0012462282877761046,0.0006396730503222002,-0.0006065552374539045
ADD,Oric Pharmaceuticals Inc - US,68622P109,,42409.0,25.88755639990501,459289.0,0.0007922666707178507,0.0006386773961357659,-0.0001535892745820848
NEW,Oshkosh Corp - US,688239201,,2990.0,,458905.0,0.0,0.0006381434140022592,0.0006381434140022592
TRIM,State Street SPDR Portfolio S&P 1500 Composite Sto,78464A805,,5051.0,-85.81259479804505,458580.0,0.005224571651909345,0.0006376914759986404,-0.004586880175910704
NEW,POET Technologies Inc - US,73044W302,PUT,44400.0,,456432.0,0.0,0.0006347045134393375,0.0006347045134393375
NEW,Mirion Technologies Inc - US,60471A101,CALL,25400.0,,455422.0,0.0,0.0006333000291819373,0.0006333000291819373
NEW,Franklin Financial Services Corp - US,353525108,,7270.0,,455102.0,0.0,0.0006328550440706818,0.0006328550440706818
TRIM,Pharvaris Nv - US,N69605108,,13147.0,-57.45582810174099,454623.0,0.0016204095400164722,0.0006321889569822711,-0.0009882205830342012
NEW,Galaxy Digital Inc - US,36317J209,CALL,16600.0,,453844.0,0.0,0.0006311056963520584,0.0006311056963520584
TRIM,Protagonist Therapeutics Inc - US,74366E102,CALL,3700.0,-40.32258064516129,453546.0,0.0012129748679926553,0.0006306913039672016,-0.0005822835640254537
NEW,Madison Square Garden Entertainment Corp - US,558256103,,5600.0,,452984.0,0.0,0.0006299097988655591,0.0006299097988655591
NEW,Cencora Inc - US,03073E105,CALL,1600.0,,452768.0,0.0,0.0006296094339154617,0.0006296094339154617
NEW,Rambus Inc - US,750917106,CALL,3400.0,,451316.0,0.0,0.0006275903139731396,0.0006275903139731396
ADD,Nabors Industries Ltd - US,G6359F137,,5362.0,15.287035046226618,450462.0,0.0007429628841541902,0.0006264027599574764,-0.00011656012419671382
TRIM,Gold Fields Ltd - US ADR,38059T106,PUT,13400.0,-4.964539007092199,450106.0,0.0011882134602387501,0.0006259077140212046,-0.0005623057462175456
NEW,Schwab Emerging Markets Equity Etf - US ETP,808524706,,12412.0,,450059.0,0.0,0.000625842356832989,0.000625842356832989
TRIM,Godaddy Inc - US,380237107,PUT,5300.0,-60.150375939849624,449864.0,0.00204088757128217,0.0006255711940308177,-0.0014153163772513523
TRIM,Badger Meter Inc - US,056525108,,3030.0,-97.24214511959806,449591.0,0.03106942278364997,0.0006251915661077777,-0.03044423121754219
KEEP,Indie Semiconductor Inc - US,45569U101,CALL,100000.0,0.0,449000.0,0.0005976891526804723,0.0006243697342304277,2.668058154995539e-05
NEW,Option Care Health Inc - US,68404L201,CALL,21400.0,,448758.0,0.0,0.0006240332142400407,0.0006240332142400407
TRIM,Vf Corp - US,918204108,PUT,26900.0,-30.310880829015545,448692.0,0.0012173071862608424,0.0006239414360608442,-0.0005933657501999983
NEW,Msci Inc - US,55354G100,CALL,800.0,,448032.0,0.0,0.0006230236542688796,0.0006230236542688796
KEEP,Under Armour Inc - US,904311107,CALL,70000.0,0.0,447300.0,0.0007679006287699111,0.0006220057508268826,-0.00014589487794302853
ADD,Ormat Technologies Inc - US,686688102,PUT,4100.0,41.37931034482759,446490.0,0.0006024558164819736,0.0006208793822640171,1.8423565782043445e-05
KEEP,Alpha Cognition Inc - US,02074J501,,61596.0,0.0,444723.0,0.0006276886933190493,0.0006184222301028029,-9.266463216246355e-06
KEEP,Loandepot Inc - US,53946R106,,355248.0,0.0,444060.0,0.0009363524485961789,0.0006175002765754203,-0.00031885217202075853
NEW,Legacy Housing Corp - US,52472M101,,16899.0,,443937.0,0.0,0.0006173292354232815,0.0006173292354232815
TRIM,Guidewire Software Inc - US,40171V100,PUT,3600.0,-5.263157894736842,442980.0,0.001054917642126048,0.0006159984518249329,-0.000438919190301115
NEW,Intuitive Machines Inc - US,46125A100,CALL,20700.0,,442773.0,0.0,0.0006157106020810894,0.0006157106020810894
TRIM,Plains Gp Holdings Lp - US,72651A207,CALL,18200.0,-39.33333333333333,441714.0,0.0013520396857529691,0.0006142379794785281,-0.000737801706274441
TRIM,Ies Holdings Inc - US,44951W106,PUT,600.0,-33.33333333333333,440796.0,0.0007959716009934726,0.0006129614284406138,-0.00018301017255285877
TRIM,Nrg Energy Inc - US,629377508,PUT,3000.0,-70.58823529411765,438180.0,0.002766870143732258,0.0006093236751560998,-0.0021575464685761585
TRIM,Rocket Cos Inc - US,77311W101,PUT,27800.0,-87.65541740674956,437850.0,0.005956659192133241,0.0006088647842601175,-0.005347794407873124
NEW,State Street SPDR Portfolio S&P 400 Mid Cap ETF -,78464A847,,6463.0,,436640.0,0.0,0.0006071821843081825,0.0006071821843081825
NEW,Ishares U.S. Basic Materials Etf - US ETP,464287838,,2432.0,,436617.0,0.0,0.000607150201003311,0.000607150201003311
TRIM,Liberty Global Ltd - A,G61188101,CALL,38400.0,-8.353221957040573,436608.0,0.0009402856887034146,0.0006071376857970569,-0.0003331480029063577
TRIM,Arthur J Gallagher & Co - US,363576109,PUT,1900.0,-74.32432432432432,436183.0,0.0029748808182850045,0.0006065466899461706,-0.002368334128338834
ADD,Symbotic Inc - US,87151X101,PUT,9700.0,25.97402597402597,436015.0,0.0007603645481491574,0.0006063130727627615,-0.00015405147538639593
TRIM,L3Harris Technologies Inc - US,502431109,PUT,1500.0,-73.68421052631578,435885.0,0.003651760071340654,0.0006061322975613139,-0.00304562777377934
KEEP,Jb Hunt Transport Services Inc - US,445658107,CALL,1500.0,0.0,434145.0,0.0005899860160853668,0.000603712691018862,1.3726674933495198e-05
NEW,SailPoint Inc - US,78781J109,CALL,29500.0,,431880.0,0.0,0.0006005630307782563,0.0006005630307782563
NEW,AtaiBeckley Inc - US,04650F101,,81911.0,,431671.0,0.0,0.0006002723998774676,0.0006002723998774676
TRIM,Metlife Inc - US,59156R108,PUT,5100.0,-76.81818181818181,431511.0,0.0028879151903925034,0.0006000499073218398,-0.0022878652830706637
NEW,Five Below Inc - US,33829M101,CALL,2400.0,,431496.0,0.0,0.0006000290486447498,0.0006000290486447498
NEW,EagleRock Land LLC - US,27005A105,,20292.0,,431205.0,0.0,0.0005996243903092016,0.0005996243903092016
TRIM,Janux Therapeutics Inc - US,47103J105,,28070.0,-5.453198154198525,431155.0,0.0007660017591947804,0.000599554861385568,-0.0001664468978092124
NEW,West Pharmaceutical Services Inc - US,955306105,PUT,1200.0,,430800.0,0.0,0.0005990612060277689,0.0005990612060277689
ADD,Oculis Holding AG - US,H5870P102,,31021.0,7.361389907939364,430261.0,0.001426084462118114,0.0005983116842309978,-0.0008277727778871161
NEW,Celcuity Inc - US,15102K100,CALL,4100.0,,428942.0,0.0,0.0005964775112255415,0.0005964775112255415
TRIM,Avnet Inc - US,053807103,,4814.0,-86.24414218767859,427579.0,0.004002761379050979,0.0005945821527672873,-0.0034081792262836913
TRIM,Lamb Weston Holdings Inc - US,513272104,CALL,9900.0,-79.83706720977597,427482.0,0.0038515051875179776,0.0005944472666554381,-0.0032570579208625397
NEW,JPMorgan International Research Enhanced Equity ET,46641Q134,,5175.0,,426886.0,0.0,0.0005936184818857246,0.0005936184818857246
TRIM,SharkNinja Inc,G8068L108,PUT,2800.0,-62.16216216216216,426356.0,0.0014546120540049035,0.0005928814752952076,-0.0008617305787096959
TRIM,Celsius Holdings Inc - US,15118V207,CALL,14500.0,-65.96244131455398,424560.0,0.002805515759132281,0.0005903839963582859,-0.0022151317627739954
TRIM,Jabil Inc - US,466313103,PUT,1100.0,-31.25,424028.0,0.000788890283858454,0.0005896442086108236,-0.00019924607524763043
TRIM,Dutch Bros Inc - US,26701L100,PUT,5900.0,-81.90184049079755,423679.0,0.003065506828193301,0.0005891588967238605,-0.00247634793146944
ADD,Ssr Mining Inc - US,784730103,,14973.0,42.315369261477045,423436.0,0.0005741472535393344,0.0005888209861550009,1.467373261566647e-05
NEW,Vodafone Group Plc - US ADR,92857W308,CALL,31800.0,,420558.0,0.0,0.0005848189013106463,0.0005848189013106463
NEW,Harrow Inc - US,415858109,PUT,9900.0,,420453.0,0.0,0.0005846728905710156,0.0005846728905710156
TRIM,Fidelity National Information Services Inc - US,31620M106,PUT,10800.0,-27.027027027027028,419904.0,0.001288684635568839,0.0005839094629895178,-0.0007047751725793213
TRIM,Papa John's International Inc - US,698813102,PUT,11400.0,-58.54545454545455,419178.0,0.0016543645948921986,0.0005828999030183568,-0.001071464691873842
NEW,Exelixis Inc - US,30161Q104,CALL,7700.0,,418957.0,0.0,0.000582592585175896,0.000582592585175896
TRIM,Intercontinental Exchange Inc - US,45866F104,PUT,3400.0,-67.3076923076923,418574.0,0.003036171799097145,0.0005820599936208619,-0.002454111805476283
ADD,Amprius Technologies Inc - US,03214Q108,CALL,30100.0,16.666666666666664,417186.0,0.000807414935236563,0.0005801298707007911,-0.00022728506453577194
NEW,Axsome Therapeutics Inc - US,05464T104,PUT,1700.0,,416109.0,0.0,0.0005786322176857217,0.0005786322176857217
NEW,Dimensional Emerging Core Equity Market ETF - US E,25434V302,,10341.0,,415812.0,0.0,0.0005782192158793376,0.0005782192158793376
ADD,Motorola Solutions Inc - US,620076307,CALL,1000.0,42.857142857142854,415290.0,0.0005638677425842273,0.000577493333916602,1.3625591332374742e-05
NEW,Nerdwallet Inc - US,64082B102,,44890.0,,415233.0,0.0,0.0005774140709436596,0.0005774140709436596
NEW,Ishares Msci Global Metals & Mining Producers Etf,46434G848,,7118.0,,413912.0,0.0,0.0005755771167812578,0.0005755771167812578
NEW,Sk Telecom Co Ltd - US ADR,78440P306,,12850.0,,413256.0,0.0,0.000574664897303184,0.000574664897303184
TRIM,Clear Secure Inc - US,18467V109,CALL,7400.0,-89.35251798561151,412402.0,0.006245099893626353,0.0005734773432875208,-0.005671622550338832
TRIM,Molina Healthcare Inc - US,60855R100,CALL,1800.0,-35.714285714285715,411660.0,0.0006927996874113648,0.000572445534060797,-0.00012035415335056785
ADD,DIREXION SHARES ETF TRUST,25460G849,,11102.0,87.2491145218418,411440.0,0.0004111563078968739,0.0005721396067968088,0.00016098329889993493
NEW,Advance Auto Parts Inc - US,00751Y106,CALL,6600.0,,410652.0,0.0,0.0005710438309603421,0.0005710438309603421
TRIM,Cullinan Therapeutics Inc - US,230031106,,22518.0,-22.319580516075618,410053.0,0.0007645947766552406,0.0005702108744552105,-0.00019438390220003008
TRIM,Fox Corp- Class B,35137L204,,8754.0,-87.55844857236254,410037.0,0.006934992807083999,0.0005701886251996478,-0.006364804181884351
TRIM,Brookfield Corp - US,11271J107,CALL,9600.0,-49.07161803713528,408864.0,0.0014160035621547363,0.0005685574766512017,-0.0008474460855035346
TRIM,Ww Grainger Inc - US,384802104,PUT,300.0,-78.57142857142857,408120.0,0.002834631759284287,0.0005675228862675326,-0.0022671088730167547
ADD,OR Royalties Inc - US,68390D106,PUT,12900.0,11.206896551724139,408027.0,0.000818633672003025,0.000567393562469574,-0.000251240109533451
TRIM,American Water Works Co Inc - US,030420103,PUT,3100.0,-71.81818181818181,407898.0,0.002778679144941429,0.0005672141778465991,-0.0022114649670948302
TRIM,Iqvia Holdings Inc - US,46266C105,CALL,2100.0,-52.27272727272727,405762.0,0.0013928310423346648,0.0005642439022289684,-0.0008285871401056965
NEW,Vnet Group Inc - US ADR,90138A103,CALL,50100.0,,402804.0,0.0,0.0005601305711068,0.0005601305711068
TRIM,Simon Property Group Inc - US REIT,828806109,PUT,1800.0,-90.37433155080214,402570.0,0.006474553130575884,0.0005598051757441944,-0.00591474795483169
NEW,Magnachip Semiconductor Corp - US,55933J203,CALL,85100.0,,402523.0,0.0,0.0005597398185559787,0.0005597398185559787
TRIM,Galaxy Digital Inc - US,36317J209,PUT,14700.0,-65.24822695035462,401898.0,0.0014486258815906347,0.0005588707070105578,-0.000889755174580077
NEW,Barclays Plc - US ADR,06738E204,CALL,14900.0,,400214.0,0.0,0.0005565289728625755,0.0005565289728625755
ADD,International Paper Co - US,460146103,CALL,10500.0,52.17391304347826,400050.0,0.00045723220180056125,0.000556300917993057,9.906871619249578e-05
TRIM,Toast Inc - US,888787108,PUT,14300.0,-78.16793893129771,397826.0,0.0032230758793793026,0.000553208271469831,-0.0026698676079094717
TRIM,Schwab Us Broad Market Etf - US ETP,808524102,,13679.0,-92.3364370791175,396144.0,0.008316044547049376,0.0005508693184787941,-0.007765175228570582
TRIM,Ch Robinson Worldwide Inc - US,12541W209,CALL,2100.0,-87.34939759036145,395514.0,0.0051170395773966594,0.0005499932540410097,-0.0045670463233556495
NEW,Nvr Inc - US,62944T105,,58.0,,395177.0,0.0,0.0005495246290957188,0.0005495246290957188
TRIM,Vale Sa - US ADR,91912E105,,26273.0,-19.804035285858184,395146.0,0.000967491682215333,0.0005494815211630659,-0.000418010161052267
NEW,Telus Corp - US,87971M103,,37337.0,,394652.0,0.0,0.0005487945753975651,0.0005487945753975651
NEW,Churchill Downs Inc - US,171484108,CALL,4400.0,,394416.0,0.0,0.0005484663988780141,0.0005484663988780141
NEW,Invesco Kbw Bank Etf - US ETP,46138E628,,4236.0,,393863.0,0.0,0.0005476974089826256,0.0005476974089826256
TRIM,Oneok Inc - US,682680103,CALL,4500.0,-89.63133640552995,391230.0,0.007281646947106194,0.0005440360158640762,-0.006737610931242118
ADD,Cleveland-Cliffs Inc - US,185899101,PUT,41600.0,249.57983193277312,390624.0,0.00018664792778815182,0.000543193325309636,0.00035654539752148415
NEW,Kulicke & Soffa Industries Inc - US,501242101,PUT,2900.0,,387904.0,0.0,0.0005394109518639639,0.0005394109518639639
NEW,Liberty Global Ltd - A,G61188101,PUT,34100.0,,387717.0,0.0,0.000539150913689574,0.000539150913689574
TRIM,Nnn Reit Inc - US REIT,637417106,,8301.0,-72.15924335927019,386246.0,0.002326098523937816,0.0005371053727562711,-0.0017889931511815447
TRIM,Peabody Energy Corp - US,704551100,PUT,16700.0,-36.015325670498086,386104.0,0.0015963033629175242,0.0005369079106131516,-0.0010593954523043726
NEW,Amer Sports Inc - US,G0260P102,CALL,11400.0,,385776.0,0.0,0.0005364518008741146,0.0005364518008741146
KEEP,BRC INC-A - US,05601U105,,346023.0,0.0,384086.0,0.0004985377195477617,0.0005341017232552963,3.556400370753458e-05
ADD,Blue Owl Capital Corp - US,69121K104,PUT,35300.0,0.8571428571428572,383711.0,0.0007185263074615244,0.0005335802563280437,-0.00018494605113348066
NEW,TKO Group Holdings Inc - US,87256C101,CALL,1900.0,,382489.0,0.0,0.0005318809694344366,0.0005318809694344366
NEW,Array Technologies Inc - US,04271T100,CALL,51600.0,,382356.0,0.0,0.0005316960224975711,0.0005316960224975711
NEW,Baxter International Inc - US,071813109,CALL,17900.0,,381628.0,0.0,0.0005306836813694646,0.0005306836813694646
NEW,Penguin Solutions Inc - US,706915105,,5013.0,,381038.0,0.0,0.0005298632400705873,0.0005298632400705873
NEW,Capricor Therapeutics Inc - US,14070B309,,15816.0,,380849.0,0.0,0.000529600420739252,0.000529600420739252
ADD,MoonLake Immunotherapeutics - US,61559X104,CALL,19500.0,26.623376623376622,379665.0,0.0005328268863721915,0.0005279539758276065,-4.872910544584993e-06
TRIM,Elbit Systems Ltd - US,M3760D101,PUT,500.0,-66.66666666666666,379360.0,0.0023640926210378673,0.0005275298493934411,-0.0018365627716444262
TRIM,Amer Sports Inc - US,G0260P102,,11204.0,-68.27500283157775,379143.0,0.0021579975216576867,0.0005272280938648709,-0.0016307694277928157
TRIM,Becton Dickinson And Co - US,075887109,CALL,2500.0,-32.432432432432435,378325.0,0.0010798331126118553,0.000526090600674224,-0.0005537425119376313
ADD,New Era Energy & Digital Inc - US,64428N109,CALL,58700.0,193.5,374506.0,0.0001507216124150756,0.0005207799814870836,0.000370058369072008
TRIM,Harmony Gold Mining Co Ltd - US ADR,413216300,PUT,24600.0,-12.142857142857142,374166.0,0.0007988245457999008,0.0005203071848063745,-0.00027851736099352624
NEW,Gap Inc/The - US,364760108,CALL,20000.0,,373600.0,0.0,0.0005195201173908414,0.0005195201173908414
TRIM,Ishares Core U.S. Aggregate Bond Etf - US ETP,464287226,,3774.0,-71.85472443880975,373551.0,0.002470778278613839,0.0005194519790456804,-0.0019513262995681584
TRIM,Exelon Corp - US,30161N101,PUT,8000.0,-60.0,372960.0,0.0018197964139376865,0.0005186301471683303,-0.001301166266769356
TRIM,Sprouts Farmers Market Inc - US,85208M102,PUT,4400.0,-92.81045751633987,372152.0,0.008761818565186905,0.0005175065597624101,-0.008244312005424494
NEW,Sandridge Energy Inc - US,80007P869,,27047.0,,370544.0,0.0,0.0005152705095783509,0.0005152705095783509
TRIM,Praxis Precision Medicines Inc - US,74006W207,PUT,1100.0,-26.666666666666668,368269.0,0.0008970627396061555,0.0005121069435530186,-0.0003849557960531369
NEW,Factset Research Systems Inc - US,303075105,CALL,1600.0,,368128.0,0.0,0.0005119108719883717,0.0005119108719883717
NEW,ARS Pharmaceuticals Inc - US,82835W108,,45895.0,,367619.0,0.0,0.0005112030675457808,0.0005112030675457808
KEEP,Opko Health Inc - US,68375N103,,244821.0,0.0,367232.0,0.0005180517135295313,0.0005106649136768562,-7.386799852675155e-06
TRIM,Bath & Body Works Inc - US,070830104,CALL,15800.0,-7.602339181286549,365454.0,0.0005925976578177315,0.0005081924651524426,-8.440519266528896e-05
TRIM,Vital Farms Inc - US,92847W103,CALL,31400.0,-10.285714285714285,365182.0,0.0009173229169400293,0.0005078142278078754,-0.00040950868913215384
TRIM,Vizsla Silver Corp - US,92859G608,CALL,110100.0,-7.010135135135136,363330.0,0.0007252456699854476,0.0005052388764764839,-0.00022000679350896364
NEW,Moody's Corp - US,615369105,CALL,800.0,,362336.0,0.0,0.0005038566414746464,0.0005038566414746464
ADD,Ecolab Inc - US,278865100,PUT,1300.0,8.333333333333332,362193.0,0.0005925364039604692,0.0005036577887530541,-8.887861520741509e-05
TRIM,Floor & Decor Holdings Inc - US,339750101,PUT,6100.0,-77.9783393501805,362096.0,0.00261193872076352,0.0005035229026412048,-0.0021084158181223153
NEW,Brightview Holdings Inc - US,10948C107,,25534.0,,361817.0,0.0,0.0005031349312473288,0.0005031349312473288
ADD,Alnylam Pharmaceuticals Inc - US,02043Q107,CALL,1200.0,33.33333333333333,361236.0,0.0005527381023374195,0.0005023270051547056,-5.0411097182713905e-05
TRIM,Vor Biopharma Inc - US,929033207,,19620.0,-87.14041331576774,361204.0,0.005052268263785525,0.00050228250664358,-0.004549985757141945
TRIM,Samsara Inc - US,79589L106,CALL,11100.0,-44.776119402985074,359973.0,0.0011823275214090925,0.0005005707045437188,-0.0006817568168653737
TRIM,Golar Lng Ltd - US,G9456A100,PUT,7200.0,-84.0,358848.0,0.004519699386084832,0.000499006303761961,-0.004020693082322871
ADD,Olin Corp - US,680665205,CALL,18100.0,4.022988505747127,358742.0,0.0009602043293786139,0.0004988589024438576,-0.00046134542693475626
TRIM,Barclays Plc - US ADR,06738E204,,13338.0,-95.64368206521739,358259.0,0.012025587423740786,0.0004981872530415563,-0.01152740017069923
TRIM,Lyondellbasell Industries Nv - US,N53745100,CALL,6800.0,-88.47457627118645,358020.0,0.008822485870361467,0.0004978549047865873,-0.00832463096557488
ADD,Booz Allen Hamilton Holding Corp - US,099502106,CALL,5900.0,22.916666666666664,357953.0,0.0006952201428619715,0.0004977617360289181,-0.00019745840683305332
TRIM,Colgate-Palmolive Co - US,194162103,PUT,3900.0,-93.46733668341709,357552.0,0.009444659860349416,0.0004972041140613761,-0.00894745574628804
NEW,Vtex - US,G9470A102,,89361.0,,357444.0,0.0,0.0004970539315863274,0.0004970539315863274
ADD,United States Antimony Corp - US,911549103,CALL,49100.0,122.17194570135747,356466.0,0.00035811789221770675,0.0004956939458400526,0.00013757605362234586
TRIM,Aes Corp/The - US,00130H105,PUT,24300.0,-55.97826086956522,356238.0,0.0014436754562173464,0.0004953768939482831,-0.0009482985622690633
TRIM,MKS Inc - US,55306N104,PUT,800.0,-65.21739130434783,355840.0,0.0009811067441249954,0.000494823443716159,-0.0004862833004088364
NEW,Magnachip Semiconductor Corp - US,55933J203,,75103.0,,355237.0,0.0,0.0004939849248971369,0.0004939849248971369
NEW,Dimensional US Core Equity 2 ETF - US ETP,25434V708,,8005.0,,355102.0,0.0,0.0004937971968033258,0.0004937971968033258
TRIM,Grupo Financiero Galicia Sa - US ADR,399909100,,7087.0,-40.838133400116874,354563.0,0.0010386036981418596,0.0004930476750065549,-0.0005455560231353046
TRIM,Vulcan Materials Co - US,929160109,CALL,1200.0,-20.0,354012.0,0.0007581556969327295,0.0004922814662681118,-0.00026587423066461765
ADD,Vital Farms Inc - US,92847W103,PUT,30400.0,3.4013605442176873,353552.0,0.0007705512502296245,0.0004916418001706819,-0.0002789094500589426
NEW,Tg Therapeutics Inc - US,88322Q108,CALL,6400.0,,351616.0,0.0,0.0004889496402475859,0.0004889496402475859
TRIM,Frontline PLC - US,M46528101,CALL,10100.0,-69.30091185410335,351379.0,0.002128838829423347,0.0004886200731495622,-0.0016402187562737846
ADD,Bill Holdings Inc - US,090043100,CALL,9700.0,21.25,350752.0,0.0005687327837928469,0.0004877481804471959,-8.098460334565098e-05
TRIM,Enersys - US,29275Y102,PUT,1500.0,-6.25,350730.0,0.0005159282464777721,0.00048771758772079714,-2.8210658756974997e-05
TRIM,Paymentus Holdings Inc - US,70439P108,,14500.0,-68.30670367860812,350320.0,0.00215701745994149,0.0004871474505470009,-0.001669870009394489
TRIM,Neogenomics Inc - US,64049M209,CALL,24000.0,-33.33333333333333,350160.0,0.0004958221318758005,0.0004869249579913732,-8.897173884427263e-06
TRIM,Synaptics Inc - US,87157D109,PUT,2800.0,-39.130434782608695,347844.0,0.0005980306893391469,0.00048370437824866124,-0.00011432631109048566
NEW,Onemain Holdings Inc - US,68268W103,CALL,5700.0,,347529.0,0.0,0.000483266346029769,0.000483266346029769
ADD,Vertical Aerospace Ltd - US,G9471C206,,199308.0,1.1941753488088709,346796.0,0.0008079439458220101,0.0004822470520092993,-0.0003256968938127108
NEW,Limbach Holdings Inc - US,53263P105,CALL,4500.0,,346500.0,0.0,0.0004818354407813879,0.0004818354407813879
NEW,Hometrust Bancshares Inc - US,437872104,,6941.0,,346286.0,0.0,0.0004815378569882358,0.0004815378569882358
NEW,Levi Strauss & Co - US,52736R102,CALL,13900.0,,345137.0,0.0,0.00047994008232313387,0.00047994008232313387
TRIM,Castle Biosciences Inc - US,14843C105,,14462.0,-93.51427469481841,344919.0,0.01016110168048653,0.00047963693621609106,-0.00968146474427044
TRIM,Sherwin-Williams Co/The - US,824348106,PUT,1000.0,-87.34177215189874,344320.0,0.0047004817929957475,0.0004788039797109596,-0.004221677813284788
NEW,Broadridge Financial Solutions Inc - US,11133T103,CALL,2500.0,,342375.0,0.0,0.0004760993045816095,0.0004760993045816095
TRIM,First Trust NASDAQ Clean Edge Smart Grid Infrastru,33737A108,,1785.0,-58.08875322845738,342274.0,0.0012931747289239136,0.00047595885615586947,-0.0008172158727680442
NEW,Genuine Parts Co - US,372460105,CALL,2900.0,,342142.0,0.0,0.00047577529979747656,0.00047577529979747656
ADD,Verisk Analytics Inc - US,92345Y106,PUT,1900.0,18.75,341107.0,0.0005635354868130168,0.0004743360510782594,-8.919943573475734e-05
NEW,Commercial Metals Co - US,201723103,,5424.0,,340356.0,0.0,0.0004732917266452816,0.0004732917266452816
NEW,Mercadolibre Inc - US,58733R102,CALL,200.0,,339478.0,0.0,0.00047207079874627425,0.00047207079874627425
TRIM,Custom Truck One Source Inc - US,23204X103,,28729.0,-87.42812382394385,339289.0,0.002786796209117428,0.00047180797941493894,-0.0023149882297024893
TRIM,Travere Therapeutics Inc - US,89422G107,,5955.0,-82.149815653008,338304.0,0.0018397596028727125,0.00047043825961935547,-0.0013693213432533571
NEW,Gorilla Technology Group Inc - US,G4000K175,PUT,17000.0,,337960.0,0.0,0.0004699599006247558,0.0004699599006247558
TRIM,Automatic Data Processing Inc - US,053015103,PUT,1500.0,-95.98930481283422,335925.0,0.014104966547691077,0.00046713007343286505,-0.013637836474258211
NEW,Centrus Energy Corp - US,15643U104,CALL,2000.0,,335740.0,0.0,0.00046687281641542047,0.00046687281641542047
TRIM,Vodafone Group Plc - US ADR,92857W308,PUT,25300.0,-21.428571428571427,334596.0,0.0008977291073260695,0.0004652819946426819,-0.00043244711268338755
NEW,Anika Therapeutics Inc - US,035255108,,22837.0,,334105.0,0.0,0.0004645992206125992,0.0004645992206125992
TRIM,Marriott International Inc/Md - US,571903202,PUT,900.0,-90.10989010989012,333531.0,0.00552460975037745,0.00046380102856928454,-0.005060808721808165
KEEP,Whirlpool Corp - US,963320205,,9500.0,0.0,333308.0,0.0007262442934765722,0.0004634909295698783,-0.00026275336390669385
TRIM,American Public Education Inc - US,02913V103,,6179.0,-80.45671632349686,331812.0,0.003338103198607902,0.00046141062417475874,-0.0028766925744331436
NEW,Ishares S&P Mid-Cap 400 Growth Etf - US ETP,464287606,,2822.0,,331585.0,0.0,0.00046109496286146184,0.00046109496286146184
NEW,Vipshop Holdings Ltd - US ADR,92763W103,,25000.0,,331500.0,0.0,0.00046097676369128457,0.00046097676369128457
NEW,Smith Douglas Homes Corp - US,83207R107,,21303.0,,331049.0,0.0,0.0004603496128001088,0.0004603496128001088
NEW,Inovio Pharmaceuticals Inc - US,45773H409,CALL,300000.0,,330000.0,0.0,0.0004588908959822742,0.0004588908959822742
ADD,Anheuser-Busch Inbev Sa/Nv - US ADR,03524A108,CALL,4000.0,25.0,329600.0,0.0004120417045609378,0.0004583346645932048,4.629296003226703e-05
NEW,Travere Therapeutics Inc - US,89422G107,PUT,5800.0,,329498.0,0.0,0.00045819282558899214,0.00045819282558899214
TRIM,Corvus Pharmaceuticals Inc - US,221015100,,21992.0,-20.011638903033386,328560.0,0.0007466232661699849,0.0004568884629816243,-0.0002897348031883606
TRIM,Ppg Industries Inc - US,693506107,CALL,2700.0,-27.027027027027028,327483.0,0.0007340365265913318,0.0004553908099665549,-0.00027864571662477693
NEW,Universal Health Services Inc - US Class B,913903100,PUT,2200.0,,327118.0,0.0,0.00045488324882402904,0.00045488324882402904
TRIM,Home Bancshares Inc/Ar - US,436893200,,11440.0,-93.8927059476716,326612.0,0.009363388985004816,0.00045417961611685624,-0.00890920936888796
NEW,Pg&E Corp - US,69331C108,CALL,19400.0,,326308.0,0.0,0.0004537568802611635,0.0004537568802611635
TRIM,Cheesecake Factory Inc/The - US,163072101,CALL,4100.0,-59.80392156862745,326114.0,0.0010365823208522043,0.00045348710803746475,-0.0005830952128147395
TRIM,WEBULL CORP - US,G9572D103,CALL,50000.0,-80.50682261208577,326000.0,0.002285325729131048,0.00045332858209158004,-0.001831997147039468
NEW,Aeva Technologies Inc - US,00835Q202,PUT,11300.0,,324536.0,0.0,0.0004512927752075859,0.0004512927752075859
NEW,Mediaalpha Inc - US,58450V104,,25748.0,,323652.0,0.0,0.0004500635038377425,0.0004500635038377425
TRIM,Eldorado Gold Corp - US,284902509,CALL,10400.0,-4.587155963302752,323336.0,0.0006945760492719711,0.0004496240810403776,-0.00024495196823159346
ADD,Thor Industries Inc - US,885160101,CALL,4300.0,38.70967741935484,323188.0,0.00045969906168848786,0.00044941827542642194,-1.0280786262065916e-05
TRIM,Carmax Inc - US,143130102,PUT,6100.0,-93.30406147091108,322629.0,0.00703108525970858,0.0004486409420601974,-0.006582444317648382
NEW,Octave Specialty Group Inc - US,023139884,CALL,51600.0,,321984.0,0.0,0.000447744018945323,0.000447744018945323
NEW,Consolidated Edison Inc - US,209115104,CALL,2900.0,,320827.0,0.0,0.0004461351196524397,0.0004461351196524397
ADD,Avalonbay Communities Inc - US REIT,053484101,CALL,1700.0,13.333333333333334,320773.0,0.00045480989017246187,0.0004460600284149153,-8.749861757546568e-06
NEW,Penn Entertainment Inc - US,707569109,CALL,15000.0,,320400.0,0.0,0.00044554134264460804,0.00044554134264460804
NEW,Insulet Corp - US,45784P101,PUT,2100.0,,319725.0,0.0,0.0004446027021755534,0.0004446027021755534
NEW,Autozone Inc - US,053332102,CALL,100.0,,319594.0,0.0,0.0004444205363956332,0.0004444205363956332
ADD,abrdn Platinum ETF Trust - US ETP,003260106,,22514.0,443.2915057915058,318123.0,0.0013709448535171012,0.0004423749954623304,-0.0009285698580547709
KEEP,VanEck BDC Income ETF - US ETP,92189F411,CALL,25000.0,0.0,316500.0,0.0005939767976948793,0.0004401180866011812,-0.00015385871109369807
TRIM,Duke Energy Corp - US,26441C204,PUT,2500.0,-94.48123620309052,316450.0,0.011010069005076836,0.00044004855767754755,-0.010570020447399287
NEW,Unity Bancorp Inc - US,913290102,,5391.0,,316398.0,0.0,0.0004399762475969685,0.0004399762475969685
TRIM,DraftKings Inc - US,26142V105,PUT,12500.0,-89.97594226142742,315750.0,0.005004280507064257,0.000439075152746676,-0.004565205354317581
NEW,Sempra - US,816851109,CALL,3400.0,,315214.0,0.0,0.000438329802685323,0.000438329802685323
ADD,Porch Group Inc - US,733245104,,20933.0,0.6781454405540592,314832.0,0.00027671708444860913,0.0004377986017087617,0.00016108151726015256
ADD,Ondas Inc - US,68236H204,CALL,38200.0,76.036866359447,314768.0,0.0003641226264069034,0.00043770960468651065,7.358697827960728e-05
NEW,Jbs NV-A - US,N4732M103,PUT,26500.0,,314025.0,0.0,0.0004366764048813142,0.0004366764048813142
NEW,Cryoport Inc - US,229050307,CALL,20000.0,,314000.0,0.0,0.00043664164041949725,0.00043664164041949725
TRIM,Vanguard S&P 500 Growth ETF - US ETP,921932505,,3793.0,-57.87427809862283,313378.0,0.006813732443834588,0.0004357767006094943,-0.006377955743225094
NEW,Bluelinx Holdings Inc - US,09624H208,,5056.0,,312865.0,0.0,0.0004350633338530128,0.0004350633338530128
TRIM,Synopsys Inc - US,871607107,CALL,700.0,-86.27450980392157,312249.0,0.003753279986954173,0.00043420673751384586,-0.003319073249440327
NEW,Wesco International Inc - US,95082P105,CALL,900.0,,310887.0,0.0,0.0004323127696340645,0.0004323127696340645
TRIM,Baker Hughes Co - US,05722G100,PUT,5600.0,-84.35754189944134,310800.0,0.004056842966481097,0.0004321917893069419,-0.003624651177174155
TRIM,Iamgold Corp - US,450913108,PUT,19600.0,-42.18289085545723,310464.0,0.00118423752804918,0.0004317245549401236,-0.0007525129731090563
KEEP,Ishares Msci Germany Etf - US ETP,464286806,CALL,7500.0,0.0,310275.0,0.000552259208544278,0.0004314617356087883,-0.00012079747293548972
TRIM,Lpl Financial Holdings Inc - US,50212V100,CALL,1100.0,-26.666666666666668,309848.0,0.0008375908127369557,0.0004308679586009567,-0.000406722854135999
ADD,Leidos Holdings Inc - US,525327102,PUT,3000.0,130.76923076923077,308910.0,0.00037527454078362473,0.0004295635959935889,5.428905520996416e-05
TRIM,Keycorp - US,493267108,CALL,13400.0,-86.5055387713998,308870.0,0.003695584421945579,0.000429507972854682,-0.003266076449090897
TRIM,Cardinal Health Inc - US,14149Y108,PUT,1300.0,-83.33333333333334,308828.0,0.003059385154822058,0.0004294495685588296,-0.0026299355862632284
NEW,Fidelity MSCI Information Technology Index ETF - U,316092808,,1079.0,,308141.0,0.0,0.0004284942411481029,0.0004284942411481029
TRIM,Nexa Resources Sa - US,L67359106,,25099.0,-81.63761001411986,307212.0,0.0026868447634853226,0.00042720239374698923,-0.0022596423697383333
NEW,Arcelormittal Sa - US NY Reg Shrs,03938L203,CALL,5100.0,,307122.0,0.0,0.00042707724168444854,0.00042707724168444854
TRIM,Sana Biotechnology Inc - US,799566104,,87892.0,-34.00659243296817,306743.0,0.0007119684323794742,0.0004265502124433053,-0.00028541821993616895
TRIM,Abercrombie & Fitch Co - US,002896207,PUT,3400.0,-89.375,306034.0,0.005427166000538112,0.0004255642923061797,-0.005001601708231932
TRIM,Agilent Technologies Inc - US,00846U101,PUT,2300.0,-83.33333333333334,305509.0,0.0029196261266794385,0.00042483423860802615,-0.002494791888071412
TRIM,Acm Research Inc - US,00108J109,PUT,2400.0,-93.20113314447592,304536.0,0.0025783326272564395,0.0004234812057541148,-0.0021548514215023245
ADD,Summit Therapeutics Inc - US,86627T108,CALL,20900.0,106.93069306930694,304513.0,0.00035545056516055816,0.0004234492224492432,6.799865728868506e-05
TRIM,Li Auto Inc - US ADR,50202M102,PUT,25900.0,-41.66666666666667,304066.0,0.0014694466245273332,0.0004228276338719582,-0.001046618990655375
TRIM,Sprott Inc - US,852066208,CALL,2700.0,-25.0,303345.0,0.0009548919493942303,0.0004218250267931605,-0.0005330669226010698
ADD,Fox Corp - Class A,35137L105,PUT,5800.0,9.433962264150944,302528.0,0.000574524057570372,0.00042068892418098625,-0.0001538351333893857
TRIM,Alcon Inc - US,H01301128,PUT,4500.0,-2.1739130434782608,301950.0,0.0006433696807781941,0.0004198851698237809,-0.0002234845109544132
NEW,ARK Autonomous Technology & Robotics ETF - US ETP,00214Q203,,2283.0,,301858.0,0.0,0.000419757236604295,0.000419757236604295
ADD,Equifax Inc - US,294429105,CALL,1900.0,46.15384615384615,301568.0,0.000434514445466225,0.0004193539688472196,-1.5160476619005396e-05
ADD,Macy's Inc - US,55616P104,CALL,12800.0,17.431192660550458,301440.0,0.00036600293420710624,0.0004191759748027174,5.317304059561118e-05
NEW,Brink's Co/The - US,109696104,,3187.0,,301140.0,0.0,0.00041875880126091534,0.00041875880126091534
NEW,Boston Beer Co Inc/The - US,100557107,CALL,1700.0,,300951.0,0.0,0.0004184959819295801,0.0004184959819295801
NEW,Carrier Global Corp - US,14448C104,CALL,4100.0,,300735.0,0.0,0.0004181956169794826,0.0004181956169794826
ADD,Terrestrial Energy Inc - US,881454102,,42225.0,275.1999289141639,298953.0,0.00012544047496318732,0.0004157176061411783,0.00029027713117799097
NEW,Hinge Health Inc - US,433313103,CALL,3600.0,,298800.0,0.0,0.00041550484763485925,0.00041550484763485925
NEW,International Seaways Inc - US,Y41053102,CALL,3900.0,,298701.0,0.0,0.0004153671803660645,0.0004153671803660645
NEW,Invesco Wilderhill Clean Energy Etf - US ETP,46137V134,,7651.0,,298466.0,0.0,0.0004150403944249863,0.0004150403944249863
TRIM,Advanced Energy Industries Inc - US,007973100,PUT,800.0,-65.21739130434783,298296.0,0.001377716189010823,0.0004148039960846317,-0.0009629121929261913
NEW,HMH Holding Inc - US,40445M100,,15902.0,,298003.0,0.0,0.00041439655659213835,0.00041439655659213835
ADD,Gds Holdings Ltd - US ADR,36165L108,PUT,9900.0,30.263157894736842,297297.0,0.0005683689730042588,0.0004134148081904309,-0.00015495416481382796
NEW,Lumen Technologies Inc - US,550241103,CALL,38700.0,,297216.0,0.0,0.0004133021713341443,0.0004133021713341443
TRIM,Baxter International Inc - US,071813109,PUT,13900.0,-55.87301587301587,296348.0,0.0009822891291879068,0.00041209514921986364,-0.0005701939799680432
NEW,Lifevantage Corp - US,53222K205,,47423.0,,295920.0,0.0,0.00041149998163355934,0.00041149998163355934
TRIM,Knight-Swift Transportation Holdings Inc - US,499049104,CALL,3800.0,-92.32323232323232,295906.0,0.0052904956517435065,0.00041148051353494193,-0.004879015138208565
TRIM,Howmet Aerospace Inc - US,443201108,PUT,1100.0,-91.33858267716536,295746.0,0.005432738245371487,0.0004112580209793142,-0.005021480224392173
NEW,Lithium Americas Corp - US,53681J103,,76705.0,,295314.0,0.0,0.00041065729107911923,0.00041065729107911923
TRIM,Vulcan Materials Co - US,929160109,PUT,1000.0,-64.28571428571429,295010.0,0.0014152239676077617,0.00041023455522342647,-0.0010049894123843352
NEW,Tencent Music Entertainment Group - US ADR,88034P109,CALL,35300.0,,294755.0,0.0,0.00040987995771289465,0.00040987995771289465
TRIM,GE HealthCare Technologies Inc - US,36266G107,PUT,4600.0,-74.44444444444444,294446.0,0.0023782088508705846,0.0004094502689648385,-0.001968758581905746
TRIM,Gen Digital Inc - CVR,668771116,,231144.0,-16.390311658998176,292397.0,0.00024169472751452476,0.0004066009736743304,0.00016490624615980566
TRIM,Mastec Inc - US,576323109,PUT,700.0,-65.0,291242.0,0.0011944130930646904,0.00040499485553839246,-0.000789418237526298
TRIM,Scorpio Tankers Inc - US,Y7542C130,CALL,4200.0,-60.747663551401864,290892.0,0.0014828296642503958,0.00040450815307295675,-0.001078321511177439
ADD,Tractor Supply Co - US,892356106,PUT,9200.0,4.545454545454546,290812.0,0.0007399465957283959,0.00040439690679514284,-0.00033554968893325304
KEEP,Compass Diversified Holdings - US,20451Q104,PUT,27200.0,0.0,289952.0,0.00039683589853994883,0.0004032010093086436,6.365110768694765e-06
TRIM,Iqvia Holdings Inc - US,46266C105,PUT,1500.0,-83.69565217391305,289830.0,0.0029122830885179355,0.0004030313587349774,-0.002509251729782958
TRIM,H&R Block Inc - US,093671105,CALL,7600.0,-1.2987012987012987,289408.0,0.00045364606688447847,0.0004024445346195092,-5.1201532264969255e-05
TRIM,Cintas Corp - US,172908105,PUT,1700.0,-85.83333333333333,289136.0,0.0037674463335791953,0.00040206629727494194,-0.0033653800363042533
TRIM,Ast Spacemobile Inc - US,00217D100,,3251.0,-98.02572448806083,288884.0,0.02532946674526824,0.00040171587149982817,-0.024927750873768414
TRIM,A O Smith Corp - US,831865209,PUT,4600.0,-48.888888888888886,288512.0,0.0011015670948750097,0.00040119857630799364,-0.000700368518567016
NEW,Valens Semiconductor Ltd - US,M9607U115,CALL,127600.0,,288376.0,0.0,0.00040100945763571006,0.00040100945763571006
NEW,Cosan Sa - US ADR,22113B103,,100000.0,,288000.0,0.0,0.0004004866001299848,0.0004004866001299848
TRIM,Ishares Russell 3000 Etf - US ETP,464287689,,673.0,-51.3728323699422,286967.0,0.0009522580335319522,0.00039905013256771296,-0.0005532079009642392
TRIM,Harley-Davidson Inc - US,412822108,CALL,11700.0,-3.3057851239669422,286182.0,0.00045413609774257673,0.0003979585284666642,-5.6177569275912516e-05
NEW,Wp Carey Inc - US REIT,92936U109,CALL,4000.0,,286000.0,0.0,0.00039770544318463763,0.00039770544318463763
ADD,Viatris Inc - US,92556V106,CALL,18000.0,65.13761467889908,285840.0,0.00027333884141171946,0.0003974829506290099,0.00012414410921729045
TRIM,Regenxbio Inc - US,75901B107,,23854.0,-1.8757712875359933,285771.0,0.0003781367664775169,0.00039738700071439547,1.9250234236878544e-05
NEW,Borgwarner Inc - US,099724106,CALL,4300.0,,285520.0,0.0,0.0003970379655177544,0.0003970379655177544
TRIM,Amkor Technology Inc - US,031652100,CALL,3300.0,-83.90243902439025,284559.0,0.0017134652862628391,0.00039570161960551505,-0.001317763666657324
TRIM,Walmart Inc - US,931142103,,2500.0,-98.92921237145195,283150.0,0.05385889067924301,0.000393742294537518,-0.053465148384705494
TRIM,Avalonbay Communities Inc - US REIT,053484101,PUT,1500.0,-60.526315789473685,283035.0,0.00115218505510357,0.0003935823780131606,-0.0007586026770904093
NEW,Piper Sandler Cos - US,724078209,,3895.0,,281764.0,0.0,0.00039181495277439246,0.00039181495277439246
NEW,Maxlinear Inc - US,57776J100,PUT,2200.0,,281666.0,0.0,0.00039167867608407047,0.00039167867608407047
NEW,Ralph Lauren Corp - US,751212101,CALL,700.0,,280987.0,0.0,0.00039073447330112513,0.00039073447330112513
ADD,Biogen Inc - US,09062X103,PUT,1300.0,18.181818181818183,280878.0,0.0003743223217298201,0.00039058290024760367,1.6260578517783575e-05
NEW,Hasbro Inc - US,418056107,CALL,3400.0,,280806.0,0.0,0.00039048277859757123,0.00039048277859757123
NEW,Performance Food Group Co - US,71377A103,CALL,2500.0,,279475.0,0.0,0.00038863191865044273,0.00038863191865044273
TRIM,Ppg Industries Inc - US,693506107,PUT,2300.0,-68.4931506849315,278967.0,0.0014482342281396548,0.00038792550478632457,-0.0010603087233533302
NEW,Lionsgate Studios Corp - US,53626N102,CALL,18200.0,,278642.0,0.0,0.0003874735667827056,0.0003874735667827056
TRIM,Equity Residential - US REIT,29476L107,PUT,4100.0,-54.44444444444444,278513.0,0.0009881360882902156,0.0003872941821597307,-0.0006008419061304848
TRIM,Sanmina Corp - US,801056102,PUT,1100.0,-94.02173913043478,278388.0,0.0044276812430569384,0.00038712035985064653,-0.004040560883206292
TRIM,BellRing Brands Inc - US,07831C103,PUT,21500.0,-44.871794871794876,278210.0,0.0011647699385047303,0.00038687283688251063,-0.0007778971016222196
NEW,Kodiak Gas Services Inc - US,50012A108,CALL,3700.0,,277981.0,0.0,0.0003865543944122684,0.0003865543944122684
TRIM,Bunge Global SA - US,H11356104,PUT,2600.0,-87.3170731707317,277498.0,0.004840168430216148,0.00038588274500996706,-0.0044542856852061805
NEW,Niagen Bioscience Inc - US,171077407,,86059.0,,274528.0,0.0,0.0003817527269461266,0.0003817527269461266
NEW,Banco Santander Sa - US ADR,05964H105,CALL,19800.0,,273240.0,0.0,0.0003799616618733231,0.0003799616618733231
TRIM,Gartner Inc - US,366651107,PUT,2100.0,-46.15384615384615,272202.0,0.00114623786241665,0.0003785182414186879,-0.0007677196209979622
NEW,Ishares Msci World Etf - US ETP,464286392,,1342.0,,271943.0,0.0,0.00037815808159426544,0.00037815808159426544
ADD,Celanese Corp - US,150870103,CALL,5900.0,90.32258064516128,271400.0,0.0003784504604737995,0.00037740299748360373,-1.047462990195775e-06
ADD,Aersale Corp - US,00810F106,,42876.0,6.938694068937997,270976.0,0.0004629028240410546,0.0003768133922111901,-8.608943182986448e-05
TRIM,Prologis Inc - US REIT,74340W103,PUT,2000.0,-93.33333333333333,270940.0,0.007360486229935232,0.0003767633313861739,-0.006983722898549058
NEW,Voyager Technologies Inc - US,92892B103,CALL,8400.0,,270900.0,0.0,0.00037670770824726693,0.00037670770824726693
NEW,Blacksky Technology Inc - US,09263B207,PUT,9700.0,,270824.0,0.0,0.00037660202428334375,0.00037660202428334375
TRIM,Copart Inc - US,217204106,PUT,9600.0,-83.72881355932203,270624.0,0.0036358804728897796,0.00037632390858880903,-0.003259556564300971
TRIM,Pennymac Financial Services Inc - US,70932M107,PUT,3100.0,-49.18032786885246,270010.0,0.0009896024685095248,0.00037547009340658746,-0.0006141323751029373
NEW,Ionis Pharmaceuticals Inc - US,462222100,PUT,3400.0,,269586.0,0.0,0.0003748804881341739,0.0003748804881341739
TRIM,Samsara Inc - US,79589L106,PUT,8300.0,-78.3289817232376,269169.0,0.0022528927397994147,0.000374300616911069,-0.0018785921228883457
TRIM,Hormel Foods Corp - US,440452100,PUT,10800.0,-55.55555555555556,268056.0,0.0010216308111477283,0.00037275290307098335,-0.000648877908076745
TRIM,Crh Plc - US,G25508105,CALL,2500.0,-43.18181818181818,267500.0,0.0008585340633881785,0.00037197974144017687,-0.0004865543219480016
NEW,MKS Inc - US,55306N104,CALL,600.0,,266880.0,0.0,0.0003711175827871192,0.0003711175827871192
TRIM,Archer Aviation Inc - US,03945R102,PUT,56400.0,-62.32464929859719,266772.0,0.0014365867143723567,0.0003709674003120705,-0.0010656193140602863
TRIM,GRAIL Inc - US,384747101,PUT,3900.0,-58.06451612903226,266253.0,0.000892123451297824,0.0003702456900847529,-0.0005218777612130711
ADD,Hudbay Minerals Inc - US,443628102,,11233.0,12.543833283238154,265211.0,0.00038720419352982784,0.0003687967073162271,-1.8407486213600755e-05
TRIM,Nlight Inc - US,65487K100,PUT,3800.0,-58.24175824175825,264556.0,0.0009631370898172324,0.0003678858784166259,-0.0005952512114006065
TRIM,Aerovironment Inc - US,008073108,CALL,1600.0,-20.0,264112.0,0.0006795465801127978,0.0003672684615747588,-0.000312278118538039
NEW,M&T Bank Corp - US,55261F104,CALL,1100.0,,261811.0,0.0,0.00036406874050913697,0.00036406874050913697
NEW,Ollie's Bargain Outlet Holdings Inc - US,681116109,PUT,3400.0,,261392.0,0.0,0.0003634860881290867,0.0003634860881290867
TRIM,Advanced Energy Industries Inc - US,007973100,CALL,700.0,-80.0,261009.0,0.0020965246354512526,0.00036295349657405277,-0.0017335711388771998
NEW,V2X Inc - US,92242T101,,3489.0,,260140.0,0.0,0.00036174508388129944,0.00036174508388129944
NEW,Navitas Semiconductor Corp - US,63942X106,PUT,14500.0,,259840.0,0.0,0.0003613279103394974,0.0003613279103394974
TRIM,Tc Energy Corp - US,87807B107,PUT,3900.0,-48.68421052631579,258531.0,0.0008830950039728617,0.00035950764311876767,-0.0005235873608540941
TRIM,Best Buy Co Inc - US,086516101,PUT,3400.0,-26.08695652173913,257992.0,0.0005481663371726617,0.00035875812132199665,-0.0001894082158506651
TRIM,Protagonist Therapeutics Inc - US,74366E102,PUT,2100.0,-44.73684210526316,257418.0,0.0007434362094148533,0.00035795992927868203,-0.00038547628013617125
NEW,Brown & Brown Inc - US,115236101,CALL,4000.0,,256600.0,0.0,0.00035682243608803506,0.00035682243608803506
TRIM,Myriad Genetics Inc - US,62855J104,,44680.0,-1.845342706502636,255123.0,0.0003802193976244346,0.0003547685516838962,-2.5450845940538426e-05
NEW,Commvault Systems Inc - US,204166102,CALL,1800.0,,255114.0,0.0,0.00035475603647764216,0.00035475603647764216
NEW,Pursuit Attractions and Hospitality Inc - US,92552R406,,4558.0,,255111.0,0.0,0.0003547518647422241,0.0003547518647422241
TRIM,Equinor Asa - US ADR,29446M102,PUT,8100.0,-67.20647773279353,254340.0,0.0019347680478415017,0.0003536797287397928,-0.0015810883191017088
TRIM,Angiodynamics Inc - US,03475V101,,19453.0,-57.99758172474846,253084.0,0.0009774445059317078,0.0003519331621781148,-0.000625511343753593
TRIM,Bj's Wholesale Club Holdings Inc - US,05550J101,CALL,2900.0,-9.375,252938.0,0.0005845919642913002,0.0003517301377211045,-0.0002328618265701957
TRIM,Pennymac Financial Services Inc - US,70932M107,CALL,2900.0,-6.451612903225806,252590.0,0.0005029127298982831,0.00035124621641261406,-0.00015166651348566903
TRIM,Flowserve Corp - US,34354P105,CALL,3400.0,-29.166666666666668,252144.0,0.0006549485159782586,0.00035062601841380167,-0.00030432249756445697
NEW,Exelixis Inc - US,30161Q104,,4632.0,,252027.0,0.0,0.0003504633207324989,0.0003504633207324989
NEW,Viant Technology Inc - US,92557A101,CALL,19900.0,,251934.0,0.0,0.0003503339969345402,0.0003503339969345402
NEW,Sterling Infrastructure Inc - US,859241101,CALL,300.0,,251808.0,0.0,0.00035015878404698336,0.00035015878404698336
NEW,Ing Groep Nv - US ADR,456837103,CALL,8000.0,,251040.0,0.0,0.00034909081977997007,0.00034909081977997007
NEW,Sirius Xm Holdings Inc - US,829933100,,8498.0,,251031.0,0.0,0.000349078304573716,0.000349078304573716
NEW,Somnigroup International Inc - US,88023U101,CALL,3200.0,,250880.0,0.0,0.0003488683272243423,0.0003488683272243423
NEW,Aehr Test Systems - US,00760J108,PUT,2600.0,,249756.0,0.0,0.00034730531702105726,0.00034730531702105726
NEW,Heico Corp.-NEW,422806109,CALL,700.0,,249333.0,0.0,0.0003467171023271163,0.0003467171023271163
NEW,Ambarella Inc - US,G037AX101,CALL,2900.0,,248820.0,0.0,0.00034600373557063473,0.00034600373557063473
ADD,Vista Energy SAB de CV - US ADR Series A,92837L109,CALL,3900.0,8.333333333333332,248820.0,0.0005043085753728661,0.00034600373557063473,-0.00015830483980223134
TRIM,Nrg Energy Inc - US,629377508,CALL,1700.0,-64.58333333333334,248302.0,0.0013020565382269448,0.00034528341592178984,-0.0009567731223051549
TRIM,Oddity Tech Ltd - US,M7518J104,PUT,16400.0,-76.36887608069163,248132.0,0.0017235944468410296,0.00034504701758143535,-0.0013785474292595944
TRIM,Firstenergy Corp - US,337932107,PUT,5200.0,-47.474747474747474,247208.0,0.0009309361226721988,0.000343762123072685,-0.0005871739995995138
NEW,Summit Therapeutics Inc - US,86627T108,PUT,16900.0,,246233.0,0.0,0.0003424063090618283,0.0003424063090618283
TRIM,Purecycle Technologies Inc - US,74623V103,,30270.0,-71.8964988998134,245490.0,0.0010376217802481702,0.00034137310925663186,-0.0006962486709915384
NEW,Lattice Semiconductor Corp - US,518415104,PUT,1600.0,,244736.0,0.0,0.0003403246130882359,0.0003403246130882359
TRIM,Bj's Wholesale Club Holdings Inc - US,05550J101,PUT,2800.0,-55.55555555555556,244216.0,0.0011509154296984972,0.0003396015122824457,-0.0008113139174160515
TRIM,Baker Hughes Co - US,05722G100,CALL,4400.0,-35.294117647058826,244200.0,0.0007705735243595382,0.00033957926302688294,-0.00043099426133265525
NEW,Proshares Ultrapro Short S&P 500 - US ETP,74350P659,,6582.0,,243995.0,0.0,0.00033929419443998486,0.00033929419443998486
TRIM,Peabody Energy Corp - US,704551100,,10523.0,-95.91360436172155,243292.0,0.0157497644037854,0.00033831661777369534,-0.015411447786011705
NEW,Ttm Technologies Inc - US,87305R109,CALL,1300.0,,243126.0,0.0,0.0003380857817472315,0.0003380857817472315
NEW,Brown-Forman Corp - US Class B,115637209,CALL,9100.0,,242515.0,0.0,0.000337236138300428,0.000337236138300428
TRIM,Siteone Landscape Supply Inc - US,82982L103,PUT,2100.0,-48.78048780487805,240261.0,0.0010130107228711815,0.0003341017744230218,-0.0006789089484481596
NEW,Manulife Financial Corp - US,56501R106,,5920.0,,239819.0,0.0,0.00033348713873810004,0.00033348713873810004
NEW,EyePoint Inc - US,30233G209,,16749.0,,239511.0,0.0,0.00033305884056851666,0.00033305884056851666
KEEP,Prothena Corp Plc - US,G72800108,,24445.0,-0.10624821216950676,239317.0,0.00044150666608158934,0.000332789068344818,-0.00010871759773677136
ADD,Sable Offshore Corp - US,78574H104,PUT,77600.0,343.42857142857144,239008.0,0.0005366209131674676,0.0003323593795967618,-0.00020426153357070575
TRIM,Gxo Logistics Inc - US,36262G101,CALL,4700.0,-63.565891472868216,238290.0,0.0012415321587193296,0.0003313609442533822,-0.0009101712144659474
NEW,Latam Airlines Group Sa - US ADR,51817R205,,4088.0,,238208.0,0.0,0.00033124691681862297,0.00033124691681862297
NEW,Corteva Inc - US,22052L104,CALL,2800.0,,237132.0,0.0,0.00032975065438202623,0.00032975065438202623
NEW,Roper Technologies Inc - US,776696106,CALL,700.0,,236873.0,0.0,0.0003293904945576038,0.0003293904945576038
ADD,Xylem Inc/Ny - US,98419M100,CALL,2000.0,17.647058823529413,236420.0,0.0003770824576616085,0.00032876056250948267,-4.832189515212586e-05
TRIM,Sprott Inc - US,852066208,PUT,2100.0,-87.5,235935.0,0.004456162430506408,0.00032808613195023595,-0.004128076298556172
NEW,Albertsons Cos Inc - US,013091103,CALL,17400.0,,235422.0,0.0,0.0003273727651937544,0.0003273727651937544
TRIM,Ares Capital Corp - US,04010L103,PUT,12700.0,-60.18808777429467,235331.0,0.0010670013576041533,0.00032724622255274116,-0.000739755135051412
TRIM,Spyre Therapeutics Inc - US,00773J202,,2645.0,-68.37637494021999,234823.0,0.0007830841606609865,0.00032653980868862294,-0.0004565443519723636
TRIM,Republic Services Inc - US,760759100,PUT,1100.0,-15.384615384615385,234388.0,0.0005285019928139757,0.00032593490705300996,-0.00020256708576096573
ADD,Photronics Inc - US,719405102,PUT,7200.0,38.46153846153847,234216.0,0.00039004228891631373,0.0003256957275557101,-6.434656136060363e-05
TRIM,Universal Display Corp - US,91347P105,PUT,2700.0,-34.146341463414636,233793.0,0.0006975626388578806,0.0003251075128617692,-0.00037245512599611144
TRIM,Churchill Downs Inc - US,171484108,PUT,2600.0,-95.0,233064.0,0.008670502057251289,0.0003240937811551902,-0.008346408276096099
TRIM,Ishares Msci Acwi Etf - US ETP,464288257,,1484.0,-86.21586475942783,232943.0,0.002765130905421508,0.0003239255211599967,-0.002441205384261511
NEW,Globe Life Inc - US,37959E102,CALL,1300.0,,232284.0,0.0,0.0003230091299465048,0.0003230091299465048
TRIM,Opendoor Technologies Inc - US,683712103,CALL,50000.0,-1.574803149606299,231000.0,0.00044129506184741057,0.00032122362718759194,-0.00012007143465981863
NEW,Maxlinear Inc - US,57776J100,CALL,1800.0,,230454.0,0.0,0.0003204643713415122,0.0003204643713415122
TRIM,Viking Holdings Ltd - US,G93A5A101,PUT,2200.0,-60.71428571428571,230274.0,0.0007637947641558453,0.00032021406721643097,-0.00044358069693941433
TRIM,Par Pacific Holdings Inc - US,69888T207,PUT,4100.0,-22.641509433962266,229928.0,0.0006162360781884949,0.0003197329270648859,-0.000296503151123609
NEW,TORM PLC - US,G89479102,CALL,8800.0,,229328.0,0.0,0.0003188985799812818,0.0003188985799812818
NEW,Tyson Foods Inc - US,902494103,CALL,4000.0,,229000.0,0.0,0.0003184424702422448,0.0003184424702422448
NEW,Alignment Healthcare Inc - US,01625V104,CALL,9600.0,,228576.0,0.0,0.00031785286496983125,0.00031785286496983125
TRIM,Moody's Corp - US,615369105,PUT,500.0,-66.66666666666666,226460.0,0.0012146361468487082,0.000314910400921654,-0.0008997257459270542
TRIM,Knight-Swift Transportation Holdings Inc - US,499049104,PUT,2900.0,-94.11764705882352,225823.0,0.0052691199117364616,0.00031402460243456094,-0.004955095309301901
NEW,Digi Power X Inc - US,25380B102,CALL,41400.0,,225630.0,0.0,0.00031375622078933494,0.00031375622078933494
NEW,Millrose Properties Inc - US,601137102,CALL,7500.0,,225375.0,0.0,0.0003134016232788032,0.0003134016232788032
TRIM,Solaris Energy Infrastructure Inc - US,83418M103,PUT,2800.0,-68.88888888888889,225288.0,0.0009440333110613707,0.0003132806429516806,-0.0006307526681096901
KEEP,Fabrinet - US,G3323L100,CALL,400.0,0.0,224832.0,0.00038721347441729177,0.0003126465391681415,-7.456693524915029e-05
TRIM,Invesco Solar Etf - US ETP,46138G706,,3797.0,-34.273844555997925,224593.0,0.0005973865957491464,0.0003123141909131725,-0.0002850724048359739
NEW,Birkenstock Holding Ltd - US,M2029K104,CALL,5200.0,,223756.0,0.0,0.0003111502767315447,0.0003111502767315447
NEW,Solventum Corp - US,83444M101,CALL,2900.0,,223735.0,0.0,0.00031112107458361856,0.00031112107458361856
NEW,Sitime Corp - US,82982T106,PUT,300.0,,223668.0,0.0,0.0003110279058259494,0.0003110279058259494
TRIM,Revolve Group Inc - US,76156B107,,9763.0,-94.59095593205315,223475.0,0.007575002806600231,0.00031075952418072343,-0.007264243282419508
TRIM,Nextdecade Corp - US,65342K105,CALL,29600.0,-79.51557093425605,223184.0,0.0020545471814516596,0.0003103548658451754,-0.0017441923156064842
TRIM,NU Holdings Ltd/Cayman Islands - US,G6683N103,CALL,16700.0,-72.44224422442245,223112.0,0.0016164001966320319,0.00031025474419514294,-0.001306145452436889
TRIM,Owens Corning - US,690742101,PUT,1400.0,-68.88888888888889,222544.0,0.0009039398772169665,0.0003094648956226644,-0.0005944749815943022
TRIM,Ventas Inc - US REIT,92276F100,CALL,2500.0,-26.47058823529412,222000.0,0.0005161138642270518,0.00030870842093352993,-0.00020740544329352187
NEW,Te Connectivity Ltd - US,G87052109,CALL,1100.0,,221771.0,0.0,0.0003083899784632877,0.0003083899784632877
NEW,Century Aluminum Co - US,156431108,CALL,4800.0,,220848.0,0.0,0.00030710647453300997,0.00030710647453300997
TRIM,Covenant Logistics Group Inc - US,22284P105,,4986.0,-93.21706480927247,220281.0,0.0037044513818286677,0.0003063180165390041,-0.0033981333652896638
NEW,SharonAI Holdings Inc - US,778920306,PUT,2600.0,,220116.0,0.0,0.00030608857109101295,0.00030608857109101295
TRIM,Perpetua Resources Corp - US,714266103,PUT,10600.0,-60.74074074074074,220056.0,0.001409284199630813,0.00030600513638265255,-0.0011032790632481604
TRIM,Keurig Dr Pepper Inc - US,49271V100,CALL,6700.0,-67.78846153846155,219291.0,0.0010165615904149012,0.00030494134385105725,-0.000711620246563844
TRIM,Replimune Group Inc - US,76029N106,PUT,19800.0,-60.4,219186.0,0.0007099878909946605,0.00030479533311142653,-0.00040519255788323393
NEW,Evolus Inc - US,30052C107,,31547.0,,218936.0,0.0,0.0003044476884932581,0.0003044476884932581
TRIM,Tc Energy Corp - US,87807B107,CALL,3300.0,-15.384615384615385,218757.0,0.000453167173091337,0.0003041987749466496,-0.00014896839814468739
TRIM,Ametek Inc - US,031100100,PUT,900.0,-62.5,217746.0,0.0009549364976540575,0.00030279290011077663,-0.0006521435975432809
TRIM,Corp America Airports Sa - US,L1995B107,,8606.0,-55.25864309851832,216699.0,0.0009029431099033347,0.00030133696444988744,-0.0006016061454534472
NEW,Intellia Therapeutics Inc - US,45826J105,PUT,12800.0,,216576.0,0.0,0.0003011659232977486,0.0003011659232977486
TRIM,Nektar Therapeutics - US,640268306,PUT,3100.0,-45.614035087719294,216411.0,0.0007612462324582356,0.0003009364778497574,-0.00046030975460847824
NEW,Invesco Ltd - US,G491BT108,CALL,8200.0,,216398.0,0.0,0.0003009184003296127,0.0003009184003296127
TRIM,Noble Corp Plc - US,G65431127,PUT,5800.0,-18.30985915492958,216340.0,0.0006466866699578215,0.00030083774677819764,-0.00034584892317962384
NEW,Structure Therapeutics Inc - US ADR,86366E106,CALL,4000.0,,214680.0,0.0,0.0002985293865135595,0.0002985293865135595
TRIM,Omega Healthcare Investors Inc - US REIT,681936100,CALL,4500.0,-89.41176470588236,214560.0,0.003456852153709558,0.00029836251709683864,-0.003158489636612719
TRIM,Matador Resources Co - US,576485205,PUT,4300.0,-74.25149700598801,214054.0,0.0019584640097145417,0.00029765888438966585,-0.001660805125324876
TRIM,Third Coast Bancshares Inc - US,88422P109,,5285.0,-88.10461635418308,213514.0,0.0031197684648402208,0.0002969079720144221,-0.002822860492825799
TRIM,Ascendis Pharma A/S - US,K08588103,CALL,800.0,-97.65395894428153,213376.0,0.014477614597322393,0.0002967160721851932,-0.0141808985251372
TRIM,Darling Ingredients Inc - US,237266101,CALL,3900.0,-56.666666666666664,213018.0,0.0010332412013651705,0.000296218245091976,-0.0007370229562731945
NEW,Root Inc/Oh - US,77664L207,CALL,3800.0,,212496.0,0.0,0.00029549236312924045,0.00029549236312924045
NEW,Vornado Realty Trust - US REIT,929042109,PUT,5400.0,,212220.0,0.0,0.00029510856347078255,0.00029510856347078255
TRIM,Ke Holdings Inc - US ADR,482497104,CALL,14600.0,-93.57677078750551,212138.0,0.0063159798873662805,0.0002949945360360233,-0.006020985351330257
NEW,Definium Therapeutics Inc - US,24477V105,PUT,4500.0,,211680.0,0.0,0.00029435765109553884,0.00029435765109553884
ADD,SharpLink Inc - US,820014405,PUT,44000.0,90.47619047619048,211200.0,0.00027656116553921416,0.0002936901734286555,1.712900788944133e-05
NEW,PROSHARES TR,74347B201,,6036.0,,210898.0,0.0,0.0002932702187299081,0.0002932702187299081
TRIM,Embraer Sa - US ADR,29082A107,CALL,3300.0,-89.10891089108911,210540.0,0.0033374108444030885,0.00029277239163669097,-0.0030446384527663974
TRIM,Consolidated Edison Inc - US,209115104,PUT,1900.0,-67.79661016949152,210197.0,0.0012394847949447748,0.00029229542322056393,-0.0009471893717242108
NEW,American Eagle Outfitters Inc - US,02553E106,CALL,12200.0,,209840.0,0.0,0.00029179898670581944,0.00029179898670581944
TRIM,GSK PLC - US ADR,37733W204,CALL,4000.0,-65.21739130434783,209680.0,0.0011780880120155451,0.0002915764941501917,-0.0008865115178653534
NEW,Voyager Technologies Inc - US,92892B103,PUT,6500.0,,209625.0,0.0,0.00029150001233419463,0.00029150001233419463
NEW,Envela Corp - US,29402E102,,7254.0,,209496.0,0.0,0.0002913206277112198,0.0002913206277112198
KEEP,SkinHealth Systems Inc - US,88331L108,,301277.0,0.0,208634.0,0.0004977098643859745,0.00029012194906777517,-0.00020758791531819934
TRIM,Globant Sa - US,L44385109,PUT,7200.0,-54.71698113207547,208368.0,0.0013608546726662596,0.000289752055194044,-0.0010711026174722157
TRIM,Cdw Corp/De - US,12514G108,,1480.0,-88.23716420282945,208147.0,0.0028263532076664146,0.00028944473735158314,-0.0025369084703148314
NEW,Iovance Biotherapeutics Inc - US,462260100,CALL,50000.0,,208000.0,0.0,0.0002892403223161001,0.0002892403223161001
NEW,Blackstone Mortgage Trust Inc - US REIT,09257W100,CALL,12200.0,,206790.0,0.0,0.00028755772236416515,0.00028755772236416515
NEW,Hyperliquid Strategies Inc - US,44916Y106,,26251.0,,206595.0,0.0,0.0002872865595619938,0.0002872865595619938
TRIM,BellRing Brands Inc - US,07831C103,CALL,15900.0,-35.10204081632653,205746.0,0.0007317144485478434,0.00028610595843869396,-0.0004456084901091494
TRIM,Mimedx Group Inc - US,602496101,,53414.0,-16.845956254378454,205644.0,0.00047096420289226976,0.00028596411943448123,-0.00018500008345778853
KEEP,Hain Celestial Group Inc/The - US,405217100,,366948.0,0.0,205564.0,0.0004752853840955,0.00028585287315666737,-0.00018943251093883265
NEW,Dlocal Ltd/Uruguay - US,G29018101,CALL,15800.0,,205324.0,0.0,0.0002855191343232257,0.0002855191343232257
TRIM,Ambev Sa - US ADR,02319V103,,65374.0,-34.8682899613438,205274.0,0.0005440196366537544,0.000285449605399592,-0.0002585700312541624
TRIM,Brown-Forman Corp - US Class B,115637209,PUT,7700.0,-69.32270916334662,205205.0,0.001231841056029439,0.0002853536554849775,-0.0009464874005444614
TRIM,Velocity Financial Inc - US,92262D101,PUT,11100.0,-82.94930875576037,204906.0,0.0021859441299892307,0.0002849378725216481,-0.0019010062574675826
NEW,Donaldson Co Inc - US,257651109,,2279.0,,204586.0,0.0,0.0002844928874103926,0.0002844928874103926
NEW,Miami International Holdings Inc - US,59356Q108,PUT,5500.0,,204380.0,0.0,0.00028420642824502186,0.00028420642824502186
TRIM,Huntington Bancshares Inc/Oh - US,446150104,CALL,11500.0,-95.06225848003434,203895.0,0.006765553500831563,0.00028353199768577515,-0.006482021503145788
TRIM,British American Tobacco Plc - US ADR,110448107,CALL,3300.0,-51.470588235294116,203808.0,0.0007380087464259164,0.00028341101735865256,-0.0004545977290672638
TRIM,Solstice Advanced Materials Inc - US,83443Q103,PUT,2300.0,-77.0,203780.0,0.0014136647785138127,0.0002833720811614177,-0.001130292697352395
NEW,Cincinnati Financial Corp - US,172062101,CALL,1100.0,,203654.0,0.0,0.00028319686827386084,0.00028319686827386084
NEW,Vanguard Extended Duration Treasury Etf - US ETP,921910709,,3118.0,,202919.0,0.0,0.0002821747930964458,0.0002821747930964458
NEW,Eversource Energy - US,30040W108,CALL,2800.0,,202356.0,0.0,0.00028139189741633057,0.00028139189741633057
TRIM,Mineralys Therapeutics Inc - US,603170101,CALL,7500.0,-98.85600976205004,202350.0,0.03296609093227433,0.0002813835539454945,-0.032684707378328834
NEW,Dover Corp - US,260003108,CALL,900.0,,201852.0,0.0,0.0002806910458661031,0.0002806910458661031
NEW,Redwire Corp - US,75776W103,PUT,16500.0,,201795.0,0.0,0.00028061178289316073,0.00028061178289316073
NEW,Aehr Test Systems - US,00760J108,CALL,2100.0,,201726.0,0.0,0.0002805158329785462,0.0002805158329785462
NEW,NWPX Infrastructure Inc - US,667746101,,1345.0,,201669.0,0.0,0.0002804365700056038,0.0002804365700056038
NEW,Howard Hughes Holdings Inc- US,44267T102,PUT,2800.0,,200172.0,0.0,0.0002783548740320115,0.0002783548740320115
TRIM,Pg&E Corp - US,69331C108,PUT,11800.0,-72.49417249417249,198476.0,0.0013990993537278387,0.00027599645294235716,-0.0011231029007854815
ADD,Compass Therapeutics Inc - US,20454B104,,90044.0,1.2515320866739381,197196.0,0.0008732294205986485,0.000274216512497335,-0.0005990129081013134
ADD,America's Car-Mart Inc/Tx - US,03062T105,,70567.0,13.371569950517321,196882.0,0.0014707719352571897,0.00027377987085691553,-0.0011969920644002742
KEEP,Eikon Therapeutics Inc - US,282564103,,15000.0,0.0,195750.0,0.0002945753681068042,0.000272205736025849,-2.2369632080955178e-05
NEW,Ridgepost Capital Inc - US,69376K106,,24508.0,,192878.0,0.0,0.0002682119946523306,0.0002682119946523306
TRIM,Nextdecade Corp - US,65342K105,,25097.0,-97.72219635562308,189231.0,0.01566584476315858,0.0002631405549624901,-0.01540270420819609
NEW,Cytomx Therapeutics Inc - US,23284F105,CALL,50300.0,,188625.0,0.0,0.0002622978644080499,0.0002622978644080499
TRIM,Coupang Inc - US,22266T109,PUT,10600.0,-94.7808961102905,184122.0,0.00711756456909797,0.0002560360895456009,-0.006861528479552369
ADD,Starwood Property Trust Inc - US REIT,85571B105,PUT,11200.0,0.9009009009009009,183456.0,0.0003547934783281082,0.0002551099642828003,-9.968351404530788e-05
NEW,Telefonaktiebolaget Lm Ericsson - US ADR,294821608,PUT,16300.0,,181745.0,0.0,0.00025273068451605587,0.00025273068451605587
TRIM,Eos Energy Enterprises Inc - US,29415C101,PUT,30900.0,-68.7246963562753,181692.0,0.0009096160679899381,0.00025265698385700414,-0.0006569590841329341
NEW,AmpliTech Group Inc - US,03211Q200,CALL,25800.0,,179568.0,0.0,0.0002497033951810455,0.0002497033951810455
TRIM,Coeur Mining Inc - US,192108504,,10945.0,-6.404994014024286,178622.0,0.00040742353495886005,0.00024838790794589634,-0.0001590356270129637
NEW,Kkr Real Estate Finance Trust Inc - US REIT,48251K100,,26034.0,,178073.0,0.0,0.00024762448036439854,0.00024762448036439854
TRIM,Comstock Resources Inc - US,205768302,PUT,11800.0,-42.99516908212561,176056.0,0.0008099541860467086,0.000244819683585016,-0.0005651345024616926
TRIM,Xeris Biopharma Holdings Inc - US,98422E103,,22186.0,-79.34533673450387,175713.0,0.001156400434189711,0.00024434271516888894,-0.000912057719020822
TRIM,Fmc Corp - US,302491303,PUT,15100.0,-20.526315789473685,173650.0,0.0006073041520931581,0.0002414739517797634,-0.0003658302003133947
KEEP,Rocket Pharmaceuticals Inc - US,77313F106,,50493.0,0.0,172686.0,0.0003355319244853589,0.0002401334341321061,-9.53984903532528e-05
TRIM,Fiverr International Ltd - US,M4R82T106,CALL,16700.0,-55.22788203753352,172344.0,0.0006937389132227198,0.0002396578562944517,-0.00045408105692826815
TRIM,Vale Sa - US ADR,91912E105,CALL,11400.0,-85.15625,171456.0,0.002268041004318127,0.0002384230226107176,-0.0020296179817074094
ADD,Avino Silver & Gold Mines Ltd - US,053906103,,26980.0,50.844235715084416,171053.0,0.00020982230378571612,0.00023786261948623014,2.8040315700514026e-05
TRIM,Super Group Sghc Ltd - US,G8588X103,CALL,12500.0,-43.18181818181818,169375.0,0.0004410277722884479,0.00023552922880908393,-0.00020549854347936397
NEW,Gerdau Sa - US ADR,373737105,,41831.0,,168997.0,0.0,0.00023500359014641336,0.00023500359014641336
ADD,New Fortress Energy Inc - US,644393100,,465226.0,1813.4866121005225,168924.0,2.662686613416576e-05,0.00023490207791790818,0.0002082752117837424
NEW,Grindr Inc - US,39854F101,PUT,11700.0,,168129.0,0.0,0.0002337965680321327,0.0002337965680321327
NEW,Cs Disco Inc - US,126327105,,44477.0,,168123.0,0.0,0.00023378822456129663,0.00023378822456129663
NEW,Neogen Corp - US,640491106,CALL,18700.0,,168113.0,0.0,0.00023377431877656988,0.00023377431877656988
KEEP,Seritage Growth Properties - US REIT,81752R100,,63013.0,0.0,165724.0,0.00032866778011699747,0.0002304522268053528,-9.821555331164468e-05
NEW,Alvotech SA - US,L01800108,,44465.0,,164076.0,0.0,0.00022816055348238672,0.00022816055348238672
NEW,Starwood Property Trust Inc - US REIT,85571B105,CALL,10000.0,,163800.0,0.0,0.00022777675382392882,0.00022777675382392882
NEW,Neuronetics Inc - US,64131A105,,124861.0,,162319.0,0.0,0.00022571730710589929,0.00022571730710589929
NEW,Himax Technologies Inc - US ADR,43289P106,,10494.0,,160978.0,0.0,0.00022385254137404406,0.00022385254137404406
NEW,Americold Realty Trust Inc - US REIT,03064D108,CALL,10200.0,,160344.0,0.0,0.00022297091462236904,0.00022297091462236904
NEW,Concrete Pumping Holdings Inc - US,206704108,,13211.0,,159193.0,0.0,0.00022137035880032173,0.00022137035880032173
NEW,Petmed Express Inc - US,716382106,,81407.0,,156301.0,0.0,0.0002173488058573498,0.0002173488058573498
NEW,Array Technologies Inc - US,04271T100,PUT,21000.0,,155610.0,0.0,0.00021638791613273238,0.00021638791613273238
TRIM,Ivanhoe Electric Inc / US - US,46578C108,PUT,15800.0,-3.067484662576687,151838.0,0.00035762229282713004,0.00021114265413380774,-0.0001464796386933223
TRIM,Delcath Systems Inc - US,24661P807,,12042.0,-45.308384049414116,151609.0,0.00037926717857063,0.0002108242116635655,-0.0001684429669070645
TRIM,Organon & Co - US,68622V106,,11180.0,-70.21049826805222,151377.0,0.0004172779812681167,0.00021050159745790523,-0.00020677638381021146
TRIM,Fiverr International Ltd - US,M4R82T106,PUT,14300.0,-59.943977591036415,147576.0,0.0006639806756582064,0.00020521600868327302,-0.00045876466697493336
TRIM,Aes Corp/The - US,00130H105,CALL,10000.0,-83.87096774193549,146600.0,0.0016215195341571648,0.00020385880409394362,-0.001417660730063221
TRIM,C3.Ai Inc - US,12468P104,CALL,15700.0,-94.92238033635188,142713.0,0.0048324912801059414,0.00019845362557066153,-0.00463403765453528
NEW,Gates Industrial Corp Ltd - US,G39108108,CALL,5100.0,,142647.0,0.0,0.00019836184739146506,0.00019836184739146506
NEW,Ballard Power Systems Inc - US,058586108,,36639.0,,142526.0,0.0,0.00019819358739627156,0.00019819358739627156
NEW,Peace Acquisition Corp - US CVR,G6956D113,,300000.0,,141030.0,0.0,0.00019611328200115193,0.00019611328200115193
KEEP,Uranium Royalty Corp - US,91702V101,PUT,50000.0,0.0,139000.0,0.00033875239243536084,0.00019329040770162462,-0.00014546198473373623
TRIM,Ramaco Resources Inc - US,75134P600,PUT,10500.0,-66.34615384615384,138915.0,0.0008953309260053763,0.00019317220853144732,-0.0007021587174739289
NEW,Lufax Holding Ltd - US ADR,54975P201,,104888.0,,138452.0,0.0,0.0001925283706985995,0.0001925283706985995
TRIM,Sigma Lithium Corp - US,826599102,PUT,10900.0,-7.627118644067797,137885.0,0.0002702817170810836,0.00019173991270459359,-7.854180437649004e-05
NEW,Siga Technologies Inc - US,826917106,,37237.0,,135543.0,0.0,0.00018848317792159212,0.00018848317792159212
ADD,Outdoor Holding Co - US,00175J107,,58605.0,16.517883770403802,133619.0,0.00018765397598924754,0.0001858077049401682,-1.8462710490793491e-06
KEEP,Teladoc Health Inc - US,87918A105,CALL,15700.0,0.0,133136.0,0.00015882382717113234,0.00018513605553786686,2.6312228366734528e-05
TRIM,Sigma Lithium Corp - US,826599102,CALL,10400.0,-79.40594059405942,131560.0,0.0011567141281859936,0.00018294450386493333,-0.0009737696243210603
KEEP,Unifi Inc - US,904677200,,27465.0,0.0,130459.0,0.0001819982031686966,0.00018141347696651973,-5.847262021768771e-07
NEW,Ishares Msci Indonesia Etf - US ETP,46429B309,,11313.0,,127950.0,0.0,0.00017792451557858177,0.00017792451557858177
NEW,SKYX Platforms Corp - US,78471E105,,115585.0,,127721.0,0.0,0.00017760607310833955,0.00017760607310833955
TRIM,Ihs Holding Ltd - US,G4701H109,,15402.0,-94.91793866682505,126912.0,0.004629739156390287,0.00017648109512394662,-0.00445325806126634
NEW,TSS Inc/MD - US,87288V101,PUT,10000.0,,123000.0,0.0,0.00017104115213884767,0.00017104115213884767
NEW,Tetra Technologies Inc - US,88162F105,,10710.0,,121344.0,0.0,0.00016873835418810027,0.00016873835418810027
TRIM,Baytex Energy Corp - US,07317Q105,,30167.0,-57.7019068984857,120668.0,0.0005917493847035235,0.00016779832314057293,-0.0004239510615629506
NEW,Virgin Galactic Holdings Inc - US,92766K403,,41545.0,,120065.0,0.0,0.00016695980432155077,0.00016695980432155077
NEW,Uniti Group Inc - US REIT,912932100,CALL,10400.0,,119288.0,0.0,0.0001658793248482834,0.0001658793248482834
NEW,Lightwave Logic Inc - US,532275104,PUT,12600.0,,119196.0,0.0,0.00016575139162879746,0.00016575139162879746
NEW,Tal Education Group - US ADR,874080104,,12176.0,,116524.0,0.0,0.0001620357659498137,0.0001620357659498137
NEW,Quantum Corp - US,747906600,CALL,10400.0,,114400.0,0.0,0.00015908217727385508,0.00015908217727385508
NEW,Dxc Technology Co - US,23355L106,CALL,12700.0,,112395.0,0.0,0.00015629406743614458,0.00015629406743614458
NEW,Lithium Americas Corp - US,53681J103,CALL,29100.0,,112035.0,0.0,0.0001557934591859821,0.0001557934591859821
NEW,New Found Gold Corp - US,64440N103,,72439.0,,111556.0,0.0,0.00015512737209757147,0.00015512737209757147
NEW,Solidion Technology Inc - US,834212201,,11971.0,,111211.0,0.0,0.0001546476225244991,0.0001546476225244991
NEW,Aegon Ltd - US NY Reg Shrs,0076CA104,,12812.0,,108133.0,0.0,0.00015036742198560989,0.00015036742198560989
KEEP,Navient Corp - US,63938C108,CALL,12500.0,0.0,106375.0,0.00018979414863844188,0.00014792278503064976,-4.1871363607792116e-05
NEW,TuHURA Biosciences Inc - US,898920103,,45115.0,,105569.0,0.0,0.00014680197878167488,0.00014680197878167488
TRIM,NexGen Energy Ltd - US,65340P106,PUT,10800.0,-66.0377358490566,101412.0,0.0006847067535427721,0.0001410213440707709,-0.0005436854094720013
ADD,Accuray Inc - US,004397105,,392236.0,85.36935778862649,101118.0,0.00015243115188594118,0.00014061251399980488,-1.1818637886136301e-05
NEW,Gladstone Land Corp - US REIT,376549101,,11752.0,,100245.0,0.0,0.00013939853899316086,0.00013939853899316086
NEW,Village Farms International Inc - US,92707Y108,CALL,50000.0,,100000.0,0.0,0.00013905784726735582,0.00013905784726735582
TRIM,Sibanye Stillwater Ltd - US ADR,82575P107,,11594.0,-72.72770041400075,98433.0,0.00097216924949718,0.00013687881080067635,-0.0008352904386965036
NEW,Maxcyte Inc - US,57777K106,,78313.0,,96325.0,0.0,0.0001339474713802805,0.0001339474713802805
NEW,TechTarget Inc - US,87874R308,,26217.0,,94381.0,0.0,0.00013124418682940308,0.00013124418682940308
NEW,Quantum Leap Acquisition Corp - US,G73167127,CALL,700000.0,,91000.0,0.0,0.00012654264101329382,0.00012654264101329382
NEW,Rapid7 Inc - US,753422104,CALL,11200.0,,90720.0,0.0,0.00012615327904094519,0.00012615327904094519
TRIM,Lumen Technologies Inc - US,550241103,PUT,11600.0,-84.91547464239272,89088.0,0.0009920433419125523,0.00012388385497354198,-0.0008681594869390102
TRIM,Graftech International Ltd - US,384313607,,14787.0,-45.82921200131882,87391.0,0.00034353019330181904,0.00012152404330541494,-0.0002220061499964041
ADD,Gossamer Bio Inc - US,38341P102,,479581.0,316.1692859064363,78939.0,7.026559898981142e-05,0.00010977087405437802,3.950527506456659e-05
KEEP,Trump Media & Technology Group Corp - US,25400Q105,CALL,10000.0,0.0,77400.0,0.00017225327133151501,0.00010763077378493341,-6.46224975465816e-05
KEEP,Macrogenics Inc - US,556099109,,16349.0,-0.4869438188568994,75532.0,8.813130735797772e-05,0.0001050331731979792,1.6901865840001482e-05
KEEP,Krispy Kreme Inc - US,50101L106,CALL,18100.0,0.0,63893.0,0.00011389319478050031,8.884823035453166e-05,-2.504496442596865e-05
TRIM,Perspective Therapeutics Inc - US,46489V302,,18106.0,-46.66234607906675,61741.0,0.00026275120499280824,8.585570548133815e-05,-0.0001768954995114701
TRIM,Northern Dynasty Minerals Ltd - US,66510M204,,30986.0,-47.392190152801355,59493.0,0.0001530603960559992,8.2729685074768e-05,-7.033071098123119e-05
TRIM,Organogenesis Holdings Inc - US,68621F102,,24237.0,-61.87952186222082,58896.0,0.00027969810550204025,8.189950972658189e-05,-0.00019779859577545838
KEEP,Veritone Inc - US,92347M100,CALL,40000.0,0.0,54800.0,0.00014626678643236404,7.6203700302511e-05,-7.006308612985304e-05
KEEP,Forum Markets Inc - US,68236V401,,10000.0,0.0,54300.0,5.364352954181879e-05,7.55084110661742e-05,2.1864881524355417e-05
KEEP,Purple Innovation Inc - US,74640Y106,,150649.0,0.0,53782.0,0.00018489198387996634,7.47880914173293e-05,-0.00011010389246263704
TRIM,Anavex Life Sciences Corp - US,032797300,,20377.0,-52.28762761075208,52776.0,0.00024337085579052001,7.33891694738197e-05,-0.00016998168631670031
TRIM,Gamestop Corp - US,36467W117,CALL,18499.0,-1.2807513741394951,51612.0,0.00013426474276394186,7.177053613162769e-05,-6.249420663231418e-05
NEW,Xcf Global Inc-A - US,98400U103,,115942.0,,51177.0,0.0,7.116563449601469e-05,7.116563449601469e-05
TRIM,Arbe Robotics Ltd - US,M1R95N100,CALL,58500.0,-85.67931456548348,48555.0,0.00046253158854249536,6.751953774066462e-05,-0.00039501205080183076
NEW,Ehealth Inc - US,28238P109,,32465.0,,48373.0,0.0,6.726645245863804e-05,6.726645245863804e-05
NEW,Gates Industrial Corp Ltd - US,G39108108,PUT,1600.0,,44752.0,0.0,6.223116780908708e-05,6.223116780908708e-05
KEEP,Cronos Group Inc - US,22717L101,,14294.0,0.0,39737.0,6.659593608655275e-05,5.525741676862918e-05,-1.133851931792357e-05
NEW,Vistagen Therapeutics Inc - US,92840H400,CALL,167000.0,,37742.0,0.0,5.248321271564544e-05,5.248321271564544e-05
KEEP,Mercer International Inc - US,588056101,,56485.0,0.0,37280.0,0.0001488821405197143,5.1840765461270254e-05,-9.704137505844404e-05
NEW,West Enclave Merger Corp - US CVR,G9600E115,,200000.0,,36000.0,0.0,5.00608250162481e-05,5.00608250162481e-05
KEEP,Playstudios Inc - US,72815G108,,70871.0,0.0,35365.0,6.172347016796194e-05,4.917780768610039e-05,-1.2545662481861553e-05
KEEP,Pliant Therapeutics Inc - US,729139105,,29729.0,0.0,33891.0,6.953055270266401e-05,4.7128095017379564e-05,-2.2402457685284447e-05
NEW,Defi Technologies Inc - US,244916102,CALL,60000.0,,30852.0,0.0,4.2902127038924624e-05,4.2902127038924624e-05
NEW,Petmed Express Inc - US,716382106,CALL,15400.0,,29568.0,0.0,4.111662428001177e-05,4.111662428001177e-05
NEW,Prairie Operating Co - US,739650109,,40906.0,,29514.0,0.0,4.1041533042487397e-05,4.1041533042487397e-05
KEEP,Opendoor Technologies Inc - US,683712129,CALL,58128.0,0.0,28773.0,6.523350180684012e-05,4.001111439423629e-05,-2.5222387412603825e-05
KEEP,Cia Siderurgica Nacional Sa - US ADR,20440W105,,31250.0,0.0,28594.0,7.19268778458643e-05,3.9762200847627724e-05,-3.216467699823657e-05
NEW,Bit Digital Inc - US,G1144A105,,15236.0,,27425.0,0.0,3.813661461307234e-05,3.813661461307234e-05
KEEP,Conduent Inc - US,206787103,,18066.0,0.0,26376.0,4.2922248343426214e-05,3.667789779523777e-05,-6.244350548188442e-06
NEW,Peace Acquisition Corp - US,G6956D139,CALL,300000.0,,22590.0,0.0,3.141316769769568e-05,3.141316769769568e-05
KEEP,Opendoor Technologies Inc - US,683712137,CALL,58128.0,0.0,16439.0,2.654148196949712e-05,2.2859719512280623e-05,-3.681762457216498e-06
KEEP,Bed Bath & Beyond Inc - US,075896159,CALL,34753.0,0.0,14596.0,3.622144759443086e-05,2.0296883387143258e-05,-1.59245642072876e-05
KEEP,Pulmonx Corp - US,745848101,,11028.0,0.0,14336.0,2.6405981012522978e-05,1.993533298424813e-05,-6.4706480282748475e-06
KEEP,Opendoor Technologies Inc - US,683712145,CALL,58128.0,0.0,13951.0,2.539807663393448e-05,1.939996027226881e-05,-5.998116361665667e-06
KEEP,Docgo Inc - US,256086109,,22329.0,0.0,11524.0,2.6073725241312405e-05,1.6025026319090086e-05,-1.004869892222232e-05
KEEP,Humacyte Inc - US,44486Q103,,12300.0,0.0,9599.0,1.3850796451247467e-05,1.3348162759193487e-05,-5.026336920539796e-07
NEW,Datavault AI Inc - US,86633R609,,16326.0,,5714.0,0.0,7.945765392856712e-06,7.945765392856712e-06
KEEP,Scage Future-ADR - US,G7840J118,CALL,112499.0,0.0,4612.0,1.0127304400697692e-05,6.41334791597045e-06,-3.7139564847272418e-06
KEEP,Southland Holdings Inc - US,84445C118,CALL,75000.0,0.0,1913.0,4.872465918590807e-06,2.660176618224517e-06,-2.2122893003662898e-06
EXIT,A O Smith Corp - US,831865209,CALL,0.0,-100.0,0.0,0.0005507835474375048,0.0,-0.0005507835474375048
EXIT,A2Z Cust2Mate Solutions Corp - US,002205102,CALL,0.0,-100.0,0.0,0.00018323441737889908,0.0,-0.00018323441737889908
EXIT,Abbvie Inc - US,00287Y109,,0.0,-100.0,0.0,0.06501710306619742,0.0,-0.06501710306619742
EXIT,Abercrombie & Fitch Co - US,002896207,,0.0,-100.0,0.0,0.0009980889120065905,0.0,-0.0009980889120065905
EXIT,Acuity Inc - US,00508Y102,,0.0,-100.0,0.0,0.007311581521532522,0.0,-0.007311581521532522
EXIT,Acv Auctions Inc - US,00091G104,CALL,0.0,-100.0,0.0,0.00015504279361830588,0.0,-0.00015504279361830588
EXIT,Adma Biologics Inc - US,000899104,,0.0,-100.0,0.0,0.011842193375097506,0.0,-0.011842193375097506
EXIT,Adma Biologics Inc - US,000899104,CALL,0.0,-100.0,0.0,0.019301352144372307,0.0,-0.019301352144372307
EXIT,Adma Biologics Inc - US,000899104,PUT,0.0,-100.0,0.0,0.00019901749460014769,0.0,-0.00019901749460014769
EXIT,Adobe Inc - US,00724F101,,0.0,-100.0,0.0,0.08148259094943022,0.0,-0.08148259094943022
EXIT,Advance Auto Parts Inc - US,00751Y106,PUT,0.0,-100.0,0.0,0.0009399682823521466,0.0,-0.0009399682823521466
EXIT,Aercap Holdings Nv - US,N00985106,PUT,0.0,-100.0,0.0,0.006111130283083766,0.0,-0.006111130283083766
EXIT,Aflac Inc - US,001055102,,0.0,-100.0,0.0,0.011105574905613693,0.0,-0.011105574905613693
EXIT,Aflac Inc - US,001055102,PUT,0.0,-100.0,0.0,0.002973161997926675,0.0,-0.002973161997926675
EXIT,Agco Corp - US,001084102,,0.0,-100.0,0.0,0.011770639588927694,0.0,-0.011770639588927694
EXIT,Agilent Technologies Inc - US,00846U101,,0.0,-100.0,0.0,0.03378705596320831,0.0,-0.03378705596320831
EXIT,Agilysys Inc - US,00847J105,,0.0,-100.0,0.0,0.0023875676977892645,0.0,-0.0023875676977892645
EXIT,Agios Pharmaceuticals Inc - US,00847X104,CALL,0.0,-100.0,0.0,0.0008602844387638857,0.0,-0.0008602844387638857
EXIT,Agnc Investment Corp - US REIT,00123Q104,CALL,0.0,-100.0,0.0,0.004846124903790531,0.0,-0.004846124903790531
EXIT,Agnico Eagle Mines Ltd - US,008474108,CALL,0.0,-100.0,0.0,0.00693251109777613,0.0,-0.00693251109777613
EXIT,Air Lease Corp - US,00912X302,,0.0,-100.0,0.0,0.005857528176952951,0.0,-0.005857528176952951
EXIT,Air Lease Corp - US,00912X302,PUT,0.0,-100.0,0.0,0.0039296094240598685,0.0,-0.0039296094240598685
EXIT,Air Products And Chemicals Inc - US,009158106,,0.0,-100.0,0.0,0.019181535887212293,0.0,-0.019181535887212293
EXIT,Air Products And Chemicals Inc - US,009158106,PUT,0.0,-100.0,0.0,0.0024264044994710457,0.0,-0.0024264044994710457
EXIT,Airbnb Inc - US,009066101,PUT,0.0,-100.0,0.0,0.011696464880138053,0.0,-0.011696464880138053
EXIT,AIRO Group Holdings Inc - US,009422106,,0.0,-100.0,0.0,0.0022619007691719564,0.0,-0.0022619007691719564
EXIT,Akebia Therapeutics Inc - US,00972D105,CALL,0.0,-100.0,0.0,2.812294519335974e-05,0.0,-2.812294519335974e-05
EXIT,Alamo Group Inc - US,011311107,CALL,0.0,-100.0,0.0,0.005818058418746126,0.0,-0.005818058418746126
EXIT,Alamos Gold Inc - US,011532108,CALL,0.0,-100.0,0.0,0.0005195607858311749,0.0,-0.0005195607858311749
EXIT,Alarm.Com Holdings Inc - US,011642105,,0.0,-100.0,0.0,0.019094085796994172,0.0,-0.019094085796994172
EXIT,Alcon Inc - US,H01301128,,0.0,-100.0,0.0,0.0007102236255362456,0.0,-0.0007102236255362456
EXIT,Align Technology Inc - US,016255101,CALL,0.0,-100.0,0.0,0.000700049916698228,0.0,-0.000700049916698228
EXIT,Alignment Healthcare Inc - US,01625V104,,0.0,-100.0,0.0,0.006949632478969685,0.0,-0.006949632478969685
EXIT,Allegro Microsystems Inc - US,01749D105,,0.0,-100.0,0.0,0.0021729267572322486,0.0,-0.0021729267572322486
EXIT,Alliance Laundry Holdings Inc - US,01862Q107,,0.0,-100.0,0.0,0.002755239335562395,0.0,-0.002755239335562395
EXIT,Allient Inc - US,019330109,,0.0,-100.0,0.0,0.004265404925749205,0.0,-0.004265404925749205
EXIT,Allogene Therapeutics Inc - US,019770106,,0.0,-100.0,0.0,0.00032656844337264465,0.0,-0.00032656844337264465
EXIT,Allstate Corp/The - US,020002101,PUT,0.0,-100.0,0.0,0.0031173647149870497,0.0,-0.0031173647149870497
EXIT,Alnylam Pharmaceuticals Inc - US,02043Q107,PUT,0.0,-100.0,0.0,0.001105476204674839,0.0,-0.001105476204674839
EXIT,Alumis Inc - US,022307102,,0.0,-100.0,0.0,0.004349883275801359,0.0,-0.004349883275801359
EXIT,Amcor Plc - US,G0250X149,,0.0,-100.0,0.0,0.009580287037393071,0.0,-0.009580287037393071
EXIT,Amdocs Ltd - US,G02602103,CALL,0.0,-100.0,0.0,0.0066987181178484395,0.0,-0.0066987181178484395
EXIT,Amentum Holdings Inc - US,023939101,PUT,0.0,-100.0,0.0,0.0005712274863431654,0.0,-0.0005712274863431654
EXIT,Amer Sports Inc - US,G0260P102,PUT,0.0,-100.0,0.0,0.0006599379210788956,0.0,-0.0006599379210788956
EXIT,American Airlines Group Inc - US,02376R102,,0.0,-100.0,0.0,0.03818767042606529,0.0,-0.03818767042606529
EXIT,American Eagle Outfitters Inc - US,02553E106,PUT,0.0,-100.0,0.0,0.0007873533688944183,0.0,-0.0007873533688944183
EXIT,American Electric Power Co Inc - US,025537101,PUT,0.0,-100.0,0.0,0.007177578499795066,0.0,-0.007177578499795066
EXIT,American Express Co - US,025816109,,0.0,-100.0,0.0,0.006022182257628957,0.0,-0.006022182257628957
EXIT,American International Group Inc - US,026874784,CALL,0.0,-100.0,0.0,0.00047490301153198396,0.0,-0.00047490301153198396
EXIT,American International Group Inc - US,026874784,PUT,0.0,-100.0,0.0,0.0025002246783595626,0.0,-0.0025002246783595626
EXIT,American States Water Co - US,029899101,,0.0,-100.0,0.0,0.0021314300532032904,0.0,-0.0021314300532032904
EXIT,American Superconductor Corp - US,030111207,CALL,0.0,-100.0,0.0,0.0013760122180724358,0.0,-0.0013760122180724358
EXIT,American Superconductor Corp - US,030111207,PUT,0.0,-100.0,0.0,0.00040212229203943325,0.0,-0.00040212229203943325
EXIT,Americas Gold & Silver Corp - US,03062D803,CALL,0.0,-100.0,0.0,0.00024223116280994297,0.0,-0.00024223116280994297
EXIT,Amicus Therapeutics Inc - US,03152W109,,0.0,-100.0,0.0,0.024156293891253622,0.0,-0.024156293891253622
EXIT,Amicus Therapeutics Inc - US,03152W109,CALL,0.0,-100.0,0.0,0.0010065122454689008,0.0,-0.0010065122454689008
EXIT,Amn Healthcare Services Inc - US,001744101,,0.0,-100.0,0.0,0.00493909526587223,0.0,-0.00493909526587223
EXIT,Amphenol Corp - US,032095101,,0.0,-100.0,0.0,0.14399317318321253,0.0,-0.14399317318321253
EXIT,Antero Midstream Corp - US,03676B102,PUT,0.0,-100.0,0.0,0.000558635178232034,0.0,-0.000558635178232034
EXIT,Antero Resources Corp - US,03674X106,,0.0,-100.0,0.0,0.027885978149919364,0.0,-0.027885978149919364
EXIT,Antero Resources Corp - US,03674X106,CALL,0.0,-100.0,0.0,0.001567645838606239,0.0,-0.001567645838606239
EXIT,Aon Plc - US,G0403H108,PUT,0.0,-100.0,0.0,0.0009586191537997657,0.0,-0.0009586191537997657
EXIT,Apellis Pharmaceuticals Inc - US,03753U106,,0.0,-100.0,0.0,0.048538113347882016,0.0,-0.048538113347882016
EXIT,Appian Corp - US,03782L101,PUT,0.0,-100.0,0.0,0.0004340986617078386,0.0,-0.0004340986617078386
EXIT,Apple Hospitality Reit Inc - US REIT,03784Y200,,0.0,-100.0,0.0,0.0027611828158943296,0.0,-0.0027611828158943296
EXIT,Applied Digital Corp - US,038169207,,0.0,-100.0,0.0,0.004815494262804404,0.0,-0.004815494262804404
EXIT,Applied Materials Inc - US,038222105,,0.0,-100.0,0.0,0.16648081733758938,0.0,-0.16648081733758938
EXIT,Applovin Corp - US,03831W108,,0.0,-100.0,0.0,0.013483083977569496,0.0,-0.013483083977569496
EXIT,Arcellx Inc - US,03940C100,,0.0,-100.0,0.0,0.09858966843922565,0.0,-0.09858966843922565
EXIT,Arcellx Inc - US,03940C100,CALL,0.0,-100.0,0.0,0.0005541283792795241,0.0,-0.0005541283792795241
EXIT,Arcellx Inc - US,03940C100,PUT,0.0,-100.0,0.0,0.0004262525994457878,0.0,-0.0004262525994457878
EXIT,Archrock Inc - US,03957W106,,0.0,-100.0,0.0,0.04715878970916243,0.0,-0.04715878970916243
EXIT,Arcus Biosciences Inc - US,03969F109,,0.0,-100.0,0.0,0.008672651510787947,0.0,-0.008672651510787947
EXIT,Ardelyx Inc - US,039697107,,0.0,-100.0,0.0,0.0011271712072106444,0.0,-0.0011271712072106444
EXIT,Ardelyx Inc - US,039697107,CALL,0.0,-100.0,0.0,0.0001534353439095441,0.0,-0.0001534353439095441
EXIT,Ares Management Corp - US,03990B101,,0.0,-100.0,0.0,0.019623523303264515,0.0,-0.019623523303264515
EXIT,Ark Innovation Etf - US ETP,00214Q104,PUT,0.0,-100.0,0.0,0.012545903673811528,0.0,-0.012545903673811528
EXIT,Arlo Technologies Inc - US,04206A101,,0.0,-100.0,0.0,0.0053779011937018,0.0,-0.0053779011937018
EXIT,Arqit Quantum Inc - US,G0567U127,,0.0,-100.0,0.0,0.0009362819138514527,0.0,-0.0009362819138514527
EXIT,Arrowhead Pharmaceuticals Inc - US,04280A100,PUT,0.0,-100.0,0.0,0.0007564851371892127,0.0,-0.0007564851371892127
EXIT,Arvinas Inc - US,04335A105,,0.0,-100.0,0.0,0.000674830033103602,0.0,-0.000674830033103602
EXIT,Asana Inc - US,04342Y104,PUT,0.0,-100.0,0.0,0.00015087010661449934,0.0,-0.00015087010661449934
EXIT,Ase Technology Holding Co Ltd - US ADR,00215W100,CALL,0.0,-100.0,0.0,0.0015976045433399747,0.0,-0.0015976045433399747
EXIT,Asml Holding Nv - US NY Reg Shrs,N07059210,,0.0,-100.0,0.0,0.020194611576295724,0.0,-0.020194611576295724
EXIT,ASP Isotopes Inc - US,00218A105,,0.0,-100.0,0.0,0.0013211398990303858,0.0,-0.0013211398990303858
EXIT,Associated Banc-Corp - US,045487105,,0.0,-100.0,0.0,0.03673535817597396,0.0,-0.03673535817597396
EXIT,Astrazeneca Plc - US,G0593M107,PUT,0.0,-100.0,0.0,0.004685764161655364,0.0,-0.004685764161655364
EXIT,At&T Inc - US,00206R102,,0.0,-100.0,0.0,0.06220503685669306,0.0,-0.06220503685669306
EXIT,Aura Minerals Inc - US,G06973112,,0.0,-100.0,0.0,0.002533084588514539,0.0,-0.002533084588514539
EXIT,Aurinia Pharmaceuticals Inc - US,05156V102,,0.0,-100.0,0.0,0.00141856137473981,0.0,-0.00141856137473981
EXIT,Aurinia Pharmaceuticals Inc - US,05156V102,CALL,0.0,-100.0,0.0,0.0006519526455048851,0.0,-0.0006519526455048851
EXIT,Aurinia Pharmaceuticals Inc - US,05156V102,PUT,0.0,-100.0,0.0,0.0006409492253275875,0.0,-0.0006409492253275875
EXIT,Autolus Therapeutics Plc - US ADR,05280R100,,0.0,-100.0,0.0,0.00011837586342560385,0.0,-0.00011837586342560385
EXIT,Automatic Data Processing Inc - US,053015103,,0.0,-100.0,0.0,0.06352213214496666,0.0,-0.06352213214496666
EXIT,Avantor Inc - US,05352A100,,0.0,-100.0,0.0,0.03411725880211185,0.0,-0.03411725880211185
EXIT,Aveanna Healthcare Holdings Inc - US,05356F105,,0.0,-100.0,0.0,0.0024740859869060022,0.0,-0.0024740859869060022
EXIT,Avient Corp - US,05368V106,,0.0,-100.0,0.0,0.0042252168268526675,0.0,-0.0042252168268526675
EXIT,Avista Corp - US,05379B107,,0.0,-100.0,0.0,0.010406909697325092,0.0,-0.010406909697325092
EXIT,Axia Energia Sa - ADR,15234Q207,,0.0,-100.0,0.0,0.0002542035076384804,0.0,-0.0002542035076384804
EXIT,Axis Capital Holdings Ltd - US,G0692U109,CALL,0.0,-100.0,0.0,0.0005082343907701306,0.0,-0.0005082343907701306
EXIT,B&G Foods Inc - US,05508R106,,0.0,-100.0,0.0,0.0019644928742111444,0.0,-0.0019644928742111444
EXIT,B2Gold Corp - US,11777Q209,CALL,0.0,-100.0,0.0,0.002015513624955642,0.0,-0.002015513624955642
EXIT,Badger Meter Inc - US,056525108,CALL,0.0,-100.0,0.0,0.008087755133387829,0.0,-0.008087755133387829
EXIT,Baidu Inc - US ADR,056752108,,0.0,-100.0,0.0,0.03278953132915953,0.0,-0.03278953132915953
EXIT,Baker Hughes Co - US,05722G100,,0.0,-100.0,0.0,0.09380406791494271,0.0,-0.09380406791494271
EXIT,Bakkt Inc - US,05759B305,,0.0,-100.0,0.0,0.0010248698408726583,0.0,-0.0010248698408726583
EXIT,Balchem Corp - US,057665200,,0.0,-100.0,0.0,0.007081307854131175,0.0,-0.007081307854131175
EXIT,Banc Of California Inc - US,05990K106,PUT,0.0,-100.0,0.0,0.002522422704995916,0.0,-0.002522422704995916
EXIT,Banco Santander Sa - US ADR,05964H105,PUT,0.0,-100.0,0.0,0.00034128421853553523,0.0,-0.00034128421853553523
EXIT,Bank Of America Corp - US,060505104,,0.0,-100.0,0.0,0.05683411303418669,0.0,-0.05683411303418669
EXIT,Bank Of Nova Scotia/The - US,064149107,,0.0,-100.0,0.0,0.001271078792049664,0.0,-0.001271078792049664
EXIT,Banner Corp - US,06652V208,,0.0,-100.0,0.0,0.003989005247651864,0.0,-0.003989005247651864
EXIT,Barclays Plc - US ADR,06738E204,PUT,0.0,-100.0,0.0,0.0006559211529844841,0.0,-0.0006559211529844841
EXIT,Barrett Business Services Inc - US,068463108,,0.0,-100.0,0.0,0.0007700389452416126,0.0,-0.0007700389452416126
EXIT,Bath & Body Works Inc - US,070830104,,0.0,-100.0,0.0,0.011347379147600294,0.0,-0.011347379147600294
EXIT,Bath & Body Works Inc - US,070830104,PUT,0.0,-100.0,0.0,0.0007797337602864889,0.0,-0.0007797337602864889
EXIT,Bausch Health Cos Inc - US,071734107,,0.0,-100.0,0.0,0.00011827562984099284,0.0,-0.00011827562984099284
EXIT,Becton Dickinson And Co - US,075887109,,0.0,-100.0,0.0,0.005044572551900391,0.0,-0.005044572551900391
EXIT,Becton Dickinson And Co - US,075887109,PUT,0.0,-100.0,0.0,0.0007296169679809833,0.0,-0.0007296169679809833
EXIT,Bed Bath & Beyond Inc - US,690370101,,0.0,-100.0,0.0,0.004478921022745586,0.0,-0.004478921022745586
EXIT,Belite Bio Inc - US ADR,07782B104,,0.0,-100.0,0.0,0.00047233406188195364,0.0,-0.00047233406188195364
EXIT,Bentley Systems Inc - US,08265T208,,0.0,-100.0,0.0,0.008983624350866115,0.0,-0.008983624350866115
EXIT,Better Home & Finance Holding Co - US,08774B508,,0.0,-100.0,0.0,0.0006025244950492073,0.0,-0.0006025244950492073
EXIT,BigBear.ai Holdings Inc - US,08975B109,,0.0,-100.0,0.0,0.015994358480543674,0.0,-0.015994358480543674
EXIT,Biglari Holdings Inc - US Class B,08986R309,,0.0,-100.0,0.0,0.005934242136552738,0.0,-0.005934242136552738
EXIT,Bilibili Inc - US ADR,090040106,,0.0,-100.0,0.0,0.001444072678200805,0.0,-0.001444072678200805
EXIT,Biohaven Ltd,G1110E107,CALL,0.0,-100.0,0.0,0.00023240827151806392,0.0,-0.00023240827151806392
EXIT,Biomarin Pharmaceutical Inc - US,09061G101,PUT,0.0,-100.0,0.0,0.0009856413857398973,0.0,-0.0009856413857398973
EXIT,Biontech Se - US ADR,09075V102,,0.0,-100.0,0.0,0.001279891922785462,0.0,-0.001279891922785462
EXIT,Birkenstock Holding Ltd - US,M2029K104,PUT,0.0,-100.0,0.0,0.000585260188188707,0.0,-0.000585260188188707
EXIT,Bitdeer Technologies Group - US,G11448100,CALL,0.0,-100.0,0.0,0.0012009839613891901,0.0,-0.0012009839613891901
EXIT,Blackbaud Inc - US,09227Q100,,0.0,-100.0,0.0,0.003287366443019802,0.0,-0.003287366443019802
EXIT,Blackrock Funding Inc/De - US,09290D101,PUT,0.0,-100.0,0.0,0.0066048864894100836,0.0,-0.0066048864894100836
EXIT,Blackstone Inc - US,09260D107,,0.0,-100.0,0.0,0.03079432242979759,0.0,-0.03079432242979759
EXIT,Blue Bird Corp - US,095306106,,0.0,-100.0,0.0,0.003732123275891278,0.0,-0.003732123275891278
EXIT,Blue Foundry Bancorp - US,09549B104,,0.0,-100.0,0.0,0.0023900698250495546,0.0,-0.0023900698250495546
EXIT,Blue Owl Capital Corp - US,69121K104,,0.0,-100.0,0.0,0.001946036901400269,0.0,-0.001946036901400269
EXIT,Blue Owl Capital Corp - US,69121K104,CALL,0.0,-100.0,0.0,0.004116129275601017,0.0,-0.004116129275601017
EXIT,Booz Allen Hamilton Holding Corp - US,099502106,PUT,0.0,-100.0,0.0,0.001651147839297182,0.0,-0.001651147839297182
EXIT,Bowman Consulting Group Ltd - US,103002101,,0.0,-100.0,0.0,0.001527364930835062,0.0,-0.001527364930835062
EXIT,Box Inc - US,10316T104,,0.0,-100.0,0.0,0.0056616216358307304,0.0,-0.0056616216358307304
EXIT,Box Inc - US,10316T104,PUT,0.0,-100.0,0.0,0.0005441124455283943,0.0,-0.0005441124455283943
EXIT,Boyd Gaming Corp - US,103304101,PUT,0.0,-100.0,0.0,0.0017237095298455831,0.0,-0.0017237095298455831
EXIT,Braze Inc - US,10576N102,CALL,0.0,-100.0,0.0,0.000560951687743044,0.0,-0.000560951687743044
EXIT,Braze Inc - US,10576N102,PUT,0.0,-100.0,0.0,0.0007318666551022527,0.0,-0.0007318666551022527
EXIT,Brighthouse Financial Inc - US,10922N103,CALL,0.0,-100.0,0.0,0.0013448896900507168,0.0,-0.0013448896900507168
EXIT,Brighthouse Financial Inc - US,10922N103,PUT,0.0,-100.0,0.0,0.011859481812265413,0.0,-0.011859481812265413
EXIT,Brinker International Inc - US,109641100,PUT,0.0,-100.0,0.0,0.0019345471627198586,0.0,-0.0019345471627198586
EXIT,Brookfield Asset Management Ltd - US,113004105,PUT,0.0,-100.0,0.0,0.004983428209110181,0.0,-0.004983428209110181
EXIT,Brookfield Corp - US,11271J107,PUT,0.0,-100.0,0.0,0.002903369724197527,0.0,-0.002903369724197527
EXIT,Brown & Brown Inc - US,115236101,PUT,0.0,-100.0,0.0,0.0005204777375126163,0.0,-0.0005204777375126163
EXIT,Bruker Corp - US,116794108,,0.0,-100.0,0.0,0.00938631834557333,0.0,-0.00938631834557333
EXIT,Brunswick Corp/De - US,117043109,,0.0,-100.0,0.0,0.0027917317850707744,0.0,-0.0027917317850707744
EXIT,Build-A-Bear Workshop Inc - US,120076104,,0.0,-100.0,0.0,0.00052552468411553,0.0,-0.00052552468411553
EXIT,Cal-Maine Foods Inc - US,128030202,PUT,0.0,-100.0,0.0,0.0018805305415019878,0.0,-0.0018805305415019878
EXIT,Calumet Inc - US MLP,131428104,PUT,0.0,-100.0,0.0,0.006450439528766966,0.0,-0.006450439528766966
EXIT,Canadian Imperial Bank Of Commerce - US,136069101,,0.0,-100.0,0.0,0.0007117568281452955,0.0,-0.0007117568281452955
EXIT,Canadian National Railway Co - US,136375102,PUT,0.0,-100.0,0.0,0.0008774930602996019,0.0,-0.0008774930602996019
EXIT,Canadian Natural Resources Ltd - US,136385101,CALL,0.0,-100.0,0.0,0.00546327236512799,0.0,-0.00546327236512799
EXIT,Canadian Pacific Kansas City Ltd - US,13646K108,,0.0,-100.0,0.0,0.0006707557235069137,0.0,-0.0006707557235069137
EXIT,Canadian Pacific Kansas City Ltd - US,13646K108,PUT,0.0,-100.0,0.0,0.002701128049292392,0.0,-0.002701128049292392
EXIT,Canadian Solar Inc - US,136635109,,0.0,-100.0,0.0,0.014796247881913334,0.0,-0.014796247881913334
EXIT,Canadian Solar Inc - US,136635109,CALL,0.0,-100.0,0.0,0.002753333041277293,0.0,-0.002753333041277293
EXIT,Cantaloupe Inc - US,138103106,,0.0,-100.0,0.0,0.005680742120184028,0.0,-0.005680742120184028
EXIT,Cantor Equity Partners III Inc - US,G1828A108,,0.0,-100.0,0.0,0.002761496509890612,0.0,-0.002761496509890612
EXIT,Capital Group Core Equity ETF - US ETP,14020V108,,0.0,-100.0,0.0,0.03403861998645203,0.0,-0.03403861998645203
EXIT,Capri Holdings Ltd - US,G1890L107,PUT,0.0,-100.0,0.0,0.0008111050160922423,0.0,-0.0008111050160922423
EXIT,Capricor Therapeutics Inc - US,14070B309,CALL,0.0,-100.0,0.0,0.00040628012962329747,0.0,-0.00040628012962329747
EXIT,Carlisle Cos Inc - US,142339100,,0.0,-100.0,0.0,0.0014193391131092916,0.0,-0.0014193391131092916
EXIT,Carlyle Secured Lending Inc - US,872280102,CALL,0.0,-100.0,0.0,0.004061316354238738,0.0,-0.004061316354238738
EXIT,Carpenter Technology Corp - US,144285103,PUT,0.0,-100.0,0.0,0.0005121286511500177,0.0,-0.0005121286511500177
EXIT,Casey's General Stores Inc - US,147528103,PUT,0.0,-100.0,0.0,0.0006755186749534295,0.0,-0.0006755186749534295
EXIT,Catalyst Pharmaceuticals Inc - US,14888U101,,0.0,-100.0,0.0,0.0009373325103123755,0.0,-0.0009373325103123755
EXIT,Caterpillar Inc - US,149123101,,0.0,-100.0,0.0,0.007619268927448442,0.0,-0.007619268927448442
EXIT,Cavco Industries Inc - US,149568107,,0.0,-100.0,0.0,0.01818891341792199,0.0,-0.01818891341792199
EXIT,Cbre Group Inc - US,12504L109,PUT,0.0,-100.0,0.0,0.0014583392584104388,0.0,-0.0014583392584104388
EXIT,Cdw Corp/De - US,12514G108,PUT,0.0,-100.0,0.0,0.0009883922407842216,0.0,-0.0009883922407842216
EXIT,Ceco Environmental Corp - US,125141101,,0.0,-100.0,0.0,0.005225648234855168,0.0,-0.005225648234855168
EXIT,Celanese Corp - US,150870103,PUT,0.0,-100.0,0.0,0.0008667736352787022,0.0,-0.0008667736352787022
EXIT,Celldex Therapeutics Inc - US,15117B202,,0.0,-100.0,0.0,0.0020838673611278734,0.0,-0.0020838673611278734
EXIT,Cellebrite Di Ltd - US,M2197Q107,,0.0,-100.0,0.0,0.0038760587033926904,0.0,-0.0038760587033926904
EXIT,Celsius Holdings Inc - US,15118V207,,0.0,-100.0,0.0,0.0026176910148136964,0.0,-0.0026176910148136964
EXIT,Centerpoint Energy Inc - US,15189T107,PUT,0.0,-100.0,0.0,0.0004966982476524005,0.0,-0.0004966982476524005
EXIT,Central Bancompany Inc - US,152413100,,0.0,-100.0,0.0,0.0023684973302282733,0.0,-0.0023684973302282733
EXIT,Century Aluminum Co - US,156431108,,0.0,-100.0,0.0,0.030411535938700614,0.0,-0.030411535938700614
EXIT,Century Aluminum Co - US,156431108,PUT,0.0,-100.0,0.0,0.0008715124564178117,0.0,-0.0008715124564178117
EXIT,Ceribell Inc - US,15678C102,,0.0,-100.0,0.0,0.0009691993655087058,0.0,-0.0009691993655087058
EXIT,Ch Robinson Worldwide Inc - US,12541W209,,0.0,-100.0,0.0,0.0027351499265578587,0.0,-0.0027351499265578587
EXIT,Charles River Laboratories International Inc - US,159864107,CALL,0.0,-100.0,0.0,0.0004482668645103542,0.0,-0.0004482668645103542
EXIT,Charles River Laboratories International Inc - US,159864107,PUT,0.0,-100.0,0.0,0.001312781531780323,0.0,-0.001312781531780323
EXIT,Cheesecake Factory Inc/The - US,163072101,PUT,0.0,-100.0,0.0,0.0011483706103558732,0.0,-0.0011483706103558732
EXIT,Chemours Co/The - US,163851108,PUT,0.0,-100.0,0.0,0.0008096534852928755,0.0,-0.0008096534852928755
EXIT,Chesapeake Utilities Corp - US,165303108,,0.0,-100.0,0.0,0.00038844040774003026,0.0,-0.00038844040774003026
EXIT,Chime Financial Inc - US,16935C109,PUT,0.0,-100.0,0.0,0.0009143511767740621,0.0,-0.0009143511767740621
EXIT,Chimera Investment Corp - US REIT,16934Q802,,0.0,-100.0,0.0,0.0015196283830450864,0.0,-0.0015196283830450864
EXIT,China Yuchai International Ltd - US,G21082105,,0.0,-100.0,0.0,0.003868569027209256,0.0,-0.003868569027209256
EXIT,Chord Energy Corp - US,674215207,PUT,0.0,-100.0,0.0,0.0006597782898145151,0.0,-0.0006597782898145151
EXIT,Chubb Ltd - US,H1467J104,PUT,0.0,-100.0,0.0,0.005747347337158044,0.0,-0.005747347337158044
EXIT,Churchill Downs Inc - US,171484108,,0.0,-100.0,0.0,0.02604235398550665,0.0,-0.02604235398550665
EXIT,Cia Siderurgica Nacional Sa - US ADR,20440W105,CALL,0.0,-100.0,0.0,0.0005754150227669143,0.0,-0.0005754150227669143
EXIT,Ciena Corp - US,171779309,,0.0,-100.0,0.0,0.0008604255082533381,0.0,-0.0008604255082533381
EXIT,Cincinnati Financial Corp - US,172062101,,0.0,-100.0,0.0,0.006729573356311196,0.0,-0.006729573356311196
EXIT,Claros Mortgage Trust Inc - US,18270D106,,0.0,-100.0,0.0,8.076413888906842e-05,0.0,-8.076413888906842e-05
EXIT,Clean Energy Fuels Corp - US,184499101,,0.0,-100.0,0.0,0.0018288953960073748,0.0,-0.0018288953960073748
EXIT,Clear Channel Outdoor Holdings Inc - US,18453H106,,0.0,-100.0,0.0,0.002050276117040735,0.0,-0.002050276117040735
EXIT,Clearfield Inc - US,18482P103,,0.0,-100.0,0.0,0.0040987257554285575,0.0,-0.0040987257554285575
EXIT,Clearwater Paper Corp - US,18538R103,CALL,0.0,-100.0,0.0,0.0002695875066987777,0.0,-0.0002695875066987777
EXIT,Clearway Energy Inc - US Class C,18539C204,,0.0,-100.0,0.0,0.00043830475990651546,0.0,-0.00043830475990651546
EXIT,CMB Tech NV - US,B38564108,PUT,0.0,-100.0,0.0,0.0003193367758607095,0.0,-0.0003193367758607095
EXIT,Cnh Industrial Nv - US,N20944109,CALL,0.0,-100.0,0.0,0.0008167180968304589,0.0,-0.0008167180968304589
EXIT,Cnx Resources Corp - US,12653C108,,0.0,-100.0,0.0,0.04254898775522228,0.0,-0.04254898775522228
EXIT,Coca-Cola Europacific Partners Plc - US,G25839104,,0.0,-100.0,0.0,0.004297362733642682,0.0,-0.004297362733642682
EXIT,Coeur Mining Inc - US,192108504,CALL,0.0,-100.0,0.0,0.0010556656816556448,0.0,-0.0010556656816556448
EXIT,Cogent Biosciences Inc - US,19240Q201,PUT,0.0,-100.0,0.0,0.001943284190178452,0.0,-0.001943284190178452
EXIT,Cogent Communications Holdings Inc - US,19239V302,PUT,0.0,-100.0,0.0,0.0005280527978607189,0.0,-0.0005280527978607189
EXIT,Cognex Corp - US,192422103,,0.0,-100.0,0.0,0.008687120414344296,0.0,-0.008687120414344296
EXIT,Cognex Corp - US,192422103,CALL,0.0,-100.0,0.0,0.0006820060152907532,0.0,-0.0006820060152907532
EXIT,Cognex Corp - US,192422103,PUT,0.0,-100.0,0.0,0.00040920360917445195,0.0,-0.00040920360917445195
EXIT,Cohen & Steers Inc - US,19247A100,,0.0,-100.0,0.0,0.001346922204405329,0.0,-0.001346922204405329
EXIT,Collegium Pharmaceutical Inc - US,19459J104,,0.0,-100.0,0.0,0.0008566723173629037,0.0,-0.0008566723173629037
EXIT,Comfort Systems Usa Inc - US,199908104,CALL,0.0,-100.0,0.0,0.004607370361424596,0.0,-0.004607370361424596
EXIT,Comfort Systems Usa Inc - US,199908104,PUT,0.0,-100.0,0.0,0.00358351028110802,0.0,-0.00358351028110802
EXIT,Commerce.com Inc - US,08975P108,,0.0,-100.0,0.0,0.0003647518705769614,0.0,-0.0003647518705769614
EXIT,Community Trust Bancorp Inc - US,204149108,,0.0,-100.0,0.0,0.002141659447366092,0.0,-0.002141659447366092
EXIT,Commvault Systems Inc - US,204166102,PUT,0.0,-100.0,0.0,0.0004915640607073253,0.0,-0.0004915640607073253
EXIT,Compass Inc - US,20464U100,CALL,0.0,-100.0,0.0,0.0013622932102231769,0.0,-0.0013622932102231769
EXIT,Compass Inc - US,20464U100,PUT,0.0,-100.0,0.0,0.00043012644187325405,0.0,-0.00043012644187325405
EXIT,Comstock Resources Inc - US,205768302,,0.0,-100.0,0.0,0.004312516566693873,0.0,-0.004312516566693873
EXIT,Consolidated Water Co Ltd - US,G23773107,,0.0,-100.0,0.0,0.0018310801169163962,0.0,-0.0018310801169163962
EXIT,Construction Partners Inc - US,21044C107,,0.0,-100.0,0.0,0.00566117615323246,0.0,-0.00566117615323246
EXIT,Copa Holdings Sa - US,P31076105,PUT,0.0,-100.0,0.0,0.0005904649098785083,0.0,-0.0005904649098785083
EXIT,Corcept Therapeutics Inc - US,218352102,,0.0,-100.0,0.0,0.0019391003661096886,0.0,-0.0019391003661096886
EXIT,Core & Main Inc - US,21874C102,,0.0,-100.0,0.0,0.03801259947729971,0.0,-0.03801259947729971
EXIT,Corning Inc - US,219350105,,0.0,-100.0,0.0,0.042089650648144884,0.0,-0.042089650648144884
EXIT,Corteva Inc - US,22052L104,PUT,0.0,-100.0,0.0,0.0005282941009347825,0.0,-0.0005282941009347825
EXIT,Corvel Corp - US,221006109,,0.0,-100.0,0.0,0.00213419761384505,0.0,-0.00213419761384505
EXIT,Coterra Energy Inc - US,127097103,,0.0,-100.0,0.0,0.0017356651690766853,0.0,-0.0017356651690766853
EXIT,Coterra Energy Inc - US,127097103,CALL,0.0,-100.0,0.0,0.00470280015868425,0.0,-0.00470280015868425
EXIT,Coterra Energy Inc - US,127097103,PUT,0.0,-100.0,0.0,0.008759862154109498,0.0,-0.008759862154109498
EXIT,Cracker Barrel Old Country Store Inc - US,22410J106,PUT,0.0,-100.0,0.0,0.0021810048416808993,0.0,-0.0021810048416808993
EXIT,Crane Co - US,224408104,,0.0,-100.0,0.0,0.005280372059697794,0.0,-0.005280372059697794
EXIT,Crane NXT Co - US,224441105,,0.0,-100.0,0.0,0.013758473895110755,0.0,-0.013758473895110755
EXIT,Credit Acceptance Corp - US,225310101,CALL,0.0,-100.0,0.0,0.00047161015265976294,0.0,-0.00047161015265976294
EXIT,Crinetics Pharmaceuticals Inc - US,22663K107,,0.0,-100.0,0.0,0.0031025691241919682,0.0,-0.0031025691241919682
EXIT,Crowdstrike Holdings Inc - US,22788C105,,0.0,-100.0,0.0,0.08632199649069684,0.0,-0.08632199649069684
EXIT,Crown Castle Inc - US REIT,22822V101,PUT,0.0,-100.0,0.0,0.003863700273645651,0.0,-0.003863700273645651
EXIT,Cts Corp - US,126501105,,0.0,-100.0,0.0,0.004219789363863731,0.0,-0.004219789363863731
EXIT,Cummins Inc - US,231021106,,0.0,-100.0,0.0,0.1649997046375198,0.0,-0.1649997046375198
EXIT,Cushman & Wakefield Ltd - US,G2717C106,,0.0,-100.0,0.0,0.02852789073136571,0.0,-0.02852789073136571
EXIT,Cvb Financial Corp - US,126600105,,0.0,-100.0,0.0,0.004866524294436365,0.0,-0.004866524294436365
EXIT,Cvr Energy Inc - US,12662P108,PUT,0.0,-100.0,0.0,0.0003872543103221333,0.0,-0.0003872543103221333
EXIT,Dakota Gold Corp - US,46655E100,,0.0,-100.0,0.0,0.003747115621500596,0.0,-0.003747115621500596
EXIT,Darden Restaurants Inc - US,237194105,,0.0,-100.0,0.0,0.0011171274307971227,0.0,-0.0011171274307971227
EXIT,Darden Restaurants Inc - US,237194105,PUT,0.0,-100.0,0.0,0.0036024618533094716,0.0,-0.0036024618533094716
EXIT,Dave & Buster's Entertainment Inc - US,238337109,CALL,0.0,-100.0,0.0,0.0003598330002210507,0.0,-0.0003598330002210507
EXIT,Dave & Buster's Entertainment Inc - US,238337109,PUT,0.0,-100.0,0.0,0.0005146214975228434,0.0,-0.0005146214975228434
EXIT,Deckers Outdoor Corp - US,243537107,,0.0,-100.0,0.0,0.0555836545179045,0.0,-0.0555836545179045
EXIT,Deckers Outdoor Corp - US,243537107,CALL,0.0,-100.0,0.0,0.005164817586061241,0.0,-0.005164817586061241
EXIT,Delek Us Holdings Inc - US,24665A103,CALL,0.0,-100.0,0.0,0.0005354106854421641,0.0,-0.0005354106854421641
EXIT,Descartes Systems Group Inc/The - US,249906108,CALL,0.0,-100.0,0.0,0.004263780770443008,0.0,-0.004263780770443008
EXIT,Deutsche Bank Ag - US,D18190898,,0.0,-100.0,0.0,0.007199162131681303,0.0,-0.007199162131681303
EXIT,Deutsche Bank Ag - US,D18190898,PUT,0.0,-100.0,0.0,0.000939708417503155,0.0,-0.000939708417503155
EXIT,Diageo Plc - US ADR,25243Q205,,0.0,-100.0,0.0,0.0030783738505733666,0.0,-0.0030783738505733666
EXIT,Diamond Hill Investment Group Inc - US,25264R207,,0.0,-100.0,0.0,0.002796129069551209,0.0,-0.002796129069551209
EXIT,Dick's Sporting Goods Inc - US,253393102,PUT,0.0,-100.0,0.0,0.0016562764577097789,0.0,-0.0016562764577097789
EXIT,Dimensional US Small Cap Value ETF - US ETP,25434V815,,0.0,-100.0,0.0,0.00038627610478342956,0.0,-0.00038627610478342956
EXIT,Diodes Inc - US,254543101,CALL,0.0,-100.0,0.0,0.0019005401348743342,0.0,-0.0019005401348743342
EXIT,Diodes Inc - US,254543101,PUT,0.0,-100.0,0.0,0.0019005401348743342,0.0,-0.0019005401348743342
EXIT,Direxion Daily S&P 500 Bull 3X ETF - US ETP,25459W862,,0.0,-100.0,0.0,0.000767026369170804,0.0,-0.000767026369170804
EXIT,Direxion Daily Semiconductor Bull 3X ETF - US ETP,25459W458,PUT,0.0,-100.0,0.0,0.008003651731189219,0.0,-0.008003651731189219
EXIT,Direxion Daily Small Cap Bull 3X ETF - US ETP,25459W847,,0.0,-100.0,0.0,0.0005333354790052178,0.0,-0.0005333354790052178
EXIT,Diversified Energy Co - US,25520W107,,0.0,-100.0,0.0,0.0024386923944733586,0.0,-0.0024386923944733586
EXIT,Dlocal Ltd/Uruguay - US,G29018101,,0.0,-100.0,0.0,0.014079778219113829,0.0,-0.014079778219113829
EXIT,Dlocal Ltd/Uruguay - US,G29018101,PUT,0.0,-100.0,0.0,0.00033222978472567395,0.0,-0.00033222978472567395
EXIT,Docusign Inc - US,256163106,,0.0,-100.0,0.0,0.10361501841701062,0.0,-0.10361501841701062
EXIT,Dolby Laboratories Inc - US,25659T107,,0.0,-100.0,0.0,0.0022920710781398706,0.0,-0.0022920710781398706
EXIT,Dole Plc - US,G27907107,,0.0,-100.0,0.0,0.000652218078886355,0.0,-0.000652218078886355
EXIT,Domo Inc - US,257554105,,0.0,-100.0,0.0,0.0006208765219204861,0.0,-0.0006208765219204861
EXIT,Doordash Inc - US,25809K105,,0.0,-100.0,0.0,0.0571345353613958,0.0,-0.0571345353613958
EXIT,Doubleverify Holdings Inc - US,25862V105,PUT,0.0,-100.0,0.0,0.0009398754734775067,0.0,-0.0009398754734775067
EXIT,Dover Corp - US,260003108,PUT,0.0,-100.0,0.0,0.00154768079349372,0.0,-0.00154768079349372
EXIT,Doximity Inc - US,26622P107,PUT,0.0,-100.0,0.0,0.001786181039543142,0.0,-0.001786181039543142
EXIT,Dr Horton Inc - US,23331A109,PUT,0.0,-100.0,0.0,0.006342146421482232,0.0,-0.006342146421482232
EXIT,Dt Midstream Inc - US,23345M107,,0.0,-100.0,0.0,0.005973567112915124,0.0,-0.005973567112915124
EXIT,Dupont De Nemours Inc - US,26614N102,,0.0,-100.0,0.0,0.06901842590769149,0.0,-0.06901842590769149
EXIT,Dupont De Nemours Inc - US,26614N102,PUT,0.0,-100.0,0.0,0.0014112146242233215,0.0,-0.0014112146242233215
EXIT,D-Wave Quantum Inc - US,26740W109,,0.0,-100.0,0.0,0.01544954254374551,0.0,-0.01544954254374551
EXIT,Dycom Industries Inc - US,267475101,CALL,0.0,-100.0,0.0,0.001006256092974895,0.0,-0.001006256092974895
EXIT,Dycom Industries Inc - US,267475101,PUT,0.0,-100.0,0.0,0.0006289100581093094,0.0,-0.0006289100581093094
EXIT,Dynatrace Inc - US,268150109,PUT,0.0,-100.0,0.0,0.00045303352831185567,0.0,-0.00045303352831185567
EXIT,Dyne Therapeutics Inc - US,26818M108,,0.0,-100.0,0.0,0.0025922855134697907,0.0,-0.0025922855134697907
EXIT,Eaton Corp Plc - US,G29183103,,0.0,-100.0,0.0,0.00043286244749763606,0.0,-0.00043286244749763606
EXIT,Ebay Inc - US,278642103,PUT,0.0,-100.0,0.0,0.002635608696151661,0.0,-0.002635608696151661
EXIT,Ecolab Inc - US,278865100,CALL,0.0,-100.0,0.0,0.000691292471287214,0.0,-0.000691292471287214
EXIT,Edison International - US,281020107,PUT,0.0,-100.0,0.0,0.0061533286222050015,0.0,-0.0061533286222050015
EXIT,Edwards Lifesciences Corp - US,28176E108,PUT,0.0,-100.0,0.0,0.0009067204311011757,0.0,-0.0009067204311011757
EXIT,Elbit Systems Ltd - US,M3760D101,CALL,0.0,-100.0,0.0,0.002048880271566152,0.0,-0.002048880271566152
EXIT,Eldorado Gold Corp - US,284902509,,0.0,-100.0,0.0,0.002670803677592575,0.0,-0.002670803677592575
EXIT,Elevance Health Inc - US,036752103,,0.0,-100.0,0.0,0.013856053145907066,0.0,-0.013856053145907066
EXIT,Elf Beauty Inc - US,26856L103,,0.0,-100.0,0.0,0.009206339663516796,0.0,-0.009206339663516796
EXIT,Emcor Group Inc - US,29084Q100,PUT,0.0,-100.0,0.0,0.0009593040832946077,0.0,-0.0009593040832946077
EXIT,Enanta Pharmaceuticals Inc - US,29251M106,,0.0,-100.0,0.0,0.00024336714343553442,0.0,-0.00024336714343553442
EXIT,Encompass Health Corp - US,29261A100,,0.0,-100.0,0.0,0.005517511727644996,0.0,-0.005517511727644996
EXIT,Encore Energy Corp - US,29259W700,,0.0,-100.0,0.0,0.00014290710517040237,0.0,-0.00014290710517040237
EXIT,Endeavour Silver Corp - US,29258Y103,,0.0,-100.0,0.0,0.006228578057762972,0.0,-0.006228578057762972
EXIT,Endeavour Silver Corp - US,29258Y103,CALL,0.0,-100.0,0.0,0.0004769559438390169,0.0,-0.0004769559438390169
EXIT,Energy Fuels Inc/Canada - US,292671708,CALL,0.0,-100.0,0.0,0.0011720832778263485,0.0,-0.0011720832778263485
EXIT,Energy Fuels Inc/Canada - US,292671708,PUT,0.0,-100.0,0.0,0.0015548734812783063,0.0,-0.0015548734812783063
EXIT,Energy Vault Holdings Inc - US,29280W109,,0.0,-100.0,0.0,0.0004426333658197168,0.0,-0.0004426333658197168
EXIT,Enhanced Group Inc - US,29333R107,,0.0,-100.0,0.0,0.0049081045264525,0.0,-0.0049081045264525
EXIT,Enovix Corp - US,293594107,CALL,0.0,-100.0,0.0,0.00013460999177760202,0.0,-0.00013460999177760202
EXIT,Entergy Corp - US,29364G103,PUT,0.0,-100.0,0.0,0.0007091043505080892,0.0,-0.0007091043505080892
EXIT,Enterprise Financial Services Corp - US,293712105,,0.0,-100.0,0.0,0.0030331202432989876,0.0,-0.0030331202432989876
EXIT,Envista Holdings Corp - US,29415F104,,0.0,-100.0,0.0,0.0005471528642615949,0.0,-0.0005471528642615949
EXIT,Equinix Inc - US REIT,29444U700,,0.0,-100.0,0.0,0.027292491383082585,0.0,-0.027292491383082585
EXIT,Equinix Inc - US REIT,29444U700,PUT,0.0,-100.0,0.0,0.0010916996553233034,0.0,-0.0010916996553233034
EXIT,Equinox Gold Corp - US,29446Y502,,0.0,-100.0,0.0,0.0017345291884510936,0.0,-0.0017345291884510936
EXIT,Erie Indemnity Co - US,29530P102,,0.0,-100.0,0.0,0.0024443333178739675,0.0,-0.0024443333178739675
EXIT,ERO Copper Corp - US,296006109,,0.0,-100.0,0.0,0.0009722137977570074,0.0,-0.0009722137977570074
EXIT,Esab Corp - US,29605J106,,0.0,-100.0,0.0,0.005139970794142666,0.0,-0.005139970794142666
EXIT,Esco Technologies Inc - US,296315104,,0.0,-100.0,0.0,0.011461274198558287,0.0,-0.011461274198558287
EXIT,Essex Property Trust Inc - US REIT,297178105,,0.0,-100.0,0.0,0.013265625359578414,0.0,-0.013265625359578414
EXIT,Establishment Labs Holdings Inc - US,G31249108,,0.0,-100.0,0.0,0.018067651198495085,0.0,-0.018067651198495085
EXIT,Ethos Technologies Inc - US,29765A101,,0.0,-100.0,0.0,0.0014420772873960487,0.0,-0.0014420772873960487
EXIT,Etoro Group Ltd - US,G32089107,,0.0,-100.0,0.0,0.012128128236975342,0.0,-0.012128128236975342
EXIT,Etsy Inc - US,29786A106,PUT,0.0,-100.0,0.0,0.004221114674593587,0.0,-0.004221114674593587
EXIT,Everest Group Ltd - US,G3223R108,,0.0,-100.0,0.0,0.001423905309741571,0.0,-0.001423905309741571
EXIT,Eversource Energy - US,30040W108,,0.0,-100.0,0.0,0.016240643534997885,0.0,-0.016240643534997885
EXIT,Eversource Energy - US,30040W108,PUT,0.0,-100.0,0.0,0.0005143839068037654,0.0,-0.0005143839068037654
EXIT,Everspin Technologies Inc - US,30041T104,CALL,0.0,-100.0,0.0,0.0007342110072756547,0.0,-0.0007342110072756547
EXIT,Everus Construction Group Inc - US,300426103,PUT,0.0,-100.0,0.0,0.003111792470153674,0.0,-0.003111792470153674
EXIT,Excelerate Energy Inc - US,30069T101,,0.0,-100.0,0.0,0.00250236670718625,0.0,-0.00250236670718625
EXIT,Exelixis Inc - US,30161Q104,PUT,0.0,-100.0,0.0,0.0005572801686622925,0.0,-0.0005572801686622925
EXIT,Expand Energy Corp - US,165167735,,0.0,-100.0,0.0,0.08326966109799241,0.0,-0.08326966109799241
EXIT,Expedia Group Inc - US,30212P303,,0.0,-100.0,0.0,0.03969612833295873,0.0,-0.03969612833295873
EXIT,Expedia Group Inc - US,30212P303,PUT,0.0,-100.0,0.0,0.0036857262632813367,0.0,-0.0036857262632813367
EXIT,Expeditors International Of Washington Inc - US,302130109,CALL,0.0,-100.0,0.0,0.0066199215271017355,0.0,-0.0066199215271017355
EXIT,Exponent Inc - US,30214U102,,0.0,-100.0,0.0,0.0021936454104068436,0.0,-0.0021936454104068436
EXIT,Exponent Inc - US,30214U102,CALL,0.0,-100.0,0.0,0.012111558140497148,0.0,-0.012111558140497148
EXIT,Extra Space Storage Inc - US REIT,30225T102,PUT,0.0,-100.0,0.0,0.0005354812201868905,0.0,-0.0005354812201868905
EXIT,F&G Annuities & Life Inc - US,30190A104,,0.0,-100.0,0.0,0.00274315562008429,0.0,-0.00274315562008429
EXIT,F5 Inc - US,315616102,CALL,0.0,-100.0,0.0,0.0012352100181788645,0.0,-0.0012352100181788645
EXIT,F5 Inc - US,315616102,PUT,0.0,-100.0,0.0,0.0010740956679816216,0.0,-0.0010740956679816216
EXIT,Fabrinet - US,G3323L100,PUT,0.0,-100.0,0.0,0.00038721347441729177,0.0,-0.00038721347441729177
EXIT,Factset Research Systems Inc - US,303075105,PUT,0.0,-100.0,0.0,0.0008055439083238242,0.0,-0.0008055439083238242
EXIT,Fair Isaac Corp - US,303250104,,0.0,-100.0,0.0,0.05348979164097791,0.0,-0.05348979164097791
EXIT,Fastenal Co - US,311900104,PUT,0.0,-100.0,0.0,0.0012402235535869078,0.0,-0.0012402235535869078
EXIT,Federal Agricultural Mortgage Corp - US Class C,313148306,,0.0,-100.0,0.0,0.00042130588642748504,0.0,-0.00042130588642748504
EXIT,Fermi Inc - US,314911108,,0.0,-100.0,0.0,0.007162407961146439,0.0,-0.007162407961146439
EXIT,Fidelis Insurance Holdings Ltd - US,G3398L118,,0.0,-100.0,0.0,0.002980816873906968,0.0,-0.002980816873906968
EXIT,Fidelity MSCI Energy Index ETF - US ETP,316092402,,0.0,-100.0,0.0,0.012581313971841607,0.0,-0.012581313971841607
EXIT,Fidelity Total Bond ETF - US ETP,316188309,,0.0,-100.0,0.0,0.00039434862069960157,0.0,-0.00039434862069960157
EXIT,Fidus Investment Corp - US,316500107,,0.0,-100.0,0.0,0.002467615352166114,0.0,-0.002467615352166114
EXIT,Figma Inc - US,316841105,,0.0,-100.0,0.0,0.004714165533472643,0.0,-0.004714165533472643
EXIT,First Citizens Bancshares Inc/Nc - US,31946M103,CALL,0.0,-100.0,0.0,0.0006996526947147695,0.0,-0.0006996526947147695
EXIT,First Financial Corp - US,320218100,,0.0,-100.0,0.0,0.0008881567999957178,0.0,-0.0008881567999957178
EXIT,First Horizon Corp - US,320517105,CALL,0.0,-100.0,0.0,0.007629735912330322,0.0,-0.007629735912330322
EXIT,First Majestic Silver Corp - US,32076V103,CALL,0.0,-100.0,0.0,0.0023962286219706536,0.0,-0.0023962286219706536
EXIT,First Solar Inc - US,336433107,,0.0,-100.0,0.0,0.038773775175013216,0.0,-0.038773775175013216
EXIT,First Trust Morningstar Dividend Leaders Index,336917109,,0.0,-100.0,0.0,0.008008845315814063,0.0,-0.008008845315814063
EXIT,FirstService Corp - US,33767E202,CALL,0.0,-100.0,0.0,0.012430649900928807,0.0,-0.012430649900928807
EXIT,Five Below Inc - US,33829M101,PUT,0.0,-100.0,0.0,0.0016963977342165752,0.0,-0.0016963977342165752
EXIT,Five9 Inc - US,338307101,,0.0,-100.0,0.0,0.014663642561827952,0.0,-0.014663642561827952
EXIT,Flowserve Corp - US,34354P105,PUT,0.0,-100.0,0.0,0.0005867247122305234,0.0,-0.0005867247122305234
EXIT,Fluor Corp - US,343412102,PUT,0.0,-100.0,0.0,0.002892128713301151,0.0,-0.002892128713301151
EXIT,Flywire Corp - US,302492103,PUT,0.0,-100.0,0.0,0.0002484679191857392,0.0,-0.0002484679191857392
EXIT,Fmc Corp - US,302491303,CALL,0.0,-100.0,0.0,0.00042511290646521073,0.0,-0.00042511290646521073
EXIT,Fortis Inc/Canada - US,349553107,,0.0,-100.0,0.0,0.0004787397304095943,0.0,-0.0004787397304095943
EXIT,Forum Energy Technologies Inc - US,34984V209,,0.0,-100.0,0.0,0.0008573479659702817,0.0,-0.0008573479659702817
EXIT,Franco-Nevada Corp - US,351858105,CALL,0.0,-100.0,0.0,0.0009171372991907496,0.0,-0.0009171372991907496
EXIT,Franklin Electric Co Inc - US,353514102,,0.0,-100.0,0.0,0.005400091795628182,0.0,-0.005400091795628182
EXIT,Franklin Resources Inc - US,354613101,PUT,0.0,-100.0,0.0,0.0005129620748442834,0.0,-0.0005129620748442834
EXIT,Frequency Electronics Inc - US,358010106,,0.0,-100.0,0.0,0.0007978834638110529,0.0,-0.0007978834638110529
EXIT,Freshpet Inc - US,358039105,CALL,0.0,-100.0,0.0,0.000503425034886295,0.0,-0.000503425034886295
EXIT,Freshpet Inc - US,358039105,PUT,0.0,-100.0,0.0,0.0006238092823591046,0.0,-0.0006238092823591046
EXIT,Freshworks Inc - US,358054104,,0.0,-100.0,0.0,0.003858335920691469,0.0,-0.003858335920691469
EXIT,Frontdoor Inc - US,35905A109,,0.0,-100.0,0.0,0.012769114585852784,0.0,-0.012769114585852784
EXIT,Funko Inc - US,361008105,,0.0,-100.0,0.0,0.0004221745774941138,0.0,-0.0004221745774941138
EXIT,Galaxy Digital Inc - US,36317J209,,0.0,-100.0,0.0,0.0029396839806665976,0.0,-0.0029396839806665976
EXIT,Galiano Gold Inc - US,36352H100,,0.0,-100.0,0.0,0.00012583955312413857,0.0,-0.00012583955312413857
EXIT,Gaotu Techedu Inc - US ADR,36257Y109,CALL,0.0,-100.0,0.0,0.00018408825902558546,0.0,-0.00018408825902558546
EXIT,Gap Inc/The - US,364760108,PUT,0.0,-100.0,0.0,0.0006558246317548587,0.0,-0.0006558246317548587
EXIT,Garmin Ltd - US,H2906T109,PUT,0.0,-100.0,0.0,0.0008182383061970593,0.0,-0.0008182383061970593
EXIT,GCI Liberty Inc - US Series C,36164V800,,0.0,-100.0,0.0,0.0067507412044390475,0.0,-0.0067507412044390475
EXIT,GE HealthCare Technologies Inc - US,36266G107,,0.0,-100.0,0.0,0.0020366721921960293,0.0,-0.0020366721921960293
EXIT,GE Vernova LLC - US,36828A101,,0.0,-100.0,0.0,0.0024660320327647583,0.0,-0.0024660320327647583
EXIT,Gen Digital Inc - US,668771108,,0.0,-100.0,0.0,0.005527421859279036,0.0,-0.005527421859279036
EXIT,Gen Digital Inc - US,668771108,PUT,0.0,-100.0,0.0,0.000377479679645067,0.0,-0.000377479679645067
EXIT,GeneDx Holdings Corp - US,81663L200,PUT,0.0,-100.0,0.0,0.000882107517546694,0.0,-0.000882107517546694
EXIT,General Mills Inc - US,370334104,,0.0,-100.0,0.0,0.016845326764471216,0.0,-0.016845326764471216
EXIT,Generate Biomedicines Inc - US,370920100,,0.0,-100.0,0.0,0.000552979405411483,0.0,-0.000552979405411483
EXIT,Genius Sports Ltd - US,G3934V109,,0.0,-100.0,0.0,0.007398795877209059,0.0,-0.007398795877209059
EXIT,Gentherm Inc - US,37253A103,,0.0,-100.0,0.0,0.00485558212811633,0.0,-0.00485558212811633
EXIT,Genuine Parts Co - US,372460105,,0.0,-100.0,0.0,0.01804069207658971,0.0,-0.01804069207658971
EXIT,Genuine Parts Co - US,372460105,PUT,0.0,-100.0,0.0,0.0010207120032887942,0.0,-0.0010207120032887942
EXIT,Genworth Financial Inc - US,37247D106,,0.0,-100.0,0.0,0.002428698734852142,0.0,-0.002428698734852142
EXIT,Gfl Environmental Inc - US,36168Q104,,0.0,-100.0,0.0,0.0051807955619192336,0.0,-0.0051807955619192336
EXIT,GigaCloud Technology Inc - US,G38644103,,0.0,-100.0,0.0,0.00198462126294303,0.0,-0.00198462126294303
EXIT,Global X Cybersecurity ETF - US ETP,37954Y384,PUT,0.0,-100.0,0.0,0.007359500599686558,0.0,-0.007359500599686558
EXIT,Global X Cybersecurity ETF - US ETP,37954Y384,,0.0,-100.0,0.0,0.007603077491178778,0.0,-0.007603077491178778
EXIT,Global X Uranium Etf - US ETP,37954Y871,PUT,0.0,-100.0,0.0,0.001797893519522688,0.0,-0.001797893519522688
EXIT,Globalstar Inc - US,378973507,,0.0,-100.0,0.0,0.015587215228386226,0.0,-0.015587215228386226
EXIT,Golar Lng Ltd - US,G9456A100,CALL,0.0,-100.0,0.0,0.002993045371229511,0.0,-0.002993045371229511
EXIT,Gold Fields Ltd - US ADR,38059T106,CALL,0.0,-100.0,0.0,0.000505622749037766,0.0,-0.000505622749037766
EXIT,Gold Royalty Corp - US,38071H106,,0.0,-100.0,0.0,0.0020758468181814992,0.0,-0.0020758468181814992
EXIT,Gold.com Inc - US,00181T107,PUT,0.0,-100.0,0.0,0.00040917576651206,0.0,-0.00040917576651206
EXIT,Goodrx Holdings Inc - US,38246G108,CALL,0.0,-100.0,0.0,4.693159172786665e-05,0.0,-4.693159172786665e-05
EXIT,Goodyear Tire & Rubber Co/The - US,382550101,CALL,0.0,-100.0,0.0,0.0006337825240279002,0.0,-0.0006337825240279002
EXIT,GRAB HOLDINGS LTD - CL A - US,G4124C109,,0.0,-100.0,0.0,0.012065287347956716,0.0,-0.012065287347956716
EXIT,GRAIL Inc - US,384747101,,0.0,-100.0,0.0,0.003018350638988806,0.0,-0.003018350638988806
EXIT,GRAIL Inc - US,384747101,CALL,0.0,-100.0,0.0,0.00047004353885584277,0.0,-0.00047004353885584277
EXIT,Graniteshares Gold Trust - US ETP,38748G101,,0.0,-100.0,0.0,0.0004549286855320008,0.0,-0.0004549286855320008
EXIT,Grid Dynamics Holdings Inc - US,39813G109,,0.0,-100.0,0.0,0.0014931648605302867,0.0,-0.0014931648605302867
EXIT,GSK PLC - US ADR,37733W204,PUT,0.0,-100.0,0.0,0.004015743484435597,0.0,-0.004015743484435597
EXIT,Gxo Logistics Inc - US,36262G101,PUT,0.0,-100.0,0.0,0.0006833239013106388,0.0,-0.0006833239013106388
EXIT,H&R Block Inc - US,093671105,PUT,0.0,-100.0,0.0,0.0011547354429786725,0.0,-0.0011547354429786725
EXIT,Hallador Energy Co - US,40609P105,CALL,0.0,-100.0,0.0,0.0010485843645206263,0.0,-0.0010485843645206263
EXIT,Halliburton Co - US,406216101,CALL,0.0,-100.0,0.0,0.0013099397240388516,0.0,-0.0013099397240388516
EXIT,Halozyme Therapeutics Inc - US,40637H109,CALL,0.0,-100.0,0.0,0.0005398413811174695,0.0,-0.0005398413811174695
EXIT,Halozyme Therapeutics Inc - US,40637H109,PUT,0.0,-100.0,0.0,0.001223640463866264,0.0,-0.001223640463866264
EXIT,Hancock Whitney Corp - US,410120109,,0.0,-100.0,0.0,0.0014947871596589907,0.0,-0.0014947871596589907
EXIT,Harmony Biosciences Holdings Inc - US,413197104,,0.0,-100.0,0.0,0.0020034410465424937,0.0,-0.0020034410465424937
EXIT,Harmony Gold Mining Co Ltd - US ADR,413216300,CALL,0.0,-100.0,0.0,0.0003794416592549529,0.0,-0.0003794416592549529
EXIT,Hartford Insurance Group Inc/The - US,416515104,PUT,0.0,-100.0,0.0,0.0005271228529368278,0.0,-0.0005271228529368278
EXIT,Hasbro Inc - US,418056107,,0.0,-100.0,0.0,0.009161390469351235,0.0,-0.009161390469351235
EXIT,Hasbro Inc - US,418056107,PUT,0.0,-100.0,0.0,0.001025055458621938,0.0,-0.001025055458621938
EXIT,Hci Group Inc - US,40416E103,,0.0,-100.0,0.0,0.009970958570479443,0.0,-0.009970958570479443
EXIT,Healthpeak Properties Inc - US REIT,42250P103,CALL,0.0,-100.0,0.0,0.004614195526065609,0.0,-0.004614195526065609
EXIT,Healthpeak Properties Inc - US REIT,42250P103,PUT,0.0,-100.0,0.0,0.00043915674537570897,0.0,-0.00043915674537570897
EXIT,Heico Corp.-NEW,422806109,,0.0,-100.0,0.0,0.0032049447376296665,0.0,-0.0032049447376296665
EXIT,Heico Corp.-NEW,422806109,PUT,0.0,-100.0,0.0,0.0007125494159347195,0.0,-0.0007125494159347195
EXIT,Helen Of Troy Ltd - US,G4388N106,PUT,0.0,-100.0,0.0,0.00029175026596276794,0.0,-0.00029175026596276794
EXIT,Herbalife Ltd - US,G4412G101,,0.0,-100.0,0.0,0.003462006758607053,0.0,-0.003462006758607053
EXIT,Hercules Capital Inc - US,427096508,PUT,0.0,-100.0,0.0,0.0002741574156860427,0.0,-0.0002741574156860427
EXIT,Heritage Insurance Holdings Inc - US,42727J102,,0.0,-100.0,0.0,0.002439594496734858,0.0,-0.002439594496734858
EXIT,Hershey Co/The - US,427866108,,0.0,-100.0,0.0,0.040045160236349193,0.0,-0.040045160236349193
EXIT,HF Sinclair Corp - US,403949100,PUT,0.0,-100.0,0.0,0.002513010028929945,0.0,-0.002513010028929945
EXIT,Hilton Worldwide Holdings Inc - US,43300A203,PUT,0.0,-100.0,0.0,0.014449317171444712,0.0,-0.014449317171444712
EXIT,Hinge Health Inc - US,433313103,PUT,0.0,-100.0,0.0,0.0004723897472067375,0.0,-0.0004723897472067375
EXIT,Hologic Inc - US,436440101,,0.0,-100.0,0.0,0.3082301782012973,0.0,-0.3082301782012973
EXIT,Home Depot Inc/The - US,437076102,,0.0,-100.0,0.0,0.009558868605303692,0.0,-0.009558868605303692
EXIT,Honda Motor Co Ltd - US ADR,438128308,PUT,0.0,-100.0,0.0,0.0003970883386789691,0.0,-0.0003970883386789691
EXIT,Honeywell International Inc - US,438516106,,0.0,-100.0,0.0,0.03257777674460381,0.0,-0.03257777674460381
EXIT,Honeywell International Inc - US,438516106,CALL,0.0,-100.0,0.0,0.02643176331789792,0.0,-0.02643176331789792
EXIT,Honeywell International Inc - US,438516106,PUT,0.0,-100.0,0.0,0.09074905405811619,0.0,-0.09074905405811619
EXIT,Horace Mann Educators Corp - US,440327104,,0.0,-100.0,0.0,0.0009053450035790134,0.0,-0.0009053450035790134
EXIT,Howard Hughes Holdings Inc- US,44267T102,,0.0,-100.0,0.0,0.015704458823541222,0.0,-0.015704458823541222
EXIT,Hudbay Minerals Inc - US,443628102,CALL,0.0,-100.0,0.0,0.0007254498495096552,0.0,-0.0007254498495096552
EXIT,Hudson Pacific Properties Inc - US REIT,444097406,,0.0,-100.0,0.0,0.00228665475221589,0.0,-0.00228665475221589
EXIT,Hudson Pacific Properties Inc - US REIT,444097406,PUT,0.0,-100.0,0.0,0.0013800271299893546,0.0,-0.0013800271299893546
EXIT,Hudson Technologies Inc - US,444144109,,0.0,-100.0,0.0,0.00016142247566104743,0.0,-0.00016142247566104743
EXIT,Huntington Bancshares Inc/Oh - US,446150104,,0.0,-100.0,0.0,0.015688647903657586,0.0,-0.015688647903657586
EXIT,Huntsman Corp - US,447011107,CALL,0.0,-100.0,0.0,0.0002643512299915988,0.0,-0.0002643512299915988
EXIT,Huntsman Corp - US,447011107,PUT,0.0,-100.0,0.0,0.00030140981363528094,0.0,-0.00030140981363528094
EXIT,Hyatt Hotels Corp - US,448579102,,0.0,-100.0,0.0,0.002583589321916039,0.0,-0.002583589321916039
EXIT,Idexx Laboratories Inc - US,45168D104,,0.0,-100.0,0.0,0.008700434775500126,0.0,-0.008700434775500126
EXIT,Idexx Laboratories Inc - US,45168D104,CALL,0.0,-100.0,0.0,0.0004171870285709696,0.0,-0.0004171870285709696
EXIT,Ies Holdings Inc - US,44951W106,CALL,0.0,-100.0,0.0,0.001326619334989121,0.0,-0.001326619334989121
EXIT,Ihs Holding Ltd - US,G4701H109,CALL,0.0,-100.0,0.0,0.0002352556477920137,0.0,-0.0002352556477920137
EXIT,Illinois Tool Works Inc - US,452308109,,0.0,-100.0,0.0,0.0027230012448675052,0.0,-0.0027230012448675052
EXIT,Illinois Tool Works Inc - US,452308109,PUT,0.0,-100.0,0.0,0.0018359488704800015,0.0,-0.0018359488704800015
EXIT,Illumina Inc - US,452327109,PUT,0.0,-100.0,0.0,0.0004118263879717733,0.0,-0.0004118263879717733
EXIT,Immunitybio Inc - US,45256X103,,0.0,-100.0,0.0,0.008158031869442597,0.0,-0.008158031869442597
EXIT,Immunitybio Inc - US,45256X103,PUT,0.0,-100.0,0.0,0.0025056911210758486,0.0,-0.0025056911210758486
EXIT,Immunocore Holdings Plc - US ADR,45258D105,PUT,0.0,-100.0,0.0,0.0012312025309719169,0.0,-0.0012312025309719169
EXIT,Imperial Oil Ltd - US,453038408,,0.0,-100.0,0.0,0.00046306802383791343,0.0,-0.00046306802383791343
EXIT,Incyte Corp - US,45337C102,PUT,0.0,-100.0,0.0,0.00038434753636841404,0.0,-0.00038434753636841404
EXIT,Independent Bank Corp/Mi - US,453838609,,0.0,-100.0,0.0,0.008787071859976401,0.0,-0.008787071859976401
EXIT,Ing Groep Nv - US ADR,456837103,,0.0,-100.0,0.0,0.0012510005201100843,0.0,-0.0012510005201100843
EXIT,Ingersoll Rand Inc - US,45687V106,PUT,0.0,-100.0,0.0,0.0005799960688191361,0.0,-0.0005799960688191361
EXIT,Inhibrx Biosciences Inc - US,45720N103,,0.0,-100.0,0.0,0.0009200830528718176,0.0,-0.0009200830528718176
EXIT,Innospec Inc - US,45768S105,,0.0,-100.0,0.0,0.0005128766906796147,0.0,-0.0005128766906796147
EXIT,Innovative Industrial Properties Inc - US REIT,45781V101,CALL,0.0,-100.0,0.0,0.00038173403845855654,0.0,-0.00038173403845855654
EXIT,Innovative Industrial Properties Inc - US REIT,45781V101,PUT,0.0,-100.0,0.0,0.00044690814258562715,0.0,-0.00044690814258562715
EXIT,Inogen Inc - US,45780L104,,0.0,-100.0,0.0,0.0022681839299850725,0.0,-0.0022681839299850725
EXIT,Inspire Medical Systems Inc - US,457730109,PUT,0.0,-100.0,0.0,0.0005361531564392828,0.0,-0.0005361531564392828
EXIT,Installed Building Products Inc - US,45780R101,,0.0,-100.0,0.0,0.015685314208880523,0.0,-0.015685314208880523
EXIT,Integer Holdings Corp - US,45826H109,CALL,0.0,-100.0,0.0,0.0008167180968304589,0.0,-0.0008167180968304589
EXIT,Integer Holdings Corp - US,45826H109,PUT,0.0,-100.0,0.0,0.0012904145929921252,0.0,-0.0012904145929921252
EXIT,Interface Inc - US,458665304,,0.0,-100.0,0.0,0.002857045102509805,0.0,-0.002857045102509805
EXIT,International Flavors & Fragrances Inc - US,459506101,PUT,0.0,-100.0,0.0,0.00043093016672763495,0.0,-0.00043093016672763495
EXIT,Invesco Ltd - US,G491BT108,PUT,0.0,-100.0,0.0,0.0010550253004206302,0.0,-0.0010550253004206302
EXIT,Invesco Mortgage Capital Inc - US REIT,46131B704,,0.0,-100.0,0.0,0.0032029549153573885,0.0,-0.0032029549153573885
EXIT,Invesco S&P 500 High Dividend Low Volatility ETF -,46138E362,,0.0,-100.0,0.0,0.0012011565858960202,0.0,-0.0012011565858960202
EXIT,Invesco S&P 500 Momentum ETF - US ETP,46138E339,,0.0,-100.0,0.0,0.006274512882177207,0.0,-0.006274512882177207
EXIT,Ionis Pharmaceuticals Inc - US,462222100,,0.0,-100.0,0.0,0.006724266544859291,0.0,-0.006724266544859291
EXIT,Iqiyi Inc - US ADR,46267X108,,0.0,-100.0,0.0,0.0002681248388344541,0.0,-0.0002681248388344541
EXIT,Iqiyi Inc - US ADR,46267X108,PUT,0.0,-100.0,0.0,0.0005011679230550544,0.0,-0.0005011679230550544
EXIT,Iridium Communications Inc - US,46269C102,,0.0,-100.0,0.0,0.0012309797896727813,0.0,-0.0012309797896727813
EXIT,Iron Mountain Inc - US REIT,46284V101,PUT,0.0,-100.0,0.0,0.004360569289627389,0.0,-0.004360569289627389
EXIT,iShares 0-3 Month Treasury Bond ETF - US ETP,46436E718,,0.0,-100.0,0.0,0.0020679766256120422,0.0,-0.0020679766256120422
EXIT,Ishares 7-10 Year Treasury Bond Etf - US ETP,464287440,,0.0,-100.0,0.0,0.04335266991752082,0.0,-0.04335266991752082
EXIT,iShares AI Innovation and Tech Active ETF - US ETP,09290C780,,0.0,-100.0,0.0,0.0005865947798060277,0.0,-0.0005865947798060277
EXIT,Ishares Core High Dividend Etf - US ETP,46429B663,,0.0,-100.0,0.0,0.009200637486258925,0.0,-0.009200637486258925
EXIT,Ishares Core Msci Emerging Markets Etf - US ETP,46434G103,,0.0,-100.0,0.0,0.005117238188388388,0.0,-0.005117238188388388
EXIT,Ishares Core S&P Total Us Stock Market Etf - US ET,464287150,,0.0,-100.0,0.0,0.02712200333654672,0.0,-0.02712200333654672
EXIT,Ishares Iboxx  Investment Grade Corporate Bond Etf,464287242,PUT,0.0,-100.0,0.0,0.015172858870491772,0.0,-0.015172858870491772
EXIT,Ishares Iboxx High Yield Corporate Bond Etf - US E,464288513,,0.0,-100.0,0.0,0.03627106693116829,0.0,-0.03627106693116829
EXIT,iShares Inc iShares ESG Aware MSCI EM ETF - US ETP,46434G863,,0.0,-100.0,0.0,0.0005031948688771882,0.0,-0.0005031948688771882
EXIT,Ishares Msci Canada Etf - US ETP,464286509,,0.0,-100.0,0.0,0.012068634035976229,0.0,-0.012068634035976229
EXIT,Ishares Msci Chile Etf - US ETP,464286640,CALL,0.0,-100.0,0.0,0.007254698962265774,0.0,-0.007254698962265774
EXIT,Ishares Msci China Etf - US ETP,46429B671,,0.0,-100.0,0.0,0.0025342131444301592,0.0,-0.0025342131444301592
EXIT,Ishares Msci Europe Financials Etf - US ETP,464289180,PUT,0.0,-100.0,0.0,0.00040753304943093506,0.0,-0.00040753304943093506
EXIT,Ishares Msci Japan Etf - US ETP,46434G822,PUT,0.0,-100.0,0.0,0.003918390687293407,0.0,-0.003918390687293407
EXIT,Ishares Msci Japan Etf - US ETP,46434G822,,0.0,-100.0,0.0,0.0036988048898955813,0.0,-0.0036988048898955813
EXIT,Ishares Msci Taiwan Etf - US ETP,46434G772,PUT,0.0,-100.0,0.0,0.004357287567820125,0.0,-0.004357287567820125
EXIT,Ishares Msci Usa Min Vol Factor Etf - US ETP,46429B697,,0.0,-100.0,0.0,0.0004313867863908629,0.0,-0.0004313867863908629
EXIT,iShares MSCI USA Momentum Factor ETF - US ETP,46432F396,,0.0,-100.0,0.0,0.023011780417727782,0.0,-0.023011780417727782
EXIT,Ishares National Muni Bond Etf - US ETP,464288414,,0.0,-100.0,0.0,0.002091310632873987,0.0,-0.002091310632873987
EXIT,Ishares S&P 100 Etf - US ETP,464287101,,0.0,-100.0,0.0,0.0019282287345343794,0.0,-0.0019282287345343794
EXIT,Ishares S&P 500 Growth Etf - US ETP,464287309,,0.0,-100.0,0.0,0.006074968233169105,0.0,-0.006074968233169105
EXIT,Ishares Semiconductor Etf - US ETP,464287523,,0.0,-100.0,0.0,0.006647118239726189,0.0,-0.006647118239726189
EXIT,Ishares Us Technology Etf - US ETP,464287721,CALL,0.0,-100.0,0.0,0.006970677819383011,0.0,-0.006970677819383011
EXIT,Itron Inc - US,465741106,,0.0,-100.0,0.0,0.014690232304412262,0.0,-0.014690232304412262
EXIT,Itron Inc - US,465741106,CALL,0.0,-100.0,0.0,0.0016969657245293711,0.0,-0.0016969657245293711
EXIT,Itt Inc - US,45073V108,,0.0,-100.0,0.0,0.004807265827978837,0.0,-0.004807265827978837
EXIT,Ivanhoe Electric Inc / US - US,46578C108,CALL,0.0,-100.0,0.0,0.0010377628497376227,0.0,-0.0010377628497376227
EXIT,J M Smucker Co/The - US,832696405,PUT,0.0,-100.0,0.0,0.0033474824634790023,0.0,-0.0033474824634790023
EXIT,Jfrog Ltd - US,M6191J100,,0.0,-100.0,0.0,0.0004942647989593442,0.0,-0.0004942647989593442
EXIT,Joby Aviation Inc - US,G65163100,,0.0,-100.0,0.0,0.016076364402175424,0.0,-0.016076364402175424
EXIT,Joby Aviation Inc - US,G65163100,PUT,0.0,-100.0,0.0,0.00021004875743983728,0.0,-0.00021004875743983728
EXIT,Kb Home - US,48666K109,,0.0,-100.0,0.0,0.008319608407835546,0.0,-0.008319608407835546
EXIT,Kb Home - US,48666K109,PUT,0.0,-100.0,0.0,0.0004418630521602063,0.0,-0.0004418630521602063
EXIT,Kbr Inc - US,48242W106,,0.0,-100.0,0.0,0.01022196017194285,0.0,-0.01022196017194285
EXIT,Ke Holdings Inc - US ADR,482497104,PUT,0.0,-100.0,0.0,0.0015477346226410108,0.0,-0.0015477346226410108
EXIT,Kearny Financial Corp/Md - US,48716P108,,0.0,-100.0,0.0,0.00025361324319577106,0.0,-0.00025361324319577106
EXIT,Kenvue Inc - US,49177J102,CALL,0.0,-100.0,0.0,0.0022464350983019757,0.0,-0.0022464350983019757
EXIT,Kenvue Inc - US,49177J102,PUT,0.0,-100.0,0.0,0.001564824448817188,0.0,-0.001564824448817188
EXIT,Keros Therapeutics Inc - US,492327101,,0.0,-100.0,0.0,0.0005739245122401988,0.0,-0.0005739245122401988
EXIT,Keycorp - US,493267108,PUT,0.0,-100.0,0.0,0.0007554920822305665,0.0,-0.0007554920822305665
EXIT,Keysight Technologies Inc - US,49338L103,PUT,0.0,-100.0,0.0,0.0027778828447970194,0.0,-0.0027778828447970194
EXIT,Kilroy Realty Corp - US REIT,49427F108,,0.0,-100.0,0.0,0.002415493888168388,0.0,-0.002415493888168388
EXIT,Kinross Gold Corp - US,496902404,CALL,0.0,-100.0,0.0,0.0015692198771201302,0.0,-0.0015692198771201302
EXIT,Kinsale Capital Group Inc - US,49714P108,PUT,0.0,-100.0,0.0,0.0003805089613133109,0.0,-0.0003805089613133109
EXIT,Klaviyo Inc - US Series A,49845K101,,0.0,-100.0,0.0,0.0058828817053270584,0.0,-0.0058828817053270584
EXIT,Kodiak Sciences Inc - US,50015M109,,0.0,-100.0,0.0,0.0006828802748898604,0.0,-0.0006828802748898604
EXIT,Kohl's Corp - US,500255104,CALL,0.0,-100.0,0.0,0.00034001459313046247,0.0,-0.00034001459313046247
EXIT,Kohl's Corp - US,500255104,PUT,0.0,-100.0,0.0,0.0007063683448837073,0.0,-0.0007063683448837073
EXIT,Kraft Heinz Co/The - US,500754106,PUT,0.0,-100.0,0.0,0.0018576717156781992,0.0,-0.0018576717156781992
EXIT,Krystal Biotech Inc - US,501147102,,0.0,-100.0,0.0,0.006941064363662936,0.0,-0.006941064363662936
EXIT,Kyndryl Holdings Inc - US,50155Q100,PUT,0.0,-100.0,0.0,0.0011689463378635224,0.0,-0.0011689463378635224
EXIT,Labcorp Holdings Inc - US,504922105,,0.0,-100.0,0.0,0.0007527746383811125,0.0,-0.0007527746383811125
EXIT,Lamb Weston Holdings Inc - US,513272104,PUT,0.0,-100.0,0.0,0.00290235625128646,0.0,-0.00290235625128646
EXIT,Las Vegas Sands Corp - US,517834107,,0.0,-100.0,0.0,0.034383928397791946,0.0,-0.034383928397791946
EXIT,Las Vegas Sands Corp - US,517834107,PUT,0.0,-100.0,0.0,0.002560277588784008,0.0,-0.002560277588784008
EXIT,Lazard Inc - US,52110M109,PUT,0.0,-100.0,0.0,0.0004021371414593757,0.0,-0.0004021371414593757
EXIT,Legend Biotech Corp - US ADR,52490G102,CALL,0.0,-100.0,0.0,0.0005607567891063004,0.0,-0.0005607567891063004
EXIT,Legend Biotech Corp - US ADR,52490G102,PUT,0.0,-100.0,0.0,0.0006111241653733333,0.0,-0.0006111241653733333
EXIT,Lendingclub Corp - US,52603A208,CALL,0.0,-100.0,0.0,0.0017968392107067794,0.0,-0.0017968392107067794
EXIT,Leonardo Drs Inc - US,52661A108,CALL,0.0,-100.0,0.0,0.002280781806628682,0.0,-0.002280781806628682
EXIT,Levi Strauss & Co - US,52736R102,,0.0,-100.0,0.0,0.019780507658540288,0.0,-0.019780507658540288
EXIT,Levi Strauss & Co - US,52736R102,PUT,0.0,-100.0,0.0,0.00043244109520677133,0.0,-0.00043244109520677133
EXIT,Liberty Energy Inc - US,53115L104,,0.0,-100.0,0.0,0.0054839260520903365,0.0,-0.0054839260520903365
EXIT,Liberty Energy Inc - US,53115L104,PUT,0.0,-100.0,0.0,0.0005185417443876296,0.0,-0.0005185417443876296
EXIT,Lightpath Technologies Inc - US,532257805,CALL,0.0,-100.0,0.0,0.005587099821849937,0.0,-0.005587099821849937
EXIT,Lincoln Electric Holdings Inc - US,533900106,,0.0,-100.0,0.0,0.0018197574342103376,0.0,-0.0018197574342103376
EXIT,Lincoln National Corp - US,534187109,PUT,0.0,-100.0,0.0,0.0014430851917746372,0.0,-0.0014430851917746372
EXIT,Lineage Inc - US REIT,53566V106,CALL,0.0,-100.0,0.0,0.0004074161102488889,0.0,-0.0004074161102488889
EXIT,Lineage Inc - US REIT,53566V106,PUT,0.0,-100.0,0.0,0.00043173946011449424,0.0,-0.00043173946011449424
EXIT,Liquidia Corp - US,53635D202,,0.0,-100.0,0.0,0.002820509960919091,0.0,-0.002820509960919091
EXIT,Liquidia Corp - US,53635D202,PUT,0.0,-100.0,0.0,0.0005043753977626068,0.0,-0.0005043753977626068
EXIT,Lithia Motors Inc - US,536797103,,0.0,-100.0,0.0,0.007743179912157564,0.0,-0.007743179912157564
EXIT,Lithia Motors Inc - US,536797103,PUT,0.0,-100.0,0.0,0.0011124591444027394,0.0,-0.0011124591444027394
EXIT,Livanova Plc - US,G5509L101,,0.0,-100.0,0.0,0.002638710368742124,0.0,-0.002638710368742124
EXIT,Logitech International Sa - US,H50430232,PUT,0.0,-100.0,0.0,0.0022494940788101046,0.0,-0.0022494940788101046
EXIT,Lyft Inc - US,55087P104,PUT,0.0,-100.0,0.0,0.0017206950975972816,0.0,-0.0017206950975972816
EXIT,M&T Bank Corp - US,55261F104,PUT,0.0,-100.0,0.0,0.000767418022621784,0.0,-0.000767418022621784
EXIT,M/I Homes Inc - US,55305B101,,0.0,-100.0,0.0,0.002814291766318223,0.0,-0.002814291766318223
EXIT,Macy's Inc - US,55616P104,PUT,0.0,-100.0,0.0,0.0004499485613188279,0.0,-0.0004499485613188279
EXIT,Magna International Inc - US,559222401,PUT,0.0,-100.0,0.0,0.00044545104325378193,0.0,-0.00044545104325378193
EXIT,Magnite Inc - US,55955D100,,0.0,-100.0,0.0,0.0016239752569801342,0.0,-0.0016239752569801342
EXIT,Magnolia Oil & Gas Corp - US,559663109,,0.0,-100.0,0.0,0.005484915394693997,0.0,-0.005484915394693997
EXIT,MapLight Therapeutics Inc - US,56565P103,,0.0,-100.0,0.0,0.0013864235176295314,0.0,-0.0013864235176295314
EXIT,Marcus & Millichap Inc - US,566324109,,0.0,-100.0,0.0,0.004956701109391405,0.0,-0.004956701109391405
EXIT,Marsh & Mclennan Cos Inc - US,571748102,PUT,0.0,-100.0,0.0,0.0009336665597641024,0.0,-0.0009336665597641024
EXIT,Marzetti Company/The - US,513847103,,0.0,-100.0,0.0,0.009600701277458847,0.0,-0.009600701277458847
EXIT,Masimo Corp - US,574795100,,0.0,-100.0,0.0,0.04750449534248581,0.0,-0.04750449534248581
EXIT,Masimo Corp - US,574795100,CALL,0.0,-100.0,0.0,0.0671872121459956,0.0,-0.0671872121459956
EXIT,Mastercraft Boat Holdings Inc - US,57637H103,,0.0,-100.0,0.0,0.0010574383311612657,0.0,-0.0010574383311612657
EXIT,Match Group Inc - US,57667L107,PUT,0.0,-100.0,0.0,0.00039902247562646314,0.0,-0.00039902247562646314
EXIT,McCormick & Company,579780206,,0.0,-100.0,0.0,0.018023676497513245,0.0,-0.018023676497513245
EXIT,McEwen Inc - US,58039P305,,0.0,-100.0,0.0,0.0024051438424685548,0.0,-0.0024051438424685548
EXIT,McEwen Inc - US,58039P305,CALL,0.0,-100.0,0.0,0.0020808826277194563,0.0,-0.0020808826277194563
EXIT,McEwen Inc - US,58039P305,PUT,0.0,-100.0,0.0,0.0009816914400352262,0.0,-0.0009816914400352262
EXIT,Mckesson Corp - US,58155Q103,PUT,0.0,-100.0,0.0,0.0016062617551663775,0.0,-0.0016062617551663775
EXIT,MDA Space Ltd - US,55293N109,,0.0,-100.0,0.0,0.0004699841411760733,0.0,-0.0004699841411760733
EXIT,Medpace Holdings Inc - US,58506Q109,,0.0,-100.0,0.0,0.007753574506117225,0.0,-0.007753574506117225
EXIT,Mercadolibre Inc - US,58733R102,PUT,0.0,-100.0,0.0,0.004172178411173501,0.0,-0.004172178411173501
EXIT,Mercury General Corp - US,589400100,,0.0,-100.0,0.0,0.005165057032957812,0.0,-0.005165057032957812
EXIT,Merit Medical Systems Inc - US,589889104,,0.0,-100.0,0.0,0.007763653549903111,0.0,-0.007763653549903111
EXIT,Meritage Homes Corp - US,59001A102,,0.0,-100.0,0.0,0.02704220812230889,0.0,-0.02704220812230889
EXIT,Mesa Laboratories Inc - US,59064R109,,0.0,-100.0,0.0,0.0011281828239442186,0.0,-0.0011281828239442186
EXIT,Metlife Inc - US,59156R108,,0.0,-100.0,0.0,0.009251041986075815,0.0,-0.009251041986075815
EXIT,Mgm Resorts International - US,552953101,PUT,0.0,-100.0,0.0,0.0011747209060436123,0.0,-0.0011747209060436123
EXIT,Miami International Holdings Inc - US,59356Q108,,0.0,-100.0,0.0,0.018766054685757202,0.0,-0.018766054685757202
EXIT,Microchip Technology Inc - US,595017104,,0.0,-100.0,0.0,0.018209331370342748,0.0,-0.018209331370342748
EXIT,Mid-America Apartment Communities Inc - US REIT,59522J103,,0.0,-100.0,0.0,0.03787467806487496,0.0,-0.03787467806487496
EXIT,Mid-America Apartment Communities Inc - US REIT,59522J103,PUT,0.0,-100.0,0.0,0.0009520408607652949,0.0,-0.0009520408607652949
EXIT,Mineralys Therapeutics Inc - US,603170101,PUT,0.0,-100.0,0.0,0.012032924893369809,0.0,-0.012032924893369809
EXIT,Mister Car Wash Inc - US,60646V105,,0.0,-100.0,0.0,0.007277039914569072,0.0,-0.007277039914569072
EXIT,Mizuho Financial Group Inc - US ADR,60687Y109,,0.0,-100.0,0.0,0.001342326308933165,0.0,-0.001342326308933165
EXIT,MKS Inc - US,55306N104,,0.0,-100.0,0.0,0.034671459572313594,0.0,-0.034671459572313594
EXIT,MNTN Inc - US,55318A108,,0.0,-100.0,0.0,0.0008537970984265618,0.0,-0.0008537970984265618
EXIT,Mobileye Global Inc - US,60741F104,,0.0,-100.0,0.0,0.0003415348024970628,0.0,-0.0003415348024970628
EXIT,Mobileye Global Inc - US,60741F104,PUT,0.0,-100.0,0.0,0.0003889341509531142,0.0,-0.0003889341509531142
EXIT,Moderna Inc - US,60770K107,,0.0,-100.0,0.0,0.013494859567583797,0.0,-0.013494859567583797
EXIT,Moelis & Co - US,60786M105,,0.0,-100.0,0.0,0.012420956942061424,0.0,-0.012420956942061424
EXIT,Mohawk Industries Inc - US,608190104,,0.0,-100.0,0.0,0.0008955202561096415,0.0,-0.0008955202561096415
EXIT,Mohawk Industries Inc - US,608190104,CALL,0.0,-100.0,0.0,0.0007675887909511214,0.0,-0.0007675887909511214
EXIT,Mohawk Industries Inc - US,608190104,PUT,0.0,-100.0,0.0,0.0008589684089214929,0.0,-0.0008589684089214929
EXIT,Molson Coors Beverage Co - US Class B,60871R209,PUT,0.0,-100.0,0.0,0.0014946349531045815,0.0,-0.0014946349531045815
EXIT,Mondelez International Inc - US,609207105,PUT,0.0,-100.0,0.0,0.008612700690125605,0.0,-0.008612700690125605
EXIT,Monolithic Power Systems Inc - US,609839105,PUT,0.0,-100.0,0.0,0.00040589033234981017,0.0,-0.00040589033234981017
EXIT,Monster Beverage Corp - US,61174X109,,0.0,-100.0,0.0,0.0029394668078999405,0.0,-0.0029394668078999405
EXIT,Mosaic Co/The - US,61945C103,,0.0,-100.0,0.0,0.00421723340745615,0.0,-0.00421723340745615
EXIT,Motorola Solutions Inc - US,620076307,PUT,0.0,-100.0,0.0,0.0015304981584429028,0.0,-0.0015304981584429028
EXIT,Msci Inc - US,55354G100,,0.0,-100.0,0.0,0.0033496671843880237,0.0,-0.0033496671843880237
EXIT,Mueller Industries Inc - US,624756102,,0.0,-100.0,0.0,0.0006533967515942807,0.0,-0.0006533967515942807
EXIT,Mueller Industries Inc - US,624756102,PUT,0.0,-100.0,0.0,0.0004113289324037039,0.0,-0.0004113289324037039
EXIT,Murphy Oil Corp - US,626717102,CALL,0.0,-100.0,0.0,0.001937153235919745,0.0,-0.001937153235919745
EXIT,Murphy Oil Corp - US,626717102,PUT,0.0,-100.0,0.0,0.0030090957380097226,0.0,-0.0030090957380097226
EXIT,NANO Nuclear Energy Inc - US,63010H108,,0.0,-100.0,0.0,0.004668447881825065,0.0,-0.004668447881825065
EXIT,Nasdaq Inc - US,631103108,CALL,0.0,-100.0,0.0,0.0004884698128268336,0.0,-0.0004884698128268336
EXIT,Nasdaq Inc - US,631103108,PUT,0.0,-100.0,0.0,0.002521134517815915,0.0,-0.002521134517815915
EXIT,Nathan's Famous Inc - US,632347100,,0.0,-100.0,0.0,0.0039378341465304495,0.0,-0.0039378341465304495
EXIT,National Grid Plc - US ADR,636274409,PUT,0.0,-100.0,0.0,0.00043969132449363436,0.0,-0.00043969132449363436
EXIT,Navan Inc - US,639193101,,0.0,-100.0,0.0,0.005613847339521134,0.0,-0.005613847339521134
EXIT,Nbt Bancorp Inc - US,628778102,,0.0,-100.0,0.0,0.002215143658128412,0.0,-0.002215143658128412
EXIT,nCino Inc - US,63947X101,,0.0,-100.0,0.0,0.009575782094618054,0.0,-0.009575782094618054
EXIT,Nektar Therapeutics - US,640268306,,0.0,-100.0,0.0,0.0020011430988064113,0.0,-0.0020011430988064113
EXIT,Neogen Corp - US,640491106,,0.0,-100.0,0.0,0.004065091819259086,0.0,-0.004065091819259086
EXIT,Neogenomics Inc - US,64049M209,,0.0,-100.0,0.0,0.00024543121280752415,0.0,-0.00024543121280752415
EXIT,Netskope Inc - US,64119N608,,0.0,-100.0,0.0,0.013287030798425343,0.0,-0.013287030798425343
EXIT,New Era Energy & Digital Inc - US,64428N109,PUT,0.0,-100.0,0.0,0.0002637628217263823,0.0,-0.0002637628217263823
EXIT,New Oriental Education & Technology Group Inc - US,647581206,CALL,0.0,-100.0,0.0,0.00214435276090814,0.0,-0.00214435276090814
EXIT,Newell Brands Inc - US,651229106,,0.0,-100.0,0.0,0.0001207888941662393,0.0,-0.0001207888941662393
EXIT,Newmark Group Inc - US,65158N102,,0.0,-100.0,0.0,0.006787744102757945,0.0,-0.006787744102757945
EXIT,Newsmax Inc - US Class B,65250K105,,0.0,-100.0,0.0,0.0003548306018779641,0.0,-0.0003548306018779641
EXIT,Nexpoint Residential Trust Inc - US REIT,65341D102,,0.0,-100.0,0.0,0.000574579742895156,0.0,-0.000574579742895156
EXIT,Nice Ltd - US ADR,653656108,,0.0,-100.0,0.0,0.0017533396911630936,0.0,-0.0017533396911630936
EXIT,Nisource Inc - US,65473P105,,0.0,-100.0,0.0,0.003953539264297001,0.0,-0.003953539264297001
EXIT,Nomad Foods Ltd - US,G6564A105,,0.0,-100.0,0.0,0.000327431565906795,0.0,-0.000327431565906795
EXIT,Nordson Corp - US,655663102,,0.0,-100.0,0.0,0.000759054086839243,0.0,-0.000759054086839243
EXIT,Northern Oil And Gas Inc - US,665531307,CALL,0.0,-100.0,0.0,0.0005751143220130813,0.0,-0.0005751143220130813
EXIT,Northern Oil And Gas Inc - US,665531307,PUT,0.0,-100.0,0.0,0.0008572458762081778,0.0,-0.0008572458762081778
EXIT,Northfield Bancorp Inc - US,66611T108,,0.0,-100.0,0.0,0.0003508509573334084,0.0,-0.0003508509573334084
EXIT,Northrop Grumman Corp - US,666807102,PUT,0.0,-100.0,0.0,0.0035458038915193515,0.0,-0.0035458038915193515
EXIT,Northwestern Corp - US,668074305,,0.0,-100.0,0.0,0.007856254532663741,0.0,-0.007856254532663741
EXIT,Norwegian Cruise Line Holdings Ltd - US,G66721104,PUT,0.0,-100.0,0.0,0.0012218102728583666,0.0,-0.0012218102728583666
EXIT,Nov Inc - US,62955J103,CALL,0.0,-100.0,0.0,0.0003526384562589714,0.0,-0.0003526384562589714
EXIT,Novartis Ag - US ADR,66987V109,,0.0,-100.0,0.0,0.017933343763648812,0.0,-0.017933343763648812
EXIT,NuScale Power Corp - US,67079K100,,0.0,-100.0,0.0,0.019812730899815237,0.0,-0.019812730899815237
EXIT,Nuvation Bio Inc - US,67080N101,,0.0,-100.0,0.0,0.0014115208935096327,0.0,-0.0014115208935096327
EXIT,Oceanfirst Financial Corp - US,675234108,,0.0,-100.0,0.0,0.0004000507979574724,0.0,-0.0004000507979574724
EXIT,Ocular Therapeutix Inc - US,67576A100,PUT,0.0,-100.0,0.0,0.006713218576422165,0.0,-0.006713218576422165
EXIT,Oddity Tech Ltd - US,M7518J104,,0.0,-100.0,0.0,0.0004007487206947639,0.0,-0.0004007487206947639
EXIT,Oddity Tech Ltd - US,M7518J104,CALL,0.0,-100.0,0.0,0.0007102997288134502,0.0,-0.0007102997288134502
EXIT,Oge Energy Corp - US,670837103,,0.0,-100.0,0.0,0.002059085535421547,0.0,-0.002059085535421547
EXIT,Oil-Dri Corp Of America - US,677864100,,0.0,-100.0,0.0,0.005845565113011878,0.0,-0.005845565113011878
EXIT,Oklo Inc - US,02156V109,,0.0,-100.0,0.0,0.016743409626874237,0.0,-0.016743409626874237
EXIT,Okta Inc - US,679295105,,0.0,-100.0,0.0,0.009288145117979322,0.0,-0.009288145117979322
EXIT,Old Dominion Freight Line Inc - US,679580100,CALL,0.0,-100.0,0.0,0.004823871191829395,0.0,-0.004823871191829395
EXIT,Old Dominion Freight Line Inc - US,679580100,PUT,0.0,-100.0,0.0,0.0023212613253915885,0.0,-0.0023212613253915885
EXIT,Old Republic International Corp - US,680223104,,0.0,-100.0,0.0,0.0005602017920359543,0.0,-0.0005602017920359543
EXIT,Olin Corp - US,680665205,PUT,0.0,-100.0,0.0,0.0007008387921326664,0.0,-0.0007008387921326664
EXIT,Omega Healthcare Investors Inc - US REIT,681936100,,0.0,-100.0,0.0,0.017147776037502463,0.0,-0.017147776037502463
EXIT,Omega Healthcare Investors Inc - US REIT,681936100,PUT,0.0,-100.0,0.0,0.0006913704307419115,0.0,-0.0006913704307419115
EXIT,Omnicom Group Inc - US,681919106,PUT,0.0,-100.0,0.0,0.000461302799042264,0.0,-0.000461302799042264
EXIT,Ondas Inc - US,68236H204,,0.0,-100.0,0.0,0.002926588648454918,0.0,-0.002926588648454918
EXIT,Ondas Inc - US,68236H204,PUT,0.0,-100.0,0.0,0.001671272515674082,0.0,-0.001671272515674082
EXIT,Onemain Holdings Inc - US,68268W103,PUT,0.0,-100.0,0.0,0.0006155789913560449,0.0,-0.0006155789913560449
EXIT,Onto Innovation Inc - US,683344105,CALL,0.0,-100.0,0.0,0.0009516157961194445,0.0,-0.0009516157961194445
EXIT,Opendoor Technologies Inc - US,683712103,,0.0,-100.0,0.0,0.0055666076223294635,0.0,-0.0055666076223294635
EXIT,Oppenheimer Holdings Inc - US,683797104,,0.0,-100.0,0.0,0.002093079570024622,0.0,-0.002093079570024622
EXIT,Oracle Corp - US,68389X204,,0.0,-100.0,0.0,0.008499436739515163,0.0,-0.008499436739515163
EXIT,O'Reilly Automotive Inc - US,67103H107,PUT,0.0,-100.0,0.0,0.0019533186857045096,0.0,-0.0019533186857045096
EXIT,Orrstown Financial Services Inc - US,687380105,,0.0,-100.0,0.0,0.001966935603791665,0.0,-0.001966935603791665
EXIT,Oshkosh Corp - US,688239201,PUT,0.0,-100.0,0.0,0.0005191709885576876,0.0,-0.0005191709885576876
EXIT,Ovintiv Inc - US,69047Q102,,0.0,-100.0,0.0,0.0031680829088002204,0.0,-0.0031680829088002204
EXIT,Owens Corning - US,690742101,CALL,0.0,-100.0,0.0,0.0008436772187358354,0.0,-0.0008436772187358354
EXIT,Paccar Inc - US,693718108,PUT,0.0,-100.0,0.0,0.0005359712510449887,0.0,-0.0005359712510449887
EXIT,Pagseguro Digital Ltd - US,G68707101,CALL,0.0,-100.0,0.0,0.002440175480290103,0.0,-0.002440175480290103
EXIT,Pan American Silver Corp - US,697900108,CALL,0.0,-100.0,0.0,0.0013587998841817338,0.0,-0.0013587998841817338
EXIT,Par Technology Corp - US,698884103,CALL,0.0,-100.0,0.0,0.000764553940750399,0.0,-0.000764553940750399
EXIT,Park National Corp - US,700658107,,0.0,-100.0,0.0,0.007038092329743887,0.0,-0.007038092329743887
EXIT,Parker-Hannifin Corp - US,701094104,PUT,0.0,-100.0,0.0,0.0013293794709209094,0.0,-0.0013293794709209094
EXIT,Parsons Corp - US,70202L102,CALL,0.0,-100.0,0.0,0.00044241619305305965,0.0,-0.00044241619305305965
EXIT,Parsons Corp - US,70202L102,PUT,0.0,-100.0,0.0,0.0005027456739239314,0.0,-0.0005027456739239314
EXIT,Patria Investments Ltd - US,G69451105,,0.0,-100.0,0.0,0.002156007699385409,0.0,-0.002156007699385409
EXIT,Patterson-Uti Energy Inc - US,703481101,PUT,0.0,-100.0,0.0,0.0007035840786445125,0.0,-0.0007035840786445125
EXIT,Paychex Inc - US,704326107,PUT,0.0,-100.0,0.0,0.0064976606841837085,0.0,-0.0064976606841837085
EXIT,Paycom Software Inc - US,70432V102,PUT,0.0,-100.0,0.0,0.005436955480635121,0.0,-0.005436955480635121
EXIT,Payoneer Global Inc - US,70451X104,,0.0,-100.0,0.0,0.0001376448419783243,0.0,-0.0001376448419783243
EXIT,Paypal Holdings Inc - US,70450Y103,,0.0,-100.0,0.0,0.00947355497537978,0.0,-0.00947355497537978
EXIT,Peabody Energy Corp - US,704551100,CALL,0.0,-100.0,0.0,0.0006299587983927394,0.0,-0.0006299587983927394
EXIT,Peloton Interactive Inc - US,70614W100,,0.0,-100.0,0.0,0.006819594252356839,0.0,-0.006819594252356839
EXIT,Pennant Group Inc/The - US,70805E109,,0.0,-100.0,0.0,0.000596879859293613,0.0,-0.000596879859293613
EXIT,Pennymac Mortgage Investment Trust - US REIT,70931T103,,0.0,-100.0,0.0,0.0007506233286669613,0.0,-0.0007506233286669613
EXIT,Perdoceo Education Corp - US,71363P106,,0.0,-100.0,0.0,0.0024884639377652043,0.0,-0.0024884639377652043
EXIT,Perimeter Solutions Inc,71385M107,,0.0,-100.0,0.0,0.002946492439710175,0.0,-0.002946492439710175
EXIT,Perpetua Resources Corp - US,714266103,,0.0,-100.0,0.0,0.0004805662090625061,0.0,-0.0004805662090625061
EXIT,Petroleo Brasileiro S.A. - ADR (NYSE),71654V408,,0.0,-100.0,0.0,0.0028399923998834835,0.0,-0.0028399923998834835
EXIT,Phathom Pharmaceuticals Inc - US,71722W107,,0.0,-100.0,0.0,0.0007882814576408167,0.0,-0.0007882814576408167
EXIT,Pinnacle Financial Partners Inc - US,72348N109,,0.0,-100.0,0.0,0.01997088093455648,0.0,-0.01997088093455648
EXIT,Pitney Bowes Inc - US,724479100,CALL,0.0,-100.0,0.0,0.00029125281039469843,0.0,-0.00029125281039469843
EXIT,Pjt Partners Inc - US,69343T107,,0.0,-100.0,0.0,0.02616999774315379,0.0,-0.02616999774315379
EXIT,Planet Fitness Inc - US,72703H101,PUT,0.0,-100.0,0.0,0.000510831183082553,0.0,-0.000510831183082553
EXIT,POET Technologies Inc - US,73044W302,,0.0,-100.0,0.0,0.010784032990891543,0.0,-0.010784032990891543
EXIT,Pony AI Inc - US ADR,732908108,CALL,0.0,-100.0,0.0,0.00018573654463918877,0.0,-0.00018573654463918877
EXIT,Pony AI Inc - US ADR,732908108,PUT,0.0,-100.0,0.0,0.00021552448104358694,0.0,-0.00021552448104358694
EXIT,Pool Corp - US,73278L105,,0.0,-100.0,0.0,0.01539797607681813,0.0,-0.01539797607681813
EXIT,Portland General Electric Co - US,736508847,,0.0,-100.0,0.0,0.018345537674764156,0.0,-0.018345537674764156
EXIT,Powell Industries Inc - US,739128106,PUT,0.0,-100.0,0.0,0.002109115087384891,0.0,-0.002109115087384891
EXIT,Ppl Corp - US,69351T106,CALL,0.0,-100.0,0.0,0.008834885136013347,0.0,-0.008834885136013347
EXIT,Ppl Corp - US,69351T106,PUT,0.0,-100.0,0.0,0.0006168820279559881,0.0,-0.0006168820279559881
EXIT,Prime Medicine Inc - US,74168J101,,0.0,-100.0,0.0,0.0003975560954071539,0.0,-0.0003975560954071539
EXIT,Primo Brands Corp-A - US,741623102,PUT,0.0,-100.0,0.0,0.00044738332402378305,0.0,-0.00044738332402378305
EXIT,Progress Software Corp - US,743312100,,0.0,-100.0,0.0,0.0029255974496737646,0.0,-0.0029255974496737646
EXIT,Progressive Corp/The - US,743315103,,0.0,-100.0,0.0,0.02319048761820175,0.0,-0.02319048761820175
EXIT,Proshares Ultrapro Short S&P 500 - US ETP,74350P659,CALL,0.0,-100.0,0.0,0.0002764646443095888,0.0,-0.0002764646443095888
EXIT,Prudential Financial Inc - US,744320102,PUT,0.0,-100.0,0.0,0.0050047074278876,0.0,-0.0050047074278876
EXIT,Public Storage - US REIT,74460D109,PUT,0.0,-100.0,0.0,0.0026648472040181914,0.0,-0.0026648472040181914
EXIT,Pubmatic Inc - US,74467Q103,,0.0,-100.0,0.0,0.00533111995235085,0.0,-0.00533111995235085
EXIT,Pultegroup Inc - US,745867101,PUT,0.0,-100.0,0.0,0.0028816264610469085,0.0,-0.0028816264610469085
EXIT,Pvh Corp - US,693656100,PUT,0.0,-100.0,0.0,0.000595639932728425,0.0,-0.000595639932728425
EXIT,Q2 Holdings Inc - US,74736L109,,0.0,-100.0,0.0,0.01926191394118286,0.0,-0.01926191394118286
EXIT,Qfin Holdings Inc - US ADR,88557W101,PUT,0.0,-100.0,0.0,0.0003474671457640404,0.0,-0.0003474671457640404
EXIT,Qiagen Nv - US,N72482156,CALL,0.0,-100.0,0.0,0.0023634188286079825,0.0,-0.0023634188286079825
EXIT,Qiagen Nv - US,N72482156,PUT,0.0,-100.0,0.0,0.0004682244849129022,0.0,-0.0004682244849129022
EXIT,Qorvo Inc - US,74736K101,,0.0,-100.0,0.0,0.0006370252661078156,0.0,-0.0006370252661078156
EXIT,Qorvo Inc - US,74736K101,PUT,0.0,-100.0,0.0,0.0032612667312935904,0.0,-0.0032612667312935904
EXIT,Qualys Inc - US,74758T303,PUT,0.0,-100.0,0.0,0.0025764300453263228,0.0,-0.0025764300453263228
EXIT,Quantum Computing Inc - US,74766W108,PUT,0.0,-100.0,0.0,0.00021996631378384896,0.0,-0.00021996631378384896
EXIT,Quantumscape Corp - US,74767V109,,0.0,-100.0,0.0,0.0073004797239481075,0.0,-0.0073004797239481075
EXIT,Quantumscape Corp - US,74767V109,PUT,0.0,-100.0,0.0,0.00034935116591922885,0.0,-0.00034935116591922885
EXIT,Quest Diagnostics Inc - US,74834L100,,0.0,-100.0,0.0,0.0066297741172334996,0.0,-0.0066297741172334996
EXIT,Quince Therapeutics Inc - US,22053A206,CALL,0.0,-100.0,0.0,4.1407607509304274e-05,0.0,-4.1407607509304274e-05
EXIT,Radian Group Inc - US,750236101,,0.0,-100.0,0.0,0.001631951251666681,0.0,-0.001631951251666681
EXIT,Radnet Inc - US,750491102,,0.0,-100.0,0.0,0.0009109562281397372,0.0,-0.0009109562281397372
EXIT,Ralliant Corp - US,750940108,,0.0,-100.0,0.0,0.007719842192540635,0.0,-0.007719842192540635
EXIT,Ralph Lauren Corp - US,751212101,,0.0,-100.0,0.0,0.02479640041199948,0.0,-0.02479640041199948
EXIT,Ralph Lauren Corp - US,751212101,PUT,0.0,-100.0,0.0,0.0005108051965976538,0.0,-0.0005108051965976538
EXIT,Ramaco Resources Inc - US,75134P600,,0.0,-100.0,0.0,0.008485528401561639,0.0,-0.008485528401561639
EXIT,Range Resources Corp - US,75281A109,,0.0,-100.0,0.0,0.0029254452431193554,0.0,-0.0029254452431193554
EXIT,Range Resources Corp - US,75281A109,CALL,0.0,-100.0,0.0,0.0005367174343970929,0.0,-0.0005367174343970929
EXIT,Raymond James Financial Inc - US,754730109,,0.0,-100.0,0.0,0.03647421256451242,0.0,-0.03647421256451242
EXIT,Ready Capital Corp - US REIT,75574U101,CALL,0.0,-100.0,0.0,0.0005400585538841267,0.0,-0.0005400585538841267
EXIT,Recursion Pharmaceuticals Inc - US,75629V104,,0.0,-100.0,0.0,0.0015117804646055427,0.0,-0.0015117804646055427
EXIT,Red Cat Holdings Inc - US,75644T100,PUT,0.0,-100.0,0.0,0.0004106254411339341,0.0,-0.0004106254411339341
EXIT,Red Rock Resorts Inc - US,75700L108,,0.0,-100.0,0.0,0.010684348834818398,0.0,-0.010684348834818398
EXIT,Redwood Trust Inc - US REIT,758075402,,0.0,-100.0,0.0,0.0016734256815657258,0.0,-0.0016734256815657258
EXIT,Regal Rexnord Corp - US,758750103,CALL,0.0,-100.0,0.0,0.008133554456845089,0.0,-0.008133554456845089
EXIT,Regeneron Pharmaceuticals Inc - US,75886F107,PUT,0.0,-100.0,0.0,0.0010039098846240002,0.0,-0.0010039098846240002
EXIT,Regions Financial Corp - US,7591EP100,PUT,0.0,-100.0,0.0,0.00037817017767238727,0.0,-0.00037817017767238727
EXIT,Remitly Global Inc - US,75960P104,,0.0,-100.0,0.0,0.017333805858185513,0.0,-0.017333805858185513
EXIT,Remitly Global Inc - US,75960P104,PUT,0.0,-100.0,0.0,0.0003577615061390898,0.0,-0.0003577615061390898
EXIT,Replimune Group Inc - US,76029N106,CALL,0.0,-100.0,0.0,0.008972826966390518,0.0,-0.008972826966390518
EXIT,Republic Bancorp Inc/Ky - US,760281204,,0.0,-100.0,0.0,0.0011004014154095334,0.0,-0.0011004014154095334
EXIT,Resmed Inc - US,761152107,,0.0,-100.0,0.0,0.0007483476550607928,0.0,-0.0007483476550607928
EXIT,Restaurant Brands International Inc - US,76131D103,PUT,0.0,-100.0,0.0,0.0004389488534965158,0.0,-0.0004389488534965158
EXIT,Riot Platforms Inc - US,767292105,,0.0,-100.0,0.0,0.009177424130534012,0.0,-0.009177424130534012
EXIT,Rlj Lodging Trust - US REIT,74965L101,,0.0,-100.0,0.0,0.0005106418529782878,0.0,-0.0005106418529782878
EXIT,Robert Half Inc - US,770323103,PUT,0.0,-100.0,0.0,0.00046203970150690424,0.0,-0.00046203970150690424
EXIT,Robinhood Markets Inc - US,770700102,,0.0,-100.0,0.0,0.00940230745849628,0.0,-0.00940230745849628
EXIT,Rocket Lab Corp - US,773121108,,0.0,-100.0,0.0,0.05063893132187411,0.0,-0.05063893132187411
EXIT,Rockwell Automation Inc - US,773903109,,0.0,-100.0,0.0,0.05485637262120945,0.0,-0.05485637262120945
EXIT,Rockwell Automation Inc - US,773903109,PUT,0.0,-100.0,0.0,0.0009992174679222107,0.0,-0.0009992174679222107
EXIT,Roku Inc - US,77543R102,PUT,0.0,-100.0,0.0,0.003336998772999688,0.0,-0.003336998772999688
EXIT,Roper Technologies Inc - US,776696106,,0.0,-100.0,0.0,0.008413297110606956,0.0,-0.008413297110606956
EXIT,Roper Technologies Inc - US,776696106,PUT,0.0,-100.0,0.0,0.0009852404514014532,0.0,-0.0009852404514014532
EXIT,Royal Bank Of Canada - US,780087102,,0.0,-100.0,0.0,0.004324811886406156,0.0,-0.004324811886406156
EXIT,Royal Gold Inc - US,780287108,CALL,0.0,-100.0,0.0,0.0012281843863686298,0.0,-0.0012281843863686298
EXIT,Royalty Pharma Plc - US,G7709Q104,CALL,0.0,-100.0,0.0,0.004024645711691049,0.0,-0.004024645711691049
EXIT,Rpc Inc - US,749660106,,0.0,-100.0,0.0,0.00015588735437752828,0.0,-0.00015588735437752828
EXIT,Rpm International Inc - US,749685103,,0.0,-100.0,0.0,0.04474924115750348,0.0,-0.04474924115750348
EXIT,Rush Street Interactive Inc - US,782011100,,0.0,-100.0,0.0,0.005330215993911858,0.0,-0.005330215993911858
EXIT,Ryan Specialty Holdings Inc - US,78351F107,,0.0,-100.0,0.0,0.004220587520185634,0.0,-0.004220587520185634
EXIT,Ryanair Holdings Plc - US ADR,783513203,,0.0,-100.0,0.0,0.0021489597934452606,0.0,-0.0021489597934452606
EXIT,S&P Global Inc - US,78409V104,,0.0,-100.0,0.0,0.106292055138624,0.0,-0.106292055138624
EXIT,SailPoint Inc - US,78781J109,PUT,0.0,-100.0,0.0,0.0002850791640536573,0.0,-0.0002850791640536573
EXIT,Sap Se - US ADR,803054204,,0.0,-100.0,0.0,0.044113919862334046,0.0,-0.044113919862334046
EXIT,Savara Inc - US,805111101,,0.0,-100.0,0.0,0.0004539449114608187,0.0,-0.0004539449114608187
EXIT,Schneider National Inc - US Class B,80689H102,,0.0,-100.0,0.0,0.004143832724681005,0.0,-0.004143832724681005
EXIT,Schwab U.S. REIT ETF - US ETP,808524847,,0.0,-100.0,0.0,0.006405735350030455,0.0,-0.006405735350030455
EXIT,Schwab Us Large-Cap Etf - US ETP,808524201,,0.0,-100.0,0.0,0.014028048408567083,0.0,-0.014028048408567083
EXIT,Scotts Miracle-Gro Co/The - US,810186106,PUT,0.0,-100.0,0.0,0.0006659575046880346,0.0,-0.0006659575046880346
EXIT,Seabridge Gold Inc - US,811916105,,0.0,-100.0,0.0,0.0009227800787688509,0.0,-0.0009227800787688509
EXIT,Seabridge Gold Inc - US,811916105,PUT,0.0,-100.0,0.0,0.00229353745835918,0.0,-0.00229353745835918
EXIT,Seadrill Ltd - US,G7997W102,,0.0,-100.0,0.0,0.0008488689471831872,0.0,-0.0008488689471831872
EXIT,Seagate Technology Holdings Plc - US,G7997R103,,0.0,-100.0,0.0,0.0742017755698408,0.0,-0.0742017755698408
EXIT,Sealed Air Corp - US,81211K100,,0.0,-100.0,0.0,0.33312253370878686,0.0,-0.33312253370878686
EXIT,Selective Insurance Group Inc - US,816300107,,0.0,-100.0,0.0,0.003502629203036905,0.0,-0.003502629203036905
EXIT,Sempra - US,816851109,PUT,0.0,-100.0,0.0,0.0007034225912026392,0.0,-0.0007034225912026392
EXIT,ServiceTitan Inc - US,81764X103,CALL,0.0,-100.0,0.0,0.0009070062824350662,0.0,-0.0009070062824350662
EXIT,SharpLink Inc - US,820014405,CALL,0.0,-100.0,0.0,0.0007997526345462991,0.0,-0.0007997526345462991
EXIT,Shell PLC - US ADR,780259305,,0.0,-100.0,0.0,0.0371959203601966,0.0,-0.0371959203601966
EXIT,Shoals Technologies Group Inc - US,82489W107,,0.0,-100.0,0.0,0.0033512653532093216,0.0,-0.0033512653532093216
EXIT,Signet Jewelers Ltd - US,G81276100,PUT,0.0,-100.0,0.0,0.0003770564711767094,0.0,-0.0003770564711767094
EXIT,Simon Property Group Inc - US REIT,828806109,,0.0,-100.0,0.0,0.044747125115161684,0.0,-0.044747125115161684
EXIT,Siteone Landscape Supply Inc - US,82982L103,CALL,0.0,-100.0,0.0,0.0006423970437719688,0.0,-0.0006423970437719688
EXIT,Six Flags Entertainment Corporation - US MLP,83001C108,CALL,0.0,-100.0,0.0,0.0007380161711358874,0.0,-0.0007380161711358874
EXIT,Skywater Technology Inc - US,83089J108,CALL,0.0,-100.0,0.0,0.0007072017685779728,0.0,-0.0007072017685779728
EXIT,Skywater Technology Inc - US,83089J108,PUT,0.0,-100.0,0.0,0.0003917592530971505,0.0,-0.0003917592530971505
EXIT,Skywest Inc - US,830879102,,0.0,-100.0,0.0,0.0003889731306804629,0.0,-0.0003889731306804629
EXIT,Sl Green Realty Corp - US REIT,78440X887,PUT,0.0,-100.0,0.0,0.002742687863356105,0.0,-0.002742687863356105
EXIT,Slm Corp - US,78442P106,PUT,0.0,-100.0,0.0,0.0004888113494855082,0.0,-0.0004888113494855082
EXIT,Smartfinancial Inc - US,83190L208,,0.0,-100.0,0.0,0.0033151237212470813,0.0,-0.0033151237212470813
EXIT,Snowflake Inc - US,833445109,,0.0,-100.0,0.0,0.041218804559446987,0.0,-0.041218804559446987
EXIT,Soleno Therapeutics Inc - US,834203309,,0.0,-100.0,0.0,0.003487443814968337,0.0,-0.003487443814968337
EXIT,Soleno Therapeutics Inc - US,834203309,CALL,0.0,-100.0,0.0,0.002634940472254254,0.0,-0.002634940472254254
EXIT,Solid Power Inc - US,83422N105,,0.0,-100.0,0.0,0.002361581212890114,0.0,-0.002361581212890114
EXIT,Solstice Advanced Materials Inc - US,83443Q103,,0.0,-100.0,0.0,0.036727010945788854,0.0,-0.036727010945788854
EXIT,Sony Group Corp - US ADR,835699307,,0.0,-100.0,0.0,0.0038484740496722413,0.0,-0.0038484740496722413
EXIT,SoundHound AI Inc - US,836100107,PUT,0.0,-100.0,0.0,0.00034302716920127114,0.0,-0.00034302716920127114
EXIT,Sphere Entertainment Co - US,55826T102,PUT,0.0,-100.0,0.0,0.0033776861836417866,0.0,-0.0033776861836417866
EXIT,Sportradar Holding Ag - US,H8088L103,CALL,0.0,-100.0,0.0,0.00032936755903178176,0.0,-0.00032936755903178176
EXIT,Spotify Technology Sa - US,L8681T102,,0.0,-100.0,0.0,0.001619242004373503,0.0,-0.001619242004373503
EXIT,Sprouts Farmers Market Inc - US,85208M102,,0.0,-100.0,0.0,0.002407924396352764,0.0,-0.002407924396352764
EXIT,SPX Technologies Inc - US,78473E103,CALL,0.0,-100.0,0.0,0.008350292877968965,0.0,-0.008350292877968965
EXIT,SPX Technologies Inc - US,78473E103,PUT,0.0,-100.0,0.0,0.008350292877968965,0.0,-0.008350292877968965
EXIT,Ss&C Technologies Holdings Inc - US,78467J100,CALL,0.0,-100.0,0.0,0.006923289607991916,0.0,-0.006923289607991916
EXIT,Staar Surgical Co - US,852312305,,0.0,-100.0,0.0,0.001808765151097997,0.0,-0.001808765151097997
EXIT,State Street Consumer Staples Select Sector SPDR E,81369Y308,PUT,0.0,-100.0,0.0,0.020710259539972083,0.0,-0.020710259539972083
EXIT,State Street Corp - US,857477103,,0.0,-100.0,0.0,0.10009331699023524,0.0,-0.10009331699023524
EXIT,State Street SPDR Portfolio S&P 500 ETF - US ETP,78464A854,,0.0,-100.0,0.0,0.012551477774822397,0.0,-0.012551477774822397
EXIT,State Street SPDR Portfolio S&P 500 Growth ETF - U,78464A409,,0.0,-100.0,0.0,0.009517091618473323,0.0,-0.009517091618473323
EXIT,State Street SPDR S&P 500 ETF Trust - US ETP,78462F103,PUT,0.0,-100.0,0.0,0.042250126473284605,0.0,-0.042250126473284605
EXIT,State Street SPDR S&P Aerospace & Defense ETF - US,78464A631,,0.0,-100.0,0.0,0.000942863919240909,0.0,-0.000942863919240909
EXIT,State Street SPDR S&P Regional Banking ETF - US ET,78464A698,,0.0,-100.0,0.0,0.010748860283580542,0.0,-0.010748860283580542
EXIT,State Street SPDR S&P Retail ETF - US ETP,78464A714,,0.0,-100.0,0.0,0.008457733999784505,0.0,-0.008457733999784505
EXIT,Stellar Bancorp Inc - US,858927106,,0.0,-100.0,0.0,0.001680857816246883,0.0,-0.001680857816246883
EXIT,Stepstone Group Inc - US,85914M107,,0.0,-100.0,0.0,0.00489980184452722,0.0,-0.00489980184452722
EXIT,Stitch Fix Inc - US,860897107,,0.0,-100.0,0.0,0.0007877338852804417,0.0,-0.0007877338852804417
EXIT,Stmicroelectronics Nv - US NY Reg Shrs,861012102,,0.0,-100.0,0.0,0.0018670435558393286,0.0,-0.0018670435558393286
EXIT,Stoneco Ltd - US,G85158106,,0.0,-100.0,0.0,0.00037340351387088586,0.0,-0.00037340351387088586
EXIT,Stoneco Ltd - US,G85158106,PUT,0.0,-100.0,0.0,0.00028043872032166607,0.0,-0.00028043872032166607
EXIT,Strategic Education Inc - US,86272C103,CALL,0.0,-100.0,0.0,0.002463815756838359,0.0,-0.002463815756838359
EXIT,Stride Inc - US,86333M108,PUT,0.0,-100.0,0.0,0.0006873685120674423,0.0,-0.0006873685120674423
EXIT,Stryker Corp - US,863667101,,0.0,-100.0,0.0,0.0008355917095772139,0.0,-0.0008355917095772139
EXIT,Sturm Ruger & Co Inc - US,864159108,CALL,0.0,-100.0,0.0,0.001443634620312505,0.0,-0.001443634620312505
EXIT,Summit Hotel Properties Inc - US REIT,866082100,,0.0,-100.0,0.0,0.001827763127736769,0.0,-0.001827763127736769
EXIT,Summit Therapeutics Inc - US,86627T108,,0.0,-100.0,0.0,0.013548930017948959,0.0,-0.013548930017948959
EXIT,SuperX AI Technology Ltd - US,G5294K110,,0.0,-100.0,0.0,0.0002567167719637268,0.0,-0.0002567167719637268
EXIT,Suzano Sa - US ADR,86959K105,,0.0,-100.0,0.0,0.0004322536212799988,0.0,-0.0004322536212799988
EXIT,Sweetgreen Inc - US,87043Q108,CALL,0.0,-100.0,0.0,0.00011463937813260449,0.0,-0.00011463937813260449
EXIT,Synchrony Financial - US,87165B103,PUT,0.0,-100.0,0.0,0.0005934088073820836,0.0,-0.0005934088073820836
EXIT,Syndax Pharmaceuticals Inc - US,87164F105,,0.0,-100.0,0.0,0.0029944189425741806,0.0,-0.0029944189425741806
EXIT,T Rowe Price Group Inc - US,74144T108,PUT,0.0,-100.0,0.0,0.0034801694553740674,0.0,-0.0034801694553740674
EXIT,T1 Energy Inc - US,35834F104,,0.0,-100.0,0.0,0.005503438189894613,0.0,-0.005503438189894613
EXIT,Take-Two Interactive Software Inc - US,874054109,,0.0,-100.0,0.0,0.008003503236989796,0.0,-0.008003503236989796
EXIT,Tapestry Inc - US,876030107,PUT,0.0,-100.0,0.0,0.0021739792098706646,0.0,-0.0021739792098706646
EXIT,Targa Resources Corp - US,87612G101,PUT,0.0,-100.0,0.0,0.0031181758645514018,0.0,-0.0031181758645514018
EXIT,Taseko Mines Ltd - US,876511106,,0.0,-100.0,0.0,0.023146744939406508,0.0,-0.023146744939406508
EXIT,Taysha Gene Therapies Inc - US,877619106,,0.0,-100.0,0.0,0.0011912575913269365,0.0,-0.0011912575913269365
EXIT,Te Connectivity Ltd - US,G87052109,PUT,0.0,-100.0,0.0,0.0013967215903595662,0.0,-0.0013967215903595662
EXIT,Technipfmc Plc - US,G87110105,,0.0,-100.0,0.0,0.012360059470877758,0.0,-0.012360059470877758
EXIT,Telos Corp - US,87969B101,,0.0,-100.0,0.0,0.0012908118149755838,0.0,-0.0012908118149755838
EXIT,Tempus AI Inc - US,88023B103,,0.0,-100.0,0.0,0.002260826042403627,0.0,-0.002260826042403627
EXIT,Tenable Holdings Inc - US,88025T102,CALL,0.0,-100.0,0.0,0.000989017772599294,0.0,-0.000989017772599294
EXIT,Tencent Music Entertainment Group - US ADR,88034P109,PUT,0.0,-100.0,0.0,0.0001825884676114059,0.0,-0.0001825884676114059
EXIT,Teradyne Inc - US,880770102,,0.0,-100.0,0.0,0.11398219106656994,0.0,-0.11398219106656994
EXIT,Terawulf Inc - US,88080T104,,0.0,-100.0,0.0,0.0046068784743890055,0.0,-0.0046068784743890055
EXIT,Terex Corp - US,880779103,,0.0,-100.0,0.0,0.003667493031769597,0.0,-0.003667493031769597
EXIT,Terns Pharmaceuticals Inc - US,880881107,,0.0,-100.0,0.0,0.026178885120989297,0.0,-0.026178885120989297
EXIT,Terns Pharmaceuticals Inc - US,880881107,CALL,0.0,-100.0,0.0,0.04338030840038856,0.0,-0.04338030840038856
EXIT,Terns Pharmaceuticals Inc - US,880881107,PUT,0.0,-100.0,0.0,0.009678124296860883,0.0,-0.009678124296860883
EXIT,Teucrium Corn Fund - US ETP,88166A102,PUT,0.0,-100.0,0.0,0.0017076832933727779,0.0,-0.0017076832933727779
EXIT,Texas Roadhouse Inc - US,882681109,PUT,0.0,-100.0,0.0,0.0007663228779010341,0.0,-0.0007663228779010341
EXIT,Thermon Group Holdings Inc - US,88362T103,,0.0,-100.0,0.0,0.005410354600985854,0.0,-0.005410354600985854
EXIT,Thor Industries Inc - US,885160101,PUT,0.0,-100.0,0.0,0.0006079890815880001,0.0,-0.0006079890815880001
EXIT,Tidewater Inc - US,88642R109,,0.0,-100.0,0.0,0.018013894442126206,0.0,-0.018013894442126206
EXIT,Tiptree Inc - US,88822Q103,,0.0,-100.0,0.0,0.0011704888213600363,0.0,-0.0011704888213600363
EXIT,TKO Group Holdings Inc - US,87256C101,PUT,0.0,-100.0,0.0,0.0017592014996853447,0.0,-0.0017592014996853447
EXIT,Tmc The Metals Co Inc - US,87261Y106,CALL,0.0,-100.0,0.0,0.00012569105892471484,0.0,-0.00012569105892471484
EXIT,T-Mobile Us Inc - US,872590104,,0.0,-100.0,0.0,0.032631862044388914,0.0,-0.032631862044388914
EXIT,Topbuild Corp - US,89055F103,CALL,0.0,-100.0,0.0,0.0009781127298291146,0.0,-0.0009781127298291146
EXIT,Toronto-Dominion Bank/The - US,891160509,,0.0,-100.0,0.0,0.003928174598857938,0.0,-0.003928174598857938
EXIT,Tradeweb Markets Inc - US,892672106,CALL,0.0,-100.0,0.0,0.0005023150407456027,0.0,-0.0005023150407456027
EXIT,Trane Technologies Plc - US,G8994E103,PUT,0.0,-100.0,0.0,0.001624441157530826,0.0,-0.001624441157530826
EXIT,Transmedics Group Inc - US,89377M109,,0.0,-100.0,0.0,0.007420945643230599,0.0,-0.007420945643230599
EXIT,Transocean Ltd - US,H8817H100,,0.0,-100.0,0.0,0.06495862233810937,0.0,-0.06495862233810937
EXIT,Travelers Cos Inc/The - US,89417E109,PUT,0.0,-100.0,0.0,0.001082819702197765,0.0,-0.001082819702197765
EXIT,Trex Co Inc - US,89531P105,PUT,0.0,-100.0,0.0,0.0018658147663390971,0.0,-0.0018658147663390971
EXIT,Tri Pointe Homes Inc - US,87265H109,,0.0,-100.0,0.0,0.00455389388785713,0.0,-0.00455389388785713
EXIT,Trip.Com Group Ltd - US ADR,89677Q107,CALL,0.0,-100.0,0.0,0.0022735093032119056,0.0,-0.0022735093032119056
EXIT,Triple Flag Precious Metals Corp - US,89679M104,PUT,0.0,-100.0,0.0,0.00038656752464979864,0.0,-0.00038656752464979864
EXIT,Truist Financial Corp - US,89832Q109,,0.0,-100.0,0.0,0.0028645626213556303,0.0,-0.0028645626213556303
EXIT,Trustmark Corp - US,898402102,,0.0,-100.0,0.0,0.003287167832028073,0.0,-0.003287167832028073
EXIT,Ttm Technologies Inc - US,87305R109,,0.0,-100.0,0.0,0.008086303602588461,0.0,-0.008086303602588461
EXIT,Tutor Perini Corp - US,901109108,CALL,0.0,-100.0,0.0,0.0004155071879399888,0.0,-0.0004155071879399888
EXIT,Tyra Biosciences Inc - US,90240B106,,0.0,-100.0,0.0,0.0011576552101748413,0.0,-0.0011576552101748413
EXIT,Tyson Foods Inc - US,902494103,PUT,0.0,-100.0,0.0,0.001106005215260286,0.0,-0.001106005215260286
EXIT,Ugi Corp - US,902681105,,0.0,-100.0,0.0,0.007575411165648646,0.0,-0.007575411165648646
EXIT,Uipath Inc - US,90364P105,,0.0,-100.0,0.0,0.004285522177416134,0.0,-0.004285522177416134
EXIT,Ultragenyx Pharmaceutical Inc - US,90400D108,,0.0,-100.0,0.0,0.00208111093755107,0.0,-0.00208111093755107
EXIT,Under Armour Inc - US,904311107,,0.0,-100.0,0.0,0.0003069078113689441,0.0,-0.0003069078113689441
EXIT,Unifirst Corp/Ma - US,904708104,PUT,0.0,-100.0,0.0,0.001074090099449143,0.0,-0.001074090099449143
EXIT,Union Pacific Corp - US,907818108,,0.0,-100.0,0.0,0.016071039028948592,0.0,-0.016071039028948592
EXIT,United Natural Foods Inc - US,911163103,CALL,0.0,-100.0,0.0,0.0005603836974302483,0.0,-0.0005603836974302483
EXIT,United Natural Foods Inc - US,911163103,PUT,0.0,-100.0,0.0,0.0006774787983858225,0.0,-0.0006774787983858225
EXIT,United Rentals Inc - US,911363109,,0.0,-100.0,0.0,0.05927021234870261,0.0,-0.05927021234870261
EXIT,United States Antimony Corp - US,911549103,,0.0,-100.0,0.0,0.003276778806600891,0.0,-0.003276778806600891
EXIT,United Therapeutics Corp - US,91307C102,CALL,0.0,-100.0,0.0,0.026416227112283218,0.0,-0.026416227112283218
EXIT,United Therapeutics Corp - US,91307C102,PUT,0.0,-100.0,0.0,0.007814800520717117,0.0,-0.007814800520717117
EXIT,Unitil Corp - US,913259107,,0.0,-100.0,0.0,0.0007819388991479311,0.0,-0.0007819388991479311
EXIT,Universal Display Corp - US,91347P105,,0.0,-100.0,0.0,0.008846796226984623,0.0,-0.008846796226984623
EXIT,Upstart Holdings Inc - US,91680M107,,0.0,-100.0,0.0,0.0006430819732668106,0.0,-0.0006430819732668106
EXIT,Upstart Holdings Inc - US,91680M107,PUT,0.0,-100.0,0.0,0.009850706111608622,0.0,-0.009850706111608622
EXIT,Upstream Bio Inc - US,91678A107,,0.0,-100.0,0.0,0.00044122823945766994,0.0,-0.00044122823945766994
EXIT,Uranium Energy Corp - US,916896103,PUT,0.0,-100.0,0.0,0.000764281082658958,0.0,-0.000764281082658958
EXIT,Urban Outfitters Inc - US,917047102,,0.0,-100.0,0.0,0.004811030155934228,0.0,-0.004811030155934228
EXIT,Us Global Jets Etf - US ETP,26922A842,PUT,0.0,-100.0,0.0,0.004571765164757774,0.0,-0.004571765164757774
EXIT,USA Rare Earth Inc - US,91733P107,,0.0,-100.0,0.0,0.0023752835151419375,0.0,-0.0023752835151419375
EXIT,USA Rare Earth Inc - US,91733P107,PUT,0.0,-100.0,0.0,0.0012866836762316042,0.0,-0.0012866836762316042
EXIT,Usana Health Sciences Inc - US,90328M107,,0.0,-100.0,0.0,0.002284414345982085,0.0,-0.002284414345982085
EXIT,Utz Brands Inc - US,918090101,,0.0,-100.0,0.0,0.003738194832470216,0.0,-0.003738194832470216
EXIT,Vaalco Energy Inc - US,91851C201,PUT,0.0,-100.0,0.0,0.0011768165304329797,0.0,-0.0011768165304329797
EXIT,Valley National Bancorp - US,919794107,,0.0,-100.0,0.0,0.005191665337317049,0.0,-0.005191665337317049
EXIT,Valley National Bancorp - US,919794107,PUT,0.0,-100.0,0.0,0.0002689675434161837,0.0,-0.0002689675434161837
EXIT,Valmont Industries Inc - US,920253101,,0.0,-100.0,0.0,0.009293902980561979,0.0,-0.009293902980561979
EXIT,Vanda Pharmaceuticals Inc - US,921659108,,0.0,-100.0,0.0,0.001311541605215135,0.0,-0.001311541605215135
EXIT,VanEck Rare Earth and Strategic Metals ETF - US ET,92189H805,CALL,0.0,-100.0,0.0,0.0013884207646117804,0.0,-0.0013884207646117804
EXIT,VanEck Uranium and Nuclear ETF - US ETP,92189F601,,0.0,-100.0,0.0,0.0015612216083036702,0.0,-0.0015612216083036702
EXIT,Vanguard Energy Etf - US ETP,92204A306,,0.0,-100.0,0.0,0.039982419580915175,0.0,-0.039982419580915175
EXIT,Vanguard Health Care Etf - US ETP,92204A504,,0.0,-100.0,0.0,0.012247586251879246,0.0,-0.012247586251879246
EXIT,Vanguard Intermediate-Term Corporate Bond Etf - US,92206C870,,0.0,-100.0,0.0,0.005954253586102577,0.0,-0.005954253586102577
EXIT,Vanguard Intermediate-Term Treasury ETF - US ETP,92206C706,,0.0,-100.0,0.0,0.0007505342321473071,0.0,-0.0007505342321473071
EXIT,Vanguard Large-Cap Etf - US ETP,922908637,,0.0,-100.0,0.0,0.0015681896986116284,0.0,-0.0015681896986116284
EXIT,Vanguard Mega Cap Growth Etf - US ETP,921910816,,0.0,-100.0,0.0,0.001784200498158328,0.0,-0.001784200498158328
EXIT,Vanguard Mid-Cap Value Etf - US ETP,922908512,,0.0,-100.0,0.0,0.0009091854348116093,0.0,-0.0009091854348116093
EXIT,Vanguard Tax-Exempt Bond Index ETF - US ETP,922907746,,0.0,-100.0,0.0,0.002486806371264137,0.0,-0.002486806371264137
EXIT,Varonis Systems Inc - US,922280102,,0.0,-100.0,0.0,0.0011096024872413257,0.0,-0.0011096024872413257
EXIT,Veeva Systems Inc - US,922475108,,0.0,-100.0,0.0,0.011668245413715068,0.0,-0.011668245413715068
EXIT,Ventas Inc - US REIT,92276F100,PUT,0.0,-100.0,0.0,0.0007286313377323085,0.0,-0.0007286313377323085
EXIT,Veralto Corp - US,92338C103,,0.0,-100.0,0.0,0.0005094390499629556,0.0,-0.0005094390499629556
EXIT,Vericel Corp - US,92346J108,,0.0,-100.0,0.0,0.001459332313369085,0.0,-0.001459332313369085
EXIT,Veris Residential Inc - US REIT,554489104,,0.0,-100.0,0.0,0.0026618067852849907,0.0,-0.0026618067852849907
EXIT,Verra Mobility Corp - US,92511U102,CALL,0.0,-100.0,0.0,0.0004774459746971151,0.0,-0.0004774459746971151
EXIT,Vf Corp - US,918204108,CALL,0.0,-100.0,0.0,0.00042889579619553,0.0,-0.00042889579619553
EXIT,Viant Technology Inc - US,92557A101,,0.0,-100.0,0.0,0.003865021872020522,0.0,-0.003865021872020522
EXIT,Viatris Inc - US,92556V106,,0.0,-100.0,0.0,0.006926506363586933,0.0,-0.006926506363586933
EXIT,Viatris Inc - US,92556V106,PUT,0.0,-100.0,0.0,0.00032349275726708084,0.0,-0.00032349275726708084
EXIT,Vici Properties Inc - US REIT,925652109,PUT,0.0,-100.0,0.0,0.002028430764128013,0.0,-0.002028430764128013
EXIT,Viking Therapeutics Inc - US,92686J106,PUT,0.0,-100.0,0.0,0.0004288401108707461,0.0,-0.0004288401108707461
EXIT,Village Farms International Inc - US,92707Y108,,0.0,-100.0,0.0,0.0005686362625632215,0.0,-0.0005686362625632215
EXIT,Viper Energy Inc - US,64361Q101,CALL,0.0,-100.0,0.0,0.0009245508720969787,0.0,-0.0009245508720969787
EXIT,Viper Energy Inc - US,64361Q101,PUT,0.0,-100.0,0.0,0.0023898767825903033,0.0,-0.0023898767825903033
EXIT,Vir Biotechnology Inc - US,92764N102,,0.0,-100.0,0.0,0.0012224710720458022,0.0,-0.0012224710720458022
EXIT,Virtus Investment Partners Inc - US,92828Q109,,0.0,-100.0,0.0,0.0030735774879319796,0.0,-0.0030735774879319796
EXIT,Visa Inc - US,92826C839,,0.0,-100.0,0.0,0.01928475606140921,0.0,-0.01928475606140921
EXIT,Vistagen Therapeutics Inc - US,92840H400,,0.0,-100.0,0.0,0.00011262728173041309,0.0,-0.00011262728173041309
EXIT,Vistance Networks Inc - US,20337X109,,0.0,-100.0,0.0,0.0047903152151146195,0.0,-0.0047903152151146195
EXIT,Vistance Networks Inc - US,20337X109,CALL,0.0,-100.0,0.0,0.0044322548643991894,0.0,-0.0044322548643991894
EXIT,Vistance Networks Inc - US,20337X109,PUT,0.0,-100.0,0.0,0.009067204311011755,0.0,-0.009067204311011755
EXIT,Vital Farms Inc - US,92847W103,,0.0,-100.0,0.0,0.001027243891885945,0.0,-0.001027243891885945
EXIT,Vizsla Silver Corp - US,92859G608,,0.0,-100.0,0.0,6.371700479522539e-05,0.0,-6.371700479522539e-05
EXIT,Vulcan Materials Co - US,929160109,,0.0,-100.0,0.0,0.06469291981090303,0.0,-0.06469291981090303
EXIT,W&T Offshore Inc - US,92922P106,PUT,0.0,-100.0,0.0,0.00015823913126090141,0.0,-0.00015823913126090141
EXIT,Walker & Dunlop Inc - US,93148P102,,0.0,-100.0,0.0,0.0007693206045519004,0.0,-0.0007693206045519004
EXIT,Warby Parker Inc - US,93403J106,,0.0,-100.0,0.0,0.0017086614989114818,0.0,-0.0017086614989114818
EXIT,Warner Bros Discovery Inc - A,934423104,CALL,0.0,-100.0,0.0,0.008833210863914844,0.0,-0.008833210863914844
EXIT,Warner Bros Discovery Inc - A,934423104,PUT,0.0,-100.0,0.0,0.017166909515098208,0.0,-0.017166909515098208
EXIT,Waste Connections Inc - US,94106B101,,0.0,-100.0,0.0,0.036803825138973255,0.0,-0.036803825138973255
EXIT,WaterBridge Infrastructure LLC - US,940923105,,0.0,-100.0,0.0,0.005832529178479968,0.0,-0.005832529178479968
EXIT,Wave Life Sciences Ltd - US,Y95308105,,0.0,-100.0,0.0,0.001317468379949634,0.0,-0.001317468379949634
EXIT,Wayfair Inc - US,94419L101,PUT,0.0,-100.0,0.0,0.005374719705479147,0.0,-0.005374719705479147
EXIT,WEBULL CORP - US,G9572D103,PUT,0.0,-100.0,0.0,0.000290454654072796,0.0,-0.000290454654072796
EXIT,Wec Energy Group Inc - US,92939U106,PUT,0.0,-100.0,0.0,0.0005587131376867314,0.0,-0.0005587131376867314
EXIT,Welltower Inc - US REIT,95040Q104,PUT,0.0,-100.0,0.0,0.005394677325881695,0.0,-0.005394677325881695
EXIT,Wendy's Co/The - US,95058W100,PUT,0.0,-100.0,0.0,0.0064515068308253236,0.0,-0.0064515068308253236
EXIT,WeRide Inc - US ADR,950915108,CALL,0.0,-100.0,0.0,0.000270296566501026,0.0,-0.000270296566501026
EXIT,Westinghouse Air Brake Technologies Corp - US,929740108,PUT,0.0,-100.0,0.0,0.0006030405123922046,0.0,-0.0006030405123922046
EXIT,Weyerhaeuser Co - US REIT,962166104,PUT,0.0,-100.0,0.0,0.0013513232012407495,0.0,-0.0013513232012407495
EXIT,Whitefiber Inc - US,G96115103,,0.0,-100.0,0.0,0.0015767429644984348,0.0,-0.0015767429644984348
EXIT,Williams-Sonoma Inc - US,969904101,PUT,0.0,-100.0,0.0,0.0007784047372016464,0.0,-0.0007784047372016464
EXIT,WisdomTree Inc - US,97717P104,,0.0,-100.0,0.0,0.0029580174457629485,0.0,-0.0029580174457629485
EXIT,Wisdomtree India Earnings Fund - US ETP,97717W422,,0.0,-100.0,0.0,0.0016598199005435274,0.0,-0.0016598199005435274
EXIT,Woodward Inc - US,980745103,,0.0,-100.0,0.0,0.044393402651246916,0.0,-0.044393402651246916
EXIT,Woodward Inc - US,980745103,CALL,0.0,-100.0,0.0,0.0008636719626882393,0.0,-0.0008636719626882393
EXIT,Woodward Inc - US,980745103,PUT,0.0,-100.0,0.0,0.00039861782893303347,0.0,-0.00039861782893303347
EXIT,Worthington Enterprises Inc - US,981811102,CALL,0.0,-100.0,0.0,0.00045487114402972416,0.0,-0.00045487114402972416
EXIT,Wp Carey Inc - US REIT,92936U109,PUT,0.0,-100.0,0.0,0.0007694895167037449,0.0,-0.0007694895167037449
EXIT,Ww Grainger Inc - US,384802104,,0.0,-100.0,0.0,0.021942074609516624,0.0,-0.021942074609516624
EXIT,Xcel Energy Inc - US,98389B100,PUT,0.0,-100.0,0.0,0.0009437103361776242,0.0,-0.0009437103361776242
EXIT,Xenon Pharmaceuticals Inc - US,98420N105,CALL,0.0,-100.0,0.0,0.005116200585169915,0.0,-0.005116200585169915
EXIT,Xp Inc - US,G98239109,,0.0,-100.0,0.0,0.0005934218006245332,0.0,-0.0005934218006245332
EXIT,Xp Inc - US,G98239109,PUT,0.0,-100.0,0.0,0.001229888357307017,0.0,-0.001229888357307017
EXIT,Xtrackers Harvest Csi 300 China A-Shares Etf - US,233051879,PUT,0.0,-100.0,0.0,0.003919890478707586,0.0,-0.003919890478707586
EXIT,Xtrackers Harvest Csi 300 China A-Shares Etf - US,233051879,,0.0,-100.0,0.0,0.001230190914238343,0.0,-0.001230190914238343
EXIT,Xylem Inc/Ny - US,98419M100,,0.0,-100.0,0.0,0.03605729096932292,0.0,-0.03605729096932292
EXIT,Xylem Inc/Ny - US,98419M100,PUT,0.0,-100.0,0.0,0.0004214450997394448,0.0,-0.0004214450997394448
EXIT,Yum! Brands Inc - US,988498101,PUT,0.0,-100.0,0.0,0.0013852726875839974,0.0,-0.0013852726875839974
EXIT,Zebra Technologies Corp - US,989207105,CALL,0.0,-100.0,0.0,0.000659752303329616,0.0,-0.000659752303329616
EXIT,Zebra Technologies Corp - US,989207105,PUT,0.0,-100.0,0.0,0.0004268985492132809,0.0,-0.0004268985492132809
EXIT,Zentalis Pharmaceuticals Inc - US,98943L107,,0.0,-100.0,0.0,0.000151365706005076,0.0,-0.000151365706005076
EXIT,Zimmer Biomet Holdings Inc - US,98956P102,PUT,0.0,-100.0,0.0,0.0004531560360263802,0.0,-0.0004531560360263802
EXIT,Zions Bancorp Na - US,989701107,PUT,0.0,-100.0,0.0,0.01150813711171892,0.0,-0.01150813711171892
EXIT,Zoom Communications Inc - US,98980L101,,0.0,-100.0,0.0,0.019745734029390238,0.0,-0.019745734029390238
EXIT,Zumiez Inc - US,989817101,,0.0,-100.0,0.0,0.003406172939623735,0.0,-0.003406172939623735
